业务,客户编码,MDMID,订单编码,订单行号,订单行号代码,结算单编码,结算单行号,收入含税金额,收入不含税金额
零售,627972,10021062,13233396,1,HLB-5e04bfd0-9ddb-11f0-8cdb-0c42a112278c,TCH202604160001,3,-1950.0,-1725.66
零售,627972,10021045,14422872,1,HLB-ef8b09a6-2331-11f1-8cdb-0c42a112278c,TCH202604160001,2,-3721.0,-3292.92
零售,627972,10021053,14246330,1,HLB-5ab7481e-0177-11f1-8cdb-0c42a112278c,TCH202604160001,1,-5613.0,-4967.26
零售,601488,10021857,12508818,10,HLB-14f170d3-570e-11f0-8cdb-0c42a112278c,ZRTC20260424025,21,-282.06,-249.61
零售,601488,10021857,12508818,7,HLB-14f1709e-570e-11f0-8cdb-0c42a112278c,ZRTC20260424025,21,-282.06,-249.61
零售,601488,10021857,12508818,5,HLB-14f170fe-570e-11f0-8cdb-0c42a112278c,ZRTC20260424025,21,-282.06,-249.61
零售,601488,10021857,12508818,4,HLB-14f17028-570e-11f0-8cdb-0c42a112278c,ZRTC20260424025,21,-282.06,-249.61
零售,601488,10021857,12508818,1,HLB-14f1700e-570e-11f0-8cdb-0c42a112278c,ZRTC20260424025,21,-282.06,-249.61
零售,601488,10021857,12508822,100,HLB-159a7068-570e-11f0-8cdb-0c42a112278c,ZRTC20260424025,21,-282.06,-249.61
零售,601488,10021857,12508822,96,HLB-159a713e-570e-11f0-8cdb-0c42a112278c,ZRTC20260424025,21,-282.06,-249.61
零售,601488,10021857,12508822,94,HLB-159a6e69-570e-11f0-8cdb-0c42a112278c,ZRTC20260424025,21,-282.06,-249.61
零售,601488,10021857,12508822,93,HLB-157a5f5d-570e-11f0-8cdb-0c42a112278c,ZRTC20260424025,21,-282.06,-249.61
零售,601488,10021857,12508822,89,HLB-157a5ee3-570e-11f0-8cdb-0c42a112278c,ZRTC20260424025,21,-282.06,-249.61
零售,601488,10021857,12508822,87,HLB-159a710a-570e-11f0-8cdb-0c42a112278c,ZRTC20260424025,21,-282.06,-249.61
零售,601488,10021857,12508822,86,HLB-159a6e07-570e-11f0-8cdb-0c42a112278c,ZRTC20260424025,21,-282.06,-249.61
零售,601488,10021857,12508822,85,HLB-159a6e8d-570e-11f0-8cdb-0c42a112278c,ZRTC20260424025,21,-282.06,-249.61
零售,601488,10021857,12508822,84,HLB-159a7051-570e-11f0-8cdb-0c42a112278c,ZRTC20260424025,21,-282.06,-249.61
零售,601488,10021857,12508822,82,HLB-159a71b6-570e-11f0-8cdb-0c42a112278c,ZRTC20260424025,21,-282.06,-249.61
零售,601488,10021857,12508822,81,HLB-157a606f-570e-11f0-8cdb-0c42a112278c,ZRTC20260424025,21,-282.06,-249.61
零售,601488,10021857,12508822,80,HLB-157a605c-570e-11f0-8cdb-0c42a112278c,ZRTC20260424025,21,-282.06,-249.61
零售,601488,10021857,12508822,79,HLB-157a6009-570e-11f0-8cdb-0c42a112278c,ZRTC20260424025,21,-282.06,-249.61
零售,601488,10021857,12508822,78,HLB-157a5f71-570e-11f0-8cdb-0c42a112278c,ZRTC20260424025,21,-282.06,-249.61
零售,601488,10021857,12508822,77,HLB-157a5f0b-570e-11f0-8cdb-0c42a112278c,ZRTC20260424025,21,-282.06,-249.61
零售,601488,10021857,12508822,75,HLB-159a6f09-570e-11f0-8cdb-0c42a112278c,ZRTC20260424025,21,-282.06,-249.61
零售,601488,10021857,12508822,73,HLB-159a7019-570e-11f0-8cdb-0c42a112278c,ZRTC20260424025,21,-282.06,-249.61
零售,601488,10021857,12508822,67,HLB-159a7128-570e-11f0-8cdb-0c42a112278c,ZRTC20260424025,21,-282.06,-249.61
零售,601488,10021857,12508822,64,HLB-159a719e-570e-11f0-8cdb-0c42a112278c,ZRTC20260424025,21,-282.06,-249.61
零售,601488,10021857,12508822,63,HLB-159a6fbf-570e-11f0-8cdb-0c42a112278c,ZRTC20260424025,21,-282.06,-249.61
零售,601488,10021857,12508822,61,HLB-159a6f8d-570e-11f0-8cdb-0c42a112278c,ZRTC20260424025,21,-282.06,-249.61
零售,601488,10021857,12508822,55,HLB-159a7172-570e-11f0-8cdb-0c42a112278c,ZRTC20260424025,21,-282.06,-249.61
零售,601488,10021857,12508822,51,HLB-157a6046-570e-11f0-8cdb-0c42a112278c,ZRTC20260424025,21,-282.06,-249.61
零售,601488,10021857,12508822,50,HLB-159a7157-570e-11f0-8cdb-0c42a112278c,ZRTC20260424025,21,-282.06,-249.61
零售,601488,10021857,12508822,49,HLB-157a601d-570e-11f0-8cdb-0c42a112278c,ZRTC20260424025,21,-282.06,-249.61
零售,601488,10021857,12508822,48,HLB-157a6031-570e-11f0-8cdb-0c42a112278c,ZRTC20260424025,21,-282.06,-249.61
零售,601488,10021857,12508822,42,HLB-157a5fc6-570e-11f0-8cdb-0c42a112278c,ZRTC20260424025,21,-282.06,-249.61
零售,601488,10021857,12508822,39,HLB-159a70f1-570e-11f0-8cdb-0c42a112278c,ZRTC20260424025,21,-282.06,-249.61
零售,601488,10021857,12508822,37,HLB-157a5ece-570e-11f0-8cdb-0c42a112278c,ZRTC20260424025,21,-282.06,-249.61
零售,601488,10021857,12508822,36,HLB-157a5ef7-570e-11f0-8cdb-0c42a112278c,ZRTC20260424025,21,-282.06,-249.61
零售,601488,10021857,12508822,34,HLB-159a6f25-570e-11f0-8cdb-0c42a112278c,ZRTC20260424025,21,-282.06,-249.61
零售,601488,10021857,12508822,28,HLB-159a6f58-570e-11f0-8cdb-0c42a112278c,ZRTC20260424025,21,-282.06,-249.61
零售,601488,10021857,12508822,27,HLB-159a707e-570e-11f0-8cdb-0c42a112278c,ZRTC20260424025,21,-282.06,-249.61
零售,601488,10021857,12508822,26,HLB-157a5f48-570e-11f0-8cdb-0c42a112278c,ZRTC20260424025,21,-282.06,-249.61
零售,601488,10021857,12508822,24,HLB-159a7037-570e-11f0-8cdb-0c42a112278c,ZRTC20260424025,21,-282.06,-249.61
零售,601488,10021857,12508822,23,HLB-157a5fb1-570e-11f0-8cdb-0c42a112278c,ZRTC20260424025,21,-282.06,-249.61
零售,601488,10021857,12508822,22,HLB-157a5fdc-570e-11f0-8cdb-0c42a112278c,ZRTC20260424025,21,-282.06,-249.61
零售,601488,10021857,12508822,21,HLB-159a6ee4-570e-11f0-8cdb-0c42a112278c,ZRTC20260424025,21,-282.06,-249.61
零售,601488,10021857,12508822,19,HLB-159a7003-570e-11f0-8cdb-0c42a112278c,ZRTC20260424025,21,-282.06,-249.61
零售,601488,10021857,12508822,18,HLB-159a718a-570e-11f0-8cdb-0c42a112278c,ZRTC20260424025,21,-282.06,-249.61
零售,601488,10021857,12508822,17,HLB-159a6fd3-570e-11f0-8cdb-0c42a112278c,ZRTC20260424025,21,-282.06,-249.61
零售,601488,10021857,12508822,15,HLB-159a6eb9-570e-11f0-8cdb-0c42a112278c,ZRTC20260424025,21,-282.06,-249.61
零售,601488,10021857,12508822,14,HLB-157a5f1e-570e-11f0-8cdb-0c42a112278c,ZRTC20260424025,21,-282.06,-249.61
零售,601488,10021857,12508822,10,HLB-157a5f32-570e-11f0-8cdb-0c42a112278c,ZRTC20260424025,21,-282.06,-249.61
零售,601488,10021857,12508822,9,HLB-159a6f71-570e-11f0-8cdb-0c42a112278c,ZRTC20260424025,21,-282.06,-249.61
零售,601488,10021857,12508822,8,HLB-159a70d8-570e-11f0-8cdb-0c42a112278c,ZRTC20260424025,21,-282.06,-249.61
零售,601488,10021857,12508822,7,HLB-159a6fa7-570e-11f0-8cdb-0c42a112278c,ZRTC20260424025,21,-282.06,-249.61
零售,601488,10021857,12508822,4,HLB-157a5ff2-570e-11f0-8cdb-0c42a112278c,ZRTC20260424025,21,-282.06,-249.61
零售,601488,10021857,12508822,2,HLB-157a5f9d-570e-11f0-8cdb-0c42a112278c,ZRTC20260424025,21,-282.06,-249.61
零售,601488,10021857,12508822,1,HLB-159a6fec-570e-11f0-8cdb-0c42a112278c,ZRTC20260424025,21,-282.06,-249.61
零售,601488,10021857,12517923,79,HLB-f2e4279e-5896-11f0-8cdb-0c42a112278c,ZRTC20260424025,21,282.06,249.61
零售,601488,10021857,12517923,77,HLB-f2e42636-5896-11f0-8cdb-0c42a112278c,ZRTC20260424025,21,282.06,249.61
零售,601488,10021857,12517923,74,HLB-f3008ed8-5896-11f0-8cdb-0c42a112278c,ZRTC20260424025,21,282.06,249.61
零售,601488,10021857,12517923,68,HLB-f30090e3-5896-11f0-8cdb-0c42a112278c,ZRTC20260424025,21,282.06,249.61
零售,601488,10021857,12517923,65,HLB-f2e4291e-5896-11f0-8cdb-0c42a112278c,ZRTC20260424025,21,282.06,249.61
零售,601488,10021857,12517923,63,HLB-f3008e9a-5896-11f0-8cdb-0c42a112278c,ZRTC20260424025,21,282.06,249.61
零售,601488,10021857,12517923,59,HLB-f2e4294b-5896-11f0-8cdb-0c42a112278c,ZRTC20260424025,21,282.06,249.61
零售,601488,10021857,12517923,58,HLB-f2e42a11-5896-11f0-8cdb-0c42a112278c,ZRTC20260424025,21,282.06,249.61
零售,601488,10021857,12517923,57,HLB-f2e426b9-5896-11f0-8cdb-0c42a112278c,ZRTC20260424025,21,282.06,249.61
零售,601488,10021857,12517923,56,HLB-f3008fd1-5896-11f0-8cdb-0c42a112278c,ZRTC20260424025,21,282.06,249.61
零售,601488,10021857,12517923,54,HLB-f3009048-5896-11f0-8cdb-0c42a112278c,ZRTC20260424025,21,282.06,249.61
零售,601488,10021857,12517923,53,HLB-f30090bc-5896-11f0-8cdb-0c42a112278c,ZRTC20260424025,21,282.06,249.61
零售,601488,10021857,12517923,52,HLB-f2e4266d-5896-11f0-8cdb-0c42a112278c,ZRTC20260424025,21,282.06,249.61
零售,601488,10021857,12658722,32,HLB-518bed83-6a84-11f0-8cdb-0c42a112278c,ZRTC20260424025,20,-281.3,-248.94
零售,601488,10021857,12658722,30,HLB-518bee58-6a84-11f0-8cdb-0c42a112278c,ZRTC20260424025,20,-281.3,-248.94
零售,601488,10021857,12658722,29,HLB-518bee2a-6a84-11f0-8cdb-0c42a112278c,ZRTC20260424025,20,-281.3,-248.94
零售,601488,10021857,12658722,27,HLB-518beedf-6a84-11f0-8cdb-0c42a112278c,ZRTC20260424025,20,-281.3,-248.94
零售,601488,10021857,12658722,25,HLB-518becbf-6a84-11f0-8cdb-0c42a112278c,ZRTC20260424025,20,-281.3,-248.94
零售,601488,10021857,12658722,19,HLB-518bedf9-6a84-11f0-8cdb-0c42a112278c,ZRTC20260424025,20,-281.3,-248.94
零售,601488,10021857,12658722,18,HLB-518beeb2-6a84-11f0-8cdb-0c42a112278c,ZRTC20260424025,20,-281.3,-248.94
零售,601488,10021857,12658722,16,HLB-518bee9b-6a84-11f0-8cdb-0c42a112278c,ZRTC20260424025,20,-281.3,-248.94
零售,601488,10021857,12658722,15,HLB-518bee43-6a84-11f0-8cdb-0c42a112278c,ZRTC20260424025,20,-281.3,-248.94
零售,601488,10021857,12658722,12,HLB-518bed6d-6a84-11f0-8cdb-0c42a112278c,ZRTC20260424025,20,-281.3,-248.94
零售,601488,10021857,12658722,10,HLB-518bed9c-6a84-11f0-8cdb-0c42a112278c,ZRTC20260424025,20,-281.3,-248.94
零售,601488,10021857,12658722,7,HLB-518bee13-6a84-11f0-8cdb-0c42a112278c,ZRTC20260424025,20,-281.3,-248.94
零售,601488,10021857,12658722,4,HLB-518bede1-6a84-11f0-8cdb-0c42a112278c,ZRTC20260424025,20,-281.3,-248.94
零售,601488,10021857,12658722,3,HLB-518bed3a-6a84-11f0-8cdb-0c42a112278c,ZRTC20260424025,20,-281.3,-248.94
零售,601488,10021857,12658722,1,HLB-518bee86-6a84-11f0-8cdb-0c42a112278c,ZRTC20260424025,20,-281.3,-248.94
零售,601488,10021857,12496900,8,HLB-97640c49-5594-11f0-8cdb-0c42a112278c,ZRTC20260424025,10,-566.78,-501.58
零售,601488,10021857,12496900,7,HLB-97640c32-5594-11f0-8cdb-0c42a112278c,ZRTC20260424025,10,-566.78,-501.58
零售,601488,10021857,12496900,6,HLB-97640bbc-5594-11f0-8cdb-0c42a112278c,ZRTC20260424025,10,-566.78,-501.58
零售,601488,10021857,12496900,5,HLB-97640bd2-5594-11f0-8cdb-0c42a112278c,ZRTC20260424025,10,-566.78,-501.58
零售,601488,10021857,12496900,4,HLB-97640c19-5594-11f0-8cdb-0c42a112278c,ZRTC20260424025,10,-566.78,-501.58
零售,601488,10021857,12496900,3,HLB-97640c7d-5594-11f0-8cdb-0c42a112278c,ZRTC20260424025,10,-566.78,-501.58
零售,601488,10021857,12496900,2,HLB-97640c02-5594-11f0-8cdb-0c42a112278c,ZRTC20260424025,10,-566.78,-501.58
零售,601488,10021857,12496900,1,HLB-97640c5e-5594-11f0-8cdb-0c42a112278c,ZRTC20260424025,10,-566.78,-501.58
零售,601488,10021857,12512957,1,HLB-5ee877cb-57ca-11f0-8cdb-0c42a112278c,ZRTC20260424025,10,-566.78,-501.58
零售,601488,10021857,12386384,1,HLB-3746385b-4fdc-11f0-8cdb-0c42a112278c,ZRTC20260424025,10,-566.78,-501.58
零售,601488,10021857,12488471,1,HLB-59964b08-556f-11f0-8cdb-0c42a112278c,ZRTC20260424025,10,-566.78,-501.58
零售,601488,10021857,12446006,10,HLB-18906e21-532b-11f0-8cdb-0c42a112278c,ZRTC20260424025,10,-566.78,-501.58
零售,601488,10021857,12446006,9,HLB-18906db0-532b-11f0-8cdb-0c42a112278c,ZRTC20260424025,10,-566.78,-501.58
零售,601488,10021857,12446006,8,HLB-18906e0c-532b-11f0-8cdb-0c42a112278c,ZRTC20260424025,10,-566.78,-501.58
零售,601488,10021857,12446006,7,HLB-18906e37-532b-11f0-8cdb-0c42a112278c,ZRTC20260424025,10,-566.78,-501.58
零售,601488,10021857,12446006,6,HLB-18906d88-532b-11f0-8cdb-0c42a112278c,ZRTC20260424025,10,-566.78,-501.58
零售,601488,10021857,12446006,5,HLB-18906dc5-532b-11f0-8cdb-0c42a112278c,ZRTC20260424025,10,-566.78,-501.58
零售,601488,10021857,12446006,4,HLB-18906dde-532b-11f0-8cdb-0c42a112278c,ZRTC20260424025,10,-566.78,-501.58
零售,601488,10021857,12446006,3,HLB-18906df5-532b-11f0-8cdb-0c42a112278c,ZRTC20260424025,10,-566.78,-501.58
零售,601488,10021857,12446006,2,HLB-18906e4b-532b-11f0-8cdb-0c42a112278c,ZRTC20260424025,10,-566.78,-501.58
零售,601488,10021857,12446006,1,HLB-18906d39-532b-11f0-8cdb-0c42a112278c,ZRTC20260424025,10,-566.78,-501.58
零售,601488,10021857,12437015,1,HLB-97da8477-52f5-11f0-8cdb-0c42a112278c,ZRTC20260424025,10,-566.78,-501.58
零售,601488,10021857,12365149,1,HLB-a017b660-4e64-11f0-8cdb-0c42a112278c,ZRTC20260424025,10,-566.78,-501.58
零售,601488,10021857,12500932,1,HLB-1b5e8441-5615-11f0-8cdb-0c42a112278c,ZRTC20260424025,10,-566.78,-501.58
零售,601488,10021857,12508832,20,HLB-1688d65a-570e-11f0-8cdb-0c42a112278c,ZRTC20260424025,10,-566.78,-501.58
零售,601488,10021857,12508832,19,HLB-1688d773-570e-11f0-8cdb-0c42a112278c,ZRTC20260424025,10,-566.78,-501.58
零售,601488,10021857,12508832,18,HLB-1688d6ac-570e-11f0-8cdb-0c42a112278c,ZRTC20260424025,10,-566.78,-501.58
零售,601488,10021857,12508832,17,HLB-1688d70e-570e-11f0-8cdb-0c42a112278c,ZRTC20260424025,10,-566.78,-501.58
零售,601488,10021857,12508832,16,HLB-1688d786-570e-11f0-8cdb-0c42a112278c,ZRTC20260424025,10,-566.78,-501.58
零售,601488,10021857,12508832,15,HLB-1688d670-570e-11f0-8cdb-0c42a112278c,ZRTC20260424025,10,-566.78,-501.58
零售,601488,10021857,12508832,14,HLB-1688d6e8-570e-11f0-8cdb-0c42a112278c,ZRTC20260424025,10,-566.78,-501.58
零售,601488,10021857,12508832,13,HLB-1688d609-570e-11f0-8cdb-0c42a112278c,ZRTC20260424025,10,-566.78,-501.58
零售,601488,10021857,12508832,12,HLB-1688d6fb-570e-11f0-8cdb-0c42a112278c,ZRTC20260424025,10,-566.78,-501.58
零售,601488,10021857,12508832,11,HLB-1688d6d4-570e-11f0-8cdb-0c42a112278c,ZRTC20260424025,10,-566.78,-501.58
零售,601488,10021857,12508832,10,HLB-1688d75f-570e-11f0-8cdb-0c42a112278c,ZRTC20260424025,10,-566.78,-501.58
零售,601488,10021857,12508832,9,HLB-1688d74c-570e-11f0-8cdb-0c42a112278c,ZRTC20260424025,10,-566.78,-501.58
零售,601488,10021857,12508832,8,HLB-1688d646-570e-11f0-8cdb-0c42a112278c,ZRTC20260424025,10,-566.78,-501.58
零售,601488,10021857,12508832,7,HLB-1688d6bf-570e-11f0-8cdb-0c42a112278c,ZRTC20260424025,10,-566.78,-501.58
零售,601488,10021857,12508832,6,HLB-1688d723-570e-11f0-8cdb-0c42a112278c,ZRTC20260424025,10,-566.78,-501.58
零售,601488,10021857,12508832,5,HLB-1688d739-570e-11f0-8cdb-0c42a112278c,ZRTC20260424025,10,-566.78,-501.58
零售,601488,10021857,12508832,4,HLB-1688d632-570e-11f0-8cdb-0c42a112278c,ZRTC20260424025,10,-566.78,-501.58
零售,601488,10021857,12508832,3,HLB-1688d61c-570e-11f0-8cdb-0c42a112278c,ZRTC20260424025,10,-566.78,-501.58
零售,601488,10021857,12508832,2,HLB-1688d698-570e-11f0-8cdb-0c42a112278c,ZRTC20260424025,10,-566.78,-501.58
零售,601488,10021857,12508832,1,HLB-1688d683-570e-11f0-8cdb-0c42a112278c,ZRTC20260424025,10,-566.78,-501.58
零售,601488,10021857,12440648,1,HLB-a0bcdd89-530b-11f0-8cdb-0c42a112278c,ZRTC20260424025,10,566.78,501.58
零售,601488,10021857,12488299,1,HLB-21bc51e8-556e-11f0-8cdb-0c42a112278c,ZRTC20260424025,10,-566.78,-501.58
零售,601488,10021857,12384611,1,HLB-edef6859-4fc9-11f0-8cdb-0c42a112278c,ZRTC20260424025,10,-566.78,-501.58
零售,601488,10021857,11930784,1,HLB-206a2d12-2ef2-11f0-8cdb-0c42a112278c,ZRTC20260424025,10,-566.78,-501.58
零售,601488,10021857,12508816,20,HLB-14ccfcff-570e-11f0-8cdb-0c42a112278c,ZRTC20260424025,10,-566.78,-501.58
零售,601488,10021857,12508816,19,HLB-14ccfcd8-570e-11f0-8cdb-0c42a112278c,ZRTC20260424025,10,-566.78,-501.58
零售,601488,10021857,12508816,18,HLB-14ccfd88-570e-11f0-8cdb-0c42a112278c,ZRTC20260424025,10,-566.78,-501.58
零售,601488,10021857,12508816,17,HLB-14ccfcc1-570e-11f0-8cdb-0c42a112278c,ZRTC20260424025,10,-566.78,-501.58
零售,601488,10021857,12508816,16,HLB-14ccfdca-570e-11f0-8cdb-0c42a112278c,ZRTC20260424025,10,-566.78,-501.58
零售,601488,10021857,12508816,15,HLB-14ccfc06-570e-11f0-8cdb-0c42a112278c,ZRTC20260424025,10,-566.78,-501.58
零售,601488,10021857,12508816,14,HLB-14ccfc20-570e-11f0-8cdb-0c42a112278c,ZRTC20260424025,10,-566.78,-501.58
零售,601488,10021857,12508816,13,HLB-14ccfc36-570e-11f0-8cdb-0c42a112278c,ZRTC20260424025,10,-566.78,-501.58
零售,601488,10021857,12508816,12,HLB-14ccfc55-570e-11f0-8cdb-0c42a112278c,ZRTC20260424025,10,-566.78,-501.58
零售,601488,10021857,12508816,11,HLB-14ccfd6e-570e-11f0-8cdb-0c42a112278c,ZRTC20260424025,10,-566.78,-501.58
零售,601488,10021857,12508816,10,HLB-14ccfd56-570e-11f0-8cdb-0c42a112278c,ZRTC20260424025,10,-566.78,-501.58
零售,601488,10021857,12508816,9,HLB-14ccfdf3-570e-11f0-8cdb-0c42a112278c,ZRTC20260424025,10,-566.78,-501.58
零售,601488,10021857,12508816,8,HLB-14ccfceb-570e-11f0-8cdb-0c42a112278c,ZRTC20260424025,10,-566.78,-501.58
零售,601488,10021857,12508816,7,HLB-14ccfd9d-570e-11f0-8cdb-0c42a112278c,ZRTC20260424025,10,-566.78,-501.58
零售,601488,10021857,12508816,6,HLB-14ccfdb4-570e-11f0-8cdb-0c42a112278c,ZRTC20260424025,10,-566.78,-501.58
零售,601488,10021857,12508816,5,HLB-14ccfdde-570e-11f0-8cdb-0c42a112278c,ZRTC20260424025,10,-566.78,-501.58
零售,601488,10021857,12508816,4,HLB-14ccfc83-570e-11f0-8cdb-0c42a112278c,ZRTC20260424025,10,-566.78,-501.58
零售,601488,10021857,12508816,3,HLB-14ccfc6c-570e-11f0-8cdb-0c42a112278c,ZRTC20260424025,10,-566.78,-501.58
零售,601488,10021857,12508816,2,HLB-14ccfca0-570e-11f0-8cdb-0c42a112278c,ZRTC20260424025,10,-566.78,-501.58
零售,601488,10021857,12517923,50,HLB-f3008f84-5896-11f0-8cdb-0c42a112278c,ZRTC20260424025,21,282.06,249.61
零售,601488,10021857,12517923,47,HLB-f2e42838-5896-11f0-8cdb-0c42a112278c,ZRTC20260424025,21,282.06,249.61
零售,601488,10021857,12517923,44,HLB-f2e42989-5896-11f0-8cdb-0c42a112278c,ZRTC20260424025,21,282.06,249.61
零售,601488,10021857,12517923,41,HLB-f2e42743-5896-11f0-8cdb-0c42a112278c,ZRTC20260424025,21,282.06,249.61
零售,601488,10021857,12517923,40,HLB-f2e427f6-5896-11f0-8cdb-0c42a112278c,ZRTC20260424025,21,282.06,249.61
零售,601488,10021857,12517923,39,HLB-f300901e-5896-11f0-8cdb-0c42a112278c,ZRTC20260424025,21,282.06,249.61
零售,601488,10021857,12517923,38,HLB-f2e4255e-5896-11f0-8cdb-0c42a112278c,ZRTC20260424025,21,282.06,249.61
零售,601488,10021857,12517923,37,HLB-f3008f5a-5896-11f0-8cdb-0c42a112278c,ZRTC20260424025,21,282.06,249.61
零售,601488,10021857,12517923,35,HLB-f2e42592-5896-11f0-8cdb-0c42a112278c,ZRTC20260424025,21,282.06,249.61
零售,601488,10021857,12517923,34,HLB-f3008ff7-5896-11f0-8cdb-0c42a112278c,ZRTC20260424025,21,282.06,249.61
零售,601488,10021857,12517923,32,HLB-f300906d-5896-11f0-8cdb-0c42a112278c,ZRTC20260424025,21,282.06,249.61
零售,601488,10021857,12517923,30,HLB-f3008fab-5896-11f0-8cdb-0c42a112278c,ZRTC20260424025,21,282.06,249.61
零售,601488,10021857,12517923,29,HLB-f2e426e5-5896-11f0-8cdb-0c42a112278c,ZRTC20260424025,21,282.06,249.61
零售,601488,10021857,12517923,28,HLB-f2e429b6-5896-11f0-8cdb-0c42a112278c,ZRTC20260424025,21,282.06,249.61
零售,601488,10021857,12517923,27,HLB-f3008f33-5896-11f0-8cdb-0c42a112278c,ZRTC20260424025,21,282.06,249.61
零售,601488,10021857,12517923,26,HLB-f2e428f2-5896-11f0-8cdb-0c42a112278c,ZRTC20260424025,21,282.06,249.61
零售,601488,10021857,12517923,24,HLB-f3008f0b-5896-11f0-8cdb-0c42a112278c,ZRTC20260424025,21,282.06,249.61
零售,601488,10021857,12517923,23,HLB-f3009095-5896-11f0-8cdb-0c42a112278c,ZRTC20260424025,21,282.06,249.61
零售,601488,10021857,12517923,20,HLB-f2e429e0-5896-11f0-8cdb-0c42a112278c,ZRTC20260424025,21,282.06,249.61
零售,601488,10021857,12517923,18,HLB-f2e4286c-5896-11f0-8cdb-0c42a112278c,ZRTC20260424025,21,282.06,249.61
零售,601488,10021857,12517923,16,HLB-f2e428c5-5896-11f0-8cdb-0c42a112278c,ZRTC20260424025,21,282.06,249.61
零售,601488,10021857,12517923,15,HLB-f2e425ff-5896-11f0-8cdb-0c42a112278c,ZRTC20260424025,21,282.06,249.61
零售,601488,10021857,12517923,13,HLB-f2e427cb-5896-11f0-8cdb-0c42a112278c,ZRTC20260424025,21,282.06,249.61
零售,601488,10021857,12517923,12,HLB-f2e42712-5896-11f0-8cdb-0c42a112278c,ZRTC20260424025,21,282.06,249.61
零售,601488,10021857,12517923,10,HLB-f2e425c7-5896-11f0-8cdb-0c42a112278c,ZRTC20260424025,21,282.06,249.61
零售,601488,10021857,12517923,8,HLB-f2e42899-5896-11f0-8cdb-0c42a112278c,ZRTC20260424025,21,282.06,249.61
零售,601488,10021857,12517923,3,HLB-f2e42771-5896-11f0-8cdb-0c42a112278c,ZRTC20260424025,21,282.06,249.61
零售,601488,10021857,12508833,60,HLB-16a9c3b0-570e-11f0-8cdb-0c42a112278c,ZRTC20260424025,21,-282.06,-249.61
零售,601488,10021857,12508833,55,HLB-16ca6269-570e-11f0-8cdb-0c42a112278c,ZRTC20260424025,21,-282.06,-249.61
零售,601488,10021857,12508833,52,HLB-16a9c310-570e-11f0-8cdb-0c42a112278c,ZRTC20260424025,21,-282.06,-249.61
零售,601488,10021857,12508833,50,HLB-16ca62b1-570e-11f0-8cdb-0c42a112278c,ZRTC20260424025,21,-282.06,-249.61
零售,601488,10021857,12508833,49,HLB-16a9c273-570e-11f0-8cdb-0c42a112278c,ZRTC20260424025,21,-282.06,-249.61
零售,601488,10021857,12508833,46,HLB-16a9c2b6-570e-11f0-8cdb-0c42a112278c,ZRTC20260424025,21,-282.06,-249.61
零售,601488,10021857,12508833,45,HLB-16a9c399-570e-11f0-8cdb-0c42a112278c,ZRTC20260424025,21,-282.06,-249.61
零售,601488,10021857,12508833,43,HLB-16a9c352-570e-11f0-8cdb-0c42a112278c,ZRTC20260424025,21,-282.06,-249.61
零售,601488,10021857,12508833,39,HLB-16ca62ce-570e-11f0-8cdb-0c42a112278c,ZRTC20260424025,21,-282.06,-249.61
零售,601488,10021857,12508833,37,HLB-16a9c3c4-570e-11f0-8cdb-0c42a112278c,ZRTC20260424025,21,-282.06,-249.61
零售,601488,10021857,12508833,35,HLB-16ca61f7-570e-11f0-8cdb-0c42a112278c,ZRTC20260424025,21,-282.06,-249.61
零售,601488,10021857,12508833,34,HLB-16a9c3db-570e-11f0-8cdb-0c42a112278c,ZRTC20260424025,21,-282.06,-249.61
零售,601488,10021857,12508833,31,HLB-16ca6231-570e-11f0-8cdb-0c42a112278c,ZRTC20260424025,21,-282.06,-249.61
零售,601488,10021857,12508833,30,HLB-16a9c2e3-570e-11f0-8cdb-0c42a112278c,ZRTC20260424025,21,-282.06,-249.61
零售,601488,10021857,12508833,28,HLB-16a9c3ef-570e-11f0-8cdb-0c42a112278c,ZRTC20260424025,21,-282.06,-249.61
零售,601488,10021857,12508833,27,HLB-16ca6214-570e-11f0-8cdb-0c42a112278c,ZRTC20260424025,21,-282.06,-249.61
零售,601488,10021857,12508833,26,HLB-16ca6299-570e-11f0-8cdb-0c42a112278c,ZRTC20260424025,21,-282.06,-249.61
零售,601488,10021857,12508833,25,HLB-16a9c33b-570e-11f0-8cdb-0c42a112278c,ZRTC20260424025,21,-282.06,-249.61
零售,601488,10021857,12508833,23,HLB-16a9c36f-570e-11f0-8cdb-0c42a112278c,ZRTC20260424025,21,-282.06,-249.61
零售,601488,10021857,12508833,18,HLB-16ca624c-570e-11f0-8cdb-0c42a112278c,ZRTC20260424025,21,-282.06,-249.61
零售,601488,10021857,12508833,15,HLB-16a9c325-570e-11f0-8cdb-0c42a112278c,ZRTC20260424025,21,-282.06,-249.61
零售,601488,10021857,12508833,13,HLB-16a9c2fb-570e-11f0-8cdb-0c42a112278c,ZRTC20260424025,21,-282.06,-249.61
零售,601488,10021857,12508833,12,HLB-16ca627f-570e-11f0-8cdb-0c42a112278c,ZRTC20260424025,21,-282.06,-249.61
零售,601488,10021857,12508833,11,HLB-16a9c2a0-570e-11f0-8cdb-0c42a112278c,ZRTC20260424025,21,-282.06,-249.61
零售,601488,10021857,12508833,10,HLB-16a9c2cd-570e-11f0-8cdb-0c42a112278c,ZRTC20260424025,21,-282.06,-249.61
零售,601488,10021857,12508833,9,HLB-16a9c404-570e-11f0-8cdb-0c42a112278c,ZRTC20260424025,21,-282.06,-249.61
零售,601488,10021857,12508833,8,HLB-16a9c385-570e-11f0-8cdb-0c42a112278c,ZRTC20260424025,21,-282.06,-249.61
零售,601488,10021857,12508833,7,HLB-16a9c28b-570e-11f0-8cdb-0c42a112278c,ZRTC20260424025,21,-282.06,-249.61
零售,601488,10021857,12508833,4,HLB-16a9c417-570e-11f0-8cdb-0c42a112278c,ZRTC20260424025,21,-282.06,-249.61
零售,601488,10021857,12508833,3,HLB-16ca61a4-570e-11f0-8cdb-0c42a112278c,ZRTC20260424025,21,-282.06,-249.61
零售,601488,10021857,12581705,20,HLB-ad5be16a-615e-11f0-8cdb-0c42a112278c,ZRTC20260424025,21,-282.06,-249.61
零售,601488,10021857,12581705,17,HLB-ad5be132-615e-11f0-8cdb-0c42a112278c,ZRTC20260424025,21,-282.06,-249.61
零售,601488,10021857,12581705,16,HLB-ad5be18f-615e-11f0-8cdb-0c42a112278c,ZRTC20260424025,21,-282.06,-249.61
零售,601488,10021857,12581705,13,HLB-ad5be0e5-615e-11f0-8cdb-0c42a112278c,ZRTC20260424025,21,-282.06,-249.61
零售,601488,10021857,12581705,9,HLB-ad5be17d-615e-11f0-8cdb-0c42a112278c,ZRTC20260424025,21,-282.06,-249.61
零售,601488,10021857,12581705,7,HLB-ad5be11f-615e-11f0-8cdb-0c42a112278c,ZRTC20260424025,21,-282.06,-249.61
零售,601488,10021857,12581705,6,HLB-ad5be158-615e-11f0-8cdb-0c42a112278c,ZRTC20260424025,21,-282.06,-249.61
零售,601488,10021857,12581705,5,HLB-ad5be10c-615e-11f0-8cdb-0c42a112278c,ZRTC20260424025,21,-282.06,-249.61
零售,601488,10021857,12581705,4,HLB-ad5be145-615e-11f0-8cdb-0c42a112278c,ZRTC20260424025,21,-282.06,-249.61
零售,601488,10021857,12581705,1,HLB-ad5be0f8-615e-11f0-8cdb-0c42a112278c,ZRTC20260424025,21,-282.06,-249.61
零售,601488,10021857,12430186,40,HLB-3454342f-5258-11f0-8cdb-0c42a112278c,ZRTC20260424025,21,-282.06,-249.61
零售,601488,10021857,12508816,1,HLB-14ccfd14-570e-11f0-8cdb-0c42a112278c,ZRTC20260424025,10,-566.78,-501.58
零售,601488,10021857,12544980,1,HLB-fb5cf2a9-5c89-11f0-8cdb-0c42a112278c,ZRTC20260424025,10,-566.78,-501.58
零售,601488,10021857,12437045,1,HLB-ead97acf-52f5-11f0-8cdb-0c42a112278c,ZRTC20260424025,10,-566.78,-501.58
零售,601488,10021857,12510536,1,HLB-fc196adb-5728-11f0-8cdb-0c42a112278c,ZRTC20260424025,10,566.78,501.58
零售,601488,10021857,12451536,1,HLB-7279ed55-53b7-11f0-8cdb-0c42a112278c,ZRTC20260424025,10,-566.78,-501.58
零售,601488,10021857,12500935,1,HLB-43edb31d-5615-11f0-8cdb-0c42a112278c,ZRTC20260424025,10,-566.78,-501.58
零售,601488,10021857,12425149,1,HLB-9906fc06-5236-11f0-8cdb-0c42a112278c,ZRTC20260424025,10,-566.78,-501.58
零售,601488,10021857,12402602,1,HLB-ea6830ae-50bf-11f0-8cdb-0c42a112278c,ZRTC20260424025,9,-425.09,-376.19
零售,601488,10021857,12508829,20,HLB-166532f1-570e-11f0-8cdb-0c42a112278c,ZRTC20260424025,8,-743.82,-658.25
零售,601488,10021857,12508829,19,HLB-166532b1-570e-11f0-8cdb-0c42a112278c,ZRTC20260424025,8,-743.14,-657.65
零售,601488,10021857,12508829,18,HLB-16653297-570e-11f0-8cdb-0c42a112278c,ZRTC20260424025,8,-743.14,-657.65
零售,601488,10021857,12508829,17,HLB-1665318e-570e-11f0-8cdb-0c42a112278c,ZRTC20260424025,8,-743.14,-657.65
零售,601488,10021857,12508829,16,HLB-166531bc-570e-11f0-8cdb-0c42a112278c,ZRTC20260424025,8,-743.14,-657.65
零售,601488,10021857,12508829,15,HLB-16653282-570e-11f0-8cdb-0c42a112278c,ZRTC20260424025,8,-743.14,-657.65
零售,601488,10021857,12508829,14,HLB-16653234-570e-11f0-8cdb-0c42a112278c,ZRTC20260424025,8,-743.14,-657.65
零售,601488,10021857,12508829,13,HLB-166531a8-570e-11f0-8cdb-0c42a112278c,ZRTC20260424025,8,-743.14,-657.65
零售,601488,10021857,12508829,12,HLB-166532c7-570e-11f0-8cdb-0c42a112278c,ZRTC20260424025,8,-743.14,-657.65
零售,601488,10021857,12508829,11,HLB-166531d5-570e-11f0-8cdb-0c42a112278c,ZRTC20260424025,8,-743.14,-657.65
零售,601488,10021857,12508829,10,HLB-16653205-570e-11f0-8cdb-0c42a112278c,ZRTC20260424025,8,-743.14,-657.65
零售,601488,10021857,12508829,9,HLB-1665331a-570e-11f0-8cdb-0c42a112278c,ZRTC20260424025,8,-743.14,-657.65
零售,601488,10021857,12508829,8,HLB-1665332e-570e-11f0-8cdb-0c42a112278c,ZRTC20260424025,8,-743.14,-657.65
零售,601488,10021857,12508829,7,HLB-166532dc-570e-11f0-8cdb-0c42a112278c,ZRTC20260424025,8,-743.14,-657.65
零售,601488,10021857,12508829,5,HLB-16653246-570e-11f0-8cdb-0c42a112278c,ZRTC20260424025,8,-743.14,-657.65
零售,601488,10021857,12508829,4,HLB-1665326e-570e-11f0-8cdb-0c42a112278c,ZRTC20260424025,8,-743.14,-657.65
零售,601488,10021857,12508829,3,HLB-16653306-570e-11f0-8cdb-0c42a112278c,ZRTC20260424025,8,-743.14,-657.65
零售,601488,10021857,12508829,2,HLB-1665321b-570e-11f0-8cdb-0c42a112278c,ZRTC20260424025,8,-743.14,-657.65
零售,601488,10021857,12508829,1,HLB-1665325b-570e-11f0-8cdb-0c42a112278c,ZRTC20260424025,8,-743.14,-657.65
零售,601488,10021857,12543939,20,HLB-0cfe3876-5c75-11f0-8cdb-0c42a112278c,ZRTC20260424025,8,-743.14,-657.65
零售,601488,10021857,12543939,19,HLB-0cfe38b6-5c75-11f0-8cdb-0c42a112278c,ZRTC20260424025,8,-743.14,-657.65
零售,601488,10021857,12543939,18,HLB-0cfe3820-5c75-11f0-8cdb-0c42a112278c,ZRTC20260424025,8,-743.14,-657.65
零售,601488,10021857,12543939,17,HLB-0cfe36f5-5c75-11f0-8cdb-0c42a112278c,ZRTC20260424025,8,-743.14,-657.65
零售,601488,10021857,12543939,16,HLB-0cfe388d-5c75-11f0-8cdb-0c42a112278c,ZRTC20260424025,8,-743.14,-657.65
零售,601488,10021857,12543939,15,HLB-0cfe3837-5c75-11f0-8cdb-0c42a112278c,ZRTC20260424025,8,-743.14,-657.65
零售,601488,10021857,12543939,14,HLB-0cfe391a-5c75-11f0-8cdb-0c42a112278c,ZRTC20260424025,8,-743.14,-657.65
零售,601488,10021857,12543939,13,HLB-0cfe37f5-5c75-11f0-8cdb-0c42a112278c,ZRTC20260424025,8,-743.14,-657.65
零售,601488,10021857,12543939,12,HLB-0cfe38f2-5c75-11f0-8cdb-0c42a112278c,ZRTC20260424025,8,-743.14,-657.65
零售,601488,10021857,12543939,11,HLB-0cfe38cb-5c75-11f0-8cdb-0c42a112278c,ZRTC20260424025,8,-743.14,-657.65
零售,601488,10021857,12543939,10,HLB-0cfe380c-5c75-11f0-8cdb-0c42a112278c,ZRTC20260424025,8,-743.14,-657.65
零售,601488,10021857,12543939,9,HLB-0cfe3860-5c75-11f0-8cdb-0c42a112278c,ZRTC20260424025,8,-743.14,-657.65
零售,601488,10021857,12543939,8,HLB-0cfe3907-5c75-11f0-8cdb-0c42a112278c,ZRTC20260424025,8,-743.14,-657.65
零售,601488,10021857,12543939,7,HLB-0cfe3744-5c75-11f0-8cdb-0c42a112278c,ZRTC20260424025,8,-743.14,-657.65
零售,601488,10021857,12543939,6,HLB-0cfe38a1-5c75-11f0-8cdb-0c42a112278c,ZRTC20260424025,8,-743.14,-657.65
零售,601488,10021857,12543939,5,HLB-0cfe384b-5c75-11f0-8cdb-0c42a112278c,ZRTC20260424025,8,-743.14,-657.65
零售,601488,10021857,12543939,4,HLB-0cfe37df-5c75-11f0-8cdb-0c42a112278c,ZRTC20260424025,8,-743.14,-657.65
零售,601488,10021857,12543939,3,HLB-0cfe38e0-5c75-11f0-8cdb-0c42a112278c,ZRTC20260424025,8,-743.14,-657.65
零售,601488,10021857,12543939,2,HLB-0cfe3941-5c75-11f0-8cdb-0c42a112278c,ZRTC20260424025,8,-743.14,-657.65
零售,601488,10021857,12543939,1,HLB-0cfe392e-5c75-11f0-8cdb-0c42a112278c,ZRTC20260424025,8,-743.14,-657.65
零售,601488,10021857,12508838,10,HLB-172f799f-570e-11f0-8cdb-0c42a112278c,ZRTC20260424025,8,-743.14,-657.65
零售,601488,10021857,12508838,9,HLB-172f7a3e-570e-11f0-8cdb-0c42a112278c,ZRTC20260424025,8,-743.14,-657.65
零售,601488,10021857,12508838,8,HLB-172f7930-570e-11f0-8cdb-0c42a112278c,ZRTC20260424025,8,-743.14,-657.65
零售,601488,10021857,12508838,7,HLB-172f7a25-570e-11f0-8cdb-0c42a112278c,ZRTC20260424025,8,-743.14,-657.65
零售,601488,10021857,12508838,6,HLB-172f79b9-570e-11f0-8cdb-0c42a112278c,ZRTC20260424025,8,-743.14,-657.65
零售,601488,10021857,12508838,5,HLB-172f7a0c-570e-11f0-8cdb-0c42a112278c,ZRTC20260424025,8,-743.14,-657.65
零售,601488,10021857,12508838,4,HLB-172f79d0-570e-11f0-8cdb-0c42a112278c,ZRTC20260424025,8,-743.14,-657.65
零售,601488,10021857,12508838,3,HLB-172f7a71-570e-11f0-8cdb-0c42a112278c,ZRTC20260424025,8,-743.14,-657.65
零售,601488,10021857,12508838,2,HLB-172f79eb-570e-11f0-8cdb-0c42a112278c,ZRTC20260424025,8,-743.14,-657.65
零售,601488,10021857,12508838,1,HLB-172f7984-570e-11f0-8cdb-0c42a112278c,ZRTC20260424025,8,-743.14,-657.65
零售,601488,10021857,12464752,1,HLB-507d4786-5482-11f0-8cdb-0c42a112278c,ZRTC20260424025,8,-743.14,-657.65
零售,601488,10021857,12521724,20,HLB-9ae2b49a-5949-11f0-8cdb-0c42a112278c,ZRTC20260424025,8,-743.14,-657.65
零售,601488,10021857,12521724,19,HLB-9ae2b403-5949-11f0-8cdb-0c42a112278c,ZRTC20260424025,8,-743.14,-657.65
零售,601488,10021857,12521724,18,HLB-9ae2b4e8-5949-11f0-8cdb-0c42a112278c,ZRTC20260424025,8,-743.14,-657.65
零售,601488,10021857,12521724,17,HLB-9ae2b445-5949-11f0-8cdb-0c42a112278c,ZRTC20260424025,8,-743.14,-657.65
零售,601488,10021857,12521724,16,HLB-9ae2b3bc-5949-11f0-8cdb-0c42a112278c,ZRTC20260424025,8,-743.14,-657.65
零售,601488,10021857,12521724,14,HLB-9ae2b419-5949-11f0-8cdb-0c42a112278c,ZRTC20260424025,8,-743.14,-657.65
零售,601488,10021857,12521724,13,HLB-9ae2b46f-5949-11f0-8cdb-0c42a112278c,ZRTC20260424025,8,-743.14,-657.65
零售,601488,10021857,12521724,12,HLB-9ae2b3a1-5949-11f0-8cdb-0c42a112278c,ZRTC20260424025,8,-743.14,-657.65
零售,601488,10021857,12521724,11,HLB-9ae2b4fb-5949-11f0-8cdb-0c42a112278c,ZRTC20260424025,8,-743.14,-657.65
零售,601488,10021857,12508827,81,HLB-16240340-570e-11f0-8cdb-0c42a112278c,ZRTC20260424025,2,-338.62,-299.66
零售,601488,10021857,12508827,80,HLB-162404b9-570e-11f0-8cdb-0c42a112278c,ZRTC20260424025,2,-338.62,-299.66
零售,601488,10021857,12508827,49,HLB-162401e5-570e-11f0-8cdb-0c42a112278c,ZRTC20260424025,2,-338.62,-299.66
零售,601488,10021857,12508827,74,HLB-1624022d-570e-11f0-8cdb-0c42a112278c,ZRTC20260424025,2,-338.62,-299.66
零售,601488,10021857,12508827,73,HLB-16240491-570e-11f0-8cdb-0c42a112278c,ZRTC20260424025,2,-338.62,-299.66
零售,601488,10021857,12508827,72,HLB-162404ce-570e-11f0-8cdb-0c42a112278c,ZRTC20260424025,2,-338.62,-299.66
零售,601488,10021857,12508827,71,HLB-16240243-570e-11f0-8cdb-0c42a112278c,ZRTC20260424025,2,-338.62,-299.66
零售,601488,10021857,12508827,70,HLB-16240359-570e-11f0-8cdb-0c42a112278c,ZRTC20260424025,2,-338.62,-299.66
零售,601488,10021857,12508827,66,HLB-162402c0-570e-11f0-8cdb-0c42a112278c,ZRTC20260424025,2,-338.62,-299.66
零售,601488,10021857,12508827,65,HLB-16240396-570e-11f0-8cdb-0c42a112278c,ZRTC20260424025,2,-338.62,-299.66
零售,601488,10021857,12508827,64,HLB-1624036c-570e-11f0-8cdb-0c42a112278c,ZRTC20260424025,2,-338.62,-299.66
零售,601488,10021857,12508827,63,HLB-16240453-570e-11f0-8cdb-0c42a112278c,ZRTC20260424025,2,-338.62,-299.66
零售,601488,10021857,12508827,61,HLB-16009326-570e-11f0-8cdb-0c42a112278c,ZRTC20260424025,2,-338.62,-299.66
零售,601488,10021857,12508827,60,HLB-16240467-570e-11f0-8cdb-0c42a112278c,ZRTC20260424025,2,-338.62,-299.66
零售,601488,10021857,12508827,58,HLB-162402e8-570e-11f0-8cdb-0c42a112278c,ZRTC20260424025,2,-338.62,-299.66
零售,601488,10021857,12508827,57,HLB-162403aa-570e-11f0-8cdb-0c42a112278c,ZRTC20260424025,2,-338.62,-299.66
零售,601488,10021857,12508827,56,HLB-16240315-570e-11f0-8cdb-0c42a112278c,ZRTC20260424025,2,-338.62,-299.66
零售,601488,10021857,12430186,34,HLB-34543353-5258-11f0-8cdb-0c42a112278c,ZRTC20260424025,21,-282.06,-249.61
零售,601488,10021857,12430186,30,HLB-345433c8-5258-11f0-8cdb-0c42a112278c,ZRTC20260424025,21,-282.06,-249.61
零售,601488,10021857,12430186,25,HLB-34543340-5258-11f0-8cdb-0c42a112278c,ZRTC20260424025,21,-282.06,-249.61
零售,601488,10021857,12430186,24,HLB-345433b5-5258-11f0-8cdb-0c42a112278c,ZRTC20260424025,21,-282.06,-249.61
零售,601488,10021857,12430186,23,HLB-3454337a-5258-11f0-8cdb-0c42a112278c,ZRTC20260424025,21,-282.06,-249.61
零售,601488,10021857,12430186,22,HLB-345433de-5258-11f0-8cdb-0c42a112278c,ZRTC20260424025,21,-282.06,-249.61
零售,601488,10021857,12430186,21,HLB-345433f1-5258-11f0-8cdb-0c42a112278c,ZRTC20260424025,21,-282.06,-249.61
零售,601488,10021857,12430186,20,HLB-34543367-5258-11f0-8cdb-0c42a112278c,ZRTC20260424025,21,-282.06,-249.61
零售,601488,10021857,12430186,19,HLB-345432d5-5258-11f0-8cdb-0c42a112278c,ZRTC20260424025,21,-282.06,-249.61
零售,601488,10021857,12430186,17,HLB-34543328-5258-11f0-8cdb-0c42a112278c,ZRTC20260424025,21,-282.06,-249.61
零售,601488,10021857,12430186,16,HLB-3454338e-5258-11f0-8cdb-0c42a112278c,ZRTC20260424025,21,-282.06,-249.61
零售,601488,10021857,12430186,10,HLB-34543405-5258-11f0-8cdb-0c42a112278c,ZRTC20260424025,21,-282.06,-249.61
零售,601488,10021857,12430186,9,HLB-34543281-5258-11f0-8cdb-0c42a112278c,ZRTC20260424025,21,-282.06,-249.61
零售,601488,10021857,12430186,8,HLB-345432aa-5258-11f0-8cdb-0c42a112278c,ZRTC20260424025,21,-282.06,-249.61
零售,601488,10021857,12430186,7,HLB-34543315-5258-11f0-8cdb-0c42a112278c,ZRTC20260424025,21,-282.06,-249.61
零售,601488,10021857,12430186,5,HLB-345432eb-5258-11f0-8cdb-0c42a112278c,ZRTC20260424025,21,-282.06,-249.61
零售,601488,10021857,12430186,4,HLB-34543267-5258-11f0-8cdb-0c42a112278c,ZRTC20260424025,21,-282.06,-249.61
零售,601488,10021857,12430186,3,HLB-34543301-5258-11f0-8cdb-0c42a112278c,ZRTC20260424025,21,-282.06,-249.61
零售,601488,10021857,12430186,2,HLB-345433a1-5258-11f0-8cdb-0c42a112278c,ZRTC20260424025,21,-282.06,-249.61
零售,601488,10021857,12518910,40,HLB-ee16a2f2-58a4-11f0-8cdb-0c42a112278c,ZRTC20260424025,21,-282.06,-249.61
零售,601488,10021857,12518910,39,HLB-ee16a1c1-58a4-11f0-8cdb-0c42a112278c,ZRTC20260424025,21,-282.06,-249.61
零售,601488,10021857,12518910,35,HLB-ee16a142-58a4-11f0-8cdb-0c42a112278c,ZRTC20260424025,21,-282.06,-249.61
零售,601488,10021857,12518910,32,HLB-ee16a197-58a4-11f0-8cdb-0c42a112278c,ZRTC20260424025,21,-282.06,-249.61
零售,601488,10021857,12521724,10,HLB-9ae2b2f1-5949-11f0-8cdb-0c42a112278c,ZRTC20260424025,8,-743.14,-657.65
零售,601488,10021857,12521724,9,HLB-9ae2b355-5949-11f0-8cdb-0c42a112278c,ZRTC20260424025,8,-743.14,-657.65
零售,601488,10021857,12521724,8,HLB-9ae2b4ae-5949-11f0-8cdb-0c42a112278c,ZRTC20260424025,8,-743.14,-657.65
零售,601488,10021857,12521724,7,HLB-9ae2b388-5949-11f0-8cdb-0c42a112278c,ZRTC20260424025,8,-743.14,-657.65
零售,601488,10021857,12521724,6,HLB-9ae2b486-5949-11f0-8cdb-0c42a112278c,ZRTC20260424025,8,-743.14,-657.65
零售,601488,10021857,12521724,5,HLB-9ae2b50f-5949-11f0-8cdb-0c42a112278c,ZRTC20260424025,8,-743.14,-657.65
零售,601488,10021857,12521724,4,HLB-9ae2b3d5-5949-11f0-8cdb-0c42a112278c,ZRTC20260424025,8,-743.14,-657.65
零售,601488,10021857,12521724,3,HLB-9ae2b42f-5949-11f0-8cdb-0c42a112278c,ZRTC20260424025,8,-743.14,-657.65
零售,601488,10021857,12521724,2,HLB-9ae2b3ee-5949-11f0-8cdb-0c42a112278c,ZRTC20260424025,8,-743.14,-657.65
零售,601488,10021857,12521724,1,HLB-9ae2b45b-5949-11f0-8cdb-0c42a112278c,ZRTC20260424025,8,-743.14,-657.65
零售,601488,10021857,12268713,1,HLB-4ce79ece-4982-11f0-8cdb-0c42a112278c,ZRTC20260424025,8,-743.14,-657.65
零售,601488,10021857,12508830,10,HLB-1665336f-570e-11f0-8cdb-0c42a112278c,ZRTC20260424025,8,-743.14,-657.65
零售,601488,10021857,12508830,9,HLB-166533ad-570e-11f0-8cdb-0c42a112278c,ZRTC20260424025,8,-743.14,-657.65
零售,601488,10021857,12508830,8,HLB-166533c2-570e-11f0-8cdb-0c42a112278c,ZRTC20260424025,8,-743.14,-657.65
零售,601488,10021857,12508830,7,HLB-16653401-570e-11f0-8cdb-0c42a112278c,ZRTC20260424025,8,-743.14,-657.65
零售,601488,10021857,12508830,6,HLB-166533d6-570e-11f0-8cdb-0c42a112278c,ZRTC20260424025,8,-743.14,-657.65
零售,601488,10021857,12508830,5,HLB-16653384-570e-11f0-8cdb-0c42a112278c,ZRTC20260424025,8,-743.14,-657.65
零售,601488,10021857,12508830,4,HLB-16653345-570e-11f0-8cdb-0c42a112278c,ZRTC20260424025,8,-743.14,-657.65
零售,601488,10021857,12508830,3,HLB-166533ea-570e-11f0-8cdb-0c42a112278c,ZRTC20260424025,8,-743.14,-657.65
零售,601488,10021857,12508830,2,HLB-16653398-570e-11f0-8cdb-0c42a112278c,ZRTC20260424025,8,-743.14,-657.65
零售,601488,10021857,12508830,1,HLB-1665335a-570e-11f0-8cdb-0c42a112278c,ZRTC20260424025,8,-743.14,-657.65
零售,601488,10021857,12508828,20,HLB-166530a6-570e-11f0-8cdb-0c42a112278c,ZRTC20260424025,8,-743.14,-657.65
零售,601488,10021857,12508828,19,HLB-164496c5-570e-11f0-8cdb-0c42a112278c,ZRTC20260424025,8,-743.14,-657.65
零售,601488,10021857,12508828,18,HLB-166530dd-570e-11f0-8cdb-0c42a112278c,ZRTC20260424025,8,-743.14,-657.65
零售,601488,10021857,12508828,17,HLB-1665305d-570e-11f0-8cdb-0c42a112278c,ZRTC20260424025,8,-743.14,-657.65
零售,601488,10021857,12508828,16,HLB-16653149-570e-11f0-8cdb-0c42a112278c,ZRTC20260424025,8,-743.14,-657.65
零售,601488,10021857,12508828,15,HLB-1665312e-570e-11f0-8cdb-0c42a112278c,ZRTC20260424025,8,-743.14,-657.65
零售,601488,10021857,12508828,14,HLB-164496f0-570e-11f0-8cdb-0c42a112278c,ZRTC20260424025,8,-743.14,-657.65
零售,601488,10021857,12508828,13,HLB-16449719-570e-11f0-8cdb-0c42a112278c,ZRTC20260424025,8,-743.14,-657.65
零售,601488,10021857,12508828,12,HLB-164496da-570e-11f0-8cdb-0c42a112278c,ZRTC20260424025,8,-743.14,-657.65
零售,601488,10021857,12508828,11,HLB-164496b1-570e-11f0-8cdb-0c42a112278c,ZRTC20260424025,8,-743.14,-657.65
零售,601488,10021857,12508828,10,HLB-16653112-570e-11f0-8cdb-0c42a112278c,ZRTC20260424025,8,-743.14,-657.65
零售,601488,10021857,12508828,9,HLB-16449705-570e-11f0-8cdb-0c42a112278c,ZRTC20260424025,8,-743.14,-657.65
零售,601488,10021857,12508828,8,HLB-1644972e-570e-11f0-8cdb-0c42a112278c,ZRTC20260424025,8,-743.14,-657.65
零售,601488,10021857,12508828,7,HLB-166530c1-570e-11f0-8cdb-0c42a112278c,ZRTC20260424025,8,-743.14,-657.65
零售,601488,10021857,12508828,6,HLB-166530fa-570e-11f0-8cdb-0c42a112278c,ZRTC20260424025,8,-743.14,-657.65
零售,601488,10021857,12508828,5,HLB-16449759-570e-11f0-8cdb-0c42a112278c,ZRTC20260424025,8,-743.14,-657.65
零售,601488,10021857,12508828,4,HLB-1644976d-570e-11f0-8cdb-0c42a112278c,ZRTC20260424025,8,-743.14,-657.65
零售,601488,10021857,12508828,3,HLB-16449744-570e-11f0-8cdb-0c42a112278c,ZRTC20260424025,8,-743.14,-657.65
零售,601488,10021857,12508828,2,HLB-16653179-570e-11f0-8cdb-0c42a112278c,ZRTC20260424025,8,-743.14,-657.65
零售,601488,10021857,12508828,1,HLB-1665315e-570e-11f0-8cdb-0c42a112278c,ZRTC20260424025,8,-743.14,-657.65
零售,601488,10021857,12508829,6,HLB-166531ec-570e-11f0-8cdb-0c42a112278c,ZRTC20260424025,7,-743.11,-657.62
零售,601488,10021857,12521724,15,HLB-9ae2b371-5949-11f0-8cdb-0c42a112278c,ZRTC20260424025,7,-743.11,-657.62
零售,601488,10021857,12511212,1,HLB-37e41359-57ac-11f0-8cdb-0c42a112278c,ZRTC20260424025,6,-255.06,-225.72
零售,601488,10021857,12437646,1,HLB-7f0bde4e-52fa-11f0-8cdb-0c42a112278c,ZRTC20260424025,6,-255.05,-225.71
零售,601488,10021857,12506048,1,HLB-db6e9139-56dd-11f0-8cdb-0c42a112278c,ZRTC20260424025,6,-255.05,-225.71
零售,601488,10021857,12506042,1,HLB-89602fcd-56dd-11f0-8cdb-0c42a112278c,ZRTC20260424025,6,-255.05,-225.71
零售,601488,10021857,12287990,15,HLB-7fe936ee-4a68-11f0-8cdb-0c42a112278c,ZRTC20260424025,5,-477.37,-422.45
零售,601488,10021857,12287987,9,HLB-7fc89228-4a68-11f0-8cdb-0c42a112278c,ZRTC20260424025,5,-477.32,-422.41
零售,601488,10021857,12506579,4,HLB-ab94d31f-56e9-11f0-8cdb-0c42a112278c,ZRTC20260424025,5,-477.32,-422.41
零售,601488,10021857,12506580,30,HLB-ab94d5c6-56e9-11f0-8cdb-0c42a112278c,ZRTC20260424025,5,-477.32,-422.41
零售,601488,10021857,12287989,9,HLB-7fe934f3-4a68-11f0-8cdb-0c42a112278c,ZRTC20260424025,5,-477.32,-422.41
零售,601488,10021857,12377688,18,HLB-ecec235c-4f2f-11f0-8cdb-0c42a112278c,ZRTC20260424025,5,-477.32,-422.41
零售,601488,10021857,12506578,32,HLB-ab6f7679-56e9-11f0-8cdb-0c42a112278c,ZRTC20260424025,5,-477.32,-422.41
零售,601488,10021857,12287986,12,HLB-7fc88f52-4a68-11f0-8cdb-0c42a112278c,ZRTC20260424025,5,-477.32,-422.41
零售,601488,10021857,12287988,9,HLB-7fc893b1-4a68-11f0-8cdb-0c42a112278c,ZRTC20260424025,5,-477.32,-422.41
零售,601488,10021857,12377686,1,HLB-ecc7bcd1-4f2f-11f0-8cdb-0c42a112278c,ZRTC20260424025,5,-477.32,-422.41
零售,601488,10021857,12506577,12,HLB-ab4d0b49-56e9-11f0-8cdb-0c42a112278c,ZRTC20260424025,5,-477.32,-422.41
零售,601488,10021857,12287990,20,HLB-7fe9364e-4a68-11f0-8cdb-0c42a112278c,ZRTC20260424025,4,-478.47,-423.42
零售,601488,10021857,12287990,19,HLB-7fe935ad-4a68-11f0-8cdb-0c42a112278c,ZRTC20260424025,4,-477.32,-422.41
零售,601488,10021857,12287990,18,HLB-7fe935ec-4a68-11f0-8cdb-0c42a112278c,ZRTC20260424025,4,-477.32,-422.41
零售,601488,10021857,12287990,17,HLB-7fe935ff-4a68-11f0-8cdb-0c42a112278c,ZRTC20260424025,4,-477.32,-422.41
零售,601488,10021857,12287990,16,HLB-7fe93676-4a68-11f0-8cdb-0c42a112278c,ZRTC20260424025,4,-477.32,-422.41
零售,601488,10021857,12287990,14,HLB-7fe93627-4a68-11f0-8cdb-0c42a112278c,ZRTC20260424025,4,-477.32,-422.41
零售,601488,10021857,12287990,13,HLB-7fe936da-4a68-11f0-8cdb-0c42a112278c,ZRTC20260424025,4,-477.32,-422.41
零售,601488,10021857,12287990,12,HLB-7fe936b2-4a68-11f0-8cdb-0c42a112278c,ZRTC20260424025,4,-477.32,-422.41
零售,601488,10021857,12287990,11,HLB-7fe93612-4a68-11f0-8cdb-0c42a112278c,ZRTC20260424025,4,-477.32,-422.41
零售,601488,10021857,12287990,10,HLB-7fe93585-4a68-11f0-8cdb-0c42a112278c,ZRTC20260424025,4,-477.32,-422.41
零售,601488,10021857,12287990,9,HLB-7fe935d6-4a68-11f0-8cdb-0c42a112278c,ZRTC20260424025,4,-477.32,-422.41
零售,601488,10021857,12287990,8,HLB-7fe9369f-4a68-11f0-8cdb-0c42a112278c,ZRTC20260424025,4,-477.32,-422.41
零售,601488,10021857,12287990,7,HLB-7fe9363b-4a68-11f0-8cdb-0c42a112278c,ZRTC20260424025,4,-477.32,-422.41
零售,601488,10021857,12287990,6,HLB-7fe9368a-4a68-11f0-8cdb-0c42a112278c,ZRTC20260424025,4,-477.32,-422.41
零售,601488,10021857,12287990,5,HLB-7fe935c1-4a68-11f0-8cdb-0c42a112278c,ZRTC20260424025,4,-477.32,-422.41
零售,601488,10021857,12287990,4,HLB-7fe936c7-4a68-11f0-8cdb-0c42a112278c,ZRTC20260424025,4,-477.32,-422.41
零售,601488,10021857,12508824,40,HLB-15dfd92d-570e-11f0-8cdb-0c42a112278c,ZRTC20260424025,4,-477.32,-422.41
零售,601488,10021857,12287990,3,HLB-7fe93700-4a68-11f0-8cdb-0c42a112278c,ZRTC20260424025,4,-477.32,-422.41
零售,601488,10021857,12287990,2,HLB-7fe93598-4a68-11f0-8cdb-0c42a112278c,ZRTC20260424025,4,-477.32,-422.41
零售,601488,10021857,12287990,1,HLB-7fe93662-4a68-11f0-8cdb-0c42a112278c,ZRTC20260424025,4,-477.32,-422.41
零售,601488,10021857,12377690,10,HLB-ecec2686-4f2f-11f0-8cdb-0c42a112278c,ZRTC20260424025,4,-477.32,-422.41
零售,601488,10021857,12377690,9,HLB-ecec262e-4f2f-11f0-8cdb-0c42a112278c,ZRTC20260424025,4,-477.32,-422.41
零售,601488,10021857,12377690,8,HLB-ecec265a-4f2f-11f0-8cdb-0c42a112278c,ZRTC20260424025,4,-477.32,-422.41
零售,601488,10021857,12377690,7,HLB-ecec2670-4f2f-11f0-8cdb-0c42a112278c,ZRTC20260424025,4,-477.32,-422.41
零售,601488,10021857,12377690,6,HLB-ecec25de-4f2f-11f0-8cdb-0c42a112278c,ZRTC20260424025,4,-477.32,-422.41
零售,601488,10021857,12377690,5,HLB-ecec25f2-4f2f-11f0-8cdb-0c42a112278c,ZRTC20260424025,4,-477.32,-422.41
零售,601488,10021857,12377690,4,HLB-ecec261a-4f2f-11f0-8cdb-0c42a112278c,ZRTC20260424025,4,-477.32,-422.41
零售,601488,10021857,12377690,3,HLB-ecec2607-4f2f-11f0-8cdb-0c42a112278c,ZRTC20260424025,4,-477.32,-422.41
零售,601488,10021857,12377690,2,HLB-ecec25ca-4f2f-11f0-8cdb-0c42a112278c,ZRTC20260424025,4,-477.32,-422.41
零售,601488,10021857,12377690,1,HLB-ecec2644-4f2f-11f0-8cdb-0c42a112278c,ZRTC20260424025,4,-477.32,-422.41
零售,601488,10021857,12506583,20,HLB-abfc03de-56e9-11f0-8cdb-0c42a112278c,ZRTC20260424025,4,-477.32,-422.41
零售,601488,10021857,12506583,19,HLB-abfc0446-56e9-11f0-8cdb-0c42a112278c,ZRTC20260424025,4,-477.32,-422.41
零售,601488,10021857,12506583,14,HLB-abfc0419-56e9-11f0-8cdb-0c42a112278c,ZRTC20260424025,4,-477.32,-422.41
零售,601488,10021857,12506583,13,HLB-abfc042d-56e9-11f0-8cdb-0c42a112278c,ZRTC20260424025,4,-477.32,-422.41
零售,601488,10021857,12506583,11,HLB-abfc045a-56e9-11f0-8cdb-0c42a112278c,ZRTC20260424025,4,-477.32,-422.41
零售,601488,10021857,12506583,10,HLB-abfc03f1-56e9-11f0-8cdb-0c42a112278c,ZRTC20260424025,4,-477.32,-422.41
零售,601488,10021857,12506583,9,HLB-abfc03c9-56e9-11f0-8cdb-0c42a112278c,ZRTC20260424025,4,-477.32,-422.41
零售,601488,10021857,12506583,7,HLB-abfc0406-56e9-11f0-8cdb-0c42a112278c,ZRTC20260424025,4,-477.32,-422.41
零售,601488,10021857,12506583,5,HLB-abfc0483-56e9-11f0-8cdb-0c42a112278c,ZRTC20260424025,4,-477.32,-422.41
零售,601488,10021857,12506583,3,HLB-abfc0470-56e9-11f0-8cdb-0c42a112278c,ZRTC20260424025,4,-477.32,-422.41
零售,601488,10021857,12508836,57,HLB-170d9ad3-570e-11f0-8cdb-0c42a112278c,ZRTC20260424025,20,-281.3,-248.94
零售,601488,10021857,12508836,55,HLB-170d9c93-570e-11f0-8cdb-0c42a112278c,ZRTC20260424025,20,-281.3,-248.94
零售,601488,10021857,12508836,50,HLB-170d9be2-570e-11f0-8cdb-0c42a112278c,ZRTC20260424025,20,-281.3,-248.94
零售,601488,10021857,12508836,48,HLB-170d9d2b-570e-11f0-8cdb-0c42a112278c,ZRTC20260424025,20,-281.3,-248.94
零售,601488,10021857,12508836,46,HLB-170d9c40-570e-11f0-8cdb-0c42a112278c,ZRTC20260424025,20,-281.3,-248.94
零售,601488,10021857,12508836,44,HLB-170d9b10-570e-11f0-8cdb-0c42a112278c,ZRTC20260424025,20,-281.3,-248.94
零售,601488,10021857,12508836,42,HLB-170d9c0f-570e-11f0-8cdb-0c42a112278c,ZRTC20260424025,20,-281.3,-248.94
零售,601488,10021857,12508836,39,HLB-170d9a6a-570e-11f0-8cdb-0c42a112278c,ZRTC20260424025,20,-281.3,-248.94
零售,601488,10021857,12508836,38,HLB-170d9bcc-570e-11f0-8cdb-0c42a112278c,ZRTC20260424025,20,-281.3,-248.94
零售,601488,10021857,12508836,36,HLB-170d9ca7-570e-11f0-8cdb-0c42a112278c,ZRTC20260424025,20,-281.3,-248.94
零售,601488,10021857,12508836,35,HLB-170d9af1-570e-11f0-8cdb-0c42a112278c,ZRTC20260424025,20,-281.3,-248.94
零售,601488,10021857,12508836,33,HLB-170d9c6b-570e-11f0-8cdb-0c42a112278c,ZRTC20260424025,20,-281.3,-248.94
零售,601488,10021857,12508836,32,HLB-170d9cff-570e-11f0-8cdb-0c42a112278c,ZRTC20260424025,20,-281.3,-248.94
零售,601488,10021857,12508836,30,HLB-170d9ab7-570e-11f0-8cdb-0c42a112278c,ZRTC20260424025,20,-281.3,-248.94
零售,601488,10021857,12508836,29,HLB-170d9cd1-570e-11f0-8cdb-0c42a112278c,ZRTC20260424025,20,-281.3,-248.94
零售,601488,10021857,12508836,28,HLB-170d9b90-570e-11f0-8cdb-0c42a112278c,ZRTC20260424025,20,-281.3,-248.94
零售,601488,10021857,12508836,27,HLB-170d9ce7-570e-11f0-8cdb-0c42a112278c,ZRTC20260424025,20,-281.3,-248.94
零售,601488,10021857,12508836,26,HLB-170d9ba4-570e-11f0-8cdb-0c42a112278c,ZRTC20260424025,20,-281.3,-248.94
零售,601488,10021857,12508836,24,HLB-170d9bba-570e-11f0-8cdb-0c42a112278c,ZRTC20260424025,20,-281.3,-248.94
零售,601488,10021857,12508836,23,HLB-170d9d17-570e-11f0-8cdb-0c42a112278c,ZRTC20260424025,20,-281.3,-248.94
零售,601488,10021857,12508836,22,HLB-170d9b61-570e-11f0-8cdb-0c42a112278c,ZRTC20260424025,20,-281.3,-248.94
零售,601488,10021857,12508836,21,HLB-170d9bf9-570e-11f0-8cdb-0c42a112278c,ZRTC20260424025,20,-281.3,-248.94
零售,601488,10021857,12508836,20,HLB-170d9c54-570e-11f0-8cdb-0c42a112278c,ZRTC20260424025,20,-281.3,-248.94
零售,601488,10021857,12508836,17,HLB-170d9b27-570e-11f0-8cdb-0c42a112278c,ZRTC20260424025,20,-281.3,-248.94
零售,601488,10021857,12508836,16,HLB-170d9d44-570e-11f0-8cdb-0c42a112278c,ZRTC20260424025,20,-281.3,-248.94
零售,601488,10021857,12508836,9,HLB-170d9b45-570e-11f0-8cdb-0c42a112278c,ZRTC20260424025,20,-281.3,-248.94
零售,601488,10021857,12508836,8,HLB-170d9c29-570e-11f0-8cdb-0c42a112278c,ZRTC20260424025,20,-281.3,-248.94
零售,601488,10021857,12508836,6,HLB-170d9cbb-570e-11f0-8cdb-0c42a112278c,ZRTC20260424025,20,-281.3,-248.94
零售,601488,10021857,12508836,3,HLB-170d9c7f-570e-11f0-8cdb-0c42a112278c,ZRTC20260424025,20,-281.3,-248.94
零售,601488,10021857,12508836,1,HLB-170d9b78-570e-11f0-8cdb-0c42a112278c,ZRTC20260424025,20,-281.3,-248.94
零售,601488,10021857,12549578,13,HLB-316cfe3d-5d4a-11f0-8cdb-0c42a112278c,ZRTC20260424025,12,-400.26,-354.21
零售,601488,10021857,12549578,9,HLB-316cfe66-5d4a-11f0-8cdb-0c42a112278c,ZRTC20260424025,12,-400.26,-354.21
零售,601488,10021857,12549578,6,HLB-316cfd2d-5d4a-11f0-8cdb-0c42a112278c,ZRTC20260424025,12,-400.26,-354.21
零售,601488,10021857,12549578,3,HLB-316cfdab-5d4a-11f0-8cdb-0c42a112278c,ZRTC20260424025,12,-400.26,-354.21
零售,601488,10021857,12549578,2,HLB-316cff05-5d4a-11f0-8cdb-0c42a112278c,ZRTC20260424025,12,-400.26,-354.21
零售,601488,10021857,12516721,40,HLB-29d29cbf-5880-11f0-8cdb-0c42a112278c,ZRTC20260424025,12,-400.26,-354.21
零售,601488,10021857,12516721,39,HLB-29d29e46-5880-11f0-8cdb-0c42a112278c,ZRTC20260424025,12,-400.26,-354.21
零售,601488,10021857,12516721,38,HLB-29d29e1a-5880-11f0-8cdb-0c42a112278c,ZRTC20260424025,12,-400.26,-354.21
零售,601488,10021857,12516721,37,HLB-29d29d9c-5880-11f0-8cdb-0c42a112278c,ZRTC20260424025,12,-400.26,-354.21
零售,601488,10021857,12516721,35,HLB-29d29f89-5880-11f0-8cdb-0c42a112278c,ZRTC20260424025,12,-400.26,-354.21
零售,601488,10021857,12516721,30,HLB-29d29e97-5880-11f0-8cdb-0c42a112278c,ZRTC20260424025,12,-400.26,-354.21
零售,601488,10021857,12516721,23,HLB-29d29f37-5880-11f0-8cdb-0c42a112278c,ZRTC20260424025,12,-400.26,-354.21
零售,601488,10021857,12516721,22,HLB-29d29dc8-5880-11f0-8cdb-0c42a112278c,ZRTC20260424025,12,-400.26,-354.21
零售,601488,10021857,12516721,21,HLB-29d29fb0-5880-11f0-8cdb-0c42a112278c,ZRTC20260424025,12,-400.26,-354.21
零售,601488,10021857,12516721,19,HLB-29d29df2-5880-11f0-8cdb-0c42a112278c,ZRTC20260424025,12,-400.26,-354.21
零售,601488,10021857,12516721,17,HLB-29d29d16-5880-11f0-8cdb-0c42a112278c,ZRTC20260424025,12,-400.26,-354.21
零售,601488,10021857,12516721,16,HLB-29d29f5f-5880-11f0-8cdb-0c42a112278c,ZRTC20260424025,12,-400.26,-354.21
零售,601488,10021857,12516721,14,HLB-29d29fd9-5880-11f0-8cdb-0c42a112278c,ZRTC20260424025,12,-400.26,-354.21
零售,601488,10021857,12516721,10,HLB-29d29d6a-5880-11f0-8cdb-0c42a112278c,ZRTC20260424025,12,-400.26,-354.21
零售,601488,10021857,12516721,9,HLB-29d29f11-5880-11f0-8cdb-0c42a112278c,ZRTC20260424025,12,-400.26,-354.21
零售,601488,10021857,12516721,7,HLB-29d29cea-5880-11f0-8cdb-0c42a112278c,ZRTC20260424025,12,-400.26,-354.21
零售,601488,10021857,12516721,5,HLB-29d29ee8-5880-11f0-8cdb-0c42a112278c,ZRTC20260424025,12,-400.26,-354.21
零售,601488,10021857,12516721,4,HLB-29d29e6f-5880-11f0-8cdb-0c42a112278c,ZRTC20260424025,12,-400.26,-354.21
零售,601488,10021857,12516721,3,HLB-29d29d41-5880-11f0-8cdb-0c42a112278c,ZRTC20260424025,12,-400.26,-354.21
零售,601488,10021857,12516721,2,HLB-29d29ec0-5880-11f0-8cdb-0c42a112278c,ZRTC20260424025,12,-400.26,-354.21
零售,601488,10021857,12508835,39,HLB-16ca6596-570e-11f0-8cdb-0c42a112278c,ZRTC20260424025,12,-400.26,-354.21
零售,601488,10021857,12508835,35,HLB-16ca65ae-570e-11f0-8cdb-0c42a112278c,ZRTC20260424025,12,-400.26,-354.21
零售,601488,10021857,12508835,31,HLB-16ca65c4-570e-11f0-8cdb-0c42a112278c,ZRTC20260424025,12,-400.26,-354.21
零售,601488,10021857,12508835,29,HLB-16ca661c-570e-11f0-8cdb-0c42a112278c,ZRTC20260424025,12,-400.26,-354.21
零售,601488,10021857,12508835,28,HLB-16ca64e4-570e-11f0-8cdb-0c42a112278c,ZRTC20260424025,12,-400.26,-354.21
零售,601488,10021857,12508835,26,HLB-16ca64f9-570e-11f0-8cdb-0c42a112278c,ZRTC20260424025,12,-400.26,-354.21
零售,601488,10021857,12508835,25,HLB-16ca6676-570e-11f0-8cdb-0c42a112278c,ZRTC20260424025,12,-400.26,-354.21
零售,601488,10021857,12508835,22,HLB-16ca6609-570e-11f0-8cdb-0c42a112278c,ZRTC20260424025,12,-400.26,-354.21
零售,601488,10021857,12508835,19,HLB-16ca668a-570e-11f0-8cdb-0c42a112278c,ZRTC20260424025,12,-400.26,-354.21
零售,601488,10021857,12508835,18,HLB-16ca6633-570e-11f0-8cdb-0c42a112278c,ZRTC20260424025,12,-400.26,-354.21
零售,601488,10021857,12508835,17,HLB-16ca6663-570e-11f0-8cdb-0c42a112278c,ZRTC20260424025,12,-400.26,-354.21
零售,601488,10021857,12508835,16,HLB-16ca656b-570e-11f0-8cdb-0c42a112278c,ZRTC20260424025,12,-400.26,-354.21
零售,601488,10021857,12508835,14,HLB-16ca6558-570e-11f0-8cdb-0c42a112278c,ZRTC20260424025,12,-400.26,-354.21
零售,601488,10021857,12508835,11,HLB-16ca664b-570e-11f0-8cdb-0c42a112278c,ZRTC20260424025,12,-400.26,-354.21
零售,601488,10021857,12508835,10,HLB-16ca65db-570e-11f0-8cdb-0c42a112278c,ZRTC20260424025,12,-400.26,-354.21
零售,601488,10021857,12508835,8,HLB-16ca65f5-570e-11f0-8cdb-0c42a112278c,ZRTC20260424025,12,-400.26,-354.21
零售,601488,10021857,12508835,6,HLB-16ca6580-570e-11f0-8cdb-0c42a112278c,ZRTC20260424025,12,-400.26,-354.21
零售,601488,10021857,12287988,19,HLB-7fe933b9-4a68-11f0-8cdb-0c42a112278c,ZRTC20260424025,4,-477.32,-422.41
零售,601488,10021857,12287988,14,HLB-7fc8934d-4a68-11f0-8cdb-0c42a112278c,ZRTC20260424025,4,-477.32,-422.41
零售,601488,10021857,12287988,13,HLB-7fc8938b-4a68-11f0-8cdb-0c42a112278c,ZRTC20260424025,4,-477.32,-422.41
零售,601488,10021857,12287988,12,HLB-7fc892f9-4a68-11f0-8cdb-0c42a112278c,ZRTC20260424025,4,-477.32,-422.41
零售,601488,10021857,12287988,11,HLB-7fe93314-4a68-11f0-8cdb-0c42a112278c,ZRTC20260424025,4,-477.32,-422.41
零售,601488,10021857,12287988,10,HLB-7fe933a3-4a68-11f0-8cdb-0c42a112278c,ZRTC20260424025,4,-477.32,-422.41
零售,601488,10021857,12287988,8,HLB-7fc8930e-4a68-11f0-8cdb-0c42a112278c,ZRTC20260424025,4,-477.32,-422.41
零售,601488,10021857,12287988,7,HLB-7fe932d9-4a68-11f0-8cdb-0c42a112278c,ZRTC20260424025,4,-477.32,-422.41
零售,601488,10021857,12287988,6,HLB-7fc89322-4a68-11f0-8cdb-0c42a112278c,ZRTC20260424025,4,-477.32,-422.41
零售,601488,10021857,12287988,5,HLB-7fe93332-4a68-11f0-8cdb-0c42a112278c,ZRTC20260424025,4,-477.32,-422.41
零售,601488,10021857,12287988,4,HLB-7fc8939e-4a68-11f0-8cdb-0c42a112278c,ZRTC20260424025,4,-477.32,-422.41
零售,601488,10021857,12287988,3,HLB-7fe9338d-4a68-11f0-8cdb-0c42a112278c,ZRTC20260424025,4,-477.32,-422.41
零售,601488,10021857,12287988,2,HLB-7fe93279-4a68-11f0-8cdb-0c42a112278c,ZRTC20260424025,4,-477.32,-422.41
零售,601488,10021857,12287988,1,HLB-7fc89338-4a68-11f0-8cdb-0c42a112278c,ZRTC20260424025,4,-477.32,-422.41
零售,601488,10021857,12518909,40,HLB-edfbe720-58a4-11f0-8cdb-0c42a112278c,ZRTC20260424025,4,-477.32,-422.41
零售,601488,10021857,12518909,39,HLB-edfbe788-58a4-11f0-8cdb-0c42a112278c,ZRTC20260424025,4,-477.32,-422.41
零售,601488,10021857,12518909,38,HLB-edfbe704-58a4-11f0-8cdb-0c42a112278c,ZRTC20260424025,4,-477.32,-422.41
零售,601488,10021857,12518909,34,HLB-edfbe6b4-58a4-11f0-8cdb-0c42a112278c,ZRTC20260424025,4,-477.32,-422.41
零售,601488,10021857,12518909,31,HLB-edfbe7cd-58a4-11f0-8cdb-0c42a112278c,ZRTC20260424025,4,-477.32,-422.41
零售,601488,10021857,12518909,28,HLB-edfbe756-58a4-11f0-8cdb-0c42a112278c,ZRTC20260424025,4,-477.32,-422.41
零售,601488,10021857,12518909,27,HLB-edfbe6e8-58a4-11f0-8cdb-0c42a112278c,ZRTC20260424025,4,-477.32,-422.41
零售,601488,10021857,12518909,24,HLB-edfbe623-58a4-11f0-8cdb-0c42a112278c,ZRTC20260424025,4,-477.32,-422.41
零售,601488,10021857,12518909,23,HLB-edfbe69a-58a4-11f0-8cdb-0c42a112278c,ZRTC20260424025,4,-477.32,-422.41
零售,601488,10021857,12287988,18,HLB-7fe93370-4a68-11f0-8cdb-0c42a112278c,ZRTC20260424025,4,-477.32,-422.41
零售,601488,10021857,12287988,17,HLB-7fc89376-4a68-11f0-8cdb-0c42a112278c,ZRTC20260424025,4,-477.32,-422.41
零售,601488,10021857,12287988,16,HLB-7fc89360-4a68-11f0-8cdb-0c42a112278c,ZRTC20260424025,4,-477.32,-422.41
零售,601488,10021857,12287988,15,HLB-7fe932f5-4a68-11f0-8cdb-0c42a112278c,ZRTC20260424025,4,-477.32,-422.41
零售,601488,10021857,12518910,31,HLB-ee16a1d6-58a4-11f0-8cdb-0c42a112278c,ZRTC20260424025,21,-282.06,-249.61
零售,601488,10021857,12518910,15,HLB-ee16a1fd-58a4-11f0-8cdb-0c42a112278c,ZRTC20260424025,21,-282.06,-249.61
零售,601488,10021857,12518910,12,HLB-ee16a182-58a4-11f0-8cdb-0c42a112278c,ZRTC20260424025,21,-282.06,-249.61
零售,601488,10021857,12518910,11,HLB-ee16a227-58a4-11f0-8cdb-0c42a112278c,ZRTC20260424025,21,-282.06,-249.61
零售,601488,10021857,12518910,9,HLB-ee16a210-58a4-11f0-8cdb-0c42a112278c,ZRTC20260424025,21,-282.06,-249.61
零售,601488,10021857,12518910,6,HLB-ee16a2ca-58a4-11f0-8cdb-0c42a112278c,ZRTC20260424025,21,-282.06,-249.61
零售,601488,10021857,12518910,5,HLB-ee16a1ae-58a4-11f0-8cdb-0c42a112278c,ZRTC20260424025,21,-282.06,-249.61
零售,601488,10021857,12518910,3,HLB-ee16a28c-58a4-11f0-8cdb-0c42a112278c,ZRTC20260424025,21,-282.06,-249.61
零售,601488,10021857,12508839,60,HLB-1750412e-570e-11f0-8cdb-0c42a112278c,ZRTC20260424025,21,-282.06,-249.61
零售,601488,10021857,12508839,59,HLB-17504051-570e-11f0-8cdb-0c42a112278c,ZRTC20260424025,21,-282.06,-249.61
零售,601488,10021857,12508839,58,HLB-172f7de6-570e-11f0-8cdb-0c42a112278c,ZRTC20260424025,21,-282.06,-249.61
零售,601488,10021857,12508839,56,HLB-17504089-570e-11f0-8cdb-0c42a112278c,ZRTC20260424025,21,-282.06,-249.61
零售,601488,10021857,12508839,55,HLB-17504145-570e-11f0-8cdb-0c42a112278c,ZRTC20260424025,21,-282.06,-249.61
零售,601488,10021857,12508839,50,HLB-175040a1-570e-11f0-8cdb-0c42a112278c,ZRTC20260424025,21,-282.06,-249.61
零售,601488,10021857,12508839,47,HLB-175040bc-570e-11f0-8cdb-0c42a112278c,ZRTC20260424025,21,-282.06,-249.61
零售,601488,10021857,12508839,43,HLB-17504159-570e-11f0-8cdb-0c42a112278c,ZRTC20260424025,21,-282.06,-249.61
零售,601488,10021857,12508839,42,HLB-172f7d6e-570e-11f0-8cdb-0c42a112278c,ZRTC20260424025,21,-282.06,-249.61
零售,601488,10021857,12508839,41,HLB-172f7dac-570e-11f0-8cdb-0c42a112278c,ZRTC20260424025,21,-282.06,-249.61
零售,601488,10021857,12508839,39,HLB-17504172-570e-11f0-8cdb-0c42a112278c,ZRTC20260424025,21,-282.06,-249.61
零售,601488,10021857,12508839,38,HLB-175041a3-570e-11f0-8cdb-0c42a112278c,ZRTC20260424025,21,-282.06,-249.61
零售,601488,10021857,12508839,34,HLB-1750401b-570e-11f0-8cdb-0c42a112278c,ZRTC20260424025,21,-282.06,-249.61
零售,601488,10021857,12508839,30,HLB-172f7d97-570e-11f0-8cdb-0c42a112278c,ZRTC20260424025,21,-282.06,-249.61
零售,601488,10021857,12508839,28,HLB-172f7e0d-570e-11f0-8cdb-0c42a112278c,ZRTC20260424025,21,-282.06,-249.61
零售,601488,10021857,12508839,27,HLB-172f7df9-570e-11f0-8cdb-0c42a112278c,ZRTC20260424025,21,-282.06,-249.61
零售,601488,10021857,12508839,24,HLB-17504116-570e-11f0-8cdb-0c42a112278c,ZRTC20260424025,21,-282.06,-249.61
零售,601488,10021857,12508839,23,HLB-17504038-570e-11f0-8cdb-0c42a112278c,ZRTC20260424025,21,-282.06,-249.61
零售,601488,10021857,12508839,22,HLB-17504100-570e-11f0-8cdb-0c42a112278c,ZRTC20260424025,21,-282.06,-249.61
零售,601488,10021857,12508839,20,HLB-17503fce-570e-11f0-8cdb-0c42a112278c,ZRTC20260424025,21,-282.06,-249.61
零售,601488,10021857,12508839,19,HLB-17504069-570e-11f0-8cdb-0c42a112278c,ZRTC20260424025,21,-282.06,-249.61
零售,601488,10021857,12508839,16,HLB-172f7dbf-570e-11f0-8cdb-0c42a112278c,ZRTC20260424025,21,-282.06,-249.61
零售,601488,10021857,12508839,14,HLB-175040eb-570e-11f0-8cdb-0c42a112278c,ZRTC20260424025,21,-282.06,-249.61
零售,601488,10021857,12508839,13,HLB-172f7e22-570e-11f0-8cdb-0c42a112278c,ZRTC20260424025,21,-282.06,-249.61
零售,601488,10021857,12508839,12,HLB-172f7dd3-570e-11f0-8cdb-0c42a112278c,ZRTC20260424025,21,-282.06,-249.61
零售,601488,10021857,12508839,11,HLB-175041b8-570e-11f0-8cdb-0c42a112278c,ZRTC20260424025,21,-282.06,-249.61
零售,601488,10021857,12508839,5,HLB-172f7d83-570e-11f0-8cdb-0c42a112278c,ZRTC20260424025,21,-282.06,-249.61
零售,601488,10021857,12508839,3,HLB-175041cc-570e-11f0-8cdb-0c42a112278c,ZRTC20260424025,21,-282.06,-249.61
零售,601488,10021857,12508839,2,HLB-17504189-570e-11f0-8cdb-0c42a112278c,ZRTC20260424025,21,-282.06,-249.61
零售,601488,10021857,12508839,1,HLB-175040d2-570e-11f0-8cdb-0c42a112278c,ZRTC20260424025,21,-282.06,-249.61
零售,601488,10021857,12516720,80,HLB-2992c6f0-5880-11f0-8cdb-0c42a112278c,ZRTC20260424025,21,-282.06,-249.61
零售,601488,10021857,12516720,75,HLB-2992c744-5880-11f0-8cdb-0c42a112278c,ZRTC20260424025,21,-282.06,-249.61
零售,601488,10021857,12516720,74,HLB-29d29c6e-5880-11f0-8cdb-0c42a112278c,ZRTC20260424025,21,-282.06,-249.61
零售,601488,10021857,12516720,73,HLB-29b1af59-5880-11f0-8cdb-0c42a112278c,ZRTC20260424025,21,-282.06,-249.61
零售,601488,10021857,12516720,72,HLB-29b1ad17-5880-11f0-8cdb-0c42a112278c,ZRTC20260424025,21,-282.06,-249.61
零售,601488,10021857,12516720,68,HLB-29b1afa8-5880-11f0-8cdb-0c42a112278c,ZRTC20260424025,21,-282.06,-249.61
零售,601488,10021857,12516720,67,HLB-29b1ae07-5880-11f0-8cdb-0c42a112278c,ZRTC20260424025,21,-282.06,-249.61
零售,601488,10021857,12516720,64,HLB-29b1ae38-5880-11f0-8cdb-0c42a112278c,ZRTC20260424025,21,-282.06,-249.61
零售,601488,10021857,12516720,63,HLB-29b1af08-5880-11f0-8cdb-0c42a112278c,ZRTC20260424025,21,-282.06,-249.61
零售,601488,10021857,12516720,61,HLB-29b1acb4-5880-11f0-8cdb-0c42a112278c,ZRTC20260424025,21,-282.06,-249.61
零售,601488,10021857,12516720,58,HLB-29b1affb-5880-11f0-8cdb-0c42a112278c,ZRTC20260424025,21,-282.06,-249.61
零售,601488,10021857,12516720,57,HLB-29b1aeb4-5880-11f0-8cdb-0c42a112278c,ZRTC20260424025,21,-282.06,-249.61
零售,601488,10021857,12516720,54,HLB-29b1ae8c-5880-11f0-8cdb-0c42a112278c,ZRTC20260424025,21,-282.06,-249.61
零售,601488,10021857,12516720,51,HLB-29b1aedf-5880-11f0-8cdb-0c42a112278c,ZRTC20260424025,21,-282.06,-249.61
零售,601488,10021857,12516720,50,HLB-2992c676-5880-11f0-8cdb-0c42a112278c,ZRTC20260424025,21,-282.06,-249.61
零售,601488,10021857,12516720,49,HLB-29b1adae-5880-11f0-8cdb-0c42a112278c,ZRTC20260424025,21,-282.06,-249.61
零售,601488,10021857,12516720,46,HLB-2992c6c7-5880-11f0-8cdb-0c42a112278c,ZRTC20260424025,21,-282.06,-249.61
零售,601488,10021857,12516720,45,HLB-2992c76d-5880-11f0-8cdb-0c42a112278c,ZRTC20260424025,21,-282.06,-249.61
零售,601488,10021857,12516720,42,HLB-2992c71c-5880-11f0-8cdb-0c42a112278c,ZRTC20260424025,21,-282.06,-249.61
零售,601488,10021857,12516720,40,HLB-29b1b052-5880-11f0-8cdb-0c42a112278c,ZRTC20260424025,21,-282.06,-249.61
零售,601488,10021857,12516720,37,HLB-29b1afd1-5880-11f0-8cdb-0c42a112278c,ZRTC20260424025,21,-282.06,-249.61
零售,601488,10021857,12518910,30,HLB-ee16a1eb-58a4-11f0-8cdb-0c42a112278c,ZRTC20260424025,21,-282.06,-249.61
零售,601488,10021857,12518910,28,HLB-ee16a127-58a4-11f0-8cdb-0c42a112278c,ZRTC20260424025,21,-282.06,-249.61
零售,601488,10021857,12518910,25,HLB-ee16a16a-58a4-11f0-8cdb-0c42a112278c,ZRTC20260424025,21,-282.06,-249.61
零售,601488,10021857,12518910,24,HLB-ee16a2df-58a4-11f0-8cdb-0c42a112278c,ZRTC20260424025,21,-282.06,-249.61
零售,601488,10021857,12518910,22,HLB-ee16a157-58a4-11f0-8cdb-0c42a112278c,ZRTC20260424025,21,-282.06,-249.61
零售,601488,10021857,12518910,21,HLB-ee16a2b6-58a4-11f0-8cdb-0c42a112278c,ZRTC20260424025,21,-282.06,-249.61
零售,601488,10021857,12518910,19,HLB-ee16a29f-58a4-11f0-8cdb-0c42a112278c,ZRTC20260424025,21,-282.06,-249.61
零售,601488,10021857,12518910,18,HLB-ee16a276-58a4-11f0-8cdb-0c42a112278c,ZRTC20260424025,21,-282.06,-249.61
零售,601488,10021857,12518909,37,HLB-edfbe8c7-58a4-11f0-8cdb-0c42a112278c,ZRTC20260424025,20,-281.3,-248.94
零售,601488,10021857,12518909,36,HLB-edfbe8af-58a4-11f0-8cdb-0c42a112278c,ZRTC20260424025,20,-281.3,-248.94
零售,601488,10021857,12518909,35,HLB-edfbe966-58a4-11f0-8cdb-0c42a112278c,ZRTC20260424025,20,-281.3,-248.94
零售,601488,10021857,12518909,33,HLB-edfbe991-58a4-11f0-8cdb-0c42a112278c,ZRTC20260424025,20,-281.3,-248.94
零售,601488,10021857,12518909,32,HLB-edfbe8df-58a4-11f0-8cdb-0c42a112278c,ZRTC20260424025,20,-281.3,-248.94
零售,601488,10021857,12518909,30,HLB-edfbe82f-58a4-11f0-8cdb-0c42a112278c,ZRTC20260424025,20,-281.3,-248.94
零售,601488,10021857,12518909,29,HLB-edfbe97e-58a4-11f0-8cdb-0c42a112278c,ZRTC20260424025,20,-281.3,-248.94
零售,601488,10021857,12518909,26,HLB-edfbe816-58a4-11f0-8cdb-0c42a112278c,ZRTC20260424025,20,-281.3,-248.94
零售,601488,10021857,12518909,25,HLB-edfbe89a-58a4-11f0-8cdb-0c42a112278c,ZRTC20260424025,20,-281.3,-248.94
零售,601488,10021857,12518909,22,HLB-edfbe9e9-58a4-11f0-8cdb-0c42a112278c,ZRTC20260424025,20,-281.3,-248.94
零售,601488,10021857,12518909,21,HLB-edfbe869-58a4-11f0-8cdb-0c42a112278c,ZRTC20260424025,20,-281.3,-248.94
零售,601488,10021857,12518909,18,HLB-edfbe9d5-58a4-11f0-8cdb-0c42a112278c,ZRTC20260424025,20,-281.3,-248.94
零售,601488,10021857,12518909,17,HLB-edfbe8f4-58a4-11f0-8cdb-0c42a112278c,ZRTC20260424025,20,-281.3,-248.94
零售,601488,10021857,12518909,16,HLB-edfbe923-58a4-11f0-8cdb-0c42a112278c,ZRTC20260424025,20,-281.3,-248.94
零售,601488,10021857,12518909,13,HLB-edfbe90d-58a4-11f0-8cdb-0c42a112278c,ZRTC20260424025,20,-281.3,-248.94
零售,601488,10021857,12518909,11,HLB-edfbe93c-58a4-11f0-8cdb-0c42a112278c,ZRTC20260424025,20,-281.3,-248.94
零售,601488,10021857,12518909,9,HLB-edfbe953-58a4-11f0-8cdb-0c42a112278c,ZRTC20260424025,20,-281.3,-248.94
零售,601488,10021857,12518909,4,HLB-edfbe9bd-58a4-11f0-8cdb-0c42a112278c,ZRTC20260424025,20,-281.3,-248.94
零售,601488,10021857,12518909,3,HLB-edfbe9a9-58a4-11f0-8cdb-0c42a112278c,ZRTC20260424025,20,-281.3,-248.94
零售,601488,10021857,12518909,2,HLB-edfbe882-58a4-11f0-8cdb-0c42a112278c,ZRTC20260424025,20,-281.3,-248.94
零售,601488,10021857,12508820,19,HLB-151370f9-570e-11f0-8cdb-0c42a112278c,ZRTC20260424025,20,-281.3,-248.94
零售,601488,10021857,12508820,18,HLB-15137174-570e-11f0-8cdb-0c42a112278c,ZRTC20260424025,20,-281.3,-248.94
零售,601488,10021857,12508820,16,HLB-151370bc-570e-11f0-8cdb-0c42a112278c,ZRTC20260424025,20,-281.3,-248.94
零售,601488,10021857,12508820,15,HLB-15137136-570e-11f0-8cdb-0c42a112278c,ZRTC20260424025,20,-281.3,-248.94
零售,601488,10021857,12508820,10,HLB-1513715f-570e-11f0-8cdb-0c42a112278c,ZRTC20260424025,20,-281.3,-248.94
零售,601488,10021857,12508820,8,HLB-1513710e-570e-11f0-8cdb-0c42a112278c,ZRTC20260424025,20,-281.3,-248.94
零售,601488,10021857,12508820,5,HLB-15137123-570e-11f0-8cdb-0c42a112278c,ZRTC20260424025,20,-281.3,-248.94
零售,601488,10021857,12508820,4,HLB-151370e4-570e-11f0-8cdb-0c42a112278c,ZRTC20260424025,20,-281.3,-248.94
零售,601488,10021857,12508820,2,HLB-1513714b-570e-11f0-8cdb-0c42a112278c,ZRTC20260424025,20,-281.3,-248.94
零售,601488,10021857,12508820,1,HLB-151370d0-570e-11f0-8cdb-0c42a112278c,ZRTC20260424025,20,-281.3,-248.94
零售,601488,10021857,12556054,1,HLB-93a0dd51-5e23-11f0-8cdb-0c42a112278c,ZRTC20260424025,20,-281.3,-248.94
零售,601488,10021857,12377693,10,HLB-ed0dd9a4-4f2f-11f0-8cdb-0c42a112278c,ZRTC20260424025,20,-281.3,-248.94
零售,601488,10021857,12377693,9,HLB-ed0dda66-4f2f-11f0-8cdb-0c42a112278c,ZRTC20260424025,20,-281.3,-248.94
零售,601488,10021857,12377693,8,HLB-ed0dd9e4-4f2f-11f0-8cdb-0c42a112278c,ZRTC20260424025,20,-281.3,-248.94
零售,601488,10021857,12377693,7,HLB-ed0dd9cf-4f2f-11f0-8cdb-0c42a112278c,ZRTC20260424025,20,-281.3,-248.94
零售,601488,10021857,12377693,6,HLB-ed0dd9f8-4f2f-11f0-8cdb-0c42a112278c,ZRTC20260424025,20,-281.3,-248.94
零售,601488,10021857,12377693,5,HLB-ed0dda22-4f2f-11f0-8cdb-0c42a112278c,ZRTC20260424025,20,-281.3,-248.94
零售,601488,10021857,12377693,4,HLB-ed0dd9bb-4f2f-11f0-8cdb-0c42a112278c,ZRTC20260424025,20,-281.3,-248.94
零售,601488,10021857,12377693,3,HLB-ed0dda3b-4f2f-11f0-8cdb-0c42a112278c,ZRTC20260424025,20,-281.3,-248.94
零售,601488,10021857,12377693,2,HLB-ed0dda0c-4f2f-11f0-8cdb-0c42a112278c,ZRTC20260424025,20,-281.3,-248.94
零售,601488,10021857,12377693,1,HLB-ed0dda4e-4f2f-11f0-8cdb-0c42a112278c,ZRTC20260424025,20,-281.3,-248.94
零售,601488,10021857,12506577,19,HLB-ab6f74a2-56e9-11f0-8cdb-0c42a112278c,ZRTC20260424025,20,-281.3,-248.94
零售,601488,10021857,12506577,17,HLB-ab6f7508-56e9-11f0-8cdb-0c42a112278c,ZRTC20260424025,20,-281.3,-248.94
零售,601488,10021857,12506577,16,HLB-ab6f757d-56e9-11f0-8cdb-0c42a112278c,ZRTC20260424025,20,-281.3,-248.94
零售,601488,10021857,12506577,14,HLB-ab6f7539-56e9-11f0-8cdb-0c42a112278c,ZRTC20260424025,20,-281.3,-248.94
零售,601488,10021857,12506577,13,HLB-ab6f7592-56e9-11f0-8cdb-0c42a112278c,ZRTC20260424025,20,-281.3,-248.94
零售,601488,10021857,12506577,11,HLB-ab6f7568-56e9-11f0-8cdb-0c42a112278c,ZRTC20260424025,20,-281.3,-248.94
零售,601488,10021857,12506577,10,HLB-ab6f75a7-56e9-11f0-8cdb-0c42a112278c,ZRTC20260424025,20,-281.3,-248.94
零售,601488,10021857,12506577,7,HLB-ab6f74ec-56e9-11f0-8cdb-0c42a112278c,ZRTC20260424025,20,-281.3,-248.94
零售,601488,10021857,12506577,5,HLB-ab6f7520-56e9-11f0-8cdb-0c42a112278c,ZRTC20260424025,20,-281.3,-248.94
零售,601488,10021857,12506577,4,HLB-ab6f7550-56e9-11f0-8cdb-0c42a112278c,ZRTC20260424025,20,-281.3,-248.94
零售,601488,10021857,12376715,1,HLB-8d41186e-4f28-11f0-8cdb-0c42a112278c,ZRTC20260424025,19,-213.63,-189.05
零售,601488,10021857,12512474,98,HLB-06c38d54-57bf-11f0-8cdb-0c42a112278c,ZRTC20260424025,18,-184.8,-163.54
零售,601488,10021857,12512474,96,HLB-06dc2965-57bf-11f0-8cdb-0c42a112278c,ZRTC20260424025,18,-184.56,-163.33
零售,601488,10021857,12512474,94,HLB-06c38cdd-57bf-11f0-8cdb-0c42a112278c,ZRTC20260424025,18,-184.56,-163.33
零售,601488,10021857,12512474,93,HLB-06dc2aed-57bf-11f0-8cdb-0c42a112278c,ZRTC20260424025,18,-184.56,-163.33
零售,601488,10021857,12512474,91,HLB-06c38d2d-57bf-11f0-8cdb-0c42a112278c,ZRTC20260424025,18,-184.56,-163.33
零售,601488,10021857,12512474,90,HLB-06dc289b-57bf-11f0-8cdb-0c42a112278c,ZRTC20260424025,18,-184.56,-163.33
零售,601488,10021857,12512474,85,HLB-06dc28b9-57bf-11f0-8cdb-0c42a112278c,ZRTC20260424025,18,-184.56,-163.33
零售,601488,10021857,12512474,83,HLB-06c38de0-57bf-11f0-8cdb-0c42a112278c,ZRTC20260424025,18,-184.56,-163.33
零售,601488,10021857,12512474,82,HLB-06c38d69-57bf-11f0-8cdb-0c42a112278c,ZRTC20260424025,18,-184.56,-163.33
零售,601488,10021857,12512474,79,HLB-06dc28db-57bf-11f0-8cdb-0c42a112278c,ZRTC20260424025,18,-184.56,-163.33
零售,601488,10021857,12512474,76,HLB-06c38dcc-57bf-11f0-8cdb-0c42a112278c,ZRTC20260424025,18,-184.56,-163.33
零售,601488,10021857,12512474,75,HLB-06c38c39-57bf-11f0-8cdb-0c42a112278c,ZRTC20260424025,18,-184.56,-163.33
零售,601488,10021857,12512474,73,HLB-06c38db8-57bf-11f0-8cdb-0c42a112278c,ZRTC20260424025,18,-184.56,-163.33
零售,601488,10021857,12512474,72,HLB-06dc28fa-57bf-11f0-8cdb-0c42a112278c,ZRTC20260424025,18,-184.56,-163.33
零售,601488,10021857,12512474,70,HLB-06c38d41-57bf-11f0-8cdb-0c42a112278c,ZRTC20260424025,18,-184.56,-163.33
零售,601488,10021857,12508835,4,HLB-16ca669e-570e-11f0-8cdb-0c42a112278c,ZRTC20260424025,12,-400.26,-354.21
零售,601488,10021857,12508835,2,HLB-16ca66b2-570e-11f0-8cdb-0c42a112278c,ZRTC20260424025,12,-400.26,-354.21
零售,601488,10021857,12508835,1,HLB-16ca6513-570e-11f0-8cdb-0c42a112278c,ZRTC20260424025,12,-400.26,-354.21
零售,601488,10021857,12508819,40,HLB-14f1722a-570e-11f0-8cdb-0c42a112278c,ZRTC20260424025,12,-400.26,-354.21
零售,601488,10021857,12508819,38,HLB-14f1723d-570e-11f0-8cdb-0c42a112278c,ZRTC20260424025,12,-400.26,-354.21
零售,601488,10021857,12508819,36,HLB-14f17114-570e-11f0-8cdb-0c42a112278c,ZRTC20260424025,12,-400.26,-354.21
零售,601488,10021857,12508819,35,HLB-14f17183-570e-11f0-8cdb-0c42a112278c,ZRTC20260424025,12,-400.26,-354.21
零售,601488,10021857,12508819,33,HLB-14f172a3-570e-11f0-8cdb-0c42a112278c,ZRTC20260424025,12,-400.26,-354.21
零售,601488,10021857,12508819,29,HLB-14f17251-570e-11f0-8cdb-0c42a112278c,ZRTC20260424025,12,-400.26,-354.21
零售,601488,10021857,12508819,27,HLB-14f17144-570e-11f0-8cdb-0c42a112278c,ZRTC20260424025,12,-400.26,-354.21
零售,601488,10021857,12508819,22,HLB-14f17290-570e-11f0-8cdb-0c42a112278c,ZRTC20260424025,12,-400.26,-354.21
零售,601488,10021857,12508819,21,HLB-14f171e2-570e-11f0-8cdb-0c42a112278c,ZRTC20260424025,12,-400.26,-354.21
零售,601488,10021857,12508819,19,HLB-14f1719a-570e-11f0-8cdb-0c42a112278c,ZRTC20260424025,12,-400.26,-354.21
零售,601488,10021857,12508819,17,HLB-14f17267-570e-11f0-8cdb-0c42a112278c,ZRTC20260424025,12,-400.26,-354.21
零售,601488,10021857,12508819,16,HLB-14f172cc-570e-11f0-8cdb-0c42a112278c,ZRTC20260424025,12,-400.26,-354.21
零售,601488,10021857,12508819,13,HLB-14f172b8-570e-11f0-8cdb-0c42a112278c,ZRTC20260424025,12,-400.26,-354.21
零售,601488,10021857,12508819,12,HLB-14f1712a-570e-11f0-8cdb-0c42a112278c,ZRTC20260424025,12,-400.26,-354.21
零售,601488,10021857,12508819,11,HLB-14f1716f-570e-11f0-8cdb-0c42a112278c,ZRTC20260424025,12,-400.26,-354.21
零售,601488,10021857,12508819,10,HLB-14f171b2-570e-11f0-8cdb-0c42a112278c,ZRTC20260424025,12,-400.26,-354.21
零售,601488,10021857,12508819,9,HLB-14f171f8-570e-11f0-8cdb-0c42a112278c,ZRTC20260424025,12,-400.26,-354.21
零售,601488,10021857,12508819,7,HLB-14f17213-570e-11f0-8cdb-0c42a112278c,ZRTC20260424025,12,-400.26,-354.21
零售,601488,10021857,12508819,5,HLB-14f1727c-570e-11f0-8cdb-0c42a112278c,ZRTC20260424025,12,-400.26,-354.21
零售,601488,10021857,12508819,2,HLB-14f17159-570e-11f0-8cdb-0c42a112278c,ZRTC20260424025,12,-400.26,-354.21
零售,601488,10021857,12402386,10,HLB-635c0427-50be-11f0-8cdb-0c42a112278c,ZRTC20260424025,12,-400.26,-354.21
零售,601488,10021857,12402386,9,HLB-635c044f-50be-11f0-8cdb-0c42a112278c,ZRTC20260424025,12,-400.26,-354.21
零售,601488,10021857,12402386,8,HLB-635c03fd-50be-11f0-8cdb-0c42a112278c,ZRTC20260424025,12,-400.26,-354.21
零售,601488,10021857,12402386,7,HLB-635c0413-50be-11f0-8cdb-0c42a112278c,ZRTC20260424025,12,-400.26,-354.21
零售,601488,10021857,12402386,6,HLB-635c043d-50be-11f0-8cdb-0c42a112278c,ZRTC20260424025,12,-400.26,-354.21
零售,601488,10021857,12402386,5,HLB-635c04b4-50be-11f0-8cdb-0c42a112278c,ZRTC20260424025,12,-400.26,-354.21
零售,601488,10021857,12402386,4,HLB-635c048b-50be-11f0-8cdb-0c42a112278c,ZRTC20260424025,12,-400.26,-354.21
零售,601488,10021857,12402386,3,HLB-635c0478-50be-11f0-8cdb-0c42a112278c,ZRTC20260424025,12,-400.26,-354.21
零售,601488,10021857,12402386,2,HLB-635c04a1-50be-11f0-8cdb-0c42a112278c,ZRTC20260424025,12,-400.26,-354.21
零售,601488,10021857,12402386,1,HLB-635c0462-50be-11f0-8cdb-0c42a112278c,ZRTC20260424025,12,-400.26,-354.21
零售,601488,10021857,12375044,15,HLB-0deacf32-4f18-11f0-8cdb-0c42a112278c,ZRTC20260424025,12,-400.26,-354.21
零售,601488,10021857,12375044,14,HLB-0deacf7b-4f18-11f0-8cdb-0c42a112278c,ZRTC20260424025,12,-400.26,-354.21
零售,601488,10021857,12375044,13,HLB-0deacf0e-4f18-11f0-8cdb-0c42a112278c,ZRTC20260424025,12,-400.26,-354.21
零售,601488,10021857,12375044,11,HLB-0deacfdf-4f18-11f0-8cdb-0c42a112278c,ZRTC20260424025,12,-400.26,-354.21
零售,601488,10021857,12375044,10,HLB-0dead04e-4f18-11f0-8cdb-0c42a112278c,ZRTC20260424025,12,-400.26,-354.21
零售,601488,10021857,12375044,9,HLB-0deacfc7-4f18-11f0-8cdb-0c42a112278c,ZRTC20260424025,12,-400.26,-354.21
零售,601488,10021857,12375044,8,HLB-0dead024-4f18-11f0-8cdb-0c42a112278c,ZRTC20260424025,12,-400.26,-354.21
零售,601488,10021857,12375044,7,HLB-0dead00b-4f18-11f0-8cdb-0c42a112278c,ZRTC20260424025,12,-400.26,-354.21
零售,601488,10021857,12375044,6,HLB-0deacfb0-4f18-11f0-8cdb-0c42a112278c,ZRTC20260424025,12,-400.26,-354.21
零售,601488,10021857,12375044,5,HLB-0deacef5-4f18-11f0-8cdb-0c42a112278c,ZRTC20260424025,12,-400.26,-354.21
零售,601488,10021857,12375044,4,HLB-0deacf97-4f18-11f0-8cdb-0c42a112278c,ZRTC20260424025,12,-400.26,-354.21
零售,601488,10021857,12375044,3,HLB-0dead062-4f18-11f0-8cdb-0c42a112278c,ZRTC20260424025,12,-400.26,-354.21
零售,601488,10021857,12375044,2,HLB-0deacff5-4f18-11f0-8cdb-0c42a112278c,ZRTC20260424025,12,-400.26,-354.21
零售,601488,10021857,12375044,1,HLB-0dead03a-4f18-11f0-8cdb-0c42a112278c,ZRTC20260424025,12,-400.26,-354.21
零售,601488,10021857,12375042,35,HLB-0dc87386-4f18-11f0-8cdb-0c42a112278c,ZRTC20260424025,12,-400.26,-354.21
零售,601488,10021857,12375042,34,HLB-0dc87239-4f18-11f0-8cdb-0c42a112278c,ZRTC20260424025,12,-400.26,-354.21
零售,601488,10021857,12375042,33,HLB-0da02ab1-4f18-11f0-8cdb-0c42a112278c,ZRTC20260424025,12,-400.26,-354.21
零售,601488,10021857,12375042,32,HLB-0dc87370-4f18-11f0-8cdb-0c42a112278c,ZRTC20260424025,12,-400.26,-354.21
零售,601488,10021857,12375042,31,HLB-0da02a9c-4f18-11f0-8cdb-0c42a112278c,ZRTC20260424025,12,-400.26,-354.21
零售,601488,10021857,12375042,30,HLB-0da02a73-4f18-11f0-8cdb-0c42a112278c,ZRTC20260424025,12,-400.26,-354.21
零售,601488,10021857,12375042,29,HLB-0dc87257-4f18-11f0-8cdb-0c42a112278c,ZRTC20260424025,12,-400.26,-354.21
零售,601488,10021857,12375042,28,HLB-0dc873c9-4f18-11f0-8cdb-0c42a112278c,ZRTC20260424025,12,-400.26,-354.21
零售,601488,10021857,12375042,27,HLB-0dc8731f-4f18-11f0-8cdb-0c42a112278c,ZRTC20260424025,12,-400.26,-354.21
零售,601488,10021857,12375042,26,HLB-0da02a60-4f18-11f0-8cdb-0c42a112278c,ZRTC20260424025,12,-400.26,-354.21
零售,601488,10021857,12375042,25,HLB-0da02a4b-4f18-11f0-8cdb-0c42a112278c,ZRTC20260424025,12,-400.26,-354.21
零售,601488,10021857,12375042,24,HLB-0dc870d7-4f18-11f0-8cdb-0c42a112278c,ZRTC20260424025,12,-400.26,-354.21
零售,601488,10021857,12375042,23,HLB-0dc872ef-4f18-11f0-8cdb-0c42a112278c,ZRTC20260424025,12,-400.26,-354.21
零售,601488,10021857,12375042,22,HLB-0dc872a5-4f18-11f0-8cdb-0c42a112278c,ZRTC20260424025,12,-400.26,-354.21
零售,601488,10021857,12375042,21,HLB-0dc871e6-4f18-11f0-8cdb-0c42a112278c,ZRTC20260424025,12,-400.26,-354.21
零售,601488,10021857,12375042,20,HLB-0dc871d0-4f18-11f0-8cdb-0c42a112278c,ZRTC20260424025,12,-400.26,-354.21
零售,601488,10021857,12375042,19,HLB-0dc87358-4f18-11f0-8cdb-0c42a112278c,ZRTC20260424025,12,-400.26,-354.21
零售,601488,10021857,12375042,18,HLB-0dc87126-4f18-11f0-8cdb-0c42a112278c,ZRTC20260424025,12,-400.26,-354.21
零售,601488,10021857,12375042,17,HLB-0da02a88-4f18-11f0-8cdb-0c42a112278c,ZRTC20260424025,12,-400.26,-354.21
零售,601488,10021857,12375042,16,HLB-0dc87161-4f18-11f0-8cdb-0c42a112278c,ZRTC20260424025,12,-400.26,-354.21
零售,601488,10021857,12508824,39,HLB-15befbf3-570e-11f0-8cdb-0c42a112278c,ZRTC20260424025,4,-477.32,-422.41
零售,601488,10021857,12508824,35,HLB-15dfd915-570e-11f0-8cdb-0c42a112278c,ZRTC20260424025,4,-477.32,-422.41
零售,601488,10021857,12508824,31,HLB-15dfd8e1-570e-11f0-8cdb-0c42a112278c,ZRTC20260424025,4,-477.32,-422.41
零售,601488,10021857,12508824,25,HLB-15befc21-570e-11f0-8cdb-0c42a112278c,ZRTC20260424025,4,-477.32,-422.41
零售,601488,10021857,12508824,23,HLB-15dfd8cb-570e-11f0-8cdb-0c42a112278c,ZRTC20260424025,4,-477.32,-422.41
零售,601488,10021857,12508824,22,HLB-15dfd977-570e-11f0-8cdb-0c42a112278c,ZRTC20260424025,4,-477.32,-422.41
零售,601488,10021857,12508824,19,HLB-15dfd8fc-570e-11f0-8cdb-0c42a112278c,ZRTC20260424025,4,-477.32,-422.41
零售,601488,10021857,12508824,18,HLB-15befc0c-570e-11f0-8cdb-0c42a112278c,ZRTC20260424025,4,-477.32,-422.41
零售,601488,10021857,12508824,17,HLB-15dfd883-570e-11f0-8cdb-0c42a112278c,ZRTC20260424025,4,-477.32,-422.41
零售,601488,10021857,12508824,13,HLB-15dfd98f-570e-11f0-8cdb-0c42a112278c,ZRTC20260424025,4,-477.32,-422.41
零售,601488,10021857,12508824,11,HLB-15dfd95e-570e-11f0-8cdb-0c42a112278c,ZRTC20260424025,4,-477.32,-422.41
零售,601488,10021857,12508824,9,HLB-15befbca-570e-11f0-8cdb-0c42a112278c,ZRTC20260424025,4,-477.32,-422.41
零售,601488,10021857,12508824,7,HLB-15befbb2-570e-11f0-8cdb-0c42a112278c,ZRTC20260424025,4,-477.32,-422.41
零售,601488,10021857,12508824,6,HLB-15befc60-570e-11f0-8cdb-0c42a112278c,ZRTC20260424025,4,-477.32,-422.41
零售,601488,10021857,12508824,5,HLB-15befc73-570e-11f0-8cdb-0c42a112278c,ZRTC20260424025,4,-477.32,-422.41
零售,601488,10021857,12508824,4,HLB-15befbdf-570e-11f0-8cdb-0c42a112278c,ZRTC20260424025,4,-477.32,-422.41
零售,601488,10021857,12508824,3,HLB-15befc49-570e-11f0-8cdb-0c42a112278c,ZRTC20260424025,4,-477.32,-422.41
零售,601488,10021857,12508824,2,HLB-15befc34-570e-11f0-8cdb-0c42a112278c,ZRTC20260424025,4,-477.32,-422.41
零售,601488,10021857,12508824,1,HLB-15dfd944-570e-11f0-8cdb-0c42a112278c,ZRTC20260424025,4,-477.32,-422.41
零售,601488,10021857,12658730,40,HLB-d5ab0aa2-6a84-11f0-8cdb-0c42a112278c,ZRTC20260424025,4,477.32,422.41
零售,601488,10021857,12658730,37,HLB-d5ab091e-6a84-11f0-8cdb-0c42a112278c,ZRTC20260424025,4,477.32,422.41
零售,601488,10021857,12658730,35,HLB-d5ab0869-6a84-11f0-8cdb-0c42a112278c,ZRTC20260424025,4,477.32,422.41
零售,601488,10021857,12658730,33,HLB-d5ab0ace-6a84-11f0-8cdb-0c42a112278c,ZRTC20260424025,4,477.32,422.41
零售,601488,10021857,12658730,32,HLB-d5ab0952-6a84-11f0-8cdb-0c42a112278c,ZRTC20260424025,4,477.32,422.41
零售,601488,10021857,12658730,30,HLB-d5ab08e5-6a84-11f0-8cdb-0c42a112278c,ZRTC20260424025,4,477.32,422.41
零售,601488,10021857,12658730,27,HLB-d5ab09e2-6a84-11f0-8cdb-0c42a112278c,ZRTC20260424025,4,477.32,422.41
零售,601488,10021857,12658730,24,HLB-d5ab0935-6a84-11f0-8cdb-0c42a112278c,ZRTC20260424025,4,477.32,422.41
零售,601488,10021857,12658730,22,HLB-d5ab0a3c-6a84-11f0-8cdb-0c42a112278c,ZRTC20260424025,4,477.32,422.41
零售,601488,10021857,12658730,21,HLB-d5ab09f6-6a84-11f0-8cdb-0c42a112278c,ZRTC20260424025,4,477.32,422.41
零售,601488,10021857,12658730,20,HLB-d5ab08ff-6a84-11f0-8cdb-0c42a112278c,ZRTC20260424025,4,477.32,422.41
零售,601488,10021857,12658730,16,HLB-d5ab09c8-6a84-11f0-8cdb-0c42a112278c,ZRTC20260424025,4,477.32,422.41
零售,601488,10021857,12658730,15,HLB-d5ab0a6b-6a84-11f0-8cdb-0c42a112278c,ZRTC20260424025,4,477.32,422.41
零售,601488,10021857,12658730,14,HLB-d5ab0ab8-6a84-11f0-8cdb-0c42a112278c,ZRTC20260424025,4,477.32,422.41
零售,601488,10021857,12658730,12,HLB-d5ab09ac-6a84-11f0-8cdb-0c42a112278c,ZRTC20260424025,4,477.32,422.41
零售,601488,10021857,12658730,11,HLB-d5ab0a87-6a84-11f0-8cdb-0c42a112278c,ZRTC20260424025,4,477.32,422.41
零售,601488,10021857,12658730,8,HLB-d5ab0967-6a84-11f0-8cdb-0c42a112278c,ZRTC20260424025,4,477.32,422.41
零售,601488,10021857,12658730,7,HLB-d5ab097b-6a84-11f0-8cdb-0c42a112278c,ZRTC20260424025,4,477.32,422.41
零售,601488,10021857,12658730,6,HLB-d5ab08cb-6a84-11f0-8cdb-0c42a112278c,ZRTC20260424025,4,477.32,422.41
零售,601488,10021857,12658730,1,HLB-d5ab0a54-6a84-11f0-8cdb-0c42a112278c,ZRTC20260424025,4,477.32,422.41
零售,601488,10021857,12556053,1,HLB-93a0dd3d-5e23-11f0-8cdb-0c42a112278c,ZRTC20260424025,4,-477.32,-422.41
零售,601488,10021857,12508842,6,HLB-17504357-570e-11f0-8cdb-0c42a112278c,ZRTC20260424025,4,-477.32,-422.41
零售,601488,10021857,12508842,4,HLB-1750433f-570e-11f0-8cdb-0c42a112278c,ZRTC20260424025,4,-477.32,-422.41
零售,601488,10021857,12508842,3,HLB-1750436d-570e-11f0-8cdb-0c42a112278c,ZRTC20260424025,4,-477.32,-422.41
零售,601488,10021857,12508842,1,HLB-17504381-570e-11f0-8cdb-0c42a112278c,ZRTC20260424025,4,-477.32,-422.41
零售,601488,10021857,12287987,20,HLB-7fc891ff-4a68-11f0-8cdb-0c42a112278c,ZRTC20260424025,4,-477.32,-422.41
零售,601488,10021857,12287987,19,HLB-7fc892bd-4a68-11f0-8cdb-0c42a112278c,ZRTC20260424025,4,-477.32,-422.41
零售,601488,10021857,12287987,18,HLB-7fc891ea-4a68-11f0-8cdb-0c42a112278c,ZRTC20260424025,4,-477.32,-422.41
零售,601488,10021857,12287987,17,HLB-7fc89191-4a68-11f0-8cdb-0c42a112278c,ZRTC20260424025,4,-477.32,-422.41
零售,601488,10021857,12287987,16,HLB-7fc8923d-4a68-11f0-8cdb-0c42a112278c,ZRTC20260424025,4,-477.32,-422.41
零售,601488,10021857,12287987,15,HLB-7fc891b9-4a68-11f0-8cdb-0c42a112278c,ZRTC20260424025,4,-477.32,-422.41
零售,601488,10021857,12287987,14,HLB-7fc89164-4a68-11f0-8cdb-0c42a112278c,ZRTC20260424025,4,-477.32,-422.41
零售,601488,10021857,12287987,13,HLB-7fc891a6-4a68-11f0-8cdb-0c42a112278c,ZRTC20260424025,4,-477.32,-422.41
零售,601488,10021857,12287987,12,HLB-7fc892d1-4a68-11f0-8cdb-0c42a112278c,ZRTC20260424025,4,-477.32,-422.41
零售,601488,10021857,12287987,11,HLB-7fc89151-4a68-11f0-8cdb-0c42a112278c,ZRTC20260424025,4,-477.32,-422.41
零售,601488,10021857,12287987,10,HLB-7fc89269-4a68-11f0-8cdb-0c42a112278c,ZRTC20260424025,4,-477.32,-422.41
零售,601488,10021857,12287987,8,HLB-7fc891d1-4a68-11f0-8cdb-0c42a112278c,ZRTC20260424025,4,-477.32,-422.41
零售,601488,10021857,12287987,7,HLB-7fc89255-4a68-11f0-8cdb-0c42a112278c,ZRTC20260424025,4,-477.32,-422.41
零售,601488,10021857,12287987,6,HLB-7fc89214-4a68-11f0-8cdb-0c42a112278c,ZRTC20260424025,4,-477.32,-422.41
零售,601488,10021857,12287987,5,HLB-7fc8927f-4a68-11f0-8cdb-0c42a112278c,ZRTC20260424025,4,-477.32,-422.41
零售,601488,10021857,12287987,4,HLB-7fc892aa-4a68-11f0-8cdb-0c42a112278c,ZRTC20260424025,4,-477.32,-422.41
零售,601488,10021857,12287987,3,HLB-7fc8917a-4a68-11f0-8cdb-0c42a112278c,ZRTC20260424025,4,-477.32,-422.41
零售,601488,10021857,12287987,2,HLB-7fc89297-4a68-11f0-8cdb-0c42a112278c,ZRTC20260424025,4,-477.32,-422.41
零售,601488,10021857,12287987,1,HLB-7fc892e6-4a68-11f0-8cdb-0c42a112278c,ZRTC20260424025,4,-477.32,-422.41
零售,601488,10021857,12506579,40,HLB-ab94d34e-56e9-11f0-8cdb-0c42a112278c,ZRTC20260424025,4,-477.32,-422.41
零售,601488,10021857,12506579,35,HLB-ab94d1eb-56e9-11f0-8cdb-0c42a112278c,ZRTC20260424025,4,-477.32,-422.41
零售,601488,10021857,12506579,34,HLB-ab94d1b9-56e9-11f0-8cdb-0c42a112278c,ZRTC20260424025,4,-477.32,-422.41
零售,601488,10021857,12506579,33,HLB-ab94d25c-56e9-11f0-8cdb-0c42a112278c,ZRTC20260424025,4,-477.32,-422.41
零售,601488,10021857,12506579,32,HLB-ab94d29f-56e9-11f0-8cdb-0c42a112278c,ZRTC20260424025,4,-477.32,-422.41
零售,601488,10021857,12518909,20,HLB-edfbe666-58a4-11f0-8cdb-0c42a112278c,ZRTC20260424025,4,-477.32,-422.41
零售,601488,10021857,12518909,19,HLB-edfbe5be-58a4-11f0-8cdb-0c42a112278c,ZRTC20260424025,4,-477.32,-422.41
零售,601488,10021857,12518909,15,HLB-edfbe7b0-58a4-11f0-8cdb-0c42a112278c,ZRTC20260424025,4,-477.32,-422.41
零售,601488,10021857,12518909,14,HLB-edfbe6cf-58a4-11f0-8cdb-0c42a112278c,ZRTC20260424025,4,-477.32,-422.41
零售,601488,10021857,12518909,12,HLB-edfbe680-58a4-11f0-8cdb-0c42a112278c,ZRTC20260424025,4,-477.32,-422.41
零售,601488,10021857,12518909,10,HLB-edfbe73b-58a4-11f0-8cdb-0c42a112278c,ZRTC20260424025,4,-477.32,-422.41
零售,601488,10021857,12518909,8,HLB-edfbe64a-58a4-11f0-8cdb-0c42a112278c,ZRTC20260424025,4,-477.32,-422.41
零售,601488,10021857,12518909,7,HLB-edfbe76c-58a4-11f0-8cdb-0c42a112278c,ZRTC20260424025,4,-477.32,-422.41
零售,601488,10021857,12518909,6,HLB-edfbe800-58a4-11f0-8cdb-0c42a112278c,ZRTC20260424025,4,-477.32,-422.41
零售,601488,10021857,12518909,5,HLB-edfbe79d-58a4-11f0-8cdb-0c42a112278c,ZRTC20260424025,4,-477.32,-422.41
零售,601488,10021857,12518909,1,HLB-edfbe7eb-58a4-11f0-8cdb-0c42a112278c,ZRTC20260424025,4,-477.32,-422.41
零售,601488,10021857,12377684,10,HLB-eca5a045-4f2f-11f0-8cdb-0c42a112278c,ZRTC20260424025,4,-477.32,-422.41
零售,601488,10021857,12377684,9,HLB-eca59fcf-4f2f-11f0-8cdb-0c42a112278c,ZRTC20260424025,4,-477.32,-422.41
零售,601488,10021857,12377684,8,HLB-eca59ff6-4f2f-11f0-8cdb-0c42a112278c,ZRTC20260424025,4,-477.32,-422.41
零售,601488,10021857,12377684,7,HLB-eca5a07f-4f2f-11f0-8cdb-0c42a112278c,ZRTC20260424025,4,-477.32,-422.41
零售,601488,10021857,12377684,6,HLB-eca5a01e-4f2f-11f0-8cdb-0c42a112278c,ZRTC20260424025,4,-477.32,-422.41
零售,601488,10021857,12377684,5,HLB-eca5a058-4f2f-11f0-8cdb-0c42a112278c,ZRTC20260424025,4,-477.32,-422.41
零售,601488,10021857,12377684,4,HLB-eca5a06c-4f2f-11f0-8cdb-0c42a112278c,ZRTC20260424025,4,-477.32,-422.41
零售,601488,10021857,12516720,34,HLB-29b1af83-5880-11f0-8cdb-0c42a112278c,ZRTC20260424025,21,-282.06,-249.61
零售,601488,10021857,12516720,33,HLB-2992c5f7-5880-11f0-8cdb-0c42a112278c,ZRTC20260424025,21,-282.06,-249.61
零售,601488,10021857,12516720,32,HLB-29b1ad7e-5880-11f0-8cdb-0c42a112278c,ZRTC20260424025,21,-282.06,-249.61
零售,601488,10021857,12516720,31,HLB-29b1b0a4-5880-11f0-8cdb-0c42a112278c,ZRTC20260424025,21,-282.06,-249.61
零售,601488,10021857,12516720,29,HLB-29b1b021-5880-11f0-8cdb-0c42a112278c,ZRTC20260424025,21,-282.06,-249.61
零售,601488,10021857,12516720,28,HLB-29b1ac84-5880-11f0-8cdb-0c42a112278c,ZRTC20260424025,21,-282.06,-249.61
零售,601488,10021857,12516720,27,HLB-29b1addf-5880-11f0-8cdb-0c42a112278c,ZRTC20260424025,21,-282.06,-249.61
零售,601488,10021857,12516720,26,HLB-29b1ace4-5880-11f0-8cdb-0c42a112278c,ZRTC20260424025,21,-282.06,-249.61
零售,601488,10021857,12516720,23,HLB-2992c64d-5880-11f0-8cdb-0c42a112278c,ZRTC20260424025,21,-282.06,-249.61
零售,601488,10021857,12516720,21,HLB-29b1af2f-5880-11f0-8cdb-0c42a112278c,ZRTC20260424025,21,-282.06,-249.61
零售,601488,10021857,12516720,20,HLB-29b1ae61-5880-11f0-8cdb-0c42a112278c,ZRTC20260424025,21,-282.06,-249.61
零售,601488,10021857,12516720,18,HLB-29d29c04-5880-11f0-8cdb-0c42a112278c,ZRTC20260424025,21,-282.06,-249.61
零售,601488,10021857,12516720,17,HLB-29d29c37-5880-11f0-8cdb-0c42a112278c,ZRTC20260424025,21,-282.06,-249.61
零售,601488,10021857,12516720,15,HLB-29b1ad4f-5880-11f0-8cdb-0c42a112278c,ZRTC20260424025,21,-282.06,-249.61
零售,601488,10021857,12516720,13,HLB-29d29bce-5880-11f0-8cdb-0c42a112278c,ZRTC20260424025,21,-282.06,-249.61
零售,601488,10021857,12516720,10,HLB-29d29ca6-5880-11f0-8cdb-0c42a112278c,ZRTC20260424025,21,-282.06,-249.61
零售,601488,10021857,12516720,7,HLB-2992c625-5880-11f0-8cdb-0c42a112278c,ZRTC20260424025,21,-282.06,-249.61
零售,601488,10021857,12516720,2,HLB-2992c69d-5880-11f0-8cdb-0c42a112278c,ZRTC20260424025,21,-282.06,-249.61
零售,601488,10021857,12516720,1,HLB-29b1b07a-5880-11f0-8cdb-0c42a112278c,ZRTC20260424025,21,-282.06,-249.61
零售,601488,10021857,12431432,40,HLB-d8f33a10-525d-11f0-8cdb-0c42a112278c,ZRTC20260424025,21,-282.06,-249.61
零售,601488,10021857,12431432,37,HLB-d8f339b5-525d-11f0-8cdb-0c42a112278c,ZRTC20260424025,21,-282.06,-249.61
零售,601488,10021857,12431432,35,HLB-d8f33b24-525d-11f0-8cdb-0c42a112278c,ZRTC20260424025,21,-282.06,-249.61
零售,601488,10021857,12431432,34,HLB-d8f33b48-525d-11f0-8cdb-0c42a112278c,ZRTC20260424025,21,-282.06,-249.61
零售,601488,10021857,12431432,33,HLB-d8f339c9-525d-11f0-8cdb-0c42a112278c,ZRTC20260424025,21,-282.06,-249.61
零售,601488,10021857,12431432,31,HLB-d8f33afd-525d-11f0-8cdb-0c42a112278c,ZRTC20260424025,21,-282.06,-249.61
零售,601488,10021857,12431432,30,HLB-d8f33a55-525d-11f0-8cdb-0c42a112278c,ZRTC20260424025,21,-282.06,-249.61
零售,601488,10021857,12431432,27,HLB-d8f33b5c-525d-11f0-8cdb-0c42a112278c,ZRTC20260424025,21,-282.06,-249.61
零售,601488,10021857,12431432,25,HLB-d8f33a80-525d-11f0-8cdb-0c42a112278c,ZRTC20260424025,21,-282.06,-249.61
零售,601488,10021857,12431432,24,HLB-d8f33abe-525d-11f0-8cdb-0c42a112278c,ZRTC20260424025,21,-282.06,-249.61
零售,601488,10021857,12431432,23,HLB-d8f339f6-525d-11f0-8cdb-0c42a112278c,ZRTC20260424025,21,-282.06,-249.61
零售,601488,10021857,12431432,16,HLB-d8f33a41-525d-11f0-8cdb-0c42a112278c,ZRTC20260424025,21,-282.06,-249.61
零售,601488,10021857,12431432,15,HLB-d8f33a28-525d-11f0-8cdb-0c42a112278c,ZRTC20260424025,21,-282.06,-249.61
零售,601488,10021857,12431432,13,HLB-d8f33aea-525d-11f0-8cdb-0c42a112278c,ZRTC20260424025,21,-282.06,-249.61
零售,601488,10021857,12431432,11,HLB-d8f339e2-525d-11f0-8cdb-0c42a112278c,ZRTC20260424025,21,-282.06,-249.61
零售,601488,10021857,12431432,7,HLB-d8f33aa9-525d-11f0-8cdb-0c42a112278c,ZRTC20260424025,21,-282.06,-249.61
零售,601488,10021857,12431432,5,HLB-d8f33b11-525d-11f0-8cdb-0c42a112278c,ZRTC20260424025,21,-282.06,-249.61
零售,601488,10021857,12431432,4,HLB-d8f33a95-525d-11f0-8cdb-0c42a112278c,ZRTC20260424025,21,-282.06,-249.61
零售,601488,10021857,12431432,2,HLB-d8f33ad3-525d-11f0-8cdb-0c42a112278c,ZRTC20260424025,21,-282.06,-249.61
零售,601488,10021857,12431432,1,HLB-d8f33a6b-525d-11f0-8cdb-0c42a112278c,ZRTC20260424025,21,-282.06,-249.61
零售,601488,10021857,12402387,10,HLB-635c0556-50be-11f0-8cdb-0c42a112278c,ZRTC20260424025,21,-282.06,-249.61
零售,601488,10021857,12402387,9,HLB-635c0504-50be-11f0-8cdb-0c42a112278c,ZRTC20260424025,21,-282.06,-249.61
零售,601488,10021857,12402387,8,HLB-635c052d-50be-11f0-8cdb-0c42a112278c,ZRTC20260424025,21,-282.06,-249.61
零售,601488,10021857,12402387,7,HLB-635c0543-50be-11f0-8cdb-0c42a112278c,ZRTC20260424025,21,-282.06,-249.61
零售,601488,10021857,12402387,6,HLB-635c0569-50be-11f0-8cdb-0c42a112278c,ZRTC20260424025,21,-282.06,-249.61
零售,601488,10021857,12402387,5,HLB-635c04c8-50be-11f0-8cdb-0c42a112278c,ZRTC20260424025,21,-282.06,-249.61
零售,601488,10021857,12402387,4,HLB-635c04f1-50be-11f0-8cdb-0c42a112278c,ZRTC20260424025,21,-282.06,-249.61
零售,601488,10021857,12402387,3,HLB-635c0519-50be-11f0-8cdb-0c42a112278c,ZRTC20260424025,21,-282.06,-249.61
零售,601488,10021857,12402387,2,HLB-635c057c-50be-11f0-8cdb-0c42a112278c,ZRTC20260424025,21,-282.06,-249.61
零售,601488,10021857,12402387,1,HLB-635c04dd-50be-11f0-8cdb-0c42a112278c,ZRTC20260424025,21,-282.06,-249.61
零售,601488,10021857,12508817,20,HLB-14ccfed1-570e-11f0-8cdb-0c42a112278c,ZRTC20260424025,21,-282.06,-249.61
零售,601488,10021857,12508817,18,HLB-14ccff39-570e-11f0-8cdb-0c42a112278c,ZRTC20260424025,21,-282.06,-249.61
零售,601488,10021857,12508817,16,HLB-14ccff9d-570e-11f0-8cdb-0c42a112278c,ZRTC20260424025,21,-282.06,-249.61
零售,601488,10021857,12508817,15,HLB-14ccff4e-570e-11f0-8cdb-0c42a112278c,ZRTC20260424025,21,-282.06,-249.61
零售,601488,10021857,12508817,14,HLB-14ccfefc-570e-11f0-8cdb-0c42a112278c,ZRTC20260424025,21,-282.06,-249.61
零售,601488,10021857,12508817,12,HLB-14ccff61-570e-11f0-8cdb-0c42a112278c,ZRTC20260424025,21,-282.06,-249.61
零售,601488,10021857,12508817,11,HLB-14ccff88-570e-11f0-8cdb-0c42a112278c,ZRTC20260424025,21,-282.06,-249.61
零售,601488,10021857,12508817,10,HLB-14ccff75-570e-11f0-8cdb-0c42a112278c,ZRTC20260424025,21,-282.06,-249.61
零售,601488,10021857,12508817,9,HLB-14ccfee6-570e-11f0-8cdb-0c42a112278c,ZRTC20260424025,21,-282.06,-249.61
零售,601488,10021857,12508817,6,HLB-14ccff0f-570e-11f0-8cdb-0c42a112278c,ZRTC20260424025,21,-282.06,-249.61
零售,601488,10021857,12506583,18,HLB-abfc0511-56e9-11f0-8cdb-0c42a112278c,ZRTC20260424025,20,-281.95,-249.51
零售,601488,10021857,12506583,17,HLB-abfc0538-56e9-11f0-8cdb-0c42a112278c,ZRTC20260424025,20,-281.3,-248.94
零售,601488,10021857,12506583,16,HLB-abfc0497-56e9-11f0-8cdb-0c42a112278c,ZRTC20260424025,20,-281.3,-248.94
零售,601488,10021857,12506583,15,HLB-abfc0525-56e9-11f0-8cdb-0c42a112278c,ZRTC20260424025,20,-281.3,-248.94
零售,601488,10021857,12506583,12,HLB-abfc04fd-56e9-11f0-8cdb-0c42a112278c,ZRTC20260424025,20,-281.3,-248.94
零售,601488,10021857,12506583,8,HLB-abfc054c-56e9-11f0-8cdb-0c42a112278c,ZRTC20260424025,20,-281.3,-248.94
零售,601488,10021857,12506583,6,HLB-abfc04d6-56e9-11f0-8cdb-0c42a112278c,ZRTC20260424025,20,-281.3,-248.94
零售,601488,10021857,12506583,4,HLB-abfc04bf-56e9-11f0-8cdb-0c42a112278c,ZRTC20260424025,20,-281.3,-248.94
零售,601488,10021857,12512474,69,HLB-06dc2a8c-57bf-11f0-8cdb-0c42a112278c,ZRTC20260424025,18,-184.56,-163.33
零售,601488,10021857,12512474,67,HLB-06c38e2f-57bf-11f0-8cdb-0c42a112278c,ZRTC20260424025,18,-184.56,-163.33
零售,601488,10021857,12512474,65,HLB-06c38c11-57bf-11f0-8cdb-0c42a112278c,ZRTC20260424025,18,-184.56,-163.33
零售,601488,10021857,12512474,63,HLB-06c38cc8-57bf-11f0-8cdb-0c42a112278c,ZRTC20260424025,18,-184.56,-163.33
零售,601488,10021857,12512474,62,HLB-06c38ca1-57bf-11f0-8cdb-0c42a112278c,ZRTC20260424025,18,-184.56,-163.33
零售,601488,10021857,12512474,59,HLB-06c38cf0-57bf-11f0-8cdb-0c42a112278c,ZRTC20260424025,18,-184.56,-163.33
零售,601488,10021857,12512474,58,HLB-06c38cb4-57bf-11f0-8cdb-0c42a112278c,ZRTC20260424025,18,-184.56,-163.33
零售,601488,10021857,12512474,57,HLB-06dc2a44-57bf-11f0-8cdb-0c42a112278c,ZRTC20260424025,18,-184.56,-163.33
零售,601488,10021857,12512474,56,HLB-06dc2a1e-57bf-11f0-8cdb-0c42a112278c,ZRTC20260424025,18,-184.56,-163.33
零售,601488,10021857,12512474,55,HLB-06dc29d8-57bf-11f0-8cdb-0c42a112278c,ZRTC20260424025,18,-184.56,-163.33
零售,601488,10021857,12512474,54,HLB-06dc2a67-57bf-11f0-8cdb-0c42a112278c,ZRTC20260424025,18,-184.56,-163.33
零售,601488,10021857,12512474,53,HLB-06dc2941-57bf-11f0-8cdb-0c42a112278c,ZRTC20260424025,18,-184.56,-163.33
零售,601488,10021857,12512474,50,HLB-06c38be3-57bf-11f0-8cdb-0c42a112278c,ZRTC20260424025,18,-184.56,-163.33
零售,601488,10021857,12512474,48,HLB-06dc2832-57bf-11f0-8cdb-0c42a112278c,ZRTC20260424025,18,-184.56,-163.33
零售,601488,10021857,12512474,47,HLB-06dc27d7-57bf-11f0-8cdb-0c42a112278c,ZRTC20260424025,18,-184.56,-163.33
零售,601488,10021857,12512474,44,HLB-06c38d90-57bf-11f0-8cdb-0c42a112278c,ZRTC20260424025,18,-184.56,-163.33
零售,601488,10021857,12512474,42,HLB-06c38df3-57bf-11f0-8cdb-0c42a112278c,ZRTC20260424025,18,-184.56,-163.33
零售,601488,10021857,12512474,41,HLB-06c38e1a-57bf-11f0-8cdb-0c42a112278c,ZRTC20260424025,18,-184.56,-163.33
零售,601488,10021857,12512474,39,HLB-06c38c25-57bf-11f0-8cdb-0c42a112278c,ZRTC20260424025,18,-184.56,-163.33
零售,601488,10021857,12512474,37,HLB-06c38c61-57bf-11f0-8cdb-0c42a112278c,ZRTC20260424025,18,-184.56,-163.33
零售,601488,10021857,12512474,35,HLB-06c38c4c-57bf-11f0-8cdb-0c42a112278c,ZRTC20260424025,18,-184.56,-163.33
零售,601488,10021857,12512474,33,HLB-06c38e07-57bf-11f0-8cdb-0c42a112278c,ZRTC20260424025,18,-184.56,-163.33
零售,601488,10021857,12512474,32,HLB-06c38da4-57bf-11f0-8cdb-0c42a112278c,ZRTC20260424025,18,-184.56,-163.33
零售,601488,10021857,12512474,28,HLB-06c38d7c-57bf-11f0-8cdb-0c42a112278c,ZRTC20260424025,18,-184.56,-163.33
零售,601488,10021857,12512474,27,HLB-06dc298b-57bf-11f0-8cdb-0c42a112278c,ZRTC20260424025,18,-184.56,-163.33
零售,601488,10021857,12512474,26,HLB-06dc2acd-57bf-11f0-8cdb-0c42a112278c,ZRTC20260424025,18,-184.56,-163.33
零售,601488,10021857,12512474,20,HLB-06c38c75-57bf-11f0-8cdb-0c42a112278c,ZRTC20260424025,18,-184.56,-163.33
零售,601488,10021857,12512474,19,HLB-06c38d05-57bf-11f0-8cdb-0c42a112278c,ZRTC20260424025,18,-184.56,-163.33
零售,601488,10021857,12512474,18,HLB-06c38bf9-57bf-11f0-8cdb-0c42a112278c,ZRTC20260424025,18,-184.56,-163.33
零售,601488,10021857,12512474,17,HLB-06dc291f-57bf-11f0-8cdb-0c42a112278c,ZRTC20260424025,18,-184.56,-163.33
零售,601488,10021857,12512474,11,HLB-06dc29b0-57bf-11f0-8cdb-0c42a112278c,ZRTC20260424025,18,-184.56,-163.33
零售,601488,10021857,12512474,10,HLB-06c38c8c-57bf-11f0-8cdb-0c42a112278c,ZRTC20260424025,18,-184.56,-163.33
零售,601488,10021857,12512474,9,HLB-06dc29fb-57bf-11f0-8cdb-0c42a112278c,ZRTC20260424025,18,-184.56,-163.33
零售,601488,10021857,12512474,8,HLB-06c38d18-57bf-11f0-8cdb-0c42a112278c,ZRTC20260424025,18,-184.56,-163.33
零售,601488,10021857,12512474,4,HLB-06dc2aac-57bf-11f0-8cdb-0c42a112278c,ZRTC20260424025,18,-184.56,-163.33
零售,601488,10021857,12508826,39,HLB-1600917f-570e-11f0-8cdb-0c42a112278c,ZRTC20260424025,18,-184.56,-163.33
零售,601488,10021857,12508826,38,HLB-16009285-570e-11f0-8cdb-0c42a112278c,ZRTC20260424025,18,-184.56,-163.33
零售,601488,10021857,12508826,37,HLB-160091d1-570e-11f0-8cdb-0c42a112278c,ZRTC20260424025,18,-184.56,-163.33
零售,601488,10021857,12508826,36,HLB-16009107-570e-11f0-8cdb-0c42a112278c,ZRTC20260424025,18,-184.56,-163.33
零售,601488,10021857,12508826,35,HLB-16009130-570e-11f0-8cdb-0c42a112278c,ZRTC20260424025,18,-184.56,-163.33
零售,601488,10021857,12508826,34,HLB-1600916b-570e-11f0-8cdb-0c42a112278c,ZRTC20260424025,18,-184.56,-163.33
零售,601488,10021857,12508826,26,HLB-16009235-570e-11f0-8cdb-0c42a112278c,ZRTC20260424025,18,-184.56,-163.33
零售,601488,10021857,12508826,24,HLB-1600911c-570e-11f0-8cdb-0c42a112278c,ZRTC20260424025,18,-184.56,-163.33
零售,601488,10021857,12508826,23,HLB-160091f8-570e-11f0-8cdb-0c42a112278c,ZRTC20260424025,18,-184.56,-163.33
零售,601488,10021857,12508826,21,HLB-160091a8-570e-11f0-8cdb-0c42a112278c,ZRTC20260424025,18,-184.56,-163.33
零售,601488,10021857,12508826,18,HLB-160091e4-570e-11f0-8cdb-0c42a112278c,ZRTC20260424025,18,-184.56,-163.33
零售,601488,10021857,12508826,17,HLB-1600925e-570e-11f0-8cdb-0c42a112278c,ZRTC20260424025,18,-184.56,-163.33
零售,601488,10021857,12508826,16,HLB-16009193-570e-11f0-8cdb-0c42a112278c,ZRTC20260424025,18,-184.56,-163.33
零售,601488,10021857,12508826,15,HLB-1600920c-570e-11f0-8cdb-0c42a112278c,ZRTC20260424025,18,-184.56,-163.33
零售,601488,10021857,12508826,14,HLB-16009248-570e-11f0-8cdb-0c42a112278c,ZRTC20260424025,18,-184.56,-163.33
零售,601488,10021857,12508826,13,HLB-160091bd-570e-11f0-8cdb-0c42a112278c,ZRTC20260424025,18,-184.56,-163.33
零售,601488,10021857,12508826,12,HLB-16009145-570e-11f0-8cdb-0c42a112278c,ZRTC20260424025,18,-184.56,-163.33
零售,601488,10021857,12508826,9,HLB-16009158-570e-11f0-8cdb-0c42a112278c,ZRTC20260424025,18,-184.56,-163.33
零售,601488,10021857,12508826,2,HLB-16009271-570e-11f0-8cdb-0c42a112278c,ZRTC20260424025,18,-184.56,-163.33
零售,601488,10021857,12508826,1,HLB-16009220-570e-11f0-8cdb-0c42a112278c,ZRTC20260424025,18,-184.56,-163.33
零售,601488,10021857,12508813,20,HLB-14a8fc2e-570e-11f0-8cdb-0c42a112278c,ZRTC20260424025,18,-184.56,-163.33
零售,601488,10021857,12508813,13,HLB-14a8fcd1-570e-11f0-8cdb-0c42a112278c,ZRTC20260424025,18,-184.56,-163.33
零售,601488,10021857,12508813,12,HLB-14a8fd38-570e-11f0-8cdb-0c42a112278c,ZRTC20260424025,18,-184.56,-163.33
零售,601488,10021857,12508813,10,HLB-14a8fd52-570e-11f0-8cdb-0c42a112278c,ZRTC20260424025,18,-184.56,-163.33
零售,601488,10021857,12508813,8,HLB-14a8fceb-570e-11f0-8cdb-0c42a112278c,ZRTC20260424025,18,-184.56,-163.33
零售,601488,10021857,12508813,7,HLB-14a8fd67-570e-11f0-8cdb-0c42a112278c,ZRTC20260424025,18,-184.56,-163.33
零售,601488,10021857,12508813,6,HLB-14a8fc91-570e-11f0-8cdb-0c42a112278c,ZRTC20260424025,18,-184.56,-163.33
零售,601488,10021857,12508813,5,HLB-14a8fd03-570e-11f0-8cdb-0c42a112278c,ZRTC20260424025,18,-184.56,-163.33
零售,601488,10021857,12508813,4,HLB-14a8fd7b-570e-11f0-8cdb-0c42a112278c,ZRTC20260424025,18,-184.56,-163.33
零售,601488,10021857,12508813,1,HLB-14a8fd1f-570e-11f0-8cdb-0c42a112278c,ZRTC20260424025,18,-184.56,-163.33
零售,601488,10021857,12508825,20,HLB-15dfdc4d-570e-11f0-8cdb-0c42a112278c,ZRTC20260424025,18,-184.56,-163.33
零售,601488,10021857,12508825,19,HLB-15dfdc8a-570e-11f0-8cdb-0c42a112278c,ZRTC20260424025,18,-184.56,-163.33
零售,601488,10021857,12375042,15,HLB-0dc8721c-4f18-11f0-8cdb-0c42a112278c,ZRTC20260424025,12,-400.26,-354.21
零售,601488,10021857,12375042,14,HLB-0dc8719b-4f18-11f0-8cdb-0c42a112278c,ZRTC20260424025,12,-400.26,-354.21
零售,601488,10021857,12375042,13,HLB-0dc8733d-4f18-11f0-8cdb-0c42a112278c,ZRTC20260424025,12,-400.26,-354.21
零售,601488,10021857,12375042,12,HLB-0dc873b5-4f18-11f0-8cdb-0c42a112278c,ZRTC20260424025,12,-400.26,-354.21
零售,601488,10021857,12375042,11,HLB-0da02b03-4f18-11f0-8cdb-0c42a112278c,ZRTC20260424025,12,-400.26,-354.21
零售,601488,10021857,12375042,10,HLB-0da02af0-4f18-11f0-8cdb-0c42a112278c,ZRTC20260424025,12,-400.26,-354.21
零售,601488,10021857,12375042,9,HLB-0dc87274-4f18-11f0-8cdb-0c42a112278c,ZRTC20260424025,12,-400.26,-354.21
零售,601488,10021857,12375042,8,HLB-0da02add-4f18-11f0-8cdb-0c42a112278c,ZRTC20260424025,12,-400.26,-354.21
零售,601488,10021857,12375042,7,HLB-0dc8730a-4f18-11f0-8cdb-0c42a112278c,ZRTC20260424025,12,-400.26,-354.21
零售,601488,10021857,12375042,6,HLB-0da02ac5-4f18-11f0-8cdb-0c42a112278c,ZRTC20260424025,12,-400.26,-354.21
零售,601488,10021857,12375042,5,HLB-0dc8717a-4f18-11f0-8cdb-0c42a112278c,ZRTC20260424025,12,-400.26,-354.21
零售,601488,10021857,12375042,4,HLB-0dc871fd-4f18-11f0-8cdb-0c42a112278c,ZRTC20260424025,12,-400.26,-354.21
零售,601488,10021857,12375042,3,HLB-0dc871b7-4f18-11f0-8cdb-0c42a112278c,ZRTC20260424025,12,-400.26,-354.21
零售,601488,10021857,12375042,2,HLB-0dc872bd-4f18-11f0-8cdb-0c42a112278c,ZRTC20260424025,12,-400.26,-354.21
零售,601488,10021857,12375042,1,HLB-0dc872d4-4f18-11f0-8cdb-0c42a112278c,ZRTC20260424025,12,-400.26,-354.21
零售,601488,10021857,12508818,19,HLB-14f16fb5-570e-11f0-8cdb-0c42a112278c,ZRTC20260424025,12,-400.26,-354.21
零售,601488,10021857,12508818,17,HLB-14f16f23-570e-11f0-8cdb-0c42a112278c,ZRTC20260424025,12,-400.26,-354.21
零售,601488,10021857,12508818,15,HLB-14f16eb9-570e-11f0-8cdb-0c42a112278c,ZRTC20260424025,12,-400.26,-354.21
零售,601488,10021857,12508818,13,HLB-14f16ff3-570e-11f0-8cdb-0c42a112278c,ZRTC20260424025,12,-400.26,-354.21
零售,601488,10021857,12508818,11,HLB-14f16f98-570e-11f0-8cdb-0c42a112278c,ZRTC20260424025,12,-400.26,-354.21
零售,601488,10021857,12508818,9,HLB-14f16f60-570e-11f0-8cdb-0c42a112278c,ZRTC20260424025,12,-400.26,-354.21
零售,601488,10021857,12508818,8,HLB-14f16f40-570e-11f0-8cdb-0c42a112278c,ZRTC20260424025,12,-400.26,-354.21
零售,601488,10021857,12508818,6,HLB-14f16f09-570e-11f0-8cdb-0c42a112278c,ZRTC20260424025,12,-400.26,-354.21
零售,601488,10021857,12508818,3,HLB-14f16f79-570e-11f0-8cdb-0c42a112278c,ZRTC20260424025,12,-400.26,-354.21
零售,601488,10021857,12508818,2,HLB-14f16fd2-570e-11f0-8cdb-0c42a112278c,ZRTC20260424025,12,-400.26,-354.21
零售,601488,10021857,12508822,99,HLB-15593b89-570e-11f0-8cdb-0c42a112278c,ZRTC20260424025,12,-400.26,-354.21
零售,601488,10021857,12508822,98,HLB-157a5e23-570e-11f0-8cdb-0c42a112278c,ZRTC20260424025,12,-400.26,-354.21
零售,601488,10021857,12508822,97,HLB-15593aa7-570e-11f0-8cdb-0c42a112278c,ZRTC20260424025,12,-400.26,-354.21
零售,601488,10021857,12508822,95,HLB-157a5d65-570e-11f0-8cdb-0c42a112278c,ZRTC20260424025,12,-400.26,-354.21
零售,601488,10021857,12508822,92,HLB-157a5c99-570e-11f0-8cdb-0c42a112278c,ZRTC20260424025,12,-400.26,-354.21
零售,601488,10021857,12508822,91,HLB-15593a6a-570e-11f0-8cdb-0c42a112278c,ZRTC20260424025,12,-400.26,-354.21
零售,601488,10021857,12508822,90,HLB-157a5d94-570e-11f0-8cdb-0c42a112278c,ZRTC20260424025,12,-400.26,-354.21
零售,601488,10021857,12508822,88,HLB-15593b9d-570e-11f0-8cdb-0c42a112278c,ZRTC20260424025,12,-400.26,-354.21
零售,601488,10021857,12508822,83,HLB-15593aba-570e-11f0-8cdb-0c42a112278c,ZRTC20260424025,12,-400.26,-354.21
零售,601488,10021857,12508822,76,HLB-15593b61-570e-11f0-8cdb-0c42a112278c,ZRTC20260424025,12,-400.26,-354.21
零售,601488,10021857,12508822,74,HLB-157a5bb8-570e-11f0-8cdb-0c42a112278c,ZRTC20260424025,12,-400.26,-354.21
零售,601488,10021857,12508822,72,HLB-157a5d05-570e-11f0-8cdb-0c42a112278c,ZRTC20260424025,12,-400.26,-354.21
零售,601488,10021857,12508822,71,HLB-15593bb0-570e-11f0-8cdb-0c42a112278c,ZRTC20260424025,12,-400.26,-354.21
零售,601488,10021857,12508822,70,HLB-157a5d51-570e-11f0-8cdb-0c42a112278c,ZRTC20260424025,12,-400.26,-354.21
零售,601488,10021857,12508822,69,HLB-15593b0a-570e-11f0-8cdb-0c42a112278c,ZRTC20260424025,12,-400.26,-354.21
零售,601488,10021857,12508822,68,HLB-15593ae2-570e-11f0-8cdb-0c42a112278c,ZRTC20260424025,12,-400.26,-354.21
零售,601488,10021857,12508822,66,HLB-157a5ceb-570e-11f0-8cdb-0c42a112278c,ZRTC20260424025,12,-400.26,-354.21
零售,601488,10021857,12508822,65,HLB-15593b46-570e-11f0-8cdb-0c42a112278c,ZRTC20260424025,12,-400.26,-354.21
零售,601488,10021857,12508822,62,HLB-157a5c7b-570e-11f0-8cdb-0c42a112278c,ZRTC20260424025,12,-400.26,-354.21
零售,601488,10021857,12508822,60,HLB-15593a7d-570e-11f0-8cdb-0c42a112278c,ZRTC20260424025,12,-400.26,-354.21
零售,601488,10021857,12508822,59,HLB-15593ace-570e-11f0-8cdb-0c42a112278c,ZRTC20260424025,12,-400.26,-354.21
零售,601488,10021857,12508822,58,HLB-157a5e66-570e-11f0-8cdb-0c42a112278c,ZRTC20260424025,12,-400.26,-354.21
零售,601488,10021857,12508822,57,HLB-157a5cb6-570e-11f0-8cdb-0c42a112278c,ZRTC20260424025,12,-400.26,-354.21
零售,601488,10021857,12508822,56,HLB-15593a56-570e-11f0-8cdb-0c42a112278c,ZRTC20260424025,12,-400.26,-354.21
零售,601488,10021857,12508822,54,HLB-157a5e51-570e-11f0-8cdb-0c42a112278c,ZRTC20260424025,12,-400.26,-354.21
零售,601488,10021857,12508822,53,HLB-157a5c60-570e-11f0-8cdb-0c42a112278c,ZRTC20260424025,12,-400.26,-354.21
零售,601488,10021857,12508822,52,HLB-157a5ea6-570e-11f0-8cdb-0c42a112278c,ZRTC20260424025,12,-400.26,-354.21
零售,601488,10021857,12508822,47,HLB-157a5daf-570e-11f0-8cdb-0c42a112278c,ZRTC20260424025,12,-400.26,-354.21
零售,601488,10021857,12508822,46,HLB-15593b32-570e-11f0-8cdb-0c42a112278c,ZRTC20260424025,12,-400.26,-354.21
零售,601488,10021857,12508822,45,HLB-157a5c09-570e-11f0-8cdb-0c42a112278c,ZRTC20260424025,12,-400.26,-354.21
零售,601488,10021857,12508822,44,HLB-157a5d7a-570e-11f0-8cdb-0c42a112278c,ZRTC20260424025,12,-400.26,-354.21
零售,601488,10021857,12508822,43,HLB-157a5e7d-570e-11f0-8cdb-0c42a112278c,ZRTC20260424025,12,-400.26,-354.21
零售,601488,10021857,12508822,41,HLB-157a5d39-570e-11f0-8cdb-0c42a112278c,ZRTC20260424025,12,-400.26,-354.21
零售,601488,10021857,12508822,40,HLB-157a5df3-570e-11f0-8cdb-0c42a112278c,ZRTC20260424025,12,-400.26,-354.21
零售,601488,10021857,12508822,38,HLB-157a5c40-570e-11f0-8cdb-0c42a112278c,ZRTC20260424025,12,-400.26,-354.21
零售,601488,10021857,12508822,35,HLB-157a5c26-570e-11f0-8cdb-0c42a112278c,ZRTC20260424025,12,-400.26,-354.21
零售,601488,10021857,12508822,33,HLB-157a5e0a-570e-11f0-8cdb-0c42a112278c,ZRTC20260424025,12,-400.26,-354.21
零售,601488,10021857,12508822,32,HLB-157a5ddb-570e-11f0-8cdb-0c42a112278c,ZRTC20260424025,12,-400.26,-354.21
零售,601488,10021857,12508822,31,HLB-15593a91-570e-11f0-8cdb-0c42a112278c,ZRTC20260424025,12,-400.26,-354.21
零售,601488,10021857,12508822,30,HLB-15593af7-570e-11f0-8cdb-0c42a112278c,ZRTC20260424025,12,-400.26,-354.21
零售,601488,10021857,12508822,29,HLB-157a5e92-570e-11f0-8cdb-0c42a112278c,ZRTC20260424025,12,-400.26,-354.21
零售,601488,10021857,12508822,25,HLB-157a5eba-570e-11f0-8cdb-0c42a112278c,ZRTC20260424025,12,-400.26,-354.21
零售,601488,10021857,12506579,31,HLB-ab94d248-56e9-11f0-8cdb-0c42a112278c,ZRTC20260424025,4,-477.32,-422.41
零售,601488,10021857,12506579,30,HLB-ab94d203-56e9-11f0-8cdb-0c42a112278c,ZRTC20260424025,4,-477.32,-422.41
零售,601488,10021857,12506579,29,HLB-ab94d232-56e9-11f0-8cdb-0c42a112278c,ZRTC20260424025,4,-477.32,-422.41
零售,601488,10021857,12506579,27,HLB-ab94d21b-56e9-11f0-8cdb-0c42a112278c,ZRTC20260424025,4,-477.32,-422.41
零售,601488,10021857,12506579,23,HLB-ab94d1d3-56e9-11f0-8cdb-0c42a112278c,ZRTC20260424025,4,-477.32,-422.41
零售,601488,10021857,12506579,20,HLB-ab94d30c-56e9-11f0-8cdb-0c42a112278c,ZRTC20260424025,4,-477.32,-422.41
零售,601488,10021857,12506579,17,HLB-ab94d336-56e9-11f0-8cdb-0c42a112278c,ZRTC20260424025,4,-477.32,-422.41
零售,601488,10021857,12506579,16,HLB-ab94d2ca-56e9-11f0-8cdb-0c42a112278c,ZRTC20260424025,4,-477.32,-422.41
零售,601488,10021857,12506579,15,HLB-ab94d2de-56e9-11f0-8cdb-0c42a112278c,ZRTC20260424025,4,-477.32,-422.41
零售,601488,10021857,12506579,11,HLB-ab94d272-56e9-11f0-8cdb-0c42a112278c,ZRTC20260424025,4,-477.32,-422.41
零售,601488,10021857,12506579,7,HLB-ab94d2f7-56e9-11f0-8cdb-0c42a112278c,ZRTC20260424025,4,-477.32,-422.41
零售,601488,10021857,12506579,5,HLB-ab94d288-56e9-11f0-8cdb-0c42a112278c,ZRTC20260424025,4,-477.32,-422.41
零售,601488,10021857,12506579,2,HLB-ab94d165-56e9-11f0-8cdb-0c42a112278c,ZRTC20260424025,4,-477.32,-422.41
零售,601488,10021857,12506579,1,HLB-ab94d2b6-56e9-11f0-8cdb-0c42a112278c,ZRTC20260424025,4,-477.32,-422.41
零售,601488,10021857,12506580,40,HLB-abb7cb29-56e9-11f0-8cdb-0c42a112278c,ZRTC20260424025,4,-477.32,-422.41
零售,601488,10021857,12506580,36,HLB-abb7cb42-56e9-11f0-8cdb-0c42a112278c,ZRTC20260424025,4,-477.32,-422.41
零售,601488,10021857,12506580,35,HLB-abb7caa0-56e9-11f0-8cdb-0c42a112278c,ZRTC20260424025,4,-477.32,-422.41
零售,601488,10021857,12506580,32,HLB-abb7cb5b-56e9-11f0-8cdb-0c42a112278c,ZRTC20260424025,4,-477.32,-422.41
零售,601488,10021857,12506580,31,HLB-ab94d59e-56e9-11f0-8cdb-0c42a112278c,ZRTC20260424025,4,-477.32,-422.41
零售,601488,10021857,12506580,27,HLB-ab94d547-56e9-11f0-8cdb-0c42a112278c,ZRTC20260424025,4,-477.32,-422.41
零售,601488,10021857,12506580,26,HLB-ab94d521-56e9-11f0-8cdb-0c42a112278c,ZRTC20260424025,4,-477.32,-422.41
零售,601488,10021857,12506580,25,HLB-abb7cbe8-56e9-11f0-8cdb-0c42a112278c,ZRTC20260424025,4,-477.32,-422.41
零售,601488,10021857,12506580,24,HLB-abb7cb97-56e9-11f0-8cdb-0c42a112278c,ZRTC20260424025,4,-477.32,-422.41
零售,601488,10021857,12506580,23,HLB-ab94d570-56e9-11f0-8cdb-0c42a112278c,ZRTC20260424025,4,-477.32,-422.41
零售,601488,10021857,12506580,20,HLB-ab94d534-56e9-11f0-8cdb-0c42a112278c,ZRTC20260424025,4,-477.32,-422.41
零售,601488,10021857,12506580,14,HLB-abb7cc06-56e9-11f0-8cdb-0c42a112278c,ZRTC20260424025,4,-477.32,-422.41
零售,601488,10021857,12506580,13,HLB-ab94d55b-56e9-11f0-8cdb-0c42a112278c,ZRTC20260424025,4,-477.32,-422.41
零售,601488,10021857,12506580,12,HLB-ab94d507-56e9-11f0-8cdb-0c42a112278c,ZRTC20260424025,4,-477.32,-422.41
零售,601488,10021857,12506580,10,HLB-abb7cbb0-56e9-11f0-8cdb-0c42a112278c,ZRTC20260424025,4,-477.32,-422.41
零售,601488,10021857,12506580,9,HLB-abb7cbcc-56e9-11f0-8cdb-0c42a112278c,ZRTC20260424025,4,-477.32,-422.41
零售,601488,10021857,12506580,8,HLB-abb7cb11-56e9-11f0-8cdb-0c42a112278c,ZRTC20260424025,4,-477.32,-422.41
零售,601488,10021857,12506580,5,HLB-ab94d5b3-56e9-11f0-8cdb-0c42a112278c,ZRTC20260424025,4,-477.32,-422.41
零售,601488,10021857,12506580,4,HLB-ab94d589-56e9-11f0-8cdb-0c42a112278c,ZRTC20260424025,4,-477.32,-422.41
零售,601488,10021857,12549584,7,HLB-6ecc376b-5d4a-11f0-8cdb-0c42a112278c,ZRTC20260424025,4,-477.32,-422.41
零售,601488,10021857,12549584,4,HLB-6ecc37b7-5d4a-11f0-8cdb-0c42a112278c,ZRTC20260424025,4,-477.32,-422.41
零售,601488,10021857,12549584,3,HLB-6ecc37f7-5d4a-11f0-8cdb-0c42a112278c,ZRTC20260424025,4,-477.32,-422.41
零售,601488,10021857,12549584,2,HLB-6ecc37e1-5d4a-11f0-8cdb-0c42a112278c,ZRTC20260424025,4,-477.32,-422.41
零售,601488,10021857,12549584,1,HLB-6ecc380e-5d4a-11f0-8cdb-0c42a112278c,ZRTC20260424025,4,-477.32,-422.41
零售,601488,10021857,12287989,20,HLB-7fe93507-4a68-11f0-8cdb-0c42a112278c,ZRTC20260424025,4,-477.32,-422.41
零售,601488,10021857,12287989,19,HLB-7fe93546-4a68-11f0-8cdb-0c42a112278c,ZRTC20260424025,4,-477.32,-422.41
零售,601488,10021857,12287989,18,HLB-7fe9349d-4a68-11f0-8cdb-0c42a112278c,ZRTC20260424025,4,-477.32,-422.41
零售,601488,10021857,12287989,17,HLB-7fe93570-4a68-11f0-8cdb-0c42a112278c,ZRTC20260424025,4,-477.32,-422.41
零售,601488,10021857,12287989,16,HLB-7fe93425-4a68-11f0-8cdb-0c42a112278c,ZRTC20260424025,4,-477.32,-422.41
零售,601488,10021857,12287989,15,HLB-7fe9343d-4a68-11f0-8cdb-0c42a112278c,ZRTC20260424025,4,-477.32,-422.41
零售,601488,10021857,12287989,14,HLB-7fe933ce-4a68-11f0-8cdb-0c42a112278c,ZRTC20260424025,4,-477.32,-422.41
零售,601488,10021857,12287989,13,HLB-7fe9355d-4a68-11f0-8cdb-0c42a112278c,ZRTC20260424025,4,-477.32,-422.41
零售,601488,10021857,12287989,12,HLB-7fe934de-4a68-11f0-8cdb-0c42a112278c,ZRTC20260424025,4,-477.32,-422.41
零售,601488,10021857,12287989,11,HLB-7fe93471-4a68-11f0-8cdb-0c42a112278c,ZRTC20260424025,4,-477.32,-422.41
零售,601488,10021857,12287989,10,HLB-7fe93456-4a68-11f0-8cdb-0c42a112278c,ZRTC20260424025,4,-477.32,-422.41
零售,601488,10021857,12287989,8,HLB-7fe9351c-4a68-11f0-8cdb-0c42a112278c,ZRTC20260424025,4,-477.32,-422.41
零售,601488,10021857,12287989,7,HLB-7fe93486-4a68-11f0-8cdb-0c42a112278c,ZRTC20260424025,4,-477.32,-422.41
零售,601488,10021857,12287989,6,HLB-7fe934b4-4a68-11f0-8cdb-0c42a112278c,ZRTC20260424025,4,-477.32,-422.41
零售,601488,10021857,12287989,5,HLB-7fe933fa-4a68-11f0-8cdb-0c42a112278c,ZRTC20260424025,4,-477.32,-422.41
零售,601488,10021857,12287989,4,HLB-7fe93412-4a68-11f0-8cdb-0c42a112278c,ZRTC20260424025,4,-477.32,-422.41
零售,601488,10021857,12287989,3,HLB-7fe934ca-4a68-11f0-8cdb-0c42a112278c,ZRTC20260424025,4,-477.32,-422.41
零售,601488,10021857,12287989,2,HLB-7fe933e4-4a68-11f0-8cdb-0c42a112278c,ZRTC20260424025,4,-477.32,-422.41
零售,601488,10021857,12287989,1,HLB-7fe93531-4a68-11f0-8cdb-0c42a112278c,ZRTC20260424025,4,-477.32,-422.41
零售,601488,10021857,12377688,20,HLB-ecec22bd-4f2f-11f0-8cdb-0c42a112278c,ZRTC20260424025,4,-477.32,-422.41
零售,601488,10021857,12377688,19,HLB-ecc7bff4-4f2f-11f0-8cdb-0c42a112278c,ZRTC20260424025,4,-477.32,-422.41
零售,601488,10021857,12377688,17,HLB-ecec2390-4f2f-11f0-8cdb-0c42a112278c,ZRTC20260424025,4,-477.32,-422.41
零售,601488,10021857,12377688,16,HLB-ecec2325-4f2f-11f0-8cdb-0c42a112278c,ZRTC20260424025,4,-477.32,-422.41
零售,601488,10021857,12377688,15,HLB-ecec23c5-4f2f-11f0-8cdb-0c42a112278c,ZRTC20260424025,4,-477.32,-422.41
零售,601488,10021857,12377688,14,HLB-ecec2342-4f2f-11f0-8cdb-0c42a112278c,ZRTC20260424025,4,-477.32,-422.41
零售,601488,10021857,12377688,13,HLB-ecc7c01b-4f2f-11f0-8cdb-0c42a112278c,ZRTC20260424025,4,-477.32,-422.41
零售,601488,10021857,12377688,12,HLB-ecc7bfb6-4f2f-11f0-8cdb-0c42a112278c,ZRTC20260424025,4,-477.32,-422.41
零售,601488,10021857,12377688,11,HLB-ecec23ac-4f2f-11f0-8cdb-0c42a112278c,ZRTC20260424025,4,-477.32,-422.41
零售,601488,10021857,12377688,10,HLB-ecc7c030-4f2f-11f0-8cdb-0c42a112278c,ZRTC20260424025,4,-477.32,-422.41
零售,601488,10021857,12377684,3,HLB-eca5a032-4f2f-11f0-8cdb-0c42a112278c,ZRTC20260424025,4,-477.32,-422.41
零售,601488,10021857,12377684,2,HLB-eca5a00b-4f2f-11f0-8cdb-0c42a112278c,ZRTC20260424025,4,-477.32,-422.41
零售,601488,10021857,12377684,1,HLB-eca59fe2-4f2f-11f0-8cdb-0c42a112278c,ZRTC20260424025,4,-477.32,-422.41
零售,601488,10021857,12508820,20,HLB-15137070-570e-11f0-8cdb-0c42a112278c,ZRTC20260424025,4,-477.32,-422.41
零售,601488,10021857,12508820,17,HLB-15137096-570e-11f0-8cdb-0c42a112278c,ZRTC20260424025,4,-477.32,-422.41
零售,601488,10021857,12508820,14,HLB-15137045-570e-11f0-8cdb-0c42a112278c,ZRTC20260424025,4,-477.32,-422.41
零售,601488,10021857,12508820,13,HLB-1513705a-570e-11f0-8cdb-0c42a112278c,ZRTC20260424025,4,-477.32,-422.41
零售,601488,10021857,12508820,12,HLB-15137031-570e-11f0-8cdb-0c42a112278c,ZRTC20260424025,4,-477.32,-422.41
零售,601488,10021857,12508820,11,HLB-151370a9-570e-11f0-8cdb-0c42a112278c,ZRTC20260424025,4,-477.32,-422.41
零售,601488,10021857,12508820,9,HLB-15137084-570e-11f0-8cdb-0c42a112278c,ZRTC20260424025,4,-477.32,-422.41
零售,601488,10021857,12508820,7,HLB-15136fef-570e-11f0-8cdb-0c42a112278c,ZRTC20260424025,4,-477.32,-422.41
零售,601488,10021857,12508820,6,HLB-15137004-570e-11f0-8cdb-0c42a112278c,ZRTC20260424025,4,-477.32,-422.41
零售,601488,10021857,12508820,3,HLB-15137017-570e-11f0-8cdb-0c42a112278c,ZRTC20260424025,4,-477.32,-422.41
零售,601488,10021857,12377686,20,HLB-ecc7bd34-4f2f-11f0-8cdb-0c42a112278c,ZRTC20260424025,4,-477.32,-422.41
零售,601488,10021857,12377686,19,HLB-ecc7bd79-4f2f-11f0-8cdb-0c42a112278c,ZRTC20260424025,4,-477.32,-422.41
零售,601488,10021857,12377686,18,HLB-ecc7bc4c-4f2f-11f0-8cdb-0c42a112278c,ZRTC20260424025,4,-477.32,-422.41
零售,601488,10021857,12377686,17,HLB-ecc7bdbd-4f2f-11f0-8cdb-0c42a112278c,ZRTC20260424025,4,-477.32,-422.41
零售,601488,10021857,12377686,16,HLB-ecc7bd60-4f2f-11f0-8cdb-0c42a112278c,ZRTC20260424025,4,-477.32,-422.41
零售,601488,10021857,12377686,15,HLB-ecc7bdd2-4f2f-11f0-8cdb-0c42a112278c,ZRTC20260424025,4,-477.32,-422.41
零售,601488,10021857,12377686,14,HLB-ecc7bc99-4f2f-11f0-8cdb-0c42a112278c,ZRTC20260424025,4,-477.32,-422.41
零售,601488,10021857,12377686,13,HLB-ecc7bcf2-4f2f-11f0-8cdb-0c42a112278c,ZRTC20260424025,4,-477.32,-422.41
零售,601488,10021857,12377686,12,HLB-ecc7bc63-4f2f-11f0-8cdb-0c42a112278c,ZRTC20260424025,4,-477.32,-422.41
零售,601488,10021857,12506583,2,HLB-abfc04e8-56e9-11f0-8cdb-0c42a112278c,ZRTC20260424025,20,-281.3,-248.94
零售,601488,10021857,12506583,1,HLB-abfc04ab-56e9-11f0-8cdb-0c42a112278c,ZRTC20260424025,20,-281.3,-248.94
零售,601488,10021857,12377689,20,HLB-ecec24fc-4f2f-11f0-8cdb-0c42a112278c,ZRTC20260424025,20,-281.3,-248.94
零售,601488,10021857,12377689,19,HLB-ecec254d-4f2f-11f0-8cdb-0c42a112278c,ZRTC20260424025,20,-281.3,-248.94
零售,601488,10021857,12377689,18,HLB-ecec2415-4f2f-11f0-8cdb-0c42a112278c,ZRTC20260424025,20,-281.3,-248.94
零售,601488,10021857,12377689,17,HLB-ecec2442-4f2f-11f0-8cdb-0c42a112278c,ZRTC20260424025,20,-281.3,-248.94
零售,601488,10021857,12377689,16,HLB-ecec249d-4f2f-11f0-8cdb-0c42a112278c,ZRTC20260424025,20,-281.3,-248.94
零售,601488,10021857,12377689,15,HLB-ecec242e-4f2f-11f0-8cdb-0c42a112278c,ZRTC20260424025,20,-281.3,-248.94
零售,601488,10021857,12377689,14,HLB-ecec2527-4f2f-11f0-8cdb-0c42a112278c,ZRTC20260424025,20,-281.3,-248.94
零售,601488,10021857,12377689,13,HLB-ecec2575-4f2f-11f0-8cdb-0c42a112278c,ZRTC20260424025,20,-281.3,-248.94
零售,601488,10021857,12377689,12,HLB-ecec2470-4f2f-11f0-8cdb-0c42a112278c,ZRTC20260424025,20,-281.3,-248.94
零售,601488,10021857,12377689,11,HLB-ecec24b2-4f2f-11f0-8cdb-0c42a112278c,ZRTC20260424025,20,-281.3,-248.94
零售,601488,10021857,12377689,10,HLB-ecec24ca-4f2f-11f0-8cdb-0c42a112278c,ZRTC20260424025,20,-281.3,-248.94
零售,601488,10021857,12377689,9,HLB-ecec259e-4f2f-11f0-8cdb-0c42a112278c,ZRTC20260424025,20,-281.3,-248.94
零售,601488,10021857,12377689,8,HLB-ecec24e6-4f2f-11f0-8cdb-0c42a112278c,ZRTC20260424025,20,-281.3,-248.94
零售,601488,10021857,12377689,7,HLB-ecec25b1-4f2f-11f0-8cdb-0c42a112278c,ZRTC20260424025,20,-281.3,-248.94
零售,601488,10021857,12377689,6,HLB-ecec2512-4f2f-11f0-8cdb-0c42a112278c,ZRTC20260424025,20,-281.3,-248.94
零售,601488,10021857,12377689,5,HLB-ecec253a-4f2f-11f0-8cdb-0c42a112278c,ZRTC20260424025,20,-281.3,-248.94
零售,601488,10021857,12377689,4,HLB-ecec2486-4f2f-11f0-8cdb-0c42a112278c,ZRTC20260424025,20,-281.3,-248.94
零售,601488,10021857,12377689,3,HLB-ecec2561-4f2f-11f0-8cdb-0c42a112278c,ZRTC20260424025,20,-281.3,-248.94
零售,601488,10021857,12377689,2,HLB-ecec2459-4f2f-11f0-8cdb-0c42a112278c,ZRTC20260424025,20,-281.3,-248.94
零售,601488,10021857,12377689,1,HLB-ecec2588-4f2f-11f0-8cdb-0c42a112278c,ZRTC20260424025,20,-281.3,-248.94
零售,601488,10021857,12501317,20,HLB-55a31450-561d-11f0-8cdb-0c42a112278c,ZRTC20260424025,20,-281.3,-248.94
零售,601488,10021857,12501317,19,HLB-55a31465-561d-11f0-8cdb-0c42a112278c,ZRTC20260424025,20,-281.3,-248.94
零售,601488,10021857,12501317,18,HLB-55a312fa-561d-11f0-8cdb-0c42a112278c,ZRTC20260424025,20,-281.3,-248.94
零售,601488,10021857,12501317,17,HLB-55a31311-561d-11f0-8cdb-0c42a112278c,ZRTC20260424025,20,-281.3,-248.94
零售,601488,10021857,12501317,16,HLB-55a314a6-561d-11f0-8cdb-0c42a112278c,ZRTC20260424025,20,-281.3,-248.94
零售,601488,10021857,12501317,15,HLB-55a313fe-561d-11f0-8cdb-0c42a112278c,ZRTC20260424025,20,-281.3,-248.94
零售,601488,10021857,12501317,14,HLB-55a31492-561d-11f0-8cdb-0c42a112278c,ZRTC20260424025,20,-281.3,-248.94
零售,601488,10021857,12501317,13,HLB-55a312e1-561d-11f0-8cdb-0c42a112278c,ZRTC20260424025,20,-281.3,-248.94
零售,601488,10021857,12501317,12,HLB-55a31479-561d-11f0-8cdb-0c42a112278c,ZRTC20260424025,20,-281.3,-248.94
零售,601488,10021857,12501317,11,HLB-55a31325-561d-11f0-8cdb-0c42a112278c,ZRTC20260424025,20,-281.3,-248.94
零售,601488,10021857,12501317,10,HLB-55a313ba-561d-11f0-8cdb-0c42a112278c,ZRTC20260424025,20,-281.3,-248.94
零售,601488,10021857,12501317,9,HLB-55a31386-561d-11f0-8cdb-0c42a112278c,ZRTC20260424025,20,-281.3,-248.94
零售,601488,10021857,12501317,8,HLB-55a3139f-561d-11f0-8cdb-0c42a112278c,ZRTC20260424025,20,-281.3,-248.94
零售,601488,10021857,12501317,7,HLB-55a31354-561d-11f0-8cdb-0c42a112278c,ZRTC20260424025,20,-281.3,-248.94
零售,601488,10021857,12501317,6,HLB-55a3133b-561d-11f0-8cdb-0c42a112278c,ZRTC20260424025,20,-281.3,-248.94
零售,601488,10021857,12501317,5,HLB-55a31413-561d-11f0-8cdb-0c42a112278c,ZRTC20260424025,20,-281.3,-248.94
零售,601488,10021857,12501317,4,HLB-55a31426-561d-11f0-8cdb-0c42a112278c,ZRTC20260424025,20,-281.3,-248.94
零售,601488,10021857,12501317,3,HLB-55a31371-561d-11f0-8cdb-0c42a112278c,ZRTC20260424025,20,-281.3,-248.94
零售,601488,10021857,12501317,2,HLB-55a313e7-561d-11f0-8cdb-0c42a112278c,ZRTC20260424025,20,-281.3,-248.94
零售,601488,10021857,12501317,1,HLB-55a313d0-561d-11f0-8cdb-0c42a112278c,ZRTC20260424025,20,-281.3,-248.94
零售,601488,10021857,12508824,38,HLB-15dfd9ba-570e-11f0-8cdb-0c42a112278c,ZRTC20260424025,20,-281.3,-248.94
零售,601488,10021857,12508824,37,HLB-15dfdac2-570e-11f0-8cdb-0c42a112278c,ZRTC20260424025,20,-281.3,-248.94
零售,601488,10021857,12508824,36,HLB-15dfd9a3-570e-11f0-8cdb-0c42a112278c,ZRTC20260424025,20,-281.3,-248.94
零售,601488,10021857,12508824,34,HLB-15dfda3f-570e-11f0-8cdb-0c42a112278c,ZRTC20260424025,20,-281.3,-248.94
零售,601488,10021857,12508824,33,HLB-15dfd9e3-570e-11f0-8cdb-0c42a112278c,ZRTC20260424025,20,-281.3,-248.94
零售,601488,10021857,12508824,32,HLB-15dfdb2c-570e-11f0-8cdb-0c42a112278c,ZRTC20260424025,20,-281.3,-248.94
零售,601488,10021857,12508824,30,HLB-15dfda6c-570e-11f0-8cdb-0c42a112278c,ZRTC20260424025,20,-281.3,-248.94
零售,601488,10021857,12508824,29,HLB-15dfd9f9-570e-11f0-8cdb-0c42a112278c,ZRTC20260424025,20,-281.3,-248.94
零售,601488,10021857,12508824,28,HLB-15dfdb19-570e-11f0-8cdb-0c42a112278c,ZRTC20260424025,20,-281.3,-248.94
零售,601488,10021857,12508824,27,HLB-15dfdb40-570e-11f0-8cdb-0c42a112278c,ZRTC20260424025,20,-281.3,-248.94
零售,601488,10021857,12508824,26,HLB-15dfda84-570e-11f0-8cdb-0c42a112278c,ZRTC20260424025,20,-281.3,-248.94
零售,601488,10021857,12508824,24,HLB-15dfda24-570e-11f0-8cdb-0c42a112278c,ZRTC20260424025,20,-281.3,-248.94
零售,601488,10021857,12508824,21,HLB-15dfd9cd-570e-11f0-8cdb-0c42a112278c,ZRTC20260424025,20,-281.3,-248.94
零售,601488,10021857,12508824,20,HLB-15dfdad6-570e-11f0-8cdb-0c42a112278c,ZRTC20260424025,20,-281.3,-248.94
零售,601488,10021857,12508824,16,HLB-15dfda53-570e-11f0-8cdb-0c42a112278c,ZRTC20260424025,20,-281.3,-248.94
零售,601488,10021857,12508824,15,HLB-15dfdaad-570e-11f0-8cdb-0c42a112278c,ZRTC20260424025,20,-281.3,-248.94
零售,601488,10021857,12508824,14,HLB-15dfda98-570e-11f0-8cdb-0c42a112278c,ZRTC20260424025,20,-281.3,-248.94
零售,601488,10021857,12508824,12,HLB-15dfdb05-570e-11f0-8cdb-0c42a112278c,ZRTC20260424025,20,-281.3,-248.94
零售,601488,10021857,12508824,10,HLB-15dfda0d-570e-11f0-8cdb-0c42a112278c,ZRTC20260424025,20,-281.3,-248.94
零售,601488,10021857,12508824,8,HLB-15dfdaed-570e-11f0-8cdb-0c42a112278c,ZRTC20260424025,20,-281.3,-248.94
零售,601488,10021857,12658730,39,HLB-d5ab0bb0-6a84-11f0-8cdb-0c42a112278c,ZRTC20260424025,20,281.3,248.94
零售,601488,10021857,12658730,38,HLB-d5ab0c7f-6a84-11f0-8cdb-0c42a112278c,ZRTC20260424025,20,281.3,248.94
零售,601488,10021857,12658730,36,HLB-d5ab0c6c-6a84-11f0-8cdb-0c42a112278c,ZRTC20260424025,20,281.3,248.94
零售,601488,10021857,12658730,34,HLB-d5ab0c1c-6a84-11f0-8cdb-0c42a112278c,ZRTC20260424025,20,281.3,248.94
零售,601488,10021857,12658730,31,HLB-d5ab0bc3-6a84-11f0-8cdb-0c42a112278c,ZRTC20260424025,20,281.3,248.94
零售,601488,10021857,12508825,17,HLB-15dfdcb2-570e-11f0-8cdb-0c42a112278c,ZRTC20260424025,18,-184.56,-163.33
零售,601488,10021857,12508825,16,HLB-15dfdc38-570e-11f0-8cdb-0c42a112278c,ZRTC20260424025,18,-184.56,-163.33
零售,601488,10021857,12508825,12,HLB-15dfdcdb-570e-11f0-8cdb-0c42a112278c,ZRTC20260424025,18,-184.56,-163.33
零售,601488,10021857,12508825,11,HLB-15dfdc25-570e-11f0-8cdb-0c42a112278c,ZRTC20260424025,18,-184.56,-163.33
零售,601488,10021857,12508825,10,HLB-15dfdc9e-570e-11f0-8cdb-0c42a112278c,ZRTC20260424025,18,-184.56,-163.33
零售,601488,10021857,12508825,9,HLB-15dfdc60-570e-11f0-8cdb-0c42a112278c,ZRTC20260424025,18,-184.56,-163.33
零售,601488,10021857,12508825,8,HLB-15dfdc76-570e-11f0-8cdb-0c42a112278c,ZRTC20260424025,18,-184.56,-163.33
零售,601488,10021857,12508825,2,HLB-15dfdcc6-570e-11f0-8cdb-0c42a112278c,ZRTC20260424025,18,-184.56,-163.33
零售,601488,10021857,12508827,100,HLB-1644958d-570e-11f0-8cdb-0c42a112278c,ZRTC20260424025,18,-184.56,-163.33
零售,601488,10021857,12508827,97,HLB-1644944a-570e-11f0-8cdb-0c42a112278c,ZRTC20260424025,18,-184.56,-163.33
零售,601488,10021857,12508827,96,HLB-164493f9-570e-11f0-8cdb-0c42a112278c,ZRTC20260424025,18,-184.56,-163.33
零售,601488,10021857,12508827,94,HLB-16449686-570e-11f0-8cdb-0c42a112278c,ZRTC20260424025,18,-184.56,-163.33
零售,601488,10021857,12508827,90,HLB-164493bf-570e-11f0-8cdb-0c42a112278c,ZRTC20260424025,18,-184.56,-163.33
零售,601488,10021857,12508827,89,HLB-16449468-570e-11f0-8cdb-0c42a112278c,ZRTC20260424025,18,-184.56,-163.33
零售,601488,10021857,12508827,87,HLB-164494e7-570e-11f0-8cdb-0c42a112278c,ZRTC20260424025,18,-184.56,-163.33
零售,601488,10021857,12508827,82,HLB-164492da-570e-11f0-8cdb-0c42a112278c,ZRTC20260424025,18,-184.56,-163.33
零售,601488,10021857,12508827,79,HLB-16449647-570e-11f0-8cdb-0c42a112278c,ZRTC20260424025,18,-184.56,-163.33
零售,601488,10021857,12508827,78,HLB-162405c0-570e-11f0-8cdb-0c42a112278c,ZRTC20260424025,18,-184.56,-163.33
零售,601488,10021857,12508827,77,HLB-16240598-570e-11f0-8cdb-0c42a112278c,ZRTC20260424025,18,-184.56,-163.33
零售,601488,10021857,12508827,76,HLB-164494aa-570e-11f0-8cdb-0c42a112278c,ZRTC20260424025,18,-184.56,-163.33
零售,601488,10021857,12508827,75,HLB-162405ec-570e-11f0-8cdb-0c42a112278c,ZRTC20260424025,18,-184.56,-163.33
零售,601488,10021857,12508827,69,HLB-1644961e-570e-11f0-8cdb-0c42a112278c,ZRTC20260424025,18,-184.56,-163.33
零售,601488,10021857,12508827,68,HLB-164494cb-570e-11f0-8cdb-0c42a112278c,ZRTC20260424025,18,-184.56,-163.33
零售,601488,10021857,12508827,67,HLB-1624053e-570e-11f0-8cdb-0c42a112278c,ZRTC20260424025,18,-184.56,-163.33
零售,601488,10021857,12508827,62,HLB-1644954d-570e-11f0-8cdb-0c42a112278c,ZRTC20260424025,18,-184.56,-163.33
零售,601488,10021857,12508827,59,HLB-16449487-570e-11f0-8cdb-0c42a112278c,ZRTC20260424025,18,-184.56,-163.33
零售,601488,10021857,12508827,55,HLB-164495e1-570e-11f0-8cdb-0c42a112278c,ZRTC20260424025,18,-184.56,-163.33
零售,601488,10021857,12508827,54,HLB-164492a3-570e-11f0-8cdb-0c42a112278c,ZRTC20260424025,18,-184.56,-163.33
零售,601488,10021857,12508827,53,HLB-1644923a-570e-11f0-8cdb-0c42a112278c,ZRTC20260424025,18,-184.56,-163.33
零售,601488,10021857,12508827,52,HLB-16240567-570e-11f0-8cdb-0c42a112278c,ZRTC20260424025,18,-184.56,-163.33
零售,601488,10021857,12508827,51,HLB-16449311-570e-11f0-8cdb-0c42a112278c,ZRTC20260424025,18,-184.56,-163.33
零售,601488,10021857,12508827,50,HLB-164495f5-570e-11f0-8cdb-0c42a112278c,ZRTC20260424025,18,-184.56,-163.33
零售,601488,10021857,12508827,47,HLB-164492f7-570e-11f0-8cdb-0c42a112278c,ZRTC20260424025,18,-184.56,-163.33
零售,601488,10021857,12508827,46,HLB-164493a1-570e-11f0-8cdb-0c42a112278c,ZRTC20260424025,18,-184.56,-163.33
零售,601488,10021857,12508827,45,HLB-16449562-570e-11f0-8cdb-0c42a112278c,ZRTC20260424025,18,-184.56,-163.33
零售,601488,10021857,12508827,44,HLB-162405ff-570e-11f0-8cdb-0c42a112278c,ZRTC20260424025,18,-184.56,-163.33
零售,601488,10021857,12508827,42,HLB-164493dd-570e-11f0-8cdb-0c42a112278c,ZRTC20260424025,18,-184.56,-163.33
零售,601488,10021857,12508827,39,HLB-16449411-570e-11f0-8cdb-0c42a112278c,ZRTC20260424025,18,-184.56,-163.33
零售,601488,10021857,12508827,37,HLB-16449632-570e-11f0-8cdb-0c42a112278c,ZRTC20260424025,18,-184.56,-163.33
零售,601488,10021857,12508827,36,HLB-16449670-570e-11f0-8cdb-0c42a112278c,ZRTC20260424025,18,-184.56,-163.33
零售,601488,10021857,12508827,34,HLB-164495a4-570e-11f0-8cdb-0c42a112278c,ZRTC20260424025,18,-184.56,-163.33
零售,601488,10021857,12508827,33,HLB-16449383-570e-11f0-8cdb-0c42a112278c,ZRTC20260424025,18,-184.56,-163.33
零售,601488,10021857,12508827,32,HLB-164492bb-570e-11f0-8cdb-0c42a112278c,ZRTC20260424025,18,-184.56,-163.33
零售,601488,10021857,12508827,29,HLB-16449430-570e-11f0-8cdb-0c42a112278c,ZRTC20260424025,18,-184.56,-163.33
零售,601488,10021857,12508827,28,HLB-1644932c-570e-11f0-8cdb-0c42a112278c,ZRTC20260424025,18,-184.56,-163.33
零售,601488,10021857,12508827,26,HLB-1644965a-570e-11f0-8cdb-0c42a112278c,ZRTC20260424025,18,-184.56,-163.33
零售,601488,10021857,12508827,23,HLB-16449577-570e-11f0-8cdb-0c42a112278c,ZRTC20260424025,18,-184.56,-163.33
零售,601488,10021857,12508827,21,HLB-16240554-570e-11f0-8cdb-0c42a112278c,ZRTC20260424025,18,-184.56,-163.33
零售,601488,10021857,12508827,20,HLB-1644960a-570e-11f0-8cdb-0c42a112278c,ZRTC20260424025,18,-184.56,-163.33
零售,601488,10021857,12508827,14,HLB-164495cc-570e-11f0-8cdb-0c42a112278c,ZRTC20260424025,18,-184.56,-163.33
零售,601488,10021857,12508827,13,HLB-162405ac-570e-11f0-8cdb-0c42a112278c,ZRTC20260424025,18,-184.56,-163.33
零售,601488,10021857,12508827,11,HLB-162405d4-570e-11f0-8cdb-0c42a112278c,ZRTC20260424025,18,-184.56,-163.33
零售,601488,10021857,12508827,10,HLB-1644969e-570e-11f0-8cdb-0c42a112278c,ZRTC20260424025,18,-184.56,-163.33
零售,601488,10021857,12508827,8,HLB-164495b7-570e-11f0-8cdb-0c42a112278c,ZRTC20260424025,18,-184.56,-163.33
零售,601488,10021857,12508827,7,HLB-16240580-570e-11f0-8cdb-0c42a112278c,ZRTC20260424025,18,-184.56,-163.33
零售,601488,10021857,12508827,4,HLB-1644951d-570e-11f0-8cdb-0c42a112278c,ZRTC20260424025,18,-184.56,-163.33
零售,601488,10021857,12508827,3,HLB-16449533-570e-11f0-8cdb-0c42a112278c,ZRTC20260424025,18,-184.56,-163.33
零售,601488,10021857,12508827,2,HLB-16449504-570e-11f0-8cdb-0c42a112278c,ZRTC20260424025,18,-184.56,-163.33
零售,601488,10021857,12542815,16,HLB-d4e8a5e0-5c63-11f0-8cdb-0c42a112278c,ZRTC20260424025,18,-184.56,-163.33
零售,601488,10021857,12542815,15,HLB-d4e8a590-5c63-11f0-8cdb-0c42a112278c,ZRTC20260424025,18,-184.56,-163.33
零售,601488,10021857,12542815,13,HLB-d4e8a5cc-5c63-11f0-8cdb-0c42a112278c,ZRTC20260424025,18,-184.56,-163.33
零售,601488,10021857,12542815,11,HLB-d4e8a555-5c63-11f0-8cdb-0c42a112278c,ZRTC20260424025,18,-184.56,-163.33
零售,601488,10021857,12542815,9,HLB-d4e8a569-5c63-11f0-8cdb-0c42a112278c,ZRTC20260424025,18,-184.56,-163.33
零售,601488,10021857,12542815,8,HLB-d4e8a5a2-5c63-11f0-8cdb-0c42a112278c,ZRTC20260424025,18,-184.56,-163.33
零售,601488,10021857,12542815,6,HLB-d4e8a5f3-5c63-11f0-8cdb-0c42a112278c,ZRTC20260424025,18,-184.56,-163.33
零售,601488,10021857,12542815,5,HLB-d4e8a57c-5c63-11f0-8cdb-0c42a112278c,ZRTC20260424025,18,-184.56,-163.33
零售,601488,10021857,12542815,4,HLB-d4e8a5b9-5c63-11f0-8cdb-0c42a112278c,ZRTC20260424025,18,-184.56,-163.33
零售,601488,10021857,12508822,20,HLB-157a5e3c-570e-11f0-8cdb-0c42a112278c,ZRTC20260424025,12,-400.26,-354.21
零售,601488,10021857,12508822,16,HLB-157a5d21-570e-11f0-8cdb-0c42a112278c,ZRTC20260424025,12,-400.26,-354.21
零售,601488,10021857,12508822,13,HLB-15593b77-570e-11f0-8cdb-0c42a112278c,ZRTC20260424025,12,-400.26,-354.21
零售,601488,10021857,12508822,12,HLB-15593b1e-570e-11f0-8cdb-0c42a112278c,ZRTC20260424025,12,-400.26,-354.21
零售,601488,10021857,12508822,11,HLB-15593bd7-570e-11f0-8cdb-0c42a112278c,ZRTC20260424025,12,-400.26,-354.21
零售,601488,10021857,12508822,6,HLB-157a5dc6-570e-11f0-8cdb-0c42a112278c,ZRTC20260424025,12,-400.26,-354.21
零售,601488,10021857,12508822,5,HLB-15593bc2-570e-11f0-8cdb-0c42a112278c,ZRTC20260424025,12,-400.26,-354.21
零售,601488,10021857,12508822,3,HLB-157a5ccd-570e-11f0-8cdb-0c42a112278c,ZRTC20260424025,12,-400.26,-354.21
零售,601488,10021857,12517923,80,HLB-f3008ef3-5896-11f0-8cdb-0c42a112278c,ZRTC20260424025,12,400.26,354.21
零售,601488,10021857,12517923,78,HLB-f2e427b4-5896-11f0-8cdb-0c42a112278c,ZRTC20260424025,12,400.26,354.21
零售,601488,10021857,12517923,76,HLB-f2e42882-5896-11f0-8cdb-0c42a112278c,ZRTC20260424025,12,400.26,354.21
零售,601488,10021857,12517923,75,HLB-f2e426d0-5896-11f0-8cdb-0c42a112278c,ZRTC20260424025,12,400.26,354.21
零售,601488,10021857,12517923,73,HLB-f300900a-5896-11f0-8cdb-0c42a112278c,ZRTC20260424025,12,400.26,354.21
零售,601488,10021857,12517923,72,HLB-f3008fe4-5896-11f0-8cdb-0c42a112278c,ZRTC20260424025,12,400.26,354.21
零售,601488,10021857,12517923,71,HLB-f2e425ab-5896-11f0-8cdb-0c42a112278c,ZRTC20260424025,12,400.26,354.21
零售,601488,10021857,12517923,70,HLB-f2e42858-5896-11f0-8cdb-0c42a112278c,ZRTC20260424025,12,400.26,354.21
零售,601488,10021857,12517923,69,HLB-f2e42729-5896-11f0-8cdb-0c42a112278c,ZRTC20260424025,12,400.26,354.21
零售,601488,10021857,12517923,67,HLB-f3008fbe-5896-11f0-8cdb-0c42a112278c,ZRTC20260424025,12,400.26,354.21
零售,601488,10021857,12517923,66,HLB-f3009081-5896-11f0-8cdb-0c42a112278c,ZRTC20260424025,12,400.26,354.21
零售,601488,10021857,12517923,64,HLB-f2e42822-5896-11f0-8cdb-0c42a112278c,ZRTC20260424025,12,400.26,354.21
零售,601488,10021857,12517923,62,HLB-f2e42934-5896-11f0-8cdb-0c42a112278c,ZRTC20260424025,12,400.26,354.21
零售,601488,10021857,12517923,61,HLB-f2e426fb-5896-11f0-8cdb-0c42a112278c,ZRTC20260424025,12,400.26,354.21
零售,601488,10021857,12517923,60,HLB-f2e429a3-5896-11f0-8cdb-0c42a112278c,ZRTC20260424025,12,400.26,354.21
零售,601488,10021857,12517923,55,HLB-f2e425e3-5896-11f0-8cdb-0c42a112278c,ZRTC20260424025,12,400.26,354.21
零售,601488,10021857,12517923,51,HLB-f2e42578-5896-11f0-8cdb-0c42a112278c,ZRTC20260424025,12,400.26,354.21
零售,601488,10021857,12517923,49,HLB-f3008f97-5896-11f0-8cdb-0c42a112278c,ZRTC20260424025,12,400.26,354.21
零售,601488,10021857,12517923,48,HLB-f2e428af-5896-11f0-8cdb-0c42a112278c,ZRTC20260424025,12,400.26,354.21
零售,601488,10021857,12517923,46,HLB-f2e42960-5896-11f0-8cdb-0c42a112278c,ZRTC20260424025,12,400.26,354.21
零售,601488,10021857,12517923,45,HLB-f3008e46-5896-11f0-8cdb-0c42a112278c,ZRTC20260424025,12,400.26,354.21
零售,601488,10021857,12517923,43,HLB-f2e4269e-5896-11f0-8cdb-0c42a112278c,ZRTC20260424025,12,400.26,354.21
零售,601488,10021857,12517923,42,HLB-f2e42617-5896-11f0-8cdb-0c42a112278c,ZRTC20260424025,12,400.26,354.21
零售,601488,10021857,12517923,36,HLB-f30090a9-5896-11f0-8cdb-0c42a112278c,ZRTC20260424025,12,400.26,354.21
零售,601488,10021857,12517923,33,HLB-f2e427e2-5896-11f0-8cdb-0c42a112278c,ZRTC20260424025,12,400.26,354.21
零售,601488,10021857,12517923,31,HLB-f2e429f4-5896-11f0-8cdb-0c42a112278c,ZRTC20260424025,12,400.26,354.21
零售,601488,10021857,12517923,25,HLB-f2e428dc-5896-11f0-8cdb-0c42a112278c,ZRTC20260424025,12,400.26,354.21
零售,601488,10021857,12517923,22,HLB-f2e4278a-5896-11f0-8cdb-0c42a112278c,ZRTC20260424025,12,400.26,354.21
零售,601488,10021857,12517923,21,HLB-f3009031-5896-11f0-8cdb-0c42a112278c,ZRTC20260424025,12,400.26,354.21
零售,601488,10021857,12517923,19,HLB-f30090ce-5896-11f0-8cdb-0c42a112278c,ZRTC20260424025,12,400.26,354.21
零售,601488,10021857,12517923,17,HLB-f2e42652-5896-11f0-8cdb-0c42a112278c,ZRTC20260424025,12,400.26,354.21
零售,601488,10021857,12517923,14,HLB-f3008f1f-5896-11f0-8cdb-0c42a112278c,ZRTC20260424025,12,400.26,354.21
零售,601488,10021857,12517923,11,HLB-f300905b-5896-11f0-8cdb-0c42a112278c,ZRTC20260424025,12,400.26,354.21
零售,601488,10021857,12517923,9,HLB-f3008eb2-5896-11f0-8cdb-0c42a112278c,ZRTC20260424025,12,400.26,354.21
零售,601488,10021857,12517923,7,HLB-f3008f47-5896-11f0-8cdb-0c42a112278c,ZRTC20260424025,12,400.26,354.21
零售,601488,10021857,12517923,6,HLB-f2e429cc-5896-11f0-8cdb-0c42a112278c,ZRTC20260424025,12,400.26,354.21
零售,601488,10021857,12517923,5,HLB-f3008f6d-5896-11f0-8cdb-0c42a112278c,ZRTC20260424025,12,400.26,354.21
零售,601488,10021857,12517923,4,HLB-f2e42907-5896-11f0-8cdb-0c42a112278c,ZRTC20260424025,12,400.26,354.21
零售,601488,10021857,12517923,2,HLB-f2e4275b-5896-11f0-8cdb-0c42a112278c,ZRTC20260424025,12,400.26,354.21
零售,601488,10021857,12517923,1,HLB-f2e424f2-5896-11f0-8cdb-0c42a112278c,ZRTC20260424025,12,400.26,354.21
零售,601488,10021857,12508833,59,HLB-16a9c10b-570e-11f0-8cdb-0c42a112278c,ZRTC20260424025,12,-400.26,-354.21
零售,601488,10021857,12508833,58,HLB-16a9c071-570e-11f0-8cdb-0c42a112278c,ZRTC20260424025,12,-400.26,-354.21
零售,601488,10021857,12508833,57,HLB-16a9c0f4-570e-11f0-8cdb-0c42a112278c,ZRTC20260424025,12,-400.26,-354.21
零售,601488,10021857,12508833,56,HLB-16a9c1d2-570e-11f0-8cdb-0c42a112278c,ZRTC20260424025,12,-400.26,-354.21
零售,601488,10021857,12508833,54,HLB-16a9c126-570e-11f0-8cdb-0c42a112278c,ZRTC20260424025,12,-400.26,-354.21
零售,601488,10021857,12508833,53,HLB-16a9c0da-570e-11f0-8cdb-0c42a112278c,ZRTC20260424025,12,-400.26,-354.21
零售,601488,10021857,12508833,51,HLB-16a9c246-570e-11f0-8cdb-0c42a112278c,ZRTC20260424025,12,-400.26,-354.21
零售,601488,10021857,12508833,48,HLB-16a9c25c-570e-11f0-8cdb-0c42a112278c,ZRTC20260424025,12,-400.26,-354.21
零售,601488,10021857,12508833,47,HLB-16a9c1e9-570e-11f0-8cdb-0c42a112278c,ZRTC20260424025,12,-400.26,-354.21
零售,601488,10021857,12508833,44,HLB-16a9bfb5-570e-11f0-8cdb-0c42a112278c,ZRTC20260424025,12,-400.26,-354.21
零售,601488,10021857,12508833,42,HLB-16a9c1fd-570e-11f0-8cdb-0c42a112278c,ZRTC20260424025,12,-400.26,-354.21
零售,601488,10021857,12508833,41,HLB-16a9c03b-570e-11f0-8cdb-0c42a112278c,ZRTC20260424025,12,-400.26,-354.21
零售,601488,10021857,12508833,40,HLB-16a9c023-570e-11f0-8cdb-0c42a112278c,ZRTC20260424025,12,-400.26,-354.21
零售,601488,10021857,12508833,38,HLB-16a9c1a2-570e-11f0-8cdb-0c42a112278c,ZRTC20260424025,12,-400.26,-354.21
零售,601488,10021857,12508833,36,HLB-16a9c090-570e-11f0-8cdb-0c42a112278c,ZRTC20260424025,12,-400.26,-354.21
零售,601488,10021857,12508833,33,HLB-16a9c006-570e-11f0-8cdb-0c42a112278c,ZRTC20260424025,12,-400.26,-354.21
零售,601488,10021857,12508833,32,HLB-16a9bf4a-570e-11f0-8cdb-0c42a112278c,ZRTC20260424025,12,-400.26,-354.21
零售,601488,10021857,12508833,29,HLB-16a9c170-570e-11f0-8cdb-0c42a112278c,ZRTC20260424025,12,-400.26,-354.21
零售,601488,10021857,12508833,24,HLB-16a9c22e-570e-11f0-8cdb-0c42a112278c,ZRTC20260424025,12,-400.26,-354.21
零售,601488,10021857,12508833,22,HLB-16a9c188-570e-11f0-8cdb-0c42a112278c,ZRTC20260424025,12,-400.26,-354.21
零售,601488,10021857,12377688,9,HLB-ecec23e4-4f2f-11f0-8cdb-0c42a112278c,ZRTC20260424025,4,-477.32,-422.41
零售,601488,10021857,12377688,8,HLB-ecc7c059-4f2f-11f0-8cdb-0c42a112278c,ZRTC20260424025,4,-477.32,-422.41
零售,601488,10021857,12377688,7,HLB-ecc7c06e-4f2f-11f0-8cdb-0c42a112278c,ZRTC20260424025,4,-477.32,-422.41
零售,601488,10021857,12377688,6,HLB-ecc7bfa2-4f2f-11f0-8cdb-0c42a112278c,ZRTC20260424025,4,-477.32,-422.41
零售,601488,10021857,12377688,5,HLB-ecec2377-4f2f-11f0-8cdb-0c42a112278c,ZRTC20260424025,4,-477.32,-422.41
零售,601488,10021857,12377688,4,HLB-ecc7c084-4f2f-11f0-8cdb-0c42a112278c,ZRTC20260424025,4,-477.32,-422.41
零售,601488,10021857,12377688,3,HLB-ecc7c045-4f2f-11f0-8cdb-0c42a112278c,ZRTC20260424025,4,-477.32,-422.41
零售,601488,10021857,12377688,2,HLB-ecc7c007-4f2f-11f0-8cdb-0c42a112278c,ZRTC20260424025,4,-477.32,-422.41
零售,601488,10021857,12377688,1,HLB-ecec23fc-4f2f-11f0-8cdb-0c42a112278c,ZRTC20260424025,4,-477.32,-422.41
零售,601488,10021857,12654598,59,HLB-0bdf94bb-69e9-11f0-8cdb-0c42a112278c,ZRTC20260424025,4,-477.32,-422.41
零售,601488,10021857,12654598,58,HLB-0bdf94f8-69e9-11f0-8cdb-0c42a112278c,ZRTC20260424025,4,-477.32,-422.41
零售,601488,10021857,12654598,57,HLB-0bdf9389-69e9-11f0-8cdb-0c42a112278c,ZRTC20260424025,4,-477.32,-422.41
零售,601488,10021857,12654598,56,HLB-0bdf94cf-69e9-11f0-8cdb-0c42a112278c,ZRTC20260424025,4,-477.32,-422.41
零售,601488,10021857,12654598,55,HLB-0bdf9339-69e9-11f0-8cdb-0c42a112278c,ZRTC20260424025,4,-477.32,-422.41
零售,601488,10021857,12654598,51,HLB-0bdf94a7-69e9-11f0-8cdb-0c42a112278c,ZRTC20260424025,4,-477.32,-422.41
零售,601488,10021857,12654598,49,HLB-0bdf9553-69e9-11f0-8cdb-0c42a112278c,ZRTC20260424025,4,-477.32,-422.41
零售,601488,10021857,12654598,45,HLB-0bdf9492-69e9-11f0-8cdb-0c42a112278c,ZRTC20260424025,4,-477.32,-422.41
零售,601488,10021857,12654598,41,HLB-0bdf92ec-69e9-11f0-8cdb-0c42a112278c,ZRTC20260424025,4,-477.32,-422.41
零售,601488,10021857,12654598,40,HLB-0bdf9354-69e9-11f0-8cdb-0c42a112278c,ZRTC20260424025,4,-477.32,-422.41
零售,601488,10021857,12654598,38,HLB-0bdf953f-69e9-11f0-8cdb-0c42a112278c,ZRTC20260424025,4,-477.32,-422.41
零售,601488,10021857,12654598,37,HLB-0bdf93b7-69e9-11f0-8cdb-0c42a112278c,ZRTC20260424025,4,-477.32,-422.41
零售,601488,10021857,12654598,36,HLB-0bdf9457-69e9-11f0-8cdb-0c42a112278c,ZRTC20260424025,4,-477.32,-422.41
零售,601488,10021857,12654598,35,HLB-0bdf9516-69e9-11f0-8cdb-0c42a112278c,ZRTC20260424025,4,-477.32,-422.41
零售,601488,10021857,12654598,31,HLB-0bdf946a-69e9-11f0-8cdb-0c42a112278c,ZRTC20260424025,4,-477.32,-422.41
零售,601488,10021857,12654598,30,HLB-0bdf9568-69e9-11f0-8cdb-0c42a112278c,ZRTC20260424025,4,-477.32,-422.41
零售,601488,10021857,12654598,28,HLB-0bdf9427-69e9-11f0-8cdb-0c42a112278c,ZRTC20260424025,4,-477.32,-422.41
零售,601488,10021857,12654598,25,HLB-0bdf929e-69e9-11f0-8cdb-0c42a112278c,ZRTC20260424025,4,-477.32,-422.41
零售,601488,10021857,12654598,24,HLB-0bdf93fc-69e9-11f0-8cdb-0c42a112278c,ZRTC20260424025,4,-477.32,-422.41
零售,601488,10021857,12654598,23,HLB-0bdf93e3-69e9-11f0-8cdb-0c42a112278c,ZRTC20260424025,4,-477.32,-422.41
零售,601488,10021857,12654598,19,HLB-0bdf931f-69e9-11f0-8cdb-0c42a112278c,ZRTC20260424025,4,-477.32,-422.41
零售,601488,10021857,12654598,18,HLB-0bdf9306-69e9-11f0-8cdb-0c42a112278c,ZRTC20260424025,4,-477.32,-422.41
零售,601488,10021857,12654598,15,HLB-0bdf93a1-69e9-11f0-8cdb-0c42a112278c,ZRTC20260424025,4,-477.32,-422.41
零售,601488,10021857,12654598,14,HLB-0bdf9440-69e9-11f0-8cdb-0c42a112278c,ZRTC20260424025,4,-477.32,-422.41
零售,601488,10021857,12654598,13,HLB-0bdf93cb-69e9-11f0-8cdb-0c42a112278c,ZRTC20260424025,4,-477.32,-422.41
零售,601488,10021857,12654598,10,HLB-0bdf940f-69e9-11f0-8cdb-0c42a112278c,ZRTC20260424025,4,-477.32,-422.41
零售,601488,10021857,12654598,8,HLB-0bdf94e4-69e9-11f0-8cdb-0c42a112278c,ZRTC20260424025,4,-477.32,-422.41
零售,601488,10021857,12654598,5,HLB-0bdf952c-69e9-11f0-8cdb-0c42a112278c,ZRTC20260424025,4,-477.32,-422.41
零售,601488,10021857,12654598,4,HLB-0bdf936c-69e9-11f0-8cdb-0c42a112278c,ZRTC20260424025,4,-477.32,-422.41
零售,601488,10021857,12654598,3,HLB-0bdf947e-69e9-11f0-8cdb-0c42a112278c,ZRTC20260424025,4,-477.32,-422.41
零售,601488,10021857,12506578,40,HLB-ab6f768c-56e9-11f0-8cdb-0c42a112278c,ZRTC20260424025,4,-477.32,-422.41
零售,601488,10021857,12506578,39,HLB-ab6f7662-56e9-11f0-8cdb-0c42a112278c,ZRTC20260424025,4,-477.32,-422.41
零售,601488,10021857,12506578,37,HLB-ab6f76a0-56e9-11f0-8cdb-0c42a112278c,ZRTC20260424025,4,-477.32,-422.41
零售,601488,10021857,12506578,35,HLB-ab6f76c8-56e9-11f0-8cdb-0c42a112278c,ZRTC20260424025,4,-477.32,-422.41
零售,601488,10021857,12506578,34,HLB-ab6f76b4-56e9-11f0-8cdb-0c42a112278c,ZRTC20260424025,4,-477.32,-422.41
零售,601488,10021857,12506578,29,HLB-ab6f7626-56e9-11f0-8cdb-0c42a112278c,ZRTC20260424025,4,-477.32,-422.41
零售,601488,10021857,12506578,27,HLB-ab6f76f0-56e9-11f0-8cdb-0c42a112278c,ZRTC20260424025,4,-477.32,-422.41
零售,601488,10021857,12506578,23,HLB-ab6f7747-56e9-11f0-8cdb-0c42a112278c,ZRTC20260424025,4,-477.32,-422.41
零售,601488,10021857,12506578,22,HLB-ab6f7612-56e9-11f0-8cdb-0c42a112278c,ZRTC20260424025,4,-477.32,-422.41
零售,601488,10021857,12506578,20,HLB-ab6f7639-56e9-11f0-8cdb-0c42a112278c,ZRTC20260424025,4,-477.32,-422.41
零售,601488,10021857,12506578,19,HLB-ab6f75fe-56e9-11f0-8cdb-0c42a112278c,ZRTC20260424025,4,-477.32,-422.41
零售,601488,10021857,12506578,18,HLB-ab6f76dc-56e9-11f0-8cdb-0c42a112278c,ZRTC20260424025,4,-477.32,-422.41
零售,601488,10021857,12506578,17,HLB-ab6f75d3-56e9-11f0-8cdb-0c42a112278c,ZRTC20260424025,4,-477.32,-422.41
零售,601488,10021857,12506578,16,HLB-ab6f7763-56e9-11f0-8cdb-0c42a112278c,ZRTC20260424025,4,-477.32,-422.41
零售,601488,10021857,12506578,14,HLB-ab6f75e8-56e9-11f0-8cdb-0c42a112278c,ZRTC20260424025,4,-477.32,-422.41
零售,601488,10021857,12506578,7,HLB-ab6f764e-56e9-11f0-8cdb-0c42a112278c,ZRTC20260424025,4,-477.32,-422.41
零售,601488,10021857,12506578,5,HLB-ab6f75bd-56e9-11f0-8cdb-0c42a112278c,ZRTC20260424025,4,-477.32,-422.41
零售,601488,10021857,12506578,4,HLB-ab6f772b-56e9-11f0-8cdb-0c42a112278c,ZRTC20260424025,4,-477.32,-422.41
零售,601488,10021857,12506578,3,HLB-ab6f7709-56e9-11f0-8cdb-0c42a112278c,ZRTC20260424025,4,-477.32,-422.41
零售,601488,10021857,12508823,60,HLB-159a7340-570e-11f0-8cdb-0c42a112278c,ZRTC20260424025,4,-477.32,-422.41
零售,601488,10021857,12508823,59,HLB-159a71e0-570e-11f0-8cdb-0c42a112278c,ZRTC20260424025,4,-477.32,-422.41
零售,601488,10021857,12508823,57,HLB-159a732b-570e-11f0-8cdb-0c42a112278c,ZRTC20260424025,4,-477.32,-422.41
零售,601488,10021857,12508823,55,HLB-159a7288-570e-11f0-8cdb-0c42a112278c,ZRTC20260424025,4,-477.32,-422.41
零售,601488,10021857,12508823,54,HLB-159a72e3-570e-11f0-8cdb-0c42a112278c,ZRTC20260424025,4,-477.32,-422.41
零售,601488,10021857,12508823,53,HLB-15bef8d3-570e-11f0-8cdb-0c42a112278c,ZRTC20260424025,4,-477.32,-422.41
零售,601488,10021857,12508823,52,HLB-15bef907-570e-11f0-8cdb-0c42a112278c,ZRTC20260424025,4,-477.32,-422.41
零售,601488,10021857,12508823,50,HLB-15bef8eb-570e-11f0-8cdb-0c42a112278c,ZRTC20260424025,4,-477.32,-422.41
零售,601488,10021857,12508823,48,HLB-159a72fd-570e-11f0-8cdb-0c42a112278c,ZRTC20260424025,4,-477.32,-422.41
零售,601488,10021857,12377686,11,HLB-ecc7bd1d-4f2f-11f0-8cdb-0c42a112278c,ZRTC20260424025,4,-477.32,-422.41
零售,601488,10021857,12377686,10,HLB-ecc7bd8e-4f2f-11f0-8cdb-0c42a112278c,ZRTC20260424025,4,-477.32,-422.41
零售,601488,10021857,12506577,18,HLB-ab4d0c1a-56e9-11f0-8cdb-0c42a112278c,ZRTC20260424025,4,-477.32,-422.41
零售,601488,10021857,12506577,15,HLB-ab4d0b7c-56e9-11f0-8cdb-0c42a112278c,ZRTC20260424025,4,-477.32,-422.41
零售,601488,10021857,12506577,9,HLB-ab4d0c05-56e9-11f0-8cdb-0c42a112278c,ZRTC20260424025,4,-477.32,-422.41
零售,601488,10021857,12506577,8,HLB-ab4d0b9a-56e9-11f0-8cdb-0c42a112278c,ZRTC20260424025,4,-477.32,-422.41
零售,601488,10021857,12506577,6,HLB-ab4d0bb5-56e9-11f0-8cdb-0c42a112278c,ZRTC20260424025,4,-477.32,-422.41
零售,601488,10021857,12506577,3,HLB-ab4d0bf2-56e9-11f0-8cdb-0c42a112278c,ZRTC20260424025,4,-477.32,-422.41
零售,601488,10021857,12506577,2,HLB-ab4d0b64-56e9-11f0-8cdb-0c42a112278c,ZRTC20260424025,4,-477.32,-422.41
零售,601488,10021857,12506577,1,HLB-ab4d0bc9-56e9-11f0-8cdb-0c42a112278c,ZRTC20260424025,4,-477.32,-422.41
零售,601488,10021857,12372853,1,HLB-3108ff5e-4f02-11f0-8cdb-0c42a112278c,ZRTC20260424025,3,-470.87,-416.7
零售,601488,10021857,12511201,1,HLB-fe1a2d10-57ab-11f0-8cdb-0c42a112278c,ZRTC20260424025,3,-470.86,-416.69
零售,601488,10021857,12512474,100,HLB-06a08bb3-57bf-11f0-8cdb-0c42a112278c,ZRTC20260424025,2,-339.79,-300.7
零售,601488,10021857,12512474,99,HLB-06a08b9f-57bf-11f0-8cdb-0c42a112278c,ZRTC20260424025,2,-338.62,-299.66
零售,601488,10021857,12512474,97,HLB-06a08bc7-57bf-11f0-8cdb-0c42a112278c,ZRTC20260424025,2,-338.62,-299.66
零售,601488,10021857,12512474,95,HLB-06a08bef-57bf-11f0-8cdb-0c42a112278c,ZRTC20260424025,2,-338.62,-299.66
零售,601488,10021857,12512474,92,HLB-06c38a43-57bf-11f0-8cdb-0c42a112278c,ZRTC20260424025,2,-338.62,-299.66
零售,601488,10021857,12512474,89,HLB-06a08ae5-57bf-11f0-8cdb-0c42a112278c,ZRTC20260424025,2,-338.62,-299.66
零售,601488,10021857,12512474,88,HLB-06c38bd0-57bf-11f0-8cdb-0c42a112278c,ZRTC20260424025,2,-338.62,-299.66
零售,601488,10021857,12512474,87,HLB-06a08aa5-57bf-11f0-8cdb-0c42a112278c,ZRTC20260424025,2,-338.62,-299.66
零售,601488,10021857,12512474,86,HLB-06a08a92-57bf-11f0-8cdb-0c42a112278c,ZRTC20260424025,2,-338.62,-299.66
零售,601488,10021857,12512474,84,HLB-06a08b8a-57bf-11f0-8cdb-0c42a112278c,ZRTC20260424025,2,-338.62,-299.66
零售,601488,10021857,12512474,81,HLB-06c38b29-57bf-11f0-8cdb-0c42a112278c,ZRTC20260424025,2,-338.62,-299.66
零售,601488,10021857,12512474,80,HLB-06c38a5d-57bf-11f0-8cdb-0c42a112278c,ZRTC20260424025,2,-338.62,-299.66
零售,601488,10021857,12512474,78,HLB-06a08986-57bf-11f0-8cdb-0c42a112278c,ZRTC20260424025,2,-338.62,-299.66
零售,601488,10021857,12512474,77,HLB-06a089e4-57bf-11f0-8cdb-0c42a112278c,ZRTC20260424025,2,-338.62,-299.66
零售,601488,10021857,12512474,74,HLB-06a08b61-57bf-11f0-8cdb-0c42a112278c,ZRTC20260424025,2,-338.62,-299.66
零售,601488,10021857,12512474,71,HLB-06a08b23-57bf-11f0-8cdb-0c42a112278c,ZRTC20260424025,2,-338.62,-299.66
零售,601488,10021857,12512474,68,HLB-06a08a40-57bf-11f0-8cdb-0c42a112278c,ZRTC20260424025,2,-338.62,-299.66
零售,601488,10021857,12512474,66,HLB-06c38aff-57bf-11f0-8cdb-0c42a112278c,ZRTC20260424025,2,-338.62,-299.66
零售,601488,10021857,12512474,64,HLB-06a0899e-57bf-11f0-8cdb-0c42a112278c,ZRTC20260424025,2,-338.62,-299.66
零售,601488,10021857,12512474,61,HLB-06c38b69-57bf-11f0-8cdb-0c42a112278c,ZRTC20260424025,2,-338.62,-299.66
零售,601488,10021857,12512474,60,HLB-06c38abe-57bf-11f0-8cdb-0c42a112278c,ZRTC20260424025,2,-338.62,-299.66
零售,601488,10021857,12512474,52,HLB-06a08a55-57bf-11f0-8cdb-0c42a112278c,ZRTC20260424025,2,-338.62,-299.66
零售,601488,10021857,12512474,51,HLB-06c38b54-57bf-11f0-8cdb-0c42a112278c,ZRTC20260424025,2,-338.62,-299.66
零售,601488,10021857,12512474,49,HLB-06c38a72-57bf-11f0-8cdb-0c42a112278c,ZRTC20260424025,2,-338.62,-299.66
零售,601488,10021857,12512474,46,HLB-06c38b14-57bf-11f0-8cdb-0c42a112278c,ZRTC20260424025,2,-338.62,-299.66
零售,601488,10021857,12512474,45,HLB-06a089fa-57bf-11f0-8cdb-0c42a112278c,ZRTC20260424025,2,-338.62,-299.66
零售,601488,10021857,12512474,43,HLB-06a089ce-57bf-11f0-8cdb-0c42a112278c,ZRTC20260424025,2,-338.62,-299.66
零售,601488,10021857,12512474,40,HLB-06c38aa6-57bf-11f0-8cdb-0c42a112278c,ZRTC20260424025,2,-338.62,-299.66
零售,601488,10021857,12512474,38,HLB-06a08a7e-57bf-11f0-8cdb-0c42a112278c,ZRTC20260424025,2,-338.62,-299.66
零售,601488,10021857,12512474,36,HLB-06c38aea-57bf-11f0-8cdb-0c42a112278c,ZRTC20260424025,2,-338.62,-299.66
零售,601488,10021857,12512474,34,HLB-06a08afb-57bf-11f0-8cdb-0c42a112278c,ZRTC20260424025,2,-338.62,-299.66
零售,601488,10021857,12512474,31,HLB-06c38b7c-57bf-11f0-8cdb-0c42a112278c,ZRTC20260424025,2,-338.62,-299.66
零售,601488,10021857,12512474,30,HLB-06a08a69-57bf-11f0-8cdb-0c42a112278c,ZRTC20260424025,2,-338.62,-299.66
零售,601488,10021857,12377686,9,HLB-ecc7bd4a-4f2f-11f0-8cdb-0c42a112278c,ZRTC20260424025,4,-477.32,-422.41
零售,601488,10021857,12377686,8,HLB-ecc7bcb4-4f2f-11f0-8cdb-0c42a112278c,ZRTC20260424025,4,-477.32,-422.41
零售,601488,10021857,12377686,7,HLB-ecc7bbdf-4f2f-11f0-8cdb-0c42a112278c,ZRTC20260424025,4,-477.32,-422.41
零售,601488,10021857,12377686,6,HLB-ecc7bc33-4f2f-11f0-8cdb-0c42a112278c,ZRTC20260424025,4,-477.32,-422.41
零售,601488,10021857,12377686,5,HLB-ecc7bc7e-4f2f-11f0-8cdb-0c42a112278c,ZRTC20260424025,4,-477.32,-422.41
零售,601488,10021857,12377686,4,HLB-ecc7bd07-4f2f-11f0-8cdb-0c42a112278c,ZRTC20260424025,4,-477.32,-422.41
零售,601488,10021857,12377686,3,HLB-ecc7bdea-4f2f-11f0-8cdb-0c42a112278c,ZRTC20260424025,4,-477.32,-422.41
零售,601488,10021857,12377686,2,HLB-ecc7bda6-4f2f-11f0-8cdb-0c42a112278c,ZRTC20260424025,4,-477.32,-422.41
零售,601488,10021857,12506577,20,HLB-ab4d0bdf-56e9-11f0-8cdb-0c42a112278c,ZRTC20260424025,4,-477.32,-422.41
零售,601488,10021857,12508827,48,HLB-16240300-570e-11f0-8cdb-0c42a112278c,ZRTC20260424025,2,-338.62,-299.66
零售,601488,10021857,12508827,43,HLB-162403d6-570e-11f0-8cdb-0c42a112278c,ZRTC20260424025,2,-338.62,-299.66
零售,601488,10021857,12508827,6,HLB-1624047b-570e-11f0-8cdb-0c42a112278c,ZRTC20260424025,2,-338.62,-299.66
零售,601488,10021857,12508827,41,HLB-16240329-570e-11f0-8cdb-0c42a112278c,ZRTC20260424025,2,-338.62,-299.66
零售,601488,10021857,12508827,40,HLB-1600934d-570e-11f0-8cdb-0c42a112278c,ZRTC20260424025,2,-338.62,-299.66
零售,601488,10021857,12508827,38,HLB-162404e4-570e-11f0-8cdb-0c42a112278c,ZRTC20260424025,2,-338.62,-299.66
零售,601488,10021857,12508827,35,HLB-160092e7-570e-11f0-8cdb-0c42a112278c,ZRTC20260424025,2,-338.62,-299.66
零售,601488,10021857,12508827,31,HLB-16240525-570e-11f0-8cdb-0c42a112278c,ZRTC20260424025,2,-338.62,-299.66
零售,601488,10021857,12508827,30,HLB-160092ab-570e-11f0-8cdb-0c42a112278c,ZRTC20260424025,2,-338.62,-299.66
零售,601488,10021857,12508827,27,HLB-16240212-570e-11f0-8cdb-0c42a112278c,ZRTC20260424025,2,-338.62,-299.66
零售,601488,10021857,12508827,25,HLB-162403ea-570e-11f0-8cdb-0c42a112278c,ZRTC20260424025,2,-338.62,-299.66
零售,601488,10021857,12508827,24,HLB-1624019c-570e-11f0-8cdb-0c42a112278c,ZRTC20260424025,2,-338.62,-299.66
零售,601488,10021857,12508827,22,HLB-1624043d-570e-11f0-8cdb-0c42a112278c,ZRTC20260424025,2,-338.62,-299.66
零售,601488,10021857,12508827,19,HLB-16009339-570e-11f0-8cdb-0c42a112278c,ZRTC20260424025,2,-338.62,-299.66
零售,601488,10021857,12508827,18,HLB-162402d5-570e-11f0-8cdb-0c42a112278c,ZRTC20260424025,2,-338.62,-299.66
零售,601488,10021857,12508827,17,HLB-16240260-570e-11f0-8cdb-0c42a112278c,ZRTC20260424025,2,-338.62,-299.66
零售,601488,10021857,12508827,16,HLB-16240413-570e-11f0-8cdb-0c42a112278c,ZRTC20260424025,2,-338.62,-299.66
零售,601488,10021857,12508827,15,HLB-16240381-570e-11f0-8cdb-0c42a112278c,ZRTC20260424025,2,-338.62,-299.66
零售,601488,10021857,12508827,12,HLB-1624050f-570e-11f0-8cdb-0c42a112278c,ZRTC20260424025,2,-338.62,-299.66
零售,601488,10021857,12508827,9,HLB-160092d1-570e-11f0-8cdb-0c42a112278c,ZRTC20260424025,2,-338.62,-299.66
零售,601488,10021857,12464748,1,HLB-0df9e9f7-5482-11f0-8cdb-0c42a112278c,ZRTC20260424025,22,-311.8,-275.93
零售,601488,10021857,12268708,1,HLB-1d5c0809-4982-11f0-8cdb-0c42a112278c,ZRTC20260424025,22,-311.74,-275.88
零售,601488,10021857,12464754,1,HLB-89679a95-5482-11f0-8cdb-0c42a112278c,ZRTC20260424025,22,-311.74,-275.88
零售,601488,10021857,12507413,1,HLB-40f6b5c8-56f5-11f0-8cdb-0c42a112278c,ZRTC20260424025,22,-311.74,-275.88
零售,601488,10021857,12365197,1,HLB-033fbedd-4e65-11f0-8cdb-0c42a112278c,ZRTC20260424025,22,-311.74,-275.88
零售,601488,10021857,12437544,1,HLB-d6bc383d-52f9-11f0-8cdb-0c42a112278c,ZRTC20260424025,22,-311.74,-275.88
零售,601488,10021857,12424974,1,HLB-deb17ba2-5235-11f0-8cdb-0c42a112278c,ZRTC20260424025,22,-311.74,-275.88
零售,601488,10021857,12223260,1,HLB-c0072289-4661-11f0-8cdb-0c42a112278c,ZRTC20260424025,22,-311.74,-275.88
零售,601488,10021857,12471415,1,HLB-5f14ac73-54ba-11f0-8cdb-0c42a112278c,ZRTC20260424025,22,311.74,275.88
零售,601488,10021857,12347791,1,HLB-652feee4-4d71-11f0-8cdb-0c42a112278c,ZRTC20260424025,22,-311.74,-275.88
零售,601488,10021857,12162106,98,HLB-27bc33cf-41de-11f0-8cdb-0c42a112278c,ZRTC20260424025,21,-284.16,-251.47
零售,601488,10021857,12162106,97,HLB-27defd52-41de-11f0-8cdb-0c42a112278c,ZRTC20260424025,21,-282.06,-249.61
零售,601488,10021857,12162106,95,HLB-27bc326f-41de-11f0-8cdb-0c42a112278c,ZRTC20260424025,21,-282.06,-249.61
零售,601488,10021857,12162106,94,HLB-27defe6a-41de-11f0-8cdb-0c42a112278c,ZRTC20260424025,21,-282.06,-249.61
零售,601488,10021857,12162106,93,HLB-27bc32e0-41de-11f0-8cdb-0c42a112278c,ZRTC20260424025,21,-282.06,-249.61
零售,601488,10021857,12162106,89,HLB-27defeb9-41de-11f0-8cdb-0c42a112278c,ZRTC20260424025,21,-282.06,-249.61
零售,601488,10021857,12162106,87,HLB-27defda1-41de-11f0-8cdb-0c42a112278c,ZRTC20260424025,21,-282.06,-249.61
零售,601488,10021857,12162106,86,HLB-27bc3340-41de-11f0-8cdb-0c42a112278c,ZRTC20260424025,21,-282.06,-249.61
零售,601488,10021857,12162106,84,HLB-27bc33a1-41de-11f0-8cdb-0c42a112278c,ZRTC20260424025,21,-282.06,-249.61
零售,601488,10021857,12162106,82,HLB-27bc33fe-41de-11f0-8cdb-0c42a112278c,ZRTC20260424025,21,-282.06,-249.61
零售,601488,10021857,12162106,81,HLB-27defbb7-41de-11f0-8cdb-0c42a112278c,ZRTC20260424025,21,-282.06,-249.61
零售,601488,10021857,12162106,80,HLB-27defdc9-41de-11f0-8cdb-0c42a112278c,ZRTC20260424025,21,-282.06,-249.61
零售,601488,10021857,12162106,77,HLB-27bc315f-41de-11f0-8cdb-0c42a112278c,ZRTC20260424025,21,-282.06,-249.61
零售,601488,10021857,12162106,72,HLB-27defd02-41de-11f0-8cdb-0c42a112278c,ZRTC20260424025,21,-282.06,-249.61
零售,601488,10021857,12162106,70,HLB-27defcb2-41de-11f0-8cdb-0c42a112278c,ZRTC20260424025,21,-282.06,-249.61
零售,601488,10021857,12162106,68,HLB-27defcd9-41de-11f0-8cdb-0c42a112278c,ZRTC20260424025,21,-282.06,-249.61
零售,601488,10021857,12162106,64,HLB-27bc31a8-41de-11f0-8cdb-0c42a112278c,ZRTC20260424025,21,-282.06,-249.61
零售,601488,10021857,12162106,61,HLB-27bc31f4-41de-11f0-8cdb-0c42a112278c,ZRTC20260424025,21,-282.06,-249.61
零售,601488,10021857,12162106,58,HLB-27defb2b-41de-11f0-8cdb-0c42a112278c,ZRTC20260424025,21,-282.06,-249.61
零售,601488,10021857,12162106,54,HLB-27defdf3-41de-11f0-8cdb-0c42a112278c,ZRTC20260424025,21,-282.06,-249.61
零售,601488,10021857,12658730,29,HLB-d5ab0b6f-6a84-11f0-8cdb-0c42a112278c,ZRTC20260424025,20,281.3,248.94
零售,601488,10021857,12658730,28,HLB-d5ab0ae4-6a84-11f0-8cdb-0c42a112278c,ZRTC20260424025,20,281.3,248.94
零售,601488,10021857,12658730,26,HLB-d5ab0afa-6a84-11f0-8cdb-0c42a112278c,ZRTC20260424025,20,281.3,248.94
零售,601488,10021857,12658730,25,HLB-d5ab0b13-6a84-11f0-8cdb-0c42a112278c,ZRTC20260424025,20,281.3,248.94
零售,601488,10021857,12658730,23,HLB-d5ab0c30-6a84-11f0-8cdb-0c42a112278c,ZRTC20260424025,20,281.3,248.94
零售,601488,10021857,12658730,19,HLB-d5ab0c09-6a84-11f0-8cdb-0c42a112278c,ZRTC20260424025,20,281.3,248.94
零售,601488,10021857,12658730,18,HLB-d5ab0b29-6a84-11f0-8cdb-0c42a112278c,ZRTC20260424025,20,281.3,248.94
零售,601488,10021857,12658730,17,HLB-d5ab0bdb-6a84-11f0-8cdb-0c42a112278c,ZRTC20260424025,20,281.3,248.94
零售,601488,10021857,12658730,13,HLB-d5ab0c95-6a84-11f0-8cdb-0c42a112278c,ZRTC20260424025,20,281.3,248.94
零售,601488,10021857,12658730,10,HLB-d5ab0b98-6a84-11f0-8cdb-0c42a112278c,ZRTC20260424025,20,281.3,248.94
零售,601488,10021857,12658730,9,HLB-d5ab0c57-6a84-11f0-8cdb-0c42a112278c,ZRTC20260424025,20,281.3,248.94
零售,601488,10021857,12658730,5,HLB-d5ab0c44-6a84-11f0-8cdb-0c42a112278c,ZRTC20260424025,20,281.3,248.94
零售,601488,10021857,12658730,4,HLB-d5ab0b3f-6a84-11f0-8cdb-0c42a112278c,ZRTC20260424025,20,281.3,248.94
零售,601488,10021857,12658730,3,HLB-d5ab0b83-6a84-11f0-8cdb-0c42a112278c,ZRTC20260424025,20,281.3,248.94
零售,601488,10021857,12658730,2,HLB-d5ab0b59-6a84-11f0-8cdb-0c42a112278c,ZRTC20260424025,20,281.3,248.94
零售,601488,10021857,12508842,2,HLB-17504396-570e-11f0-8cdb-0c42a112278c,ZRTC20260424025,20,-281.3,-248.94
零售,601488,10021857,12506579,39,HLB-ab94d4e0-56e9-11f0-8cdb-0c42a112278c,ZRTC20260424025,20,-281.3,-248.94
零售,601488,10021857,12506579,38,HLB-ab94d3b6-56e9-11f0-8cdb-0c42a112278c,ZRTC20260424025,20,-281.3,-248.94
零售,601488,10021857,12506579,37,HLB-ab94d3f3-56e9-11f0-8cdb-0c42a112278c,ZRTC20260424025,20,-281.3,-248.94
零售,601488,10021857,12506579,36,HLB-ab94d3a3-56e9-11f0-8cdb-0c42a112278c,ZRTC20260424025,20,-281.3,-248.94
零售,601488,10021857,12506579,28,HLB-ab94d41f-56e9-11f0-8cdb-0c42a112278c,ZRTC20260424025,20,-281.3,-248.94
零售,601488,10021857,12506579,26,HLB-ab94d4b6-56e9-11f0-8cdb-0c42a112278c,ZRTC20260424025,20,-281.3,-248.94
零售,601488,10021857,12506579,25,HLB-ab94d466-56e9-11f0-8cdb-0c42a112278c,ZRTC20260424025,20,-281.3,-248.94
零售,601488,10021857,12506579,24,HLB-ab94d3ca-56e9-11f0-8cdb-0c42a112278c,ZRTC20260424025,20,-281.3,-248.94
零售,601488,10021857,12506579,22,HLB-ab94d377-56e9-11f0-8cdb-0c42a112278c,ZRTC20260424025,20,-281.3,-248.94
零售,601488,10021857,12506579,21,HLB-ab94d47a-56e9-11f0-8cdb-0c42a112278c,ZRTC20260424025,20,-281.3,-248.94
零售,601488,10021857,12506579,19,HLB-ab94d4a1-56e9-11f0-8cdb-0c42a112278c,ZRTC20260424025,20,-281.3,-248.94
零售,601488,10021857,12506579,18,HLB-ab94d38c-56e9-11f0-8cdb-0c42a112278c,ZRTC20260424025,20,-281.3,-248.94
零售,601488,10021857,12506579,14,HLB-ab94d44e-56e9-11f0-8cdb-0c42a112278c,ZRTC20260424025,20,-281.3,-248.94
零售,601488,10021857,12506579,13,HLB-ab94d48d-56e9-11f0-8cdb-0c42a112278c,ZRTC20260424025,20,-281.3,-248.94
零售,601488,10021857,12506579,12,HLB-ab94d4ca-56e9-11f0-8cdb-0c42a112278c,ZRTC20260424025,20,-281.3,-248.94
零售,601488,10021857,12506579,10,HLB-ab94d4f4-56e9-11f0-8cdb-0c42a112278c,ZRTC20260424025,20,-281.3,-248.94
零售,601488,10021857,12506579,9,HLB-ab94d3de-56e9-11f0-8cdb-0c42a112278c,ZRTC20260424025,20,-281.3,-248.94
零售,601488,10021857,12506579,8,HLB-ab94d438-56e9-11f0-8cdb-0c42a112278c,ZRTC20260424025,20,-281.3,-248.94
零售,601488,10021857,12506579,6,HLB-ab94d407-56e9-11f0-8cdb-0c42a112278c,ZRTC20260424025,20,-281.3,-248.94
零售,601488,10021857,12506579,3,HLB-ab94d362-56e9-11f0-8cdb-0c42a112278c,ZRTC20260424025,20,-281.3,-248.94
零售,601488,10021857,12506580,39,HLB-abb7cc7f-56e9-11f0-8cdb-0c42a112278c,ZRTC20260424025,20,-281.3,-248.94
零售,601488,10021857,12506580,38,HLB-abb7cdd4-56e9-11f0-8cdb-0c42a112278c,ZRTC20260424025,20,-281.3,-248.94
零售,601488,10021857,12506580,37,HLB-abb7cd1f-56e9-11f0-8cdb-0c42a112278c,ZRTC20260424025,20,-281.3,-248.94
零售,601488,10021857,12506580,34,HLB-abb7cc68-56e9-11f0-8cdb-0c42a112278c,ZRTC20260424025,20,-281.3,-248.94
零售,601488,10021857,12506580,33,HLB-abb7ccdb-56e9-11f0-8cdb-0c42a112278c,ZRTC20260424025,20,-281.3,-248.94
零售,601488,10021857,12506580,29,HLB-abb7cd0a-56e9-11f0-8cdb-0c42a112278c,ZRTC20260424025,20,-281.3,-248.94
零售,601488,10021857,12506580,28,HLB-abb7cc34-56e9-11f0-8cdb-0c42a112278c,ZRTC20260424025,20,-281.3,-248.94
零售,601488,10021857,12506580,22,HLB-abb7ce16-56e9-11f0-8cdb-0c42a112278c,ZRTC20260424025,20,-281.3,-248.94
零售,601488,10021857,12506580,21,HLB-abb7cd81-56e9-11f0-8cdb-0c42a112278c,ZRTC20260424025,20,-281.3,-248.94
零售,601488,10021857,12506580,19,HLB-abb7cd48-56e9-11f0-8cdb-0c42a112278c,ZRTC20260424025,20,-281.3,-248.94
零售,601488,10021857,12506580,18,HLB-abb7cd96-56e9-11f0-8cdb-0c42a112278c,ZRTC20260424025,20,-281.3,-248.94
零售,601488,10021857,12506580,17,HLB-abb7cdc0-56e9-11f0-8cdb-0c42a112278c,ZRTC20260424025,20,-281.3,-248.94
零售,601488,10021857,12506580,16,HLB-abb7cc1f-56e9-11f0-8cdb-0c42a112278c,ZRTC20260424025,20,-281.3,-248.94
零售,601488,10021857,12506580,15,HLB-abb7ccc6-56e9-11f0-8cdb-0c42a112278c,ZRTC20260424025,20,-281.3,-248.94
零售,601488,10021857,12506580,11,HLB-abb7ccf6-56e9-11f0-8cdb-0c42a112278c,ZRTC20260424025,20,-281.3,-248.94
零售,601488,10021857,12506580,7,HLB-abb7cc98-56e9-11f0-8cdb-0c42a112278c,ZRTC20260424025,20,-281.3,-248.94
零售,601488,10021857,12506580,6,HLB-abb7cde8-56e9-11f0-8cdb-0c42a112278c,ZRTC20260424025,20,-281.3,-248.94
零售,601488,10021857,12506580,3,HLB-abb7cda9-56e9-11f0-8cdb-0c42a112278c,ZRTC20260424025,20,-281.3,-248.94
零售,601488,10021857,12506580,2,HLB-abb7cdfe-56e9-11f0-8cdb-0c42a112278c,ZRTC20260424025,20,-281.3,-248.94
零售,601488,10021857,12506580,1,HLB-abb7ccaf-56e9-11f0-8cdb-0c42a112278c,ZRTC20260424025,20,-281.3,-248.94
零售,601488,10021857,12377687,20,HLB-ecc7bf3e-4f2f-11f0-8cdb-0c42a112278c,ZRTC20260424025,20,-281.3,-248.94
零售,601488,10021857,12377687,19,HLB-ecc7bf2a-4f2f-11f0-8cdb-0c42a112278c,ZRTC20260424025,20,-281.3,-248.94
零售,601488,10021857,12377687,18,HLB-ecc7bedb-4f2f-11f0-8cdb-0c42a112278c,ZRTC20260424025,20,-281.3,-248.94
零售,601488,10021857,12377687,17,HLB-ecc7be00-4f2f-11f0-8cdb-0c42a112278c,ZRTC20260424025,20,-281.3,-248.94
零售,601488,10021857,12377687,16,HLB-ecc7be6c-4f2f-11f0-8cdb-0c42a112278c,ZRTC20260424025,20,-281.3,-248.94
零售,601488,10021857,12377687,15,HLB-ecc7bf7b-4f2f-11f0-8cdb-0c42a112278c,ZRTC20260424025,20,-281.3,-248.94
零售,601488,10021857,12377687,14,HLB-ecc7bf51-4f2f-11f0-8cdb-0c42a112278c,ZRTC20260424025,20,-281.3,-248.94
零售,601488,10021857,12377687,13,HLB-ecc7bf04-4f2f-11f0-8cdb-0c42a112278c,ZRTC20260424025,20,-281.3,-248.94
零售,601488,10021857,12377687,12,HLB-ecc7bef0-4f2f-11f0-8cdb-0c42a112278c,ZRTC20260424025,20,-281.3,-248.94
零售,601488,10021857,12377687,11,HLB-ecc7bf8f-4f2f-11f0-8cdb-0c42a112278c,ZRTC20260424025,20,-281.3,-248.94
零售,601488,10021857,12377687,10,HLB-ecc7be81-4f2f-11f0-8cdb-0c42a112278c,ZRTC20260424025,20,-281.3,-248.94
零售,601488,10021857,12377687,9,HLB-ecc7be16-4f2f-11f0-8cdb-0c42a112278c,ZRTC20260424025,20,-281.3,-248.94
零售,601488,10021857,12542815,2,HLB-d4e8a625-5c63-11f0-8cdb-0c42a112278c,ZRTC20260424025,18,-184.56,-163.33
零售,601488,10021857,12508837,17,HLB-170d9e9d-570e-11f0-8cdb-0c42a112278c,ZRTC20260424025,18,-184.56,-163.33
零售,601488,10021857,12508837,16,HLB-170d9eda-570e-11f0-8cdb-0c42a112278c,ZRTC20260424025,18,-184.56,-163.33
零售,601488,10021857,12508837,14,HLB-170d9e5e-570e-11f0-8cdb-0c42a112278c,ZRTC20260424025,18,-184.56,-163.33
零售,601488,10021857,12508837,9,HLB-170d9e8a-570e-11f0-8cdb-0c42a112278c,ZRTC20260424025,18,-184.56,-163.33
零售,601488,10021857,12508837,8,HLB-170d9eb0-570e-11f0-8cdb-0c42a112278c,ZRTC20260424025,18,-184.56,-163.33
零售,601488,10021857,12508837,7,HLB-170d9e76-570e-11f0-8cdb-0c42a112278c,ZRTC20260424025,18,-184.56,-163.33
零售,601488,10021857,12508837,6,HLB-170d9e37-570e-11f0-8cdb-0c42a112278c,ZRTC20260424025,18,-184.56,-163.33
零售,601488,10021857,12508837,5,HLB-170d9e24-570e-11f0-8cdb-0c42a112278c,ZRTC20260424025,18,-184.56,-163.33
零售,601488,10021857,12508837,3,HLB-170d9e4b-570e-11f0-8cdb-0c42a112278c,ZRTC20260424025,18,-184.56,-163.33
零售,601488,10021857,12508837,2,HLB-170d9ec6-570e-11f0-8cdb-0c42a112278c,ZRTC20260424025,18,-184.56,-163.33
零售,601488,10021857,12538556,1,HLB-39ecef2f-5ba8-11f0-8cdb-0c42a112278c,ZRTC20260424025,17,-311.73,-275.87
零售,601488,10021857,12162106,91,HLB-27f4b507-41de-11f0-8cdb-0c42a112278c,ZRTC20260424025,16,-282.3,-249.82
零售,601488,10021857,12162106,90,HLB-27f4b4e0-41de-11f0-8cdb-0c42a112278c,ZRTC20260424025,16,-282.06,-249.61
零售,601488,10021857,12162106,83,HLB-27f4b57d-41de-11f0-8cdb-0c42a112278c,ZRTC20260424025,16,-282.06,-249.61
零售,601488,10021857,12162106,52,HLB-27f4b468-41de-11f0-8cdb-0c42a112278c,ZRTC20260424025,16,-282.06,-249.61
零售,601488,10021857,12162106,43,HLB-27f4b492-41de-11f0-8cdb-0c42a112278c,ZRTC20260424025,16,-282.06,-249.61
零售,601488,10021857,12162106,42,HLB-27f4b43e-41de-11f0-8cdb-0c42a112278c,ZRTC20260424025,16,-282.06,-249.61
零售,601488,10021857,12162106,32,HLB-27f4b52f-41de-11f0-8cdb-0c42a112278c,ZRTC20260424025,16,-282.06,-249.61
零售,601488,10021857,12162106,25,HLB-27f4b4b8-41de-11f0-8cdb-0c42a112278c,ZRTC20260424025,16,-282.06,-249.61
零售,601488,10021857,12162106,15,HLB-27f4b40e-41de-11f0-8cdb-0c42a112278c,ZRTC20260424025,16,-282.06,-249.61
零售,601488,10021857,12162106,10,HLB-27f4b556-41de-11f0-8cdb-0c42a112278c,ZRTC20260424025,16,-282.06,-249.61
零售,601488,10021857,12512473,14,HLB-06a08929-57bf-11f0-8cdb-0c42a112278c,ZRTC20260424025,16,-282.06,-249.61
零售,601488,10021857,12512473,12,HLB-06a0895d-57bf-11f0-8cdb-0c42a112278c,ZRTC20260424025,16,-282.06,-249.61
零售,601488,10021857,12375045,15,HLB-0dead143-4f18-11f0-8cdb-0c42a112278c,ZRTC20260424025,16,-282.06,-249.61
零售,601488,10021857,12375045,14,HLB-0dead157-4f18-11f0-8cdb-0c42a112278c,ZRTC20260424025,16,-282.06,-249.61
零售,601488,10021857,12375045,13,HLB-0dead0b1-4f18-11f0-8cdb-0c42a112278c,ZRTC20260424025,16,-282.06,-249.61
零售,601488,10021857,12375045,12,HLB-0dead196-4f18-11f0-8cdb-0c42a112278c,ZRTC20260424025,16,-282.06,-249.61
零售,601488,10021857,12375045,11,HLB-0dead0f0-4f18-11f0-8cdb-0c42a112278c,ZRTC20260424025,16,-282.06,-249.61
零售,601488,10021857,12375045,10,HLB-0dead119-4f18-11f0-8cdb-0c42a112278c,ZRTC20260424025,16,-282.06,-249.61
零售,601488,10021857,12375045,9,HLB-0dead075-4f18-11f0-8cdb-0c42a112278c,ZRTC20260424025,16,-282.06,-249.61
零售,601488,10021857,12375045,8,HLB-0dead09e-4f18-11f0-8cdb-0c42a112278c,ZRTC20260424025,16,-282.06,-249.61
零售,601488,10021857,12375045,7,HLB-0dead089-4f18-11f0-8cdb-0c42a112278c,ZRTC20260424025,16,-282.06,-249.61
零售,601488,10021857,12375045,6,HLB-0dead0c5-4f18-11f0-8cdb-0c42a112278c,ZRTC20260424025,16,-282.06,-249.61
零售,601488,10021857,12375045,5,HLB-0dead12d-4f18-11f0-8cdb-0c42a112278c,ZRTC20260424025,16,-282.06,-249.61
零售,601488,10021857,12375045,4,HLB-0dead183-4f18-11f0-8cdb-0c42a112278c,ZRTC20260424025,16,-282.06,-249.61
零售,601488,10021857,12375045,3,HLB-0dead0dc-4f18-11f0-8cdb-0c42a112278c,ZRTC20260424025,16,-282.06,-249.61
零售,601488,10021857,12375045,2,HLB-0dead16e-4f18-11f0-8cdb-0c42a112278c,ZRTC20260424025,16,-282.06,-249.61
零售,601488,10021857,12375045,1,HLB-0dead104-4f18-11f0-8cdb-0c42a112278c,ZRTC20260424025,16,-282.06,-249.61
零售,601488,10021857,12517981,30,HLB-04b07d6d-5898-11f0-8cdb-0c42a112278c,ZRTC20260424025,16,-282.06,-249.61
零售,601488,10021857,12517981,29,HLB-04b07aeb-5898-11f0-8cdb-0c42a112278c,ZRTC20260424025,16,-282.06,-249.61
零售,601488,10021857,12517981,28,HLB-04b07d2b-5898-11f0-8cdb-0c42a112278c,ZRTC20260424025,16,-282.06,-249.61
零售,601488,10021857,12517981,27,HLB-04b07c74-5898-11f0-8cdb-0c42a112278c,ZRTC20260424025,16,-282.06,-249.61
零售,601488,10021857,12517981,26,HLB-04b07b95-5898-11f0-8cdb-0c42a112278c,ZRTC20260424025,16,-282.06,-249.61
零售,601488,10021857,12517981,25,HLB-04b07b52-5898-11f0-8cdb-0c42a112278c,ZRTC20260424025,16,-282.06,-249.61
零售,601488,10021857,12517981,24,HLB-04b07cd8-5898-11f0-8cdb-0c42a112278c,ZRTC20260424025,16,-282.06,-249.61
零售,601488,10021857,12517981,23,HLB-04b07c35-5898-11f0-8cdb-0c42a112278c,ZRTC20260424025,16,-282.06,-249.61
零售,601488,10021857,12517981,22,HLB-04b07bf5-5898-11f0-8cdb-0c42a112278c,ZRTC20260424025,16,-282.06,-249.61
零售,601488,10021857,12517981,21,HLB-04b07c5f-5898-11f0-8cdb-0c42a112278c,ZRTC20260424025,16,-282.06,-249.61
零售,601488,10021857,12517981,20,HLB-04b07d17-5898-11f0-8cdb-0c42a112278c,ZRTC20260424025,16,-282.06,-249.61
零售,601488,10021857,12517981,19,HLB-04b07cc2-5898-11f0-8cdb-0c42a112278c,ZRTC20260424025,16,-282.06,-249.61
零售,601488,10021857,12517981,18,HLB-04b07c88-5898-11f0-8cdb-0c42a112278c,ZRTC20260424025,16,-282.06,-249.61
零售,601488,10021857,12517981,17,HLB-04b07c49-5898-11f0-8cdb-0c42a112278c,ZRTC20260424025,16,-282.06,-249.61
零售,601488,10021857,12517981,16,HLB-04b07c0a-5898-11f0-8cdb-0c42a112278c,ZRTC20260424025,16,-282.06,-249.61
零售,601488,10021857,12517981,15,HLB-04b07bb0-5898-11f0-8cdb-0c42a112278c,ZRTC20260424025,16,-282.06,-249.61
零售,601488,10021857,12517981,14,HLB-04b07b37-5898-11f0-8cdb-0c42a112278c,ZRTC20260424025,16,-282.06,-249.61
零售,601488,10021857,12517981,13,HLB-04b07d04-5898-11f0-8cdb-0c42a112278c,ZRTC20260424025,16,-282.06,-249.61
零售,601488,10021857,12517981,12,HLB-04b07c21-5898-11f0-8cdb-0c42a112278c,ZRTC20260424025,16,-282.06,-249.61
零售,601488,10021857,12517981,11,HLB-04b07b68-5898-11f0-8cdb-0c42a112278c,ZRTC20260424025,16,-282.06,-249.61
零售,601488,10021857,12517981,10,HLB-04b07caf-5898-11f0-8cdb-0c42a112278c,ZRTC20260424025,16,-282.06,-249.61
零售,601488,10021857,12517981,9,HLB-04b07bc8-5898-11f0-8cdb-0c42a112278c,ZRTC20260424025,16,-282.06,-249.61
零售,601488,10021857,12517981,8,HLB-04b07d42-5898-11f0-8cdb-0c42a112278c,ZRTC20260424025,16,-282.06,-249.61
零售,601488,10021857,12517981,7,HLB-04b07ced-5898-11f0-8cdb-0c42a112278c,ZRTC20260424025,16,-282.06,-249.61
零售,601488,10021857,12517981,6,HLB-04b07b7f-5898-11f0-8cdb-0c42a112278c,ZRTC20260424025,16,-282.06,-249.61
零售,601488,10021857,12517981,5,HLB-04b07d86-5898-11f0-8cdb-0c42a112278c,ZRTC20260424025,16,-282.06,-249.61
零售,601488,10021857,12517981,4,HLB-04b07bde-5898-11f0-8cdb-0c42a112278c,ZRTC20260424025,16,-282.06,-249.61
零售,601488,10021857,12517981,3,HLB-04b07d9a-5898-11f0-8cdb-0c42a112278c,ZRTC20260424025,16,-282.06,-249.61
零售,601488,10021857,12508833,21,HLB-16a9bfec-570e-11f0-8cdb-0c42a112278c,ZRTC20260424025,12,-400.26,-354.21
零售,601488,10021857,12508833,20,HLB-16a9c1bb-570e-11f0-8cdb-0c42a112278c,ZRTC20260424025,12,-400.26,-354.21
零售,601488,10021857,12508833,19,HLB-16a9c0c0-570e-11f0-8cdb-0c42a112278c,ZRTC20260424025,12,-400.26,-354.21
零售,601488,10021857,12508833,17,HLB-16a9bfcf-570e-11f0-8cdb-0c42a112278c,ZRTC20260424025,12,-400.26,-354.21
零售,601488,10021857,12508833,16,HLB-16a9c158-570e-11f0-8cdb-0c42a112278c,ZRTC20260424025,12,-400.26,-354.21
零售,601488,10021857,12508833,14,HLB-16a9c0ac-570e-11f0-8cdb-0c42a112278c,ZRTC20260424025,12,-400.26,-354.21
零售,601488,10021857,12508833,6,HLB-16a9c216-570e-11f0-8cdb-0c42a112278c,ZRTC20260424025,12,-400.26,-354.21
零售,601488,10021857,12508833,5,HLB-16a9c13f-570e-11f0-8cdb-0c42a112278c,ZRTC20260424025,12,-400.26,-354.21
零售,601488,10021857,12508833,2,HLB-16a9c056-570e-11f0-8cdb-0c42a112278c,ZRTC20260424025,12,-400.26,-354.21
零售,601488,10021857,12508833,1,HLB-16a9bf99-570e-11f0-8cdb-0c42a112278c,ZRTC20260424025,12,-400.26,-354.21
零售,601488,10021857,12544958,1,HLB-bf69c281-5c89-11f0-8cdb-0c42a112278c,ZRTC20260424025,12,-400.26,-354.21
零售,601488,10021857,12544992,1,HLB-2b02a969-5c8a-11f0-8cdb-0c42a112278c,ZRTC20260424025,12,-400.26,-354.21
零售,601488,10021857,12581705,19,HLB-ad5be0d1-615e-11f0-8cdb-0c42a112278c,ZRTC20260424025,12,-400.26,-354.21
零售,601488,10021857,12581705,18,HLB-ad5bdffa-615e-11f0-8cdb-0c42a112278c,ZRTC20260424025,12,-400.26,-354.21
零售,601488,10021857,12581705,15,HLB-ad5be03f-615e-11f0-8cdb-0c42a112278c,ZRTC20260424025,12,-400.26,-354.21
零售,601488,10021857,12581705,14,HLB-ad5be092-615e-11f0-8cdb-0c42a112278c,ZRTC20260424025,12,-400.26,-354.21
零售,601488,10021857,12581705,12,HLB-ad5be0be-615e-11f0-8cdb-0c42a112278c,ZRTC20260424025,12,-400.26,-354.21
零售,601488,10021857,12581705,11,HLB-ad5bdf96-615e-11f0-8cdb-0c42a112278c,ZRTC20260424025,12,-400.26,-354.21
零售,601488,10021857,12581705,10,HLB-ad5be0aa-615e-11f0-8cdb-0c42a112278c,ZRTC20260424025,12,-400.26,-354.21
零售,601488,10021857,12581705,8,HLB-ad5be069-615e-11f0-8cdb-0c42a112278c,ZRTC20260424025,12,-400.26,-354.21
零售,601488,10021857,12581705,3,HLB-ad5be054-615e-11f0-8cdb-0c42a112278c,ZRTC20260424025,12,-400.26,-354.21
零售,601488,10021857,12581705,2,HLB-ad5be07e-615e-11f0-8cdb-0c42a112278c,ZRTC20260424025,12,-400.26,-354.21
零售,601488,10021857,12430186,39,HLB-345430c2-5258-11f0-8cdb-0c42a112278c,ZRTC20260424025,12,-400.26,-354.21
零售,601488,10021857,12430186,38,HLB-34543177-5258-11f0-8cdb-0c42a112278c,ZRTC20260424025,12,-400.26,-354.21
零售,601488,10021857,12430186,37,HLB-345430de-5258-11f0-8cdb-0c42a112278c,ZRTC20260424025,12,-400.26,-354.21
零售,601488,10021857,12430186,36,HLB-345430f3-5258-11f0-8cdb-0c42a112278c,ZRTC20260424025,12,-400.26,-354.21
零售,601488,10021857,12430186,35,HLB-3454310d-5258-11f0-8cdb-0c42a112278c,ZRTC20260424025,12,-400.26,-354.21
零售,601488,10021857,12430186,33,HLB-3454323b-5258-11f0-8cdb-0c42a112278c,ZRTC20260424025,12,-400.26,-354.21
零售,601488,10021857,12430186,32,HLB-34543203-5258-11f0-8cdb-0c42a112278c,ZRTC20260424025,12,-400.26,-354.21
零售,601488,10021857,12430186,31,HLB-345431a3-5258-11f0-8cdb-0c42a112278c,ZRTC20260424025,12,-400.26,-354.21
零售,601488,10021857,12430186,29,HLB-345431bb-5258-11f0-8cdb-0c42a112278c,ZRTC20260424025,12,-400.26,-354.21
零售,601488,10021857,12430186,28,HLB-34543094-5258-11f0-8cdb-0c42a112278c,ZRTC20260424025,12,-400.26,-354.21
零售,601488,10021857,12430186,27,HLB-34542fca-5258-11f0-8cdb-0c42a112278c,ZRTC20260424025,12,-400.26,-354.21
零售,601488,10021857,12430186,26,HLB-34543146-5258-11f0-8cdb-0c42a112278c,ZRTC20260424025,12,-400.26,-354.21
零售,601488,10021857,12430186,18,HLB-345430ae-5258-11f0-8cdb-0c42a112278c,ZRTC20260424025,12,-400.26,-354.21
零售,601488,10021857,12430186,15,HLB-3454315f-5258-11f0-8cdb-0c42a112278c,ZRTC20260424025,12,-400.26,-354.21
零售,601488,10021857,12430186,14,HLB-345431e6-5258-11f0-8cdb-0c42a112278c,ZRTC20260424025,12,-400.26,-354.21
零售,601488,10021857,12430186,13,HLB-34543079-5258-11f0-8cdb-0c42a112278c,ZRTC20260424025,12,-400.26,-354.21
零售,601488,10021857,12430186,12,HLB-345431d1-5258-11f0-8cdb-0c42a112278c,ZRTC20260424025,12,-400.26,-354.21
零售,601488,10021857,12430186,11,HLB-34543253-5258-11f0-8cdb-0c42a112278c,ZRTC20260424025,12,-400.26,-354.21
零售,601488,10021857,12430186,6,HLB-3454318d-5258-11f0-8cdb-0c42a112278c,ZRTC20260424025,12,-400.26,-354.21
零售,601488,10021857,12430186,1,HLB-3454321b-5258-11f0-8cdb-0c42a112278c,ZRTC20260424025,12,-400.26,-354.21
零售,601488,10021857,12518910,38,HLB-edfbea78-58a4-11f0-8cdb-0c42a112278c,ZRTC20260424025,12,-400.26,-354.21
零售,601488,10021857,12518910,37,HLB-ee16a09f-58a4-11f0-8cdb-0c42a112278c,ZRTC20260424025,12,-400.26,-354.21
零售,601488,10021857,12518910,36,HLB-edfbea8b-58a4-11f0-8cdb-0c42a112278c,ZRTC20260424025,12,-400.26,-354.21
零售,601488,10021857,12518910,34,HLB-edfbea29-58a4-11f0-8cdb-0c42a112278c,ZRTC20260424025,12,-400.26,-354.21
零售,601488,10021857,12518910,33,HLB-ee16a0cf-58a4-11f0-8cdb-0c42a112278c,ZRTC20260424025,12,-400.26,-354.21
零售,601488,10021857,12518910,29,HLB-edfbea65-58a4-11f0-8cdb-0c42a112278c,ZRTC20260424025,12,-400.26,-354.21
零售,601488,10021857,12518910,27,HLB-ee16a0fa-58a4-11f0-8cdb-0c42a112278c,ZRTC20260424025,12,-400.26,-354.21
零售,601488,10021857,12518910,26,HLB-edfbeab5-58a4-11f0-8cdb-0c42a112278c,ZRTC20260424025,12,-400.26,-354.21
零售,601488,10021857,12518910,23,HLB-ee16a112-58a4-11f0-8cdb-0c42a112278c,ZRTC20260424025,12,-400.26,-354.21
零售,601488,10021857,12518910,20,HLB-edfbeaa1-58a4-11f0-8cdb-0c42a112278c,ZRTC20260424025,12,-400.26,-354.21
零售,601488,10021857,12518910,17,HLB-edfbeac8-58a4-11f0-8cdb-0c42a112278c,ZRTC20260424025,12,-400.26,-354.21
零售,601488,10021857,12518910,16,HLB-ee16a055-58a4-11f0-8cdb-0c42a112278c,ZRTC20260424025,12,-400.26,-354.21
零售,601488,10021857,12518910,14,HLB-ee169ff8-58a4-11f0-8cdb-0c42a112278c,ZRTC20260424025,12,-400.26,-354.21
零售,601488,10021857,12518910,13,HLB-ee16a06d-58a4-11f0-8cdb-0c42a112278c,ZRTC20260424025,12,-400.26,-354.21
零售,601488,10021857,12518910,10,HLB-ee16a0b8-58a4-11f0-8cdb-0c42a112278c,ZRTC20260424025,12,-400.26,-354.21
零售,601488,10021857,12518910,8,HLB-ee16a083-58a4-11f0-8cdb-0c42a112278c,ZRTC20260424025,12,-400.26,-354.21
零售,601488,10021857,12518910,7,HLB-edfbea3c-58a4-11f0-8cdb-0c42a112278c,ZRTC20260424025,12,-400.26,-354.21
零售,601488,10021857,12518910,4,HLB-edfbe9fe-58a4-11f0-8cdb-0c42a112278c,ZRTC20260424025,12,-400.26,-354.21
零售,601488,10021857,12518910,2,HLB-edfbea14-58a4-11f0-8cdb-0c42a112278c,ZRTC20260424025,12,-400.26,-354.21
零售,601488,10021857,12518910,1,HLB-ee16a0e5-58a4-11f0-8cdb-0c42a112278c,ZRTC20260424025,12,-400.26,-354.21
零售,601488,10021857,12508839,57,HLB-172f7b78-570e-11f0-8cdb-0c42a112278c,ZRTC20260424025,12,-400.26,-354.21
零售,601488,10021857,12508839,54,HLB-172f7c36-570e-11f0-8cdb-0c42a112278c,ZRTC20260424025,12,-400.26,-354.21
零售,601488,10021857,12508839,53,HLB-172f7b4e-570e-11f0-8cdb-0c42a112278c,ZRTC20260424025,12,-400.26,-354.21
零售,601488,10021857,12508839,52,HLB-172f7bce-570e-11f0-8cdb-0c42a112278c,ZRTC20260424025,12,-400.26,-354.21
零售,601488,10021857,12508839,51,HLB-172f7ad0-570e-11f0-8cdb-0c42a112278c,ZRTC20260424025,12,-400.26,-354.21
零售,601488,10021857,12508823,47,HLB-15bef8b7-570e-11f0-8cdb-0c42a112278c,ZRTC20260424025,4,-477.32,-422.41
零售,601488,10021857,12508823,36,HLB-159a7355-570e-11f0-8cdb-0c42a112278c,ZRTC20260424025,4,-477.32,-422.41
零售,601488,10021857,12508823,30,HLB-159a7237-570e-11f0-8cdb-0c42a112278c,ZRTC20260424025,4,-477.32,-422.41
零售,601488,10021857,12508823,27,HLB-159a7275-570e-11f0-8cdb-0c42a112278c,ZRTC20260424025,4,-477.32,-422.41
零售,601488,10021857,12508823,25,HLB-159a7221-570e-11f0-8cdb-0c42a112278c,ZRTC20260424025,4,-477.32,-422.41
零售,601488,10021857,12508823,22,HLB-15bef850-570e-11f0-8cdb-0c42a112278c,ZRTC20260424025,4,-477.32,-422.41
零售,601488,10021857,12508823,21,HLB-159a72b1-570e-11f0-8cdb-0c42a112278c,ZRTC20260424025,4,-477.32,-422.41
零售,601488,10021857,12508823,16,HLB-15bef837-570e-11f0-8cdb-0c42a112278c,ZRTC20260424025,4,-477.32,-422.41
零售,601488,10021857,12508823,15,HLB-159a720c-570e-11f0-8cdb-0c42a112278c,ZRTC20260424025,4,-477.32,-422.41
零售,601488,10021857,12508823,14,HLB-159a724b-570e-11f0-8cdb-0c42a112278c,ZRTC20260424025,4,-477.32,-422.41
零售,601488,10021857,12508823,13,HLB-15bef7eb-570e-11f0-8cdb-0c42a112278c,ZRTC20260424025,4,-477.32,-422.41
零售,601488,10021857,12508823,11,HLB-159a729c-570e-11f0-8cdb-0c42a112278c,ZRTC20260424025,4,-477.32,-422.41
零售,601488,10021857,12508823,9,HLB-159a7261-570e-11f0-8cdb-0c42a112278c,ZRTC20260424025,4,-477.32,-422.41
零售,601488,10021857,12508823,6,HLB-15bef869-570e-11f0-8cdb-0c42a112278c,ZRTC20260424025,4,-477.32,-422.41
零售,601488,10021857,12508823,4,HLB-159a7369-570e-11f0-8cdb-0c42a112278c,ZRTC20260424025,4,-477.32,-422.41
零售,601488,10021857,12508823,3,HLB-159a72c7-570e-11f0-8cdb-0c42a112278c,ZRTC20260424025,4,-477.32,-422.41
零售,601488,10021857,12508823,1,HLB-15bef89c-570e-11f0-8cdb-0c42a112278c,ZRTC20260424025,4,-477.32,-422.41
零售,601488,10021857,12520932,30,HLB-7aaa1416-5935-11f0-8cdb-0c42a112278c,ZRTC20260424025,4,-477.32,-422.41
零售,601488,10021857,12520932,29,HLB-7aaa13d7-5935-11f0-8cdb-0c42a112278c,ZRTC20260424025,4,-477.32,-422.41
零售,601488,10021857,12520932,28,HLB-7aaa12f3-5935-11f0-8cdb-0c42a112278c,ZRTC20260424025,4,-477.32,-422.41
零售,601488,10021857,12520932,27,HLB-7aaa12b9-5935-11f0-8cdb-0c42a112278c,ZRTC20260424025,4,-477.32,-422.41
零售,601488,10021857,12508823,40,HLB-159a7316-570e-11f0-8cdb-0c42a112278c,ZRTC20260424025,4,-477.32,-422.41
零售,601488,10021857,12508823,39,HLB-15bef883-570e-11f0-8cdb-0c42a112278c,ZRTC20260424025,4,-477.32,-422.41
零售,601488,10021857,12508823,38,HLB-159a71cb-570e-11f0-8cdb-0c42a112278c,ZRTC20260424025,4,-477.32,-422.41
零售,601488,10021857,12508823,37,HLB-159a71f5-570e-11f0-8cdb-0c42a112278c,ZRTC20260424025,4,-477.32,-422.41
零售,601488,10021857,12512474,29,HLB-06a08b4c-57bf-11f0-8cdb-0c42a112278c,ZRTC20260424025,2,-338.62,-299.66
零售,601488,10021857,12512474,25,HLB-06c38ad5-57bf-11f0-8cdb-0c42a112278c,ZRTC20260424025,2,-338.62,-299.66
零售,601488,10021857,12512474,24,HLB-06c38b90-57bf-11f0-8cdb-0c42a112278c,ZRTC20260424025,2,-338.62,-299.66
零售,601488,10021857,12512474,23,HLB-06c38a8d-57bf-11f0-8cdb-0c42a112278c,ZRTC20260424025,2,-338.62,-299.66
零售,601488,10021857,12512474,22,HLB-06a08bdb-57bf-11f0-8cdb-0c42a112278c,ZRTC20260424025,2,-338.62,-299.66
零售,601488,10021857,12512474,21,HLB-06a08ad1-57bf-11f0-8cdb-0c42a112278c,ZRTC20260424025,2,-338.62,-299.66
零售,601488,10021857,12512474,16,HLB-06a08b75-57bf-11f0-8cdb-0c42a112278c,ZRTC20260424025,2,-338.62,-299.66
零售,601488,10021857,12512474,15,HLB-06a08a27-57bf-11f0-8cdb-0c42a112278c,ZRTC20260424025,2,-338.62,-299.66
零售,601488,10021857,12512474,14,HLB-06c389e7-57bf-11f0-8cdb-0c42a112278c,ZRTC20260424025,2,-338.62,-299.66
零售,601488,10021857,12512474,13,HLB-06a08a10-57bf-11f0-8cdb-0c42a112278c,ZRTC20260424025,2,-338.62,-299.66
零售,601488,10021857,12512474,12,HLB-06a08b38-57bf-11f0-8cdb-0c42a112278c,ZRTC20260424025,2,-338.62,-299.66
零售,601488,10021857,12512474,7,HLB-06c38bbc-57bf-11f0-8cdb-0c42a112278c,ZRTC20260424025,2,-338.62,-299.66
零售,601488,10021857,12512474,6,HLB-06c38ba5-57bf-11f0-8cdb-0c42a112278c,ZRTC20260424025,2,-338.62,-299.66
零售,601488,10021857,12512474,5,HLB-06a08b0f-57bf-11f0-8cdb-0c42a112278c,ZRTC20260424025,2,-338.62,-299.66
零售,601488,10021857,12512474,3,HLB-06a089b7-57bf-11f0-8cdb-0c42a112278c,ZRTC20260424025,2,-338.62,-299.66
零售,601488,10021857,12512474,2,HLB-06a08abb-57bf-11f0-8cdb-0c42a112278c,ZRTC20260424025,2,-338.62,-299.66
零售,601488,10021857,12512474,1,HLB-06c38b3e-57bf-11f0-8cdb-0c42a112278c,ZRTC20260424025,2,-338.62,-299.66
零售,601488,10021857,12508826,40,HLB-16008f3f-570e-11f0-8cdb-0c42a112278c,ZRTC20260424025,2,-338.62,-299.66
零售,601488,10021857,12508826,33,HLB-16009082-570e-11f0-8cdb-0c42a112278c,ZRTC20260424025,2,-338.62,-299.66
零售,601488,10021857,12508826,32,HLB-1600900f-570e-11f0-8cdb-0c42a112278c,ZRTC20260424025,2,-338.62,-299.66
零售,601488,10021857,12508826,31,HLB-1600906c-570e-11f0-8cdb-0c42a112278c,ZRTC20260424025,2,-338.62,-299.66
零售,601488,10021857,12508826,30,HLB-16009029-570e-11f0-8cdb-0c42a112278c,ZRTC20260424025,2,-338.62,-299.66
零售,601488,10021857,12508826,29,HLB-16008fc7-570e-11f0-8cdb-0c42a112278c,ZRTC20260424025,2,-338.62,-299.66
零售,601488,10021857,12162106,48,HLB-27defe42-41de-11f0-8cdb-0c42a112278c,ZRTC20260424025,21,-282.06,-249.61
零售,601488,10021857,12162106,45,HLB-27bc342c-41de-11f0-8cdb-0c42a112278c,ZRTC20260424025,21,-282.06,-249.61
零售,601488,10021857,12162106,44,HLB-27defd7b-41de-11f0-8cdb-0c42a112278c,ZRTC20260424025,21,-282.06,-249.61
零售,601488,10021857,12162106,41,HLB-27deff04-41de-11f0-8cdb-0c42a112278c,ZRTC20260424025,21,-282.06,-249.61
零售,601488,10021857,12162106,39,HLB-27defc5b-41de-11f0-8cdb-0c42a112278c,ZRTC20260424025,21,-282.06,-249.61
零售,601488,10021857,12162106,36,HLB-27defb88-41de-11f0-8cdb-0c42a112278c,ZRTC20260424025,21,-282.06,-249.61
零售,601488,10021857,12162106,35,HLB-27bc32a6-41de-11f0-8cdb-0c42a112278c,ZRTC20260424025,21,-282.06,-249.61
零售,601488,10021857,12162106,34,HLB-27defc31-41de-11f0-8cdb-0c42a112278c,ZRTC20260424025,21,-282.06,-249.61
零售,601488,10021857,12162106,31,HLB-27defb5a-41de-11f0-8cdb-0c42a112278c,ZRTC20260424025,21,-282.06,-249.61
零售,601488,10021857,12162106,27,HLB-27defc84-41de-11f0-8cdb-0c42a112278c,ZRTC20260424025,21,-282.06,-249.61
零售,601488,10021857,12162106,21,HLB-27defe93-41de-11f0-8cdb-0c42a112278c,ZRTC20260424025,21,-282.06,-249.61
零售,601488,10021857,12162106,20,HLB-27defae0-41de-11f0-8cdb-0c42a112278c,ZRTC20260424025,21,-282.06,-249.61
零售,601488,10021857,12162106,19,HLB-27defd29-41de-11f0-8cdb-0c42a112278c,ZRTC20260424025,21,-282.06,-249.61
零售,601488,10021857,12162106,14,HLB-27bc3459-41de-11f0-8cdb-0c42a112278c,ZRTC20260424025,21,-282.06,-249.61
零售,601488,10021857,12162106,11,HLB-27bc336f-41de-11f0-8cdb-0c42a112278c,ZRTC20260424025,21,-282.06,-249.61
零售,601488,10021857,12162106,9,HLB-27defbdf-41de-11f0-8cdb-0c42a112278c,ZRTC20260424025,21,-282.06,-249.61
零售,601488,10021857,12162106,6,HLB-27defc08-41de-11f0-8cdb-0c42a112278c,ZRTC20260424025,21,-282.06,-249.61
零售,601488,10021857,12162106,4,HLB-27bc323a-41de-11f0-8cdb-0c42a112278c,ZRTC20260424025,21,-282.06,-249.61
零售,601488,10021857,12162106,3,HLB-27defe1b-41de-11f0-8cdb-0c42a112278c,ZRTC20260424025,21,-282.06,-249.61
零售,601488,10021857,12162106,1,HLB-27bc3310-41de-11f0-8cdb-0c42a112278c,ZRTC20260424025,21,-282.06,-249.61
零售,601488,10021857,12516719,79,HLB-2992c49d-5880-11f0-8cdb-0c42a112278c,ZRTC20260424025,21,-282.06,-249.61
零售,601488,10021857,12516719,77,HLB-2992c37a-5880-11f0-8cdb-0c42a112278c,ZRTC20260424025,21,-282.06,-249.61
零售,601488,10021857,12516719,74,HLB-29728865-5880-11f0-8cdb-0c42a112278c,ZRTC20260424025,21,-282.06,-249.61
零售,601488,10021857,12516719,68,HLB-2972870e-5880-11f0-8cdb-0c42a112278c,ZRTC20260424025,21,-282.06,-249.61
零售,601488,10021857,12516719,67,HLB-2992c4f4-5880-11f0-8cdb-0c42a112278c,ZRTC20260424025,21,-282.06,-249.61
零售,601488,10021857,12516719,66,HLB-29728685-5880-11f0-8cdb-0c42a112278c,ZRTC20260424025,21,-282.06,-249.61
零售,601488,10021857,12516719,65,HLB-2992c577-5880-11f0-8cdb-0c42a112278c,ZRTC20260424025,21,-282.06,-249.61
零售,601488,10021857,12516719,64,HLB-2992c4c7-5880-11f0-8cdb-0c42a112278c,ZRTC20260424025,21,-282.06,-249.61
零售,601488,10021857,12516719,63,HLB-2992c413-5880-11f0-8cdb-0c42a112278c,ZRTC20260424025,21,-282.06,-249.61
零售,601488,10021857,12516719,62,HLB-297283c1-5880-11f0-8cdb-0c42a112278c,ZRTC20260424025,21,-282.06,-249.61
零售,601488,10021857,12516719,60,HLB-29728603-5880-11f0-8cdb-0c42a112278c,ZRTC20260424025,21,-282.06,-249.61
零售,601488,10021857,12516719,59,HLB-2992c46e-5880-11f0-8cdb-0c42a112278c,ZRTC20260424025,21,-282.06,-249.61
零售,601488,10021857,12516719,58,HLB-2972854a-5880-11f0-8cdb-0c42a112278c,ZRTC20260424025,21,-282.06,-249.61
零售,601488,10021857,12516719,57,HLB-2992c3e0-5880-11f0-8cdb-0c42a112278c,ZRTC20260424025,21,-282.06,-249.61
零售,601488,10021857,12516719,54,HLB-29728836-5880-11f0-8cdb-0c42a112278c,ZRTC20260424025,21,-282.06,-249.61
零售,601488,10021857,12516719,53,HLB-2992c3ac-5880-11f0-8cdb-0c42a112278c,ZRTC20260424025,21,-282.06,-249.61
零售,601488,10021857,12516719,49,HLB-2972840a-5880-11f0-8cdb-0c42a112278c,ZRTC20260424025,21,-282.06,-249.61
零售,601488,10021857,12516719,48,HLB-2972865b-5880-11f0-8cdb-0c42a112278c,ZRTC20260424025,21,-282.06,-249.61
零售,601488,10021857,12516719,47,HLB-2992c522-5880-11f0-8cdb-0c42a112278c,ZRTC20260424025,21,-282.06,-249.61
零售,601488,10021857,12516719,45,HLB-297284ab-5880-11f0-8cdb-0c42a112278c,ZRTC20260424025,21,-282.06,-249.61
零售,601488,10021857,12516719,40,HLB-29728780-5880-11f0-8cdb-0c42a112278c,ZRTC20260424025,21,-282.06,-249.61
零售,601488,10021857,12516719,33,HLB-2972851a-5880-11f0-8cdb-0c42a112278c,ZRTC20260424025,21,-282.06,-249.61
零售,601488,10021857,12516719,32,HLB-2992c5cc-5880-11f0-8cdb-0c42a112278c,ZRTC20260424025,21,-282.06,-249.61
零售,601488,10021857,12516719,31,HLB-2992c5a3-5880-11f0-8cdb-0c42a112278c,ZRTC20260424025,21,-282.06,-249.61
零售,601488,10021857,12516719,29,HLB-297286b1-5880-11f0-8cdb-0c42a112278c,ZRTC20260424025,21,-282.06,-249.61
零售,601488,10021857,12516719,28,HLB-297284e4-5880-11f0-8cdb-0c42a112278c,ZRTC20260424025,21,-282.06,-249.61
零售,601488,10021857,12516719,27,HLB-29728630-5880-11f0-8cdb-0c42a112278c,ZRTC20260424025,21,-282.06,-249.61
零售,601488,10021857,12516719,26,HLB-29728576-5880-11f0-8cdb-0c42a112278c,ZRTC20260424025,21,-282.06,-249.61
零售,601488,10021857,12516719,24,HLB-2992c54c-5880-11f0-8cdb-0c42a112278c,ZRTC20260424025,21,-282.06,-249.61
零售,601488,10021857,12516719,23,HLB-297287da-5880-11f0-8cdb-0c42a112278c,ZRTC20260424025,21,-282.06,-249.61
零售,601488,10021857,12516719,22,HLB-2992c441-5880-11f0-8cdb-0c42a112278c,ZRTC20260424025,21,-282.06,-249.61
零售,601488,10021857,12516719,20,HLB-297287ab-5880-11f0-8cdb-0c42a112278c,ZRTC20260424025,21,-282.06,-249.61
零售,601488,10021857,12516719,19,HLB-297285d7-5880-11f0-8cdb-0c42a112278c,ZRTC20260424025,21,-282.06,-249.61
零售,601488,10021857,12516719,17,HLB-297286dd-5880-11f0-8cdb-0c42a112278c,ZRTC20260424025,21,-282.06,-249.61
零售,601488,10021857,12516719,15,HLB-29728476-5880-11f0-8cdb-0c42a112278c,ZRTC20260424025,21,-282.06,-249.61
零售,601488,10021857,12516719,13,HLB-29728756-5880-11f0-8cdb-0c42a112278c,ZRTC20260424025,21,-282.06,-249.61
零售,601488,10021857,12516719,9,HLB-2972843e-5880-11f0-8cdb-0c42a112278c,ZRTC20260424025,21,-282.06,-249.61
零售,601488,10021857,12516719,4,HLB-29728809-5880-11f0-8cdb-0c42a112278c,ZRTC20260424025,21,-282.06,-249.61
零售,601488,10021857,12516719,2,HLB-2992c348-5880-11f0-8cdb-0c42a112278c,ZRTC20260424025,21,-282.06,-249.61
零售,601488,10021857,12516719,1,HLB-297285a5-5880-11f0-8cdb-0c42a112278c,ZRTC20260424025,21,-282.06,-249.61
零售,601488,10021857,12517980,40,HLB-0496a8e2-5898-11f0-8cdb-0c42a112278c,ZRTC20260424025,21,-282.06,-249.61
零售,601488,10021857,12517980,37,HLB-0496a9a5-5898-11f0-8cdb-0c42a112278c,ZRTC20260424025,21,-282.06,-249.61
零售,601488,10021857,12517980,35,HLB-0496a91a-5898-11f0-8cdb-0c42a112278c,ZRTC20260424025,21,-282.06,-249.61
零售,601488,10021857,12517980,34,HLB-0496aacd-5898-11f0-8cdb-0c42a112278c,ZRTC20260424025,21,-282.06,-249.61
零售,601488,10021857,12517980,26,HLB-0496a970-5898-11f0-8cdb-0c42a112278c,ZRTC20260424025,21,-282.06,-249.61
零售,601488,10021857,12517980,21,HLB-0496aaa3-5898-11f0-8cdb-0c42a112278c,ZRTC20260424025,21,-282.06,-249.61
零售,601488,10021857,12517980,18,HLB-0496aa72-5898-11f0-8cdb-0c42a112278c,ZRTC20260424025,21,-282.06,-249.61
零售,601488,10021857,12377687,8,HLB-ecc7bf67-4f2f-11f0-8cdb-0c42a112278c,ZRTC20260424025,20,-281.3,-248.94
零售,601488,10021857,12377687,7,HLB-ecc7bec0-4f2f-11f0-8cdb-0c42a112278c,ZRTC20260424025,20,-281.3,-248.94
零售,601488,10021857,12377687,6,HLB-ecc7bf17-4f2f-11f0-8cdb-0c42a112278c,ZRTC20260424025,20,-281.3,-248.94
零售,601488,10021857,12377687,5,HLB-ecc7be2d-4f2f-11f0-8cdb-0c42a112278c,ZRTC20260424025,20,-281.3,-248.94
零售,601488,10021857,12377687,4,HLB-ecc7beac-4f2f-11f0-8cdb-0c42a112278c,ZRTC20260424025,20,-281.3,-248.94
零售,601488,10021857,12377687,3,HLB-ecc7be95-4f2f-11f0-8cdb-0c42a112278c,ZRTC20260424025,20,-281.3,-248.94
零售,601488,10021857,12377687,2,HLB-ecc7be40-4f2f-11f0-8cdb-0c42a112278c,ZRTC20260424025,20,-281.3,-248.94
零售,601488,10021857,12377687,1,HLB-ecc7be53-4f2f-11f0-8cdb-0c42a112278c,ZRTC20260424025,20,-281.3,-248.94
零售,601488,10021857,12549584,10,HLB-6ecc3874-5d4a-11f0-8cdb-0c42a112278c,ZRTC20260424025,20,-281.3,-248.94
零售,601488,10021857,12549584,9,HLB-6ecc385f-5d4a-11f0-8cdb-0c42a112278c,ZRTC20260424025,20,-281.3,-248.94
零售,601488,10021857,12549584,8,HLB-6ecc3838-5d4a-11f0-8cdb-0c42a112278c,ZRTC20260424025,20,-281.3,-248.94
零售,601488,10021857,12549584,6,HLB-6ecc3822-5d4a-11f0-8cdb-0c42a112278c,ZRTC20260424025,20,-281.3,-248.94
零售,601488,10021857,12549584,5,HLB-6ecc384b-5d4a-11f0-8cdb-0c42a112278c,ZRTC20260424025,20,-281.3,-248.94
零售,601488,10021857,12377691,10,HLB-ecec2717-4f2f-11f0-8cdb-0c42a112278c,ZRTC20260424025,20,-281.3,-248.94
零售,601488,10021857,12377691,9,HLB-ecec272c-4f2f-11f0-8cdb-0c42a112278c,ZRTC20260424025,20,-281.3,-248.94
零售,601488,10021857,12377691,8,HLB-ecec2704-4f2f-11f0-8cdb-0c42a112278c,ZRTC20260424025,20,-281.3,-248.94
零售,601488,10021857,12377691,7,HLB-ecec26c4-4f2f-11f0-8cdb-0c42a112278c,ZRTC20260424025,20,-281.3,-248.94
零售,601488,10021857,12377691,6,HLB-ecec26b1-4f2f-11f0-8cdb-0c42a112278c,ZRTC20260424025,20,-281.3,-248.94
零售,601488,10021857,12377691,5,HLB-ecec26ee-4f2f-11f0-8cdb-0c42a112278c,ZRTC20260424025,20,-281.3,-248.94
零售,601488,10021857,12377691,4,HLB-ecec2752-4f2f-11f0-8cdb-0c42a112278c,ZRTC20260424025,20,-281.3,-248.94
零售,601488,10021857,12377691,3,HLB-ecec273f-4f2f-11f0-8cdb-0c42a112278c,ZRTC20260424025,20,-281.3,-248.94
零售,601488,10021857,12377691,2,HLB-ecec26da-4f2f-11f0-8cdb-0c42a112278c,ZRTC20260424025,20,-281.3,-248.94
零售,601488,10021857,12377691,1,HLB-ecec269c-4f2f-11f0-8cdb-0c42a112278c,ZRTC20260424025,20,-281.3,-248.94
零售,601488,10021857,12654598,60,HLB-0bdf9693-69e9-11f0-8cdb-0c42a112278c,ZRTC20260424025,20,-281.3,-248.94
零售,601488,10021857,12654598,54,HLB-0bdf960b-69e9-11f0-8cdb-0c42a112278c,ZRTC20260424025,20,-281.3,-248.94
零售,601488,10021857,12654598,53,HLB-0bf2df81-69e9-11f0-8cdb-0c42a112278c,ZRTC20260424025,20,-281.3,-248.94
零售,601488,10021857,12654598,52,HLB-0bdf95a4-69e9-11f0-8cdb-0c42a112278c,ZRTC20260424025,20,-281.3,-248.94
零售,601488,10021857,12654598,50,HLB-0bf2deaa-69e9-11f0-8cdb-0c42a112278c,ZRTC20260424025,20,-281.3,-248.94
零售,601488,10021857,12654598,48,HLB-0bdf95e2-69e9-11f0-8cdb-0c42a112278c,ZRTC20260424025,20,-281.3,-248.94
零售,601488,10021857,12654598,47,HLB-0bdf966a-69e9-11f0-8cdb-0c42a112278c,ZRTC20260424025,20,-281.3,-248.94
零售,601488,10021857,12654598,46,HLB-0bdf96ba-69e9-11f0-8cdb-0c42a112278c,ZRTC20260424025,20,-281.3,-248.94
零售,601488,10021857,12654598,44,HLB-0bf2df6d-69e9-11f0-8cdb-0c42a112278c,ZRTC20260424025,20,-281.3,-248.94
零售,601488,10021857,12654598,43,HLB-0bf2dfa9-69e9-11f0-8cdb-0c42a112278c,ZRTC20260424025,20,-281.3,-248.94
零售,601488,10021857,12654598,42,HLB-0bdf961e-69e9-11f0-8cdb-0c42a112278c,ZRTC20260424025,20,-281.3,-248.94
零售,601488,10021857,12654598,39,HLB-0bf2df3f-69e9-11f0-8cdb-0c42a112278c,ZRTC20260424025,20,-281.3,-248.94
零售,601488,10021857,12654598,34,HLB-0bdf96cd-69e9-11f0-8cdb-0c42a112278c,ZRTC20260424025,20,-281.3,-248.94
零售,601488,10021857,12654598,33,HLB-0bdf96e0-69e9-11f0-8cdb-0c42a112278c,ZRTC20260424025,20,-281.3,-248.94
零售,601488,10021857,12654598,32,HLB-0bdf95cc-69e9-11f0-8cdb-0c42a112278c,ZRTC20260424025,20,-281.3,-248.94
零售,601488,10021857,12654598,29,HLB-0bf2defb-69e9-11f0-8cdb-0c42a112278c,ZRTC20260424025,20,-281.3,-248.94
零售,601488,10021857,12654598,27,HLB-0bdf9643-69e9-11f0-8cdb-0c42a112278c,ZRTC20260424025,20,-281.3,-248.94
零售,601488,10021857,12654598,26,HLB-0bdf958e-69e9-11f0-8cdb-0c42a112278c,ZRTC20260424025,20,-281.3,-248.94
零售,601488,10021857,12654598,22,HLB-0bdf967f-69e9-11f0-8cdb-0c42a112278c,ZRTC20260424025,20,-281.3,-248.94
零售,601488,10021857,12654598,21,HLB-0bdf96a6-69e9-11f0-8cdb-0c42a112278c,ZRTC20260424025,20,-281.3,-248.94
零售,601488,10021857,12654598,20,HLB-0bdf95f7-69e9-11f0-8cdb-0c42a112278c,ZRTC20260424025,20,-281.3,-248.94
零售,601488,10021857,12654598,17,HLB-0bdf9631-69e9-11f0-8cdb-0c42a112278c,ZRTC20260424025,20,-281.3,-248.94
零售,601488,10021857,12654598,16,HLB-0bf2df95-69e9-11f0-8cdb-0c42a112278c,ZRTC20260424025,20,-281.3,-248.94
零售,601488,10021857,12654598,12,HLB-0bdf9656-69e9-11f0-8cdb-0c42a112278c,ZRTC20260424025,20,-281.3,-248.94
零售,601488,10021857,12654598,11,HLB-0bf2df28-69e9-11f0-8cdb-0c42a112278c,ZRTC20260424025,20,-281.3,-248.94
零售,601488,10021857,12654598,9,HLB-0bdf96f5-69e9-11f0-8cdb-0c42a112278c,ZRTC20260424025,20,-281.3,-248.94
零售,601488,10021857,12654598,7,HLB-0bf2df12-69e9-11f0-8cdb-0c42a112278c,ZRTC20260424025,20,-281.3,-248.94
零售,601488,10021857,12654598,6,HLB-0bdf957b-69e9-11f0-8cdb-0c42a112278c,ZRTC20260424025,20,-281.3,-248.94
零售,601488,10021857,12654598,2,HLB-0bdf95b7-69e9-11f0-8cdb-0c42a112278c,ZRTC20260424025,20,-281.3,-248.94
零售,601488,10021857,12654598,1,HLB-0bf2df54-69e9-11f0-8cdb-0c42a112278c,ZRTC20260424025,20,-281.3,-248.94
零售,601488,10021857,12506578,38,HLB-ab6f78fb-56e9-11f0-8cdb-0c42a112278c,ZRTC20260424025,20,-281.3,-248.94
零售,601488,10021857,12506578,36,HLB-ab6f78a0-56e9-11f0-8cdb-0c42a112278c,ZRTC20260424025,20,-281.3,-248.94
零售,601488,10021857,12506578,33,HLB-ab6f7785-56e9-11f0-8cdb-0c42a112278c,ZRTC20260424025,20,-281.3,-248.94
零售,601488,10021857,12506578,31,HLB-ab6f7911-56e9-11f0-8cdb-0c42a112278c,ZRTC20260424025,20,-281.3,-248.94
零售,601488,10021857,12506578,30,HLB-ab6f7861-56e9-11f0-8cdb-0c42a112278c,ZRTC20260424025,20,-281.3,-248.94
零售,601488,10021857,12506578,28,HLB-ab6f77e7-56e9-11f0-8cdb-0c42a112278c,ZRTC20260424025,20,-281.3,-248.94
零售,601488,10021857,12506578,26,HLB-ab6f78cd-56e9-11f0-8cdb-0c42a112278c,ZRTC20260424025,20,-281.3,-248.94
零售,601488,10021857,12506578,25,HLB-ab6f77fb-56e9-11f0-8cdb-0c42a112278c,ZRTC20260424025,20,-281.3,-248.94
零售,601488,10021857,12506578,24,HLB-ab6f77a8-56e9-11f0-8cdb-0c42a112278c,ZRTC20260424025,20,-281.3,-248.94
零售,601488,10021857,12506578,21,HLB-ab6f7924-56e9-11f0-8cdb-0c42a112278c,ZRTC20260424025,20,-281.3,-248.94
零售,601488,10021857,12506578,15,HLB-ab6f77d4-56e9-11f0-8cdb-0c42a112278c,ZRTC20260424025,20,-281.3,-248.94
零售,601488,10021857,12506578,13,HLB-ab6f78e8-56e9-11f0-8cdb-0c42a112278c,ZRTC20260424025,20,-281.3,-248.94
零售,601488,10021857,12506578,12,HLB-ab6f780f-56e9-11f0-8cdb-0c42a112278c,ZRTC20260424025,20,-281.3,-248.94
零售,601488,10021857,12506578,11,HLB-ab6f7877-56e9-11f0-8cdb-0c42a112278c,ZRTC20260424025,20,-281.3,-248.94
零售,601488,10021857,12517981,2,HLB-04b07c9c-5898-11f0-8cdb-0c42a112278c,ZRTC20260424025,16,-282.06,-249.61
零售,601488,10021857,12517981,1,HLB-04b07d59-5898-11f0-8cdb-0c42a112278c,ZRTC20260424025,16,-282.06,-249.61
零售,601488,10021857,12508842,8,HLB-175043dd-570e-11f0-8cdb-0c42a112278c,ZRTC20260424025,15,-281.31,-248.95
零售,601488,10021857,12508842,7,HLB-175043c3-570e-11f0-8cdb-0c42a112278c,ZRTC20260424025,15,-281.3,-248.94
零售,601488,10021857,12508842,5,HLB-175043ab-570e-11f0-8cdb-0c42a112278c,ZRTC20260424025,15,-281.3,-248.94
零售,601488,10021857,12416211,10,HLB-591fcbae-518b-11f0-8cdb-0c42a112278c,ZRTC20260424025,15,-281.3,-248.94
零售,601488,10021857,12416211,9,HLB-591fcaec-518b-11f0-8cdb-0c42a112278c,ZRTC20260424025,15,-281.3,-248.94
零售,601488,10021857,12416211,8,HLB-591fcb18-518b-11f0-8cdb-0c42a112278c,ZRTC20260424025,15,-281.3,-248.94
零售,601488,10021857,12416211,7,HLB-591fcb2b-518b-11f0-8cdb-0c42a112278c,ZRTC20260424025,15,-281.3,-248.94
零售,601488,10021857,12416211,6,HLB-591fcb95-518b-11f0-8cdb-0c42a112278c,ZRTC20260424025,15,-281.3,-248.94
零售,601488,10021857,12416211,5,HLB-591fcb7e-518b-11f0-8cdb-0c42a112278c,ZRTC20260424025,15,-281.3,-248.94
零售,601488,10021857,12416211,4,HLB-591fcb57-518b-11f0-8cdb-0c42a112278c,ZRTC20260424025,15,-281.3,-248.94
零售,601488,10021857,12416211,3,HLB-591fcb40-518b-11f0-8cdb-0c42a112278c,ZRTC20260424025,15,-281.3,-248.94
零售,601488,10021857,12416211,2,HLB-591fcbc3-518b-11f0-8cdb-0c42a112278c,ZRTC20260424025,15,-281.3,-248.94
零售,601488,10021857,12416211,1,HLB-591fcb6a-518b-11f0-8cdb-0c42a112278c,ZRTC20260424025,15,-281.3,-248.94
零售,601488,10021857,12384616,1,HLB-4fedd37a-4fca-11f0-8cdb-0c42a112278c,ZRTC20260424025,14,-558.06,-493.86
零售,601488,10021857,12410904,1,HLB-001f611a-5168-11f0-8cdb-0c42a112278c,ZRTC20260424025,13,-346.61,-306.73
零售,601488,10021857,12516560,1,HLB-fa5cf9a2-587d-11f0-8cdb-0c42a112278c,ZRTC20260424025,13,-346.61,-306.73
零售,601488,10021857,12162106,100,HLB-27f4b3af-41de-11f0-8cdb-0c42a112278c,ZRTC20260424025,12,-400.92,-354.8
零售,601488,10021857,12162106,99,HLB-27f4b542-41de-11f0-8cdb-0c42a112278c,ZRTC20260424025,12,-400.26,-354.21
零售,601488,10021857,12162106,96,HLB-27f4b428-41de-11f0-8cdb-0c42a112278c,ZRTC20260424025,12,-400.26,-354.21
零售,601488,10021857,12162106,92,HLB-27defb71-41de-11f0-8cdb-0c42a112278c,ZRTC20260424025,12,-400.26,-354.21
零售,601488,10021857,12162106,88,HLB-27defd8e-41de-11f0-8cdb-0c42a112278c,ZRTC20260424025,12,-400.26,-354.21
零售,601488,10021857,12162106,85,HLB-27bc3415-41de-11f0-8cdb-0c42a112278c,ZRTC20260424025,12,-400.26,-354.21
零售,601488,10021857,12162106,79,HLB-27defc97-41de-11f0-8cdb-0c42a112278c,ZRTC20260424025,12,-400.26,-354.21
零售,601488,10021857,12162106,78,HLB-27f4b47c-41de-11f0-8cdb-0c42a112278c,ZRTC20260424025,12,-400.26,-354.21
零售,601488,10021857,12162106,76,HLB-27bc3184-41de-11f0-8cdb-0c42a112278c,ZRTC20260424025,12,-400.26,-354.21
零售,601488,10021857,12162106,75,HLB-27bc33e9-41de-11f0-8cdb-0c42a112278c,ZRTC20260424025,12,-400.26,-354.21
零售,601488,10021857,12162106,74,HLB-27defd3d-41de-11f0-8cdb-0c42a112278c,ZRTC20260424025,12,-400.26,-354.21
零售,601488,10021857,12162106,73,HLB-27bc32c0-41de-11f0-8cdb-0c42a112278c,ZRTC20260424025,12,-400.26,-354.21
零售,601488,10021857,12162106,71,HLB-27defc1d-41de-11f0-8cdb-0c42a112278c,ZRTC20260424025,12,-400.26,-354.21
零售,601488,10021857,12162106,69,HLB-27defdb6-41de-11f0-8cdb-0c42a112278c,ZRTC20260424025,12,-400.26,-354.21
零售,601488,10021857,12162106,67,HLB-27f4b4f4-41de-11f0-8cdb-0c42a112278c,ZRTC20260424025,12,-400.26,-354.21
零售,601488,10021857,12162106,66,HLB-27defb42-41de-11f0-8cdb-0c42a112278c,ZRTC20260424025,12,-400.26,-354.21
零售,601488,10021857,12162106,65,HLB-27f4b56a-41de-11f0-8cdb-0c42a112278c,ZRTC20260424025,12,-400.26,-354.21
零售,601488,10021857,12162106,63,HLB-27bc31d0-41de-11f0-8cdb-0c42a112278c,ZRTC20260424025,12,-400.26,-354.21
零售,601488,10021857,12162106,62,HLB-27defc45-41de-11f0-8cdb-0c42a112278c,ZRTC20260424025,12,-400.26,-354.21
零售,601488,10021857,12162106,60,HLB-27defbca-41de-11f0-8cdb-0c42a112278c,ZRTC20260424025,12,-400.26,-354.21
零售,601488,10021857,12162106,59,HLB-27defdde-41de-11f0-8cdb-0c42a112278c,ZRTC20260424025,12,-400.26,-354.21
零售,601488,10021857,12162106,57,HLB-27defeef-41de-11f0-8cdb-0c42a112278c,ZRTC20260424025,12,-400.26,-354.21
零售,601488,10021857,12162106,56,HLB-27f4b4cc-41de-11f0-8cdb-0c42a112278c,ZRTC20260424025,12,-400.26,-354.21
零售,601488,10021857,12162106,55,HLB-27bc3443-41de-11f0-8cdb-0c42a112278c,ZRTC20260424025,12,-400.26,-354.21
零售,601488,10021857,12162106,53,HLB-27defba0-41de-11f0-8cdb-0c42a112278c,ZRTC20260424025,12,-400.26,-354.21
零售,601488,10021857,12162106,51,HLB-27f4b4a5-41de-11f0-8cdb-0c42a112278c,ZRTC20260424025,12,-400.26,-354.21
零售,601488,10021857,12162106,50,HLB-27defc6f-41de-11f0-8cdb-0c42a112278c,ZRTC20260424025,12,-400.26,-354.21
零售,601488,10021857,12162106,49,HLB-27bc321f-41de-11f0-8cdb-0c42a112278c,ZRTC20260424025,12,-400.26,-354.21
零售,601488,10021857,12162106,47,HLB-27bc3359-41de-11f0-8cdb-0c42a112278c,ZRTC20260424025,12,-400.26,-354.21
零售,601488,10021857,12162106,46,HLB-27defe7f-41de-11f0-8cdb-0c42a112278c,ZRTC20260424025,12,-400.26,-354.21
零售,601488,10021857,12162106,40,HLB-27defe06-41de-11f0-8cdb-0c42a112278c,ZRTC20260424025,12,-400.26,-354.21
零售,601488,10021857,12162106,38,HLB-27defcef-41de-11f0-8cdb-0c42a112278c,ZRTC20260424025,12,-400.26,-354.21
零售,601488,10021857,12162106,37,HLB-27f4b454-41de-11f0-8cdb-0c42a112278c,ZRTC20260424025,12,-400.26,-354.21
零售,601488,10021857,12162106,33,HLB-27defd15-41de-11f0-8cdb-0c42a112278c,ZRTC20260424025,12,-400.26,-354.21
零售,601488,10021857,12162106,30,HLB-27bc338a-41de-11f0-8cdb-0c42a112278c,ZRTC20260424025,12,-400.26,-354.21
零售,601488,10021857,12162106,29,HLB-27defea6-41de-11f0-8cdb-0c42a112278c,ZRTC20260424025,12,-400.26,-354.21
零售,601488,10021857,12162106,28,HLB-27defafa-41de-11f0-8cdb-0c42a112278c,ZRTC20260424025,12,-400.26,-354.21
零售,601488,10021857,12162106,26,HLB-27bc328c-41de-11f0-8cdb-0c42a112278c,ZRTC20260424025,12,-400.26,-354.21
零售,601488,10021857,12162106,24,HLB-27bc32f9-41de-11f0-8cdb-0c42a112278c,ZRTC20260424025,12,-400.26,-354.21
零售,601488,10021857,12162106,23,HLB-27bc313b-41de-11f0-8cdb-0c42a112278c,ZRTC20260424025,12,-400.26,-354.21
零售,601488,10021857,12162106,22,HLB-27defe2e-41de-11f0-8cdb-0c42a112278c,ZRTC20260424025,12,-400.26,-354.21
零售,601488,10021857,12162106,18,HLB-27f4b51a-41de-11f0-8cdb-0c42a112278c,ZRTC20260424025,12,-400.26,-354.21
零售,601488,10021857,12162106,17,HLB-27bc3329-41de-11f0-8cdb-0c42a112278c,ZRTC20260424025,12,-400.26,-354.21
零售,601488,10021857,12162106,16,HLB-27bc3252-41de-11f0-8cdb-0c42a112278c,ZRTC20260424025,12,-400.26,-354.21
零售,601488,10021857,12162106,13,HLB-27defa79-41de-11f0-8cdb-0c42a112278c,ZRTC20260424025,12,-400.26,-354.21
零售,601488,10021857,12162106,12,HLB-27defcc7-41de-11f0-8cdb-0c42a112278c,ZRTC20260424025,12,-400.26,-354.21
零售,601488,10021857,12162106,8,HLB-27bc33b9-41de-11f0-8cdb-0c42a112278c,ZRTC20260424025,12,-400.26,-354.21
零售,601488,10021857,12162106,7,HLB-27defbf4-41de-11f0-8cdb-0c42a112278c,ZRTC20260424025,12,-400.26,-354.21
零售,601488,10021857,12162106,5,HLB-27defe56-41de-11f0-8cdb-0c42a112278c,ZRTC20260424025,12,-400.26,-354.21
零售,601488,10021857,12508839,49,HLB-172f7cfd-570e-11f0-8cdb-0c42a112278c,ZRTC20260424025,12,-400.26,-354.21
零售,601488,10021857,12508839,48,HLB-172f7c78-570e-11f0-8cdb-0c42a112278c,ZRTC20260424025,12,-400.26,-354.21
零售,601488,10021857,12508839,46,HLB-172f7bb8-570e-11f0-8cdb-0c42a112278c,ZRTC20260424025,12,-400.26,-354.21
零售,601488,10021857,12508839,45,HLB-172f7c4e-570e-11f0-8cdb-0c42a112278c,ZRTC20260424025,12,-400.26,-354.21
零售,601488,10021857,12508839,44,HLB-172f7c65-570e-11f0-8cdb-0c42a112278c,ZRTC20260424025,12,-400.26,-354.21
零售,601488,10021857,12508839,40,HLB-172f7cb8-570e-11f0-8cdb-0c42a112278c,ZRTC20260424025,12,-400.26,-354.21
零售,601488,10021857,12508839,37,HLB-172f7b8f-570e-11f0-8cdb-0c42a112278c,ZRTC20260424025,12,-400.26,-354.21
零售,601488,10021857,12508839,36,HLB-172f7b18-570e-11f0-8cdb-0c42a112278c,ZRTC20260424025,12,-400.26,-354.21
零售,601488,10021857,12508839,35,HLB-172f7ccf-570e-11f0-8cdb-0c42a112278c,ZRTC20260424025,12,-400.26,-354.21
零售,601488,10021857,12508839,33,HLB-172f7d14-570e-11f0-8cdb-0c42a112278c,ZRTC20260424025,12,-400.26,-354.21
零售,601488,10021857,12508839,32,HLB-172f7b62-570e-11f0-8cdb-0c42a112278c,ZRTC20260424025,12,-400.26,-354.21
零售,601488,10021857,12508839,31,HLB-172f7a88-570e-11f0-8cdb-0c42a112278c,ZRTC20260424025,12,-400.26,-354.21
零售,601488,10021857,12508839,29,HLB-172f7ab5-570e-11f0-8cdb-0c42a112278c,ZRTC20260424025,12,-400.26,-354.21
零售,601488,10021857,12508839,26,HLB-172f7bf8-570e-11f0-8cdb-0c42a112278c,ZRTC20260424025,12,-400.26,-354.21
零售,601488,10021857,12508839,25,HLB-172f7b30-570e-11f0-8cdb-0c42a112278c,ZRTC20260424025,12,-400.26,-354.21
零售,601488,10021857,12508839,21,HLB-172f7ae7-570e-11f0-8cdb-0c42a112278c,ZRTC20260424025,12,-400.26,-354.21
零售,601488,10021857,12508839,18,HLB-172f7c0d-570e-11f0-8cdb-0c42a112278c,ZRTC20260424025,12,-400.26,-354.21
零售,601488,10021857,12508839,17,HLB-172f7d2d-570e-11f0-8cdb-0c42a112278c,ZRTC20260424025,12,-400.26,-354.21
零售,601488,10021857,12508839,15,HLB-172f7a9d-570e-11f0-8cdb-0c42a112278c,ZRTC20260424025,12,-400.26,-354.21
零售,601488,10021857,12508839,10,HLB-172f7afd-570e-11f0-8cdb-0c42a112278c,ZRTC20260424025,12,-400.26,-354.21
零售,601488,10021857,12508839,9,HLB-172f7c23-570e-11f0-8cdb-0c42a112278c,ZRTC20260424025,12,-400.26,-354.21
零售,601488,10021857,12508839,8,HLB-172f7ba4-570e-11f0-8cdb-0c42a112278c,ZRTC20260424025,12,-400.26,-354.21
零售,601488,10021857,12508839,7,HLB-172f7d42-570e-11f0-8cdb-0c42a112278c,ZRTC20260424025,12,-400.26,-354.21
零售,601488,10021857,12508839,6,HLB-172f7ce4-570e-11f0-8cdb-0c42a112278c,ZRTC20260424025,12,-400.26,-354.21
零售,601488,10021857,12508839,4,HLB-172f7c8d-570e-11f0-8cdb-0c42a112278c,ZRTC20260424025,12,-400.26,-354.21
零售,601488,10021857,12487171,1,HLB-b51b81b5-5565-11f0-8cdb-0c42a112278c,ZRTC20260424025,12,400.26,354.21
零售,601488,10021857,12440163,1,HLB-19591d4f-5308-11f0-8cdb-0c42a112278c,ZRTC20260424025,12,400.26,354.21
零售,601488,10021857,12516720,79,HLB-29b1af95-5880-11f0-8cdb-0c42a112278c,ZRTC20260424025,12,-400.26,-354.21
零售,601488,10021857,12516720,78,HLB-2992c638-5880-11f0-8cdb-0c42a112278c,ZRTC20260424025,12,-400.26,-354.21
零售,601488,10021857,12516720,77,HLB-29b1af1c-5880-11f0-8cdb-0c42a112278c,ZRTC20260424025,12,-400.26,-354.21
零售,601488,10021857,12516720,76,HLB-29d29b6d-5880-11f0-8cdb-0c42a112278c,ZRTC20260424025,12,-400.26,-354.21
零售,601488,10021857,12516720,71,HLB-29b1b03c-5880-11f0-8cdb-0c42a112278c,ZRTC20260424025,12,-400.26,-354.21
零售,601488,10021857,12516720,70,HLB-29b1ae75-5880-11f0-8cdb-0c42a112278c,ZRTC20260424025,12,-400.26,-354.21
零售,601488,10021857,12516720,69,HLB-2992c6b2-5880-11f0-8cdb-0c42a112278c,ZRTC20260424025,12,-400.26,-354.21
零售,601488,10021857,12516720,66,HLB-29b1ae1f-5880-11f0-8cdb-0c42a112278c,ZRTC20260424025,12,-400.26,-354.21
零售,601488,10021857,12516720,65,HLB-29b1aec7-5880-11f0-8cdb-0c42a112278c,ZRTC20260424025,12,-400.26,-354.21
零售,601488,10021857,12516720,62,HLB-29d29c89-5880-11f0-8cdb-0c42a112278c,ZRTC20260424025,12,-400.26,-354.21
零售,601488,10021857,12516720,60,HLB-29b1ad96-5880-11f0-8cdb-0c42a112278c,ZRTC20260424025,12,-400.26,-354.21
零售,601488,10021857,12516720,59,HLB-2992c60c-5880-11f0-8cdb-0c42a112278c,ZRTC20260424025,12,-400.26,-354.21
零售,601488,10021857,12516720,56,HLB-29b1afbe-5880-11f0-8cdb-0c42a112278c,ZRTC20260424025,12,-400.26,-354.21
零售,601488,10021857,12516720,55,HLB-2992c757-5880-11f0-8cdb-0c42a112278c,ZRTC20260424025,12,-400.26,-354.21
零售,601488,10021857,12516720,53,HLB-29b1b08e-5880-11f0-8cdb-0c42a112278c,ZRTC20260424025,12,-400.26,-354.21
零售,601488,10021857,12516720,52,HLB-29b1ac9d-5880-11f0-8cdb-0c42a112278c,ZRTC20260424025,12,-400.26,-354.21
零售,601488,10021857,12516720,48,HLB-2992c6db-5880-11f0-8cdb-0c42a112278c,ZRTC20260424025,12,-400.26,-354.21
零售,601488,10021857,12516720,47,HLB-29b1adc2-5880-11f0-8cdb-0c42a112278c,ZRTC20260424025,12,-400.26,-354.21
零售,601488,10021857,12516720,44,HLB-29b1ad37-5880-11f0-8cdb-0c42a112278c,ZRTC20260424025,12,-400.26,-354.21
零售,601488,10021857,12516720,43,HLB-2992c706-5880-11f0-8cdb-0c42a112278c,ZRTC20260424025,12,-400.26,-354.21
零售,601488,10021857,12516720,41,HLB-29b1af46-5880-11f0-8cdb-0c42a112278c,ZRTC20260424025,12,-400.26,-354.21
零售,601488,10021857,12516720,39,HLB-29b1af6d-5880-11f0-8cdb-0c42a112278c,ZRTC20260424025,12,-400.26,-354.21
零售,601488,10021857,12516720,38,HLB-2992c731-5880-11f0-8cdb-0c42a112278c,ZRTC20260424025,12,-400.26,-354.21
零售,601488,10021857,12516720,36,HLB-29b1ac15-5880-11f0-8cdb-0c42a112278c,ZRTC20260424025,12,-400.26,-354.21
零售,601488,10021857,12516720,35,HLB-29b1b00e-5880-11f0-8cdb-0c42a112278c,ZRTC20260424025,12,-400.26,-354.21
零售,601488,10021857,12516720,30,HLB-29b1b066-5880-11f0-8cdb-0c42a112278c,ZRTC20260424025,12,-400.26,-354.21
零售,601488,10021857,12516720,25,HLB-2992c661-5880-11f0-8cdb-0c42a112278c,ZRTC20260424025,12,-400.26,-354.21
零售,601488,10021857,12516720,24,HLB-29b1ae4d-5880-11f0-8cdb-0c42a112278c,ZRTC20260424025,12,-400.26,-354.21
零售,601488,10021857,12516720,22,HLB-2992c5e1-5880-11f0-8cdb-0c42a112278c,ZRTC20260424025,12,-400.26,-354.21
零售,601488,10021857,12516720,19,HLB-29d29bed-5880-11f0-8cdb-0c42a112278c,ZRTC20260424025,12,-400.26,-354.21
零售,601488,10021857,12516720,16,HLB-29b1afe6-5880-11f0-8cdb-0c42a112278c,ZRTC20260424025,12,-400.26,-354.21
零售,601488,10021857,12516720,14,HLB-29b1acfe-5880-11f0-8cdb-0c42a112278c,ZRTC20260424025,12,-400.26,-354.21
零售,601488,10021857,12516720,12,HLB-29b1adf5-5880-11f0-8cdb-0c42a112278c,ZRTC20260424025,12,-400.26,-354.21
零售,601488,10021857,12516720,11,HLB-29b1aea0-5880-11f0-8cdb-0c42a112278c,ZRTC20260424025,12,-400.26,-354.21
零售,601488,10021857,12516720,9,HLB-29b1acca-5880-11f0-8cdb-0c42a112278c,ZRTC20260424025,12,-400.26,-354.21
零售,601488,10021857,12516720,8,HLB-29d29c1c-5880-11f0-8cdb-0c42a112278c,ZRTC20260424025,12,-400.26,-354.21
零售,601488,10021857,12516720,6,HLB-29b1ad68-5880-11f0-8cdb-0c42a112278c,ZRTC20260424025,12,-400.26,-354.21
零售,601488,10021857,12516720,5,HLB-29b1aef4-5880-11f0-8cdb-0c42a112278c,ZRTC20260424025,12,-400.26,-354.21
零售,601488,10021857,12516720,4,HLB-2992c68a-5880-11f0-8cdb-0c42a112278c,ZRTC20260424025,12,-400.26,-354.21
零售,601488,10021857,12516720,3,HLB-29d29c54-5880-11f0-8cdb-0c42a112278c,ZRTC20260424025,12,-400.26,-354.21
零售,601488,10021857,12508826,25,HLB-16008f93-570e-11f0-8cdb-0c42a112278c,ZRTC20260424025,2,-338.62,-299.66
零售,601488,10021857,12508826,22,HLB-16008ff5-570e-11f0-8cdb-0c42a112278c,ZRTC20260424025,2,-338.62,-299.66
零售,601488,10021857,12508826,20,HLB-16009055-570e-11f0-8cdb-0c42a112278c,ZRTC20260424025,2,-338.62,-299.66
零售,601488,10021857,12508826,19,HLB-16009042-570e-11f0-8cdb-0c42a112278c,ZRTC20260424025,2,-338.62,-299.66
零售,601488,10021857,12508826,28,HLB-16008fdf-570e-11f0-8cdb-0c42a112278c,ZRTC20260424025,2,-338.62,-299.66
零售,601488,10021857,12508826,27,HLB-16008faf-570e-11f0-8cdb-0c42a112278c,ZRTC20260424025,2,-338.62,-299.66
零售,601488,10021857,12508826,11,HLB-160090f1-570e-11f0-8cdb-0c42a112278c,ZRTC20260424025,2,-338.62,-299.66
零售,601488,10021857,12508826,10,HLB-16008f79-570e-11f0-8cdb-0c42a112278c,ZRTC20260424025,2,-338.62,-299.66
零售,601488,10021857,12508826,8,HLB-160090c7-570e-11f0-8cdb-0c42a112278c,ZRTC20260424025,2,-338.62,-299.66
零售,601488,10021857,12508826,7,HLB-160090db-570e-11f0-8cdb-0c42a112278c,ZRTC20260424025,2,-338.62,-299.66
零售,601488,10021857,12508826,6,HLB-160090b1-570e-11f0-8cdb-0c42a112278c,ZRTC20260424025,2,-338.62,-299.66
零售,601488,10021857,12508826,5,HLB-16008eda-570e-11f0-8cdb-0c42a112278c,ZRTC20260424025,2,-338.62,-299.66
零售,601488,10021857,12508826,4,HLB-16009099-570e-11f0-8cdb-0c42a112278c,ZRTC20260424025,2,-338.62,-299.66
零售,601488,10021857,12508826,3,HLB-16008f59-570e-11f0-8cdb-0c42a112278c,ZRTC20260424025,2,-338.62,-299.66
零售,601488,10021857,12508813,19,HLB-14a8fdf0-570e-11f0-8cdb-0c42a112278c,ZRTC20260424025,2,-338.62,-299.66
零售,601488,10021857,12508813,18,HLB-14a8fdda-570e-11f0-8cdb-0c42a112278c,ZRTC20260424025,2,-338.62,-299.66
零售,601488,10021857,12508813,17,HLB-14a8fe05-570e-11f0-8cdb-0c42a112278c,ZRTC20260424025,2,-338.62,-299.66
零售,601488,10021857,12508813,16,HLB-14a8fdc3-570e-11f0-8cdb-0c42a112278c,ZRTC20260424025,2,-338.62,-299.66
零售,601488,10021857,12508813,15,HLB-14a8fe46-570e-11f0-8cdb-0c42a112278c,ZRTC20260424025,2,-338.62,-299.66
零售,601488,10021857,12508813,14,HLB-14a8fe72-570e-11f0-8cdb-0c42a112278c,ZRTC20260424025,2,-338.62,-299.66
零售,601488,10021857,12508813,11,HLB-14a8fe1c-570e-11f0-8cdb-0c42a112278c,ZRTC20260424025,2,-338.62,-299.66
零售,601488,10021857,12508813,9,HLB-14a8fe31-570e-11f0-8cdb-0c42a112278c,ZRTC20260424025,2,-338.62,-299.66
零售,601488,10021857,12508813,3,HLB-14a8fe5a-570e-11f0-8cdb-0c42a112278c,ZRTC20260424025,2,-338.62,-299.66
零售,601488,10021857,12508813,2,HLB-14a8fd91-570e-11f0-8cdb-0c42a112278c,ZRTC20260424025,2,-338.62,-299.66
零售,601488,10021857,12508825,18,HLB-15dfdbd1-570e-11f0-8cdb-0c42a112278c,ZRTC20260424025,2,-338.62,-299.66
零售,601488,10021857,12508825,15,HLB-15dfdc10-570e-11f0-8cdb-0c42a112278c,ZRTC20260424025,2,-338.62,-299.66
零售,601488,10021857,12508825,14,HLB-15dfdb7d-570e-11f0-8cdb-0c42a112278c,ZRTC20260424025,2,-338.62,-299.66
零售,601488,10021857,12508825,13,HLB-15dfdba5-570e-11f0-8cdb-0c42a112278c,ZRTC20260424025,2,-338.62,-299.66
零售,601488,10021857,12508825,7,HLB-15dfdbe6-570e-11f0-8cdb-0c42a112278c,ZRTC20260424025,2,-338.62,-299.66
零售,601488,10021857,12508825,6,HLB-15dfdb90-570e-11f0-8cdb-0c42a112278c,ZRTC20260424025,2,-338.62,-299.66
零售,601488,10021857,12508825,5,HLB-15dfdbfc-570e-11f0-8cdb-0c42a112278c,ZRTC20260424025,2,-338.62,-299.66
零售,601488,10021857,12508825,4,HLB-15dfdb56-570e-11f0-8cdb-0c42a112278c,ZRTC20260424025,2,-338.62,-299.66
零售,601488,10021857,12508825,3,HLB-15dfdbbc-570e-11f0-8cdb-0c42a112278c,ZRTC20260424025,2,-338.62,-299.66
零售,601488,10021857,12508825,1,HLB-15dfdb69-570e-11f0-8cdb-0c42a112278c,ZRTC20260424025,2,-338.62,-299.66
零售,601488,10021857,12508827,99,HLB-16240278-570e-11f0-8cdb-0c42a112278c,ZRTC20260424025,2,-338.62,-299.66
零售,601488,10021857,12508827,98,HLB-162403fe-570e-11f0-8cdb-0c42a112278c,ZRTC20260424025,2,-338.62,-299.66
零售,601488,10021857,12508827,95,HLB-16009298-570e-11f0-8cdb-0c42a112278c,ZRTC20260424025,2,-338.62,-299.66
零售,601488,10021857,12508827,93,HLB-162403c1-570e-11f0-8cdb-0c42a112278c,ZRTC20260424025,2,-338.62,-299.66
零售,601488,10021857,12508827,92,HLB-162404fa-570e-11f0-8cdb-0c42a112278c,ZRTC20260424025,2,-338.62,-299.66
零售,601488,10021857,12508827,91,HLB-16240427-570e-11f0-8cdb-0c42a112278c,ZRTC20260424025,2,-338.62,-299.66
零售,601488,10021857,12508827,88,HLB-160092fc-570e-11f0-8cdb-0c42a112278c,ZRTC20260424025,2,-338.62,-299.66
零售,601488,10021857,12508827,86,HLB-16009310-570e-11f0-8cdb-0c42a112278c,ZRTC20260424025,2,-338.62,-299.66
零售,601488,10021857,12508827,85,HLB-160092bf-570e-11f0-8cdb-0c42a112278c,ZRTC20260424025,2,-338.62,-299.66
零售,601488,10021857,12508827,84,HLB-162404a6-570e-11f0-8cdb-0c42a112278c,ZRTC20260424025,2,-338.62,-299.66
零售,601488,10021857,12508827,83,HLB-1624028e-570e-11f0-8cdb-0c42a112278c,ZRTC20260424025,2,-338.62,-299.66
零售,601488,10021857,12508827,5,HLB-162401fb-570e-11f0-8cdb-0c42a112278c,ZRTC20260424025,2,-338.62,-299.66
零售,601488,10021857,12508827,1,HLB-162402ab-570e-11f0-8cdb-0c42a112278c,ZRTC20260424025,2,-338.62,-299.66
零售,601488,10021857,12542815,20,HLB-d4e8a4c4-5c63-11f0-8cdb-0c42a112278c,ZRTC20260424025,2,-338.62,-299.66
零售,601488,10021857,12542815,19,HLB-d4e8a418-5c63-11f0-8cdb-0c42a112278c,ZRTC20260424025,2,-338.62,-299.66
零售,601488,10021857,12542815,18,HLB-d4e8a485-5c63-11f0-8cdb-0c42a112278c,ZRTC20260424025,2,-338.62,-299.66
零售,601488,10021857,12542815,17,HLB-d4e8a514-5c63-11f0-8cdb-0c42a112278c,ZRTC20260424025,2,-338.62,-299.66
零售,601488,10021857,12542815,14,HLB-d4e8a4ff-5c63-11f0-8cdb-0c42a112278c,ZRTC20260424025,2,-338.62,-299.66
零售,601488,10021857,12542815,12,HLB-d4e8a499-5c63-11f0-8cdb-0c42a112278c,ZRTC20260424025,2,-338.62,-299.66
零售,601488,10021857,12542815,10,HLB-d4e8a53f-5c63-11f0-8cdb-0c42a112278c,ZRTC20260424025,2,-338.62,-299.66
零售,601488,10021857,12542815,7,HLB-d4e8a470-5c63-11f0-8cdb-0c42a112278c,ZRTC20260424025,2,-338.62,-299.66
零售,601488,10021857,12542815,3,HLB-d4e8a52a-5c63-11f0-8cdb-0c42a112278c,ZRTC20260424025,2,-338.62,-299.66
零售,601488,10021857,12542815,1,HLB-d4e8a4ad-5c63-11f0-8cdb-0c42a112278c,ZRTC20260424025,2,-338.62,-299.66
零售,601488,10021857,12508837,20,HLB-170d9dfa-570e-11f0-8cdb-0c42a112278c,ZRTC20260424025,2,-338.62,-299.66
零售,601488,10021857,12508837,19,HLB-170d9d6b-570e-11f0-8cdb-0c42a112278c,ZRTC20260424025,2,-338.62,-299.66
零售,601488,10021857,12508837,18,HLB-170d9d80-570e-11f0-8cdb-0c42a112278c,ZRTC20260424025,2,-338.62,-299.66
零售,601488,10021857,12508837,15,HLB-170d9e10-570e-11f0-8cdb-0c42a112278c,ZRTC20260424025,2,-338.62,-299.66
零售,601488,10021857,12508837,13,HLB-170d9dbe-570e-11f0-8cdb-0c42a112278c,ZRTC20260424025,2,-338.62,-299.66
零售,601488,10021857,12508837,12,HLB-170d9da8-570e-11f0-8cdb-0c42a112278c,ZRTC20260424025,2,-338.62,-299.66
零售,601488,10021857,12508837,11,HLB-170d9de7-570e-11f0-8cdb-0c42a112278c,ZRTC20260424025,2,-338.62,-299.66
零售,601488,10021857,12508837,10,HLB-170d9d94-570e-11f0-8cdb-0c42a112278c,ZRTC20260424025,2,-338.62,-299.66
零售,601488,10021857,12508837,4,HLB-170d9dd2-570e-11f0-8cdb-0c42a112278c,ZRTC20260424025,2,-338.62,-299.66
零售,601488,10021857,12508837,1,HLB-170d9d57-570e-11f0-8cdb-0c42a112278c,ZRTC20260424025,2,-338.62,-299.66
零售,601488,10021857,12520970,1,HLB-39411a6b-593a-11f0-8cdb-0c42a112278c,ZRTC20260424025,1,-669.24,-592.25
零售,601488,10021857,12517980,17,HLB-0496aa13-5898-11f0-8cdb-0c42a112278c,ZRTC20260424025,21,-282.06,-249.61
零售,601488,10021857,12517980,8,HLB-0496aa43-5898-11f0-8cdb-0c42a112278c,ZRTC20260424025,21,-282.06,-249.61
零售,601488,10021857,12517980,2,HLB-0496a9dd-5898-11f0-8cdb-0c42a112278c,ZRTC20260424025,21,-282.06,-249.61
零售,601488,10021857,12512473,17,HLB-06a08768-57bf-11f0-8cdb-0c42a112278c,ZRTC20260424025,21,-282.06,-249.61
零售,601488,10021857,12512473,16,HLB-06a088a2-57bf-11f0-8cdb-0c42a112278c,ZRTC20260424025,21,-282.06,-249.61
零售,601488,10021857,12512473,15,HLB-06a088cc-57bf-11f0-8cdb-0c42a112278c,ZRTC20260424025,21,-282.06,-249.61
零售,601488,10021857,12512473,10,HLB-06a088fe-57bf-11f0-8cdb-0c42a112278c,ZRTC20260424025,21,-282.06,-249.61
零售,601488,10021857,12512473,8,HLB-06a08841-57bf-11f0-8cdb-0c42a112278c,ZRTC20260424025,21,-282.06,-249.61
零售,601488,10021857,12512473,5,HLB-06a08873-57bf-11f0-8cdb-0c42a112278c,ZRTC20260424025,21,-282.06,-249.61
零售,601488,10021857,12512473,2,HLB-06a0880f-57bf-11f0-8cdb-0c42a112278c,ZRTC20260424025,21,-282.06,-249.61
零售,601488,10021857,12512473,1,HLB-06a087bb-57bf-11f0-8cdb-0c42a112278c,ZRTC20260424025,21,-282.06,-249.61
零售,601488,10021857,12508821,99,HLB-1559383c-570e-11f0-8cdb-0c42a112278c,ZRTC20260424025,21,-282.06,-249.61
零售,601488,10021857,12508821,98,HLB-15593822-570e-11f0-8cdb-0c42a112278c,ZRTC20260424025,21,-282.06,-249.61
零售,601488,10021857,12508821,97,HLB-1534b8e3-570e-11f0-8cdb-0c42a112278c,ZRTC20260424025,21,-282.06,-249.61
零售,601488,10021857,12508821,96,HLB-15593804-570e-11f0-8cdb-0c42a112278c,ZRTC20260424025,21,-282.06,-249.61
零售,601488,10021857,12508821,91,HLB-15593772-570e-11f0-8cdb-0c42a112278c,ZRTC20260424025,21,-282.06,-249.61
零售,601488,10021857,12508821,86,HLB-155938c7-570e-11f0-8cdb-0c42a112278c,ZRTC20260424025,21,-282.06,-249.61
零售,601488,10021857,12508821,85,HLB-15593899-570e-11f0-8cdb-0c42a112278c,ZRTC20260424025,21,-282.06,-249.61
零售,601488,10021857,12508821,84,HLB-1534ba59-570e-11f0-8cdb-0c42a112278c,ZRTC20260424025,21,-282.06,-249.61
零售,601488,10021857,12508821,83,HLB-1534ba6d-570e-11f0-8cdb-0c42a112278c,ZRTC20260424025,21,-282.06,-249.61
零售,601488,10021857,12508821,81,HLB-1534ba17-570e-11f0-8cdb-0c42a112278c,ZRTC20260424025,21,-282.06,-249.61
零售,601488,10021857,12508821,80,HLB-15593919-570e-11f0-8cdb-0c42a112278c,ZRTC20260424025,21,-282.06,-249.61
零售,601488,10021857,12508821,76,HLB-155938f0-570e-11f0-8cdb-0c42a112278c,ZRTC20260424025,21,-282.06,-249.61
零售,601488,10021857,12508821,73,HLB-155939c7-570e-11f0-8cdb-0c42a112278c,ZRTC20260424025,21,-282.06,-249.61
零售,601488,10021857,12508821,72,HLB-155937d3-570e-11f0-8cdb-0c42a112278c,ZRTC20260424025,21,-282.06,-249.61
零售,601488,10021857,12508821,70,HLB-15593937-570e-11f0-8cdb-0c42a112278c,ZRTC20260424025,21,-282.06,-249.61
零售,601488,10021857,12508821,69,HLB-155939b1-570e-11f0-8cdb-0c42a112278c,ZRTC20260424025,21,-282.06,-249.61
零售,601488,10021857,12508821,68,HLB-15593975-570e-11f0-8cdb-0c42a112278c,ZRTC20260424025,21,-282.06,-249.61
零售,601488,10021857,12508821,66,HLB-1534ba2e-570e-11f0-8cdb-0c42a112278c,ZRTC20260424025,21,-282.06,-249.61
零售,601488,10021857,12508821,65,HLB-1534b991-570e-11f0-8cdb-0c42a112278c,ZRTC20260424025,21,-282.06,-249.61
零售,601488,10021857,12508821,63,HLB-1534b979-570e-11f0-8cdb-0c42a112278c,ZRTC20260424025,21,-282.06,-249.61
零售,601488,10021857,12508821,60,HLB-1534b950-570e-11f0-8cdb-0c42a112278c,ZRTC20260424025,21,-282.06,-249.61
零售,601488,10021857,12508821,56,HLB-1534b966-570e-11f0-8cdb-0c42a112278c,ZRTC20260424025,21,-282.06,-249.61
零售,601488,10021857,12508821,55,HLB-15593883-570e-11f0-8cdb-0c42a112278c,ZRTC20260424025,21,-282.06,-249.61
零售,601488,10021857,12508821,54,HLB-1559394d-570e-11f0-8cdb-0c42a112278c,ZRTC20260424025,21,-282.06,-249.61
零售,601488,10021857,12508821,51,HLB-15593904-570e-11f0-8cdb-0c42a112278c,ZRTC20260424025,21,-282.06,-249.61
零售,601488,10021857,12508821,50,HLB-15593989-570e-11f0-8cdb-0c42a112278c,ZRTC20260424025,21,-282.06,-249.61
零售,601488,10021857,12508821,48,HLB-15593a42-570e-11f0-8cdb-0c42a112278c,ZRTC20260424025,21,-282.06,-249.61
零售,601488,10021857,12508821,43,HLB-155937ea-570e-11f0-8cdb-0c42a112278c,ZRTC20260424025,21,-282.06,-249.61
零售,601488,10021857,12508821,40,HLB-1534ba00-570e-11f0-8cdb-0c42a112278c,ZRTC20260424025,21,-282.06,-249.61
零售,601488,10021857,12508821,38,HLB-1534b926-570e-11f0-8cdb-0c42a112278c,ZRTC20260424025,21,-282.06,-249.61
零售,601488,10021857,12508821,37,HLB-155938b2-570e-11f0-8cdb-0c42a112278c,ZRTC20260424025,21,-282.06,-249.61
零售,601488,10021857,12508821,36,HLB-15593961-570e-11f0-8cdb-0c42a112278c,ZRTC20260424025,21,-282.06,-249.61
零售,601488,10021857,12508821,35,HLB-1534b8cf-570e-11f0-8cdb-0c42a112278c,ZRTC20260424025,21,-282.06,-249.61
零售,601488,10021857,12508821,34,HLB-1559399c-570e-11f0-8cdb-0c42a112278c,ZRTC20260424025,21,-282.06,-249.61
零售,601488,10021857,12508821,29,HLB-1534b9a8-570e-11f0-8cdb-0c42a112278c,ZRTC20260424025,21,-282.06,-249.61
零售,601488,10021857,12508821,28,HLB-155939f0-570e-11f0-8cdb-0c42a112278c,ZRTC20260424025,21,-282.06,-249.61
零售,601488,10021857,12508821,26,HLB-1534b9be-570e-11f0-8cdb-0c42a112278c,ZRTC20260424025,21,-282.06,-249.61
零售,601488,10021857,12508821,24,HLB-1559386d-570e-11f0-8cdb-0c42a112278c,ZRTC20260424025,21,-282.06,-249.61
零售,601488,10021857,12508821,20,HLB-1534ba83-570e-11f0-8cdb-0c42a112278c,ZRTC20260424025,21,-282.06,-249.61
零售,601488,10021857,12508821,19,HLB-1534b9d5-570e-11f0-8cdb-0c42a112278c,ZRTC20260424025,21,-282.06,-249.61
零售,601488,10021857,12508821,17,HLB-15593853-570e-11f0-8cdb-0c42a112278c,ZRTC20260424025,21,-282.06,-249.61
零售,601488,10021857,12508821,15,HLB-15593a19-570e-11f0-8cdb-0c42a112278c,ZRTC20260424025,21,-282.06,-249.61
零售,601488,10021857,12508821,14,HLB-15593a2e-570e-11f0-8cdb-0c42a112278c,ZRTC20260424025,21,-282.06,-249.61
零售,601488,10021857,12508821,11,HLB-155938da-570e-11f0-8cdb-0c42a112278c,ZRTC20260424025,21,-282.06,-249.61
零售,601488,10021857,12508821,10,HLB-1534b93b-570e-11f0-8cdb-0c42a112278c,ZRTC20260424025,21,-282.06,-249.61
零售,601488,10021857,12508821,7,HLB-15593a06-570e-11f0-8cdb-0c42a112278c,ZRTC20260424025,21,-282.06,-249.61
零售,601488,10021857,12508821,5,HLB-1534ba99-570e-11f0-8cdb-0c42a112278c,ZRTC20260424025,21,-282.06,-249.61
零售,601488,10021857,12508821,4,HLB-155939dc-570e-11f0-8cdb-0c42a112278c,ZRTC20260424025,21,-282.06,-249.61
零售,601488,10021857,12508821,2,HLB-1534ba46-570e-11f0-8cdb-0c42a112278c,ZRTC20260424025,21,-282.06,-249.61
零售,601488,10021857,12508821,1,HLB-1534b9eb-570e-11f0-8cdb-0c42a112278c,ZRTC20260424025,21,-282.06,-249.61
零售,601488,10021857,12508834,20,HLB-16ca64d1-570e-11f0-8cdb-0c42a112278c,ZRTC20260424025,21,-282.06,-249.61
零售,601488,10021857,12508834,18,HLB-16ca6463-570e-11f0-8cdb-0c42a112278c,ZRTC20260424025,21,-282.06,-249.61
零售,601488,10021857,12508834,14,HLB-16ca6420-570e-11f0-8cdb-0c42a112278c,ZRTC20260424025,21,-282.06,-249.61
零售,601488,10021857,12508834,12,HLB-16ca6438-570e-11f0-8cdb-0c42a112278c,ZRTC20260424025,21,-282.06,-249.61
零售,601488,10021857,12508834,11,HLB-16ca64bb-570e-11f0-8cdb-0c42a112278c,ZRTC20260424025,21,-282.06,-249.61
零售,601488,10021857,12508834,10,HLB-16ca6477-570e-11f0-8cdb-0c42a112278c,ZRTC20260424025,21,-282.06,-249.61
零售,601488,10021857,12506578,10,HLB-ab6f784c-56e9-11f0-8cdb-0c42a112278c,ZRTC20260424025,20,-281.3,-248.94
零售,601488,10021857,12506578,9,HLB-ab6f78b7-56e9-11f0-8cdb-0c42a112278c,ZRTC20260424025,20,-281.3,-248.94
零售,601488,10021857,12506578,8,HLB-ab6f77c0-56e9-11f0-8cdb-0c42a112278c,ZRTC20260424025,20,-281.3,-248.94
零售,601488,10021857,12506578,6,HLB-ab6f7838-56e9-11f0-8cdb-0c42a112278c,ZRTC20260424025,20,-281.3,-248.94
零售,601488,10021857,12506578,2,HLB-ab6f7824-56e9-11f0-8cdb-0c42a112278c,ZRTC20260424025,20,-281.3,-248.94
零售,601488,10021857,12506578,1,HLB-ab6f788b-56e9-11f0-8cdb-0c42a112278c,ZRTC20260424025,20,-281.3,-248.94
零售,601488,10021857,12508823,58,HLB-15bef91e-570e-11f0-8cdb-0c42a112278c,ZRTC20260424025,20,-281.3,-248.94
零售,601488,10021857,12508823,56,HLB-15bef9ce-570e-11f0-8cdb-0c42a112278c,ZRTC20260424025,20,-281.3,-248.94
零售,601488,10021857,12508823,51,HLB-15bef960-570e-11f0-8cdb-0c42a112278c,ZRTC20260424025,20,-281.3,-248.94
零售,601488,10021857,12508823,49,HLB-15befa13-570e-11f0-8cdb-0c42a112278c,ZRTC20260424025,20,-281.3,-248.94
零售,601488,10021857,12508823,46,HLB-15befade-570e-11f0-8cdb-0c42a112278c,ZRTC20260424025,20,-281.3,-248.94
零售,601488,10021857,12508823,45,HLB-15befac9-570e-11f0-8cdb-0c42a112278c,ZRTC20260424025,20,-281.3,-248.94
零售,601488,10021857,12508823,44,HLB-15befb36-570e-11f0-8cdb-0c42a112278c,ZRTC20260424025,20,-281.3,-248.94
零售,601488,10021857,12508823,43,HLB-15bef9e4-570e-11f0-8cdb-0c42a112278c,ZRTC20260424025,20,-281.3,-248.94
零售,601488,10021857,12508823,42,HLB-15befb89-570e-11f0-8cdb-0c42a112278c,ZRTC20260424025,20,-281.3,-248.94
零售,601488,10021857,12508823,41,HLB-15befa45-570e-11f0-8cdb-0c42a112278c,ZRTC20260424025,20,-281.3,-248.94
零售,601488,10021857,12508823,35,HLB-15befa2b-570e-11f0-8cdb-0c42a112278c,ZRTC20260424025,20,-281.3,-248.94
零售,601488,10021857,12508823,34,HLB-15befb0d-570e-11f0-8cdb-0c42a112278c,ZRTC20260424025,20,-281.3,-248.94
零售,601488,10021857,12508823,33,HLB-15bef949-570e-11f0-8cdb-0c42a112278c,ZRTC20260424025,20,-281.3,-248.94
零售,601488,10021857,12508823,32,HLB-15befa5b-570e-11f0-8cdb-0c42a112278c,ZRTC20260424025,20,-281.3,-248.94
零售,601488,10021857,12508823,31,HLB-15befa88-570e-11f0-8cdb-0c42a112278c,ZRTC20260424025,20,-281.3,-248.94
零售,601488,10021857,12508823,29,HLB-15befb4d-570e-11f0-8cdb-0c42a112278c,ZRTC20260424025,20,-281.3,-248.94
零售,601488,10021857,12508823,28,HLB-15bef975-570e-11f0-8cdb-0c42a112278c,ZRTC20260424025,20,-281.3,-248.94
零售,601488,10021857,12508823,26,HLB-15bef98a-570e-11f0-8cdb-0c42a112278c,ZRTC20260424025,20,-281.3,-248.94
零售,601488,10021857,12508823,24,HLB-15befb21-570e-11f0-8cdb-0c42a112278c,ZRTC20260424025,20,-281.3,-248.94
零售,601488,10021857,12508823,23,HLB-15befb76-570e-11f0-8cdb-0c42a112278c,ZRTC20260424025,20,-281.3,-248.94
零售,601488,10021857,12508823,20,HLB-15befb60-570e-11f0-8cdb-0c42a112278c,ZRTC20260424025,20,-281.3,-248.94
零售,601488,10021857,12508823,19,HLB-15befb9d-570e-11f0-8cdb-0c42a112278c,ZRTC20260424025,20,-281.3,-248.94
零售,601488,10021857,12508823,18,HLB-15bef9a2-570e-11f0-8cdb-0c42a112278c,ZRTC20260424025,20,-281.3,-248.94
零售,601488,10021857,12508823,17,HLB-15befa72-570e-11f0-8cdb-0c42a112278c,ZRTC20260424025,20,-281.3,-248.94
零售,601488,10021857,12508823,12,HLB-15bef936-570e-11f0-8cdb-0c42a112278c,ZRTC20260424025,20,-281.3,-248.94
零售,601488,10021857,12508823,10,HLB-15befaf4-570e-11f0-8cdb-0c42a112278c,ZRTC20260424025,20,-281.3,-248.94
零售,601488,10021857,12508823,8,HLB-15befa9b-570e-11f0-8cdb-0c42a112278c,ZRTC20260424025,20,-281.3,-248.94
零售,601488,10021857,12508823,7,HLB-15bef9fd-570e-11f0-8cdb-0c42a112278c,ZRTC20260424025,20,-281.3,-248.94
零售,601488,10021857,12508823,5,HLB-15befab0-570e-11f0-8cdb-0c42a112278c,ZRTC20260424025,20,-281.3,-248.94
零售,601488,10021857,12508823,2,HLB-15bef9b8-570e-11f0-8cdb-0c42a112278c,ZRTC20260424025,20,-281.3,-248.94
零售,601488,10021857,12508831,39,HLB-1688d592-570e-11f0-8cdb-0c42a112278c,ZRTC20260424025,20,-281.3,-248.94
零售,601488,10021857,12508831,37,HLB-1688d5bb-570e-11f0-8cdb-0c42a112278c,ZRTC20260424025,20,-281.3,-248.94
零售,601488,10021857,12508831,36,HLB-1688d522-570e-11f0-8cdb-0c42a112278c,ZRTC20260424025,20,-281.3,-248.94
零售,601488,10021857,12508831,34,HLB-1688d4b6-570e-11f0-8cdb-0c42a112278c,ZRTC20260424025,20,-281.3,-248.94
零售,601488,10021857,12508831,31,HLB-1688d536-570e-11f0-8cdb-0c42a112278c,ZRTC20260424025,20,-281.3,-248.94
零售,601488,10021857,12508831,24,HLB-1688d565-570e-11f0-8cdb-0c42a112278c,ZRTC20260424025,20,-281.3,-248.94
零售,601488,10021857,12508831,21,HLB-1688d57e-570e-11f0-8cdb-0c42a112278c,ZRTC20260424025,20,-281.3,-248.94
零售,601488,10021857,12508831,20,HLB-1688d476-570e-11f0-8cdb-0c42a112278c,ZRTC20260424025,20,-281.3,-248.94
零售,601488,10021857,12508831,18,HLB-1688d5f5-570e-11f0-8cdb-0c42a112278c,ZRTC20260424025,20,-281.3,-248.94
零售,601488,10021857,12508831,17,HLB-1688d54c-570e-11f0-8cdb-0c42a112278c,ZRTC20260424025,20,-281.3,-248.94
零售,601488,10021857,12508831,16,HLB-1688d4f9-570e-11f0-8cdb-0c42a112278c,ZRTC20260424025,20,-281.3,-248.94
零售,601488,10021857,12508831,15,HLB-1688d5a7-570e-11f0-8cdb-0c42a112278c,ZRTC20260424025,20,-281.3,-248.94
零售,601488,10021857,12508831,13,HLB-1688d50c-570e-11f0-8cdb-0c42a112278c,ZRTC20260424025,20,-281.3,-248.94
零售,601488,10021857,12508831,11,HLB-1688d5e1-570e-11f0-8cdb-0c42a112278c,ZRTC20260424025,20,-281.3,-248.94
零售,601488,10021857,12508831,10,HLB-1688d5ce-570e-11f0-8cdb-0c42a112278c,ZRTC20260424025,20,-281.3,-248.94
零售,601488,10021857,12508831,9,HLB-1688d4a0-570e-11f0-8cdb-0c42a112278c,ZRTC20260424025,20,-281.3,-248.94
零售,601488,10021857,12508831,7,HLB-1688d45e-570e-11f0-8cdb-0c42a112278c,ZRTC20260424025,20,-281.3,-248.94
零售,601488,10021857,12508831,5,HLB-1688d4e0-570e-11f0-8cdb-0c42a112278c,ZRTC20260424025,20,-281.3,-248.94
零售,601488,10021857,12508831,4,HLB-1688d489-570e-11f0-8cdb-0c42a112278c,ZRTC20260424025,20,-281.3,-248.94
零售,601488,10021857,12508831,1,HLB-1688d4c9-570e-11f0-8cdb-0c42a112278c,ZRTC20260424025,20,-281.3,-248.94
零售,601488,10021857,12377685,10,HLB-eca5a0e4-4f2f-11f0-8cdb-0c42a112278c,ZRTC20260424025,20,-281.3,-248.94
零售,601488,10021857,12377685,9,HLB-eca5a10f-4f2f-11f0-8cdb-0c42a112278c,ZRTC20260424025,20,-281.3,-248.94
零售,601488,10021857,12377685,8,HLB-eca5a0f8-4f2f-11f0-8cdb-0c42a112278c,ZRTC20260424025,20,-281.3,-248.94
零售,601488,10021857,12377685,7,HLB-eca5a136-4f2f-11f0-8cdb-0c42a112278c,ZRTC20260424025,20,-281.3,-248.94
零售,601488,10021857,12377685,6,HLB-eca5a122-4f2f-11f0-8cdb-0c42a112278c,ZRTC20260424025,20,-281.3,-248.94
零售,601488,10021857,12377685,5,HLB-eca5a0ce-4f2f-11f0-8cdb-0c42a112278c,ZRTC20260424025,20,-281.3,-248.94
零售,601488,10021857,12377685,4,HLB-eca5a149-4f2f-11f0-8cdb-0c42a112278c,ZRTC20260424025,20,-281.3,-248.94
零售,601488,10021857,12377685,3,HLB-eca5a0ba-4f2f-11f0-8cdb-0c42a112278c,ZRTC20260424025,20,-281.3,-248.94
零售,601488,10021857,12377685,2,HLB-eca5a093-4f2f-11f0-8cdb-0c42a112278c,ZRTC20260424025,20,-281.3,-248.94
零售,601488,10021857,12377685,1,HLB-eca5a0a6-4f2f-11f0-8cdb-0c42a112278c,ZRTC20260424025,20,-281.3,-248.94
零售,601488,10021857,12501316,20,HLB-55a31269-561d-11f0-8cdb-0c42a112278c,ZRTC20260424025,20,-281.3,-248.94
零售,601488,10021857,12162106,2,HLB-27defd68-41de-11f0-8cdb-0c42a112278c,ZRTC20260424025,12,-400.26,-354.21
零售,601488,10021857,12516719,80,HLB-2992c4b2-5880-11f0-8cdb-0c42a112278c,ZRTC20260424025,12,-400.26,-354.21
零售,601488,10021857,12516719,78,HLB-2972845b-5880-11f0-8cdb-0c42a112278c,ZRTC20260424025,12,-400.26,-354.21
零售,601488,10021857,12516719,76,HLB-29728671-5880-11f0-8cdb-0c42a112278c,ZRTC20260424025,12,-400.26,-354.21
零售,601488,10021857,12516719,75,HLB-2972869c-5880-11f0-8cdb-0c42a112278c,ZRTC20260424025,12,-400.26,-354.21
零售,601488,10021857,12516719,73,HLB-2992c486-5880-11f0-8cdb-0c42a112278c,ZRTC20260424025,12,-400.26,-354.21
零售,601488,10021857,12516719,72,HLB-2992c394-5880-11f0-8cdb-0c42a112278c,ZRTC20260424025,12,-400.26,-354.21
零售,601488,10021857,12516719,71,HLB-297285c0-5880-11f0-8cdb-0c42a112278c,ZRTC20260424025,12,-400.26,-354.21
零售,601488,10021857,12516719,70,HLB-2992c3c8-5880-11f0-8cdb-0c42a112278c,ZRTC20260424025,12,-400.26,-354.21
零售,601488,10021857,12516719,69,HLB-297284c4-5880-11f0-8cdb-0c42a112278c,ZRTC20260424025,12,-400.26,-354.21
零售,601488,10021857,12516719,61,HLB-2992c50c-5880-11f0-8cdb-0c42a112278c,ZRTC20260424025,12,-400.26,-354.21
零售,601488,10021857,12516719,56,HLB-297286fa-5880-11f0-8cdb-0c42a112278c,ZRTC20260424025,12,-400.26,-354.21
零售,601488,10021857,12516719,55,HLB-29728561-5880-11f0-8cdb-0c42a112278c,ZRTC20260424025,12,-400.26,-354.21
零售,601488,10021857,12516719,52,HLB-297284ff-5880-11f0-8cdb-0c42a112278c,ZRTC20260424025,12,-400.26,-354.21
零售,601488,10021857,12516719,51,HLB-2972876c-5880-11f0-8cdb-0c42a112278c,ZRTC20260424025,12,-400.26,-354.21
零售,601488,10021857,12516719,50,HLB-2992c42a-5880-11f0-8cdb-0c42a112278c,ZRTC20260424025,12,-400.26,-354.21
零售,601488,10021857,12516719,46,HLB-29728821-5880-11f0-8cdb-0c42a112278c,ZRTC20260424025,12,-400.26,-354.21
零售,601488,10021857,12516719,44,HLB-29728646-5880-11f0-8cdb-0c42a112278c,ZRTC20260424025,12,-400.26,-354.21
零售,601488,10021857,12516719,43,HLB-2992c562-5880-11f0-8cdb-0c42a112278c,ZRTC20260424025,12,-400.26,-354.21
零售,601488,10021857,12516719,42,HLB-29728348-5880-11f0-8cdb-0c42a112278c,ZRTC20260424025,12,-400.26,-354.21
零售,601488,10021857,12516719,41,HLB-29728795-5880-11f0-8cdb-0c42a112278c,ZRTC20260424025,12,-400.26,-354.21
零售,601488,10021857,12516719,39,HLB-2992c2dd-5880-11f0-8cdb-0c42a112278c,ZRTC20260424025,12,-400.26,-354.21
零售,601488,10021857,12516719,38,HLB-297286c9-5880-11f0-8cdb-0c42a112278c,ZRTC20260424025,12,-400.26,-354.21
零售,601488,10021857,12516719,37,HLB-2972861a-5880-11f0-8cdb-0c42a112278c,ZRTC20260424025,12,-400.26,-354.21
零售,601488,10021857,12516719,36,HLB-297287f5-5880-11f0-8cdb-0c42a112278c,ZRTC20260424025,12,-400.26,-354.21
零售,601488,10021857,12516719,35,HLB-297287c2-5880-11f0-8cdb-0c42a112278c,ZRTC20260424025,12,-400.26,-354.21
零售,601488,10021857,12516719,34,HLB-2992c459-5880-11f0-8cdb-0c42a112278c,ZRTC20260424025,12,-400.26,-354.21
零售,601488,10021857,12516719,30,HLB-2992c58b-5880-11f0-8cdb-0c42a112278c,ZRTC20260424025,12,-400.26,-354.21
零售,601488,10021857,12516719,25,HLB-2992c365-5880-11f0-8cdb-0c42a112278c,ZRTC20260424025,12,-400.26,-354.21
零售,601488,10021857,12516719,21,HLB-2972848e-5880-11f0-8cdb-0c42a112278c,ZRTC20260424025,12,-400.26,-354.21
零售,601488,10021857,12516719,18,HLB-29728851-5880-11f0-8cdb-0c42a112278c,ZRTC20260424025,12,-400.26,-354.21
零售,601488,10021857,12516719,16,HLB-29728723-5880-11f0-8cdb-0c42a112278c,ZRTC20260424025,12,-400.26,-354.21
零售,601488,10021857,12516719,14,HLB-2992c3fb-5880-11f0-8cdb-0c42a112278c,ZRTC20260424025,12,-400.26,-354.21
零售,601488,10021857,12516719,12,HLB-297285ef-5880-11f0-8cdb-0c42a112278c,ZRTC20260424025,12,-400.26,-354.21
零售,601488,10021857,12516719,11,HLB-2992c5b8-5880-11f0-8cdb-0c42a112278c,ZRTC20260424025,12,-400.26,-354.21
零售,601488,10021857,12516719,10,HLB-2992c537-5880-11f0-8cdb-0c42a112278c,ZRTC20260424025,12,-400.26,-354.21
零售,601488,10021857,12516719,8,HLB-2972858e-5880-11f0-8cdb-0c42a112278c,ZRTC20260424025,12,-400.26,-354.21
零售,601488,10021857,12516719,7,HLB-29728534-5880-11f0-8cdb-0c42a112278c,ZRTC20260424025,12,-400.26,-354.21
零售,601488,10021857,12516719,6,HLB-29728423-5880-11f0-8cdb-0c42a112278c,ZRTC20260424025,12,-400.26,-354.21
零售,601488,10021857,12516719,5,HLB-2992c4de-5880-11f0-8cdb-0c42a112278c,ZRTC20260424025,12,-400.26,-354.21
零售,601488,10021857,12516719,3,HLB-297283f1-5880-11f0-8cdb-0c42a112278c,ZRTC20260424025,12,-400.26,-354.21
零售,601488,10021857,12517980,50,HLB-0496ada3-5898-11f0-8cdb-0c42a112278c,ZRTC20260424025,12,-400.26,-354.21
零售,601488,10021857,12517980,49,HLB-0496ab97-5898-11f0-8cdb-0c42a112278c,ZRTC20260424025,12,-400.26,-354.21
零售,601488,10021857,12517980,48,HLB-0496ab80-5898-11f0-8cdb-0c42a112278c,ZRTC20260424025,12,-400.26,-354.21
零售,601488,10021857,12517980,47,HLB-0496ac34-5898-11f0-8cdb-0c42a112278c,ZRTC20260424025,12,-400.26,-354.21
零售,601488,10021857,12517980,46,HLB-0496acd8-5898-11f0-8cdb-0c42a112278c,ZRTC20260424025,12,-400.26,-354.21
零售,601488,10021857,12517980,45,HLB-0496ad40-5898-11f0-8cdb-0c42a112278c,ZRTC20260424025,12,-400.26,-354.21
零售,601488,10021857,12517980,44,HLB-0496acaf-5898-11f0-8cdb-0c42a112278c,ZRTC20260424025,12,-400.26,-354.21
零售,601488,10021857,12517980,43,HLB-0496ad2b-5898-11f0-8cdb-0c42a112278c,ZRTC20260424025,12,-400.26,-354.21
零售,601488,10021857,12517980,42,HLB-0496adca-5898-11f0-8cdb-0c42a112278c,ZRTC20260424025,12,-400.26,-354.21
零售,601488,10021857,12517980,41,HLB-0496a935-5898-11f0-8cdb-0c42a112278c,ZRTC20260424025,12,-400.26,-354.21
零售,601488,10021857,12517980,39,HLB-0496ac82-5898-11f0-8cdb-0c42a112278c,ZRTC20260424025,12,-400.26,-354.21
零售,601488,10021857,12517980,38,HLB-0496ac6d-5898-11f0-8cdb-0c42a112278c,ZRTC20260424025,12,-400.26,-354.21
零售,601488,10021857,12517980,36,HLB-0496ab66-5898-11f0-8cdb-0c42a112278c,ZRTC20260424025,12,-400.26,-354.21
零售,601488,10021857,12517980,33,HLB-0496ad90-5898-11f0-8cdb-0c42a112278c,ZRTC20260424025,12,-400.26,-354.21
零售,601488,10021857,12517980,32,HLB-0496a98c-5898-11f0-8cdb-0c42a112278c,ZRTC20260424025,12,-400.26,-354.21
零售,601488,10021857,12517980,31,HLB-0496ad18-5898-11f0-8cdb-0c42a112278c,ZRTC20260424025,12,-400.26,-354.21
零售,601488,10021857,12517980,30,HLB-0496abf8-5898-11f0-8cdb-0c42a112278c,ZRTC20260424025,12,-400.26,-354.21
零售,601488,10021857,12517980,29,HLB-0496aafb-5898-11f0-8cdb-0c42a112278c,ZRTC20260424025,12,-400.26,-354.21
零售,601488,10021857,12517980,28,HLB-0496aced-5898-11f0-8cdb-0c42a112278c,ZRTC20260424025,12,-400.26,-354.21
零售,601488,10021857,12517980,27,HLB-0496ab15-5898-11f0-8cdb-0c42a112278c,ZRTC20260424025,12,-400.26,-354.21
零售,601488,10021857,12517980,25,HLB-0496ab51-5898-11f0-8cdb-0c42a112278c,ZRTC20260424025,12,-400.26,-354.21
零售,601488,10021857,12517980,24,HLB-0496a901-5898-11f0-8cdb-0c42a112278c,ZRTC20260424025,12,-400.26,-354.21
零售,601488,10021857,12517980,23,HLB-0496ac0c-5898-11f0-8cdb-0c42a112278c,ZRTC20260424025,12,-400.26,-354.21
零售,601488,10021857,12517980,22,HLB-0496adb6-5898-11f0-8cdb-0c42a112278c,ZRTC20260424025,12,-400.26,-354.21
零售,601488,10021857,12517980,20,HLB-0496aa59-5898-11f0-8cdb-0c42a112278c,ZRTC20260424025,12,-400.26,-354.21
零售,601488,10021857,12517980,19,HLB-0496ad68-5898-11f0-8cdb-0c42a112278c,ZRTC20260424025,12,-400.26,-354.21
零售,601488,10021857,12431432,39,HLB-d8f33865-525d-11f0-8cdb-0c42a112278c,ZRTC20260424025,12,-400.26,-354.21
零售,601488,10021857,12431432,38,HLB-d8f338fb-525d-11f0-8cdb-0c42a112278c,ZRTC20260424025,12,-400.26,-354.21
零售,601488,10021857,12431432,36,HLB-d8f3384e-525d-11f0-8cdb-0c42a112278c,ZRTC20260424025,12,-400.26,-354.21
零售,601488,10021857,12431432,32,HLB-d8f3388f-525d-11f0-8cdb-0c42a112278c,ZRTC20260424025,12,-400.26,-354.21
零售,601488,10021857,12431432,29,HLB-d8f33911-525d-11f0-8cdb-0c42a112278c,ZRTC20260424025,12,-400.26,-354.21
零售,601488,10021857,12431432,28,HLB-d8f33839-525d-11f0-8cdb-0c42a112278c,ZRTC20260424025,12,-400.26,-354.21
零售,601488,10021857,12431432,26,HLB-d8f33822-525d-11f0-8cdb-0c42a112278c,ZRTC20260424025,12,-400.26,-354.21
零售,601488,10021857,12431432,22,HLB-d8f3380b-525d-11f0-8cdb-0c42a112278c,ZRTC20260424025,12,-400.26,-354.21
零售,601488,10021857,12431432,21,HLB-d8f338e5-525d-11f0-8cdb-0c42a112278c,ZRTC20260424025,12,-400.26,-354.21
零售,601488,10021857,12431432,20,HLB-d8f338ce-525d-11f0-8cdb-0c42a112278c,ZRTC20260424025,12,-400.26,-354.21
零售,601488,10021857,12431432,19,HLB-d8f33979-525d-11f0-8cdb-0c42a112278c,ZRTC20260424025,12,-400.26,-354.21
零售,601488,10021857,12431432,18,HLB-d8f338b8-525d-11f0-8cdb-0c42a112278c,ZRTC20260424025,12,-400.26,-354.21
零售,601488,10021857,12431432,17,HLB-d8f33926-525d-11f0-8cdb-0c42a112278c,ZRTC20260424025,12,-400.26,-354.21
零售,601488,10021857,12431432,14,HLB-d8f33797-525d-11f0-8cdb-0c42a112278c,ZRTC20260424025,12,-400.26,-354.21
零售,601488,10021857,12431432,12,HLB-d8f338a3-525d-11f0-8cdb-0c42a112278c,ZRTC20260424025,12,-400.26,-354.21
零售,601488,10021857,12431432,10,HLB-d8f337e6-525d-11f0-8cdb-0c42a112278c,ZRTC20260424025,12,-400.26,-354.21
零售,601488,10021857,12431432,9,HLB-d8f3394f-525d-11f0-8cdb-0c42a112278c,ZRTC20260424025,12,-400.26,-354.21
零售,601488,10021857,12431432,8,HLB-d8f3387a-525d-11f0-8cdb-0c42a112278c,ZRTC20260424025,12,-400.26,-354.21
零售,601488,10021857,12431432,6,HLB-d8f3393b-525d-11f0-8cdb-0c42a112278c,ZRTC20260424025,12,-400.26,-354.21
零售,601488,10021857,12431432,3,HLB-d8f33965-525d-11f0-8cdb-0c42a112278c,ZRTC20260424025,12,-400.26,-354.21
零售,601488,10021857,12508817,19,HLB-14ccfebe-570e-11f0-8cdb-0c42a112278c,ZRTC20260424025,12,-400.26,-354.21
零售,601488,10021857,12508817,17,HLB-14ccfe59-570e-11f0-8cdb-0c42a112278c,ZRTC20260424025,12,-400.26,-354.21
零售,601488,10021857,12508817,13,HLB-14ccfe45-570e-11f0-8cdb-0c42a112278c,ZRTC20260424025,12,-400.26,-354.21
零售,601488,10021857,12508817,8,HLB-14ccfe1b-570e-11f0-8cdb-0c42a112278c,ZRTC20260424025,12,-400.26,-354.21
零售,601488,10021857,12508817,7,HLB-14ccfe96-570e-11f0-8cdb-0c42a112278c,ZRTC20260424025,12,-400.26,-354.21
零售,601488,10021857,12508817,5,HLB-14ccfe07-570e-11f0-8cdb-0c42a112278c,ZRTC20260424025,12,-400.26,-354.21
零售,601488,10021857,12508817,4,HLB-14ccfe6d-570e-11f0-8cdb-0c42a112278c,ZRTC20260424025,12,-400.26,-354.21
零售,601488,10021857,12508817,3,HLB-14ccfe2f-570e-11f0-8cdb-0c42a112278c,ZRTC20260424025,12,-400.26,-354.21
零售,601488,10021857,12508817,2,HLB-14ccfeaa-570e-11f0-8cdb-0c42a112278c,ZRTC20260424025,12,-400.26,-354.21
零售,601488,10021857,12508817,1,HLB-14ccfe81-570e-11f0-8cdb-0c42a112278c,ZRTC20260424025,12,-400.26,-354.21
零售,601488,10021857,12401204,1,HLB-d009c207-50b4-11f0-8cdb-0c42a112278c,ZRTC20260424025,12,400.26,354.21
零售,601488,10021857,12375044,12,HLB-0deacf59-4f18-11f0-8cdb-0c42a112278c,ZRTC20260424025,11,-400.25,-354.2
零售,601488,10021857,12375047,50,HLB-0e2ef8c9-4f18-11f0-8cdb-0c42a112278c,ZRTC20260424025,10,-568.51,-503.11
零售,601488,10021857,12375047,49,HLB-0e2efc2a-4f18-11f0-8cdb-0c42a112278c,ZRTC20260424025,10,-566.78,-501.58
零售,601488,10021857,12375047,48,HLB-0e2ef9d4-4f18-11f0-8cdb-0c42a112278c,ZRTC20260424025,10,-566.78,-501.58
零售,601488,10021857,12375047,47,HLB-0e2efb57-4f18-11f0-8cdb-0c42a112278c,ZRTC20260424025,10,-566.78,-501.58
零售,601488,10021857,12375047,46,HLB-0e2ef999-4f18-11f0-8cdb-0c42a112278c,ZRTC20260424025,10,-566.78,-501.58
零售,601488,10021857,12375047,45,HLB-0e0bae90-4f18-11f0-8cdb-0c42a112278c,ZRTC20260424025,10,-566.78,-501.58
零售,601488,10021857,12375047,44,HLB-0e2ef8ae-4f18-11f0-8cdb-0c42a112278c,ZRTC20260424025,10,-566.78,-501.58
零售,601488,10021857,12375047,43,HLB-0e2efb2f-4f18-11f0-8cdb-0c42a112278c,ZRTC20260424025,10,-566.78,-501.58
零售,601488,10021857,12375047,42,HLB-0e0baf0b-4f18-11f0-8cdb-0c42a112278c,ZRTC20260424025,10,-566.78,-501.58
零售,601488,10021857,12375047,41,HLB-0e2ef95b-4f18-11f0-8cdb-0c42a112278c,ZRTC20260424025,10,-566.78,-501.58
零售,601488,10021857,12375047,40,HLB-0e2ef8f9-4f18-11f0-8cdb-0c42a112278c,ZRTC20260424025,10,-566.78,-501.58
零售,601488,10021857,12375047,39,HLB-0e2efa3d-4f18-11f0-8cdb-0c42a112278c,ZRTC20260424025,10,-566.78,-501.58
零售,601488,10021857,12375047,38,HLB-0e2efc15-4f18-11f0-8cdb-0c42a112278c,ZRTC20260424025,10,-566.78,-501.58
零售,601488,10021857,12375047,37,HLB-0e2efa54-4f18-11f0-8cdb-0c42a112278c,ZRTC20260424025,10,-566.78,-501.58
零售,601488,10021857,12375047,36,HLB-0e2efc01-4f18-11f0-8cdb-0c42a112278c,ZRTC20260424025,10,-566.78,-501.58
零售,601488,10021857,12375047,35,HLB-0e2efb6c-4f18-11f0-8cdb-0c42a112278c,ZRTC20260424025,10,-566.78,-501.58
零售,601488,10021857,12375047,34,HLB-0e2efb95-4f18-11f0-8cdb-0c42a112278c,ZRTC20260424025,10,-566.78,-501.58
零售,601488,10021857,12375047,33,HLB-0e2efb81-4f18-11f0-8cdb-0c42a112278c,ZRTC20260424025,10,-566.78,-501.58
零售,601488,10021857,12375047,32,HLB-0e2efadd-4f18-11f0-8cdb-0c42a112278c,ZRTC20260424025,10,-566.78,-501.58
零售,601488,10021857,12375047,31,HLB-0e0baecf-4f18-11f0-8cdb-0c42a112278c,ZRTC20260424025,10,-566.78,-501.58
零售,601488,10021857,12375047,30,HLB-0e0baee4-4f18-11f0-8cdb-0c42a112278c,ZRTC20260424025,10,-566.78,-501.58
零售,601488,10021857,12375047,29,HLB-0e0baf32-4f18-11f0-8cdb-0c42a112278c,ZRTC20260424025,10,-566.78,-501.58
零售,601488,10021857,12375047,28,HLB-0e2efab1-4f18-11f0-8cdb-0c42a112278c,ZRTC20260424025,10,-566.78,-501.58
零售,601488,10021857,12375047,27,HLB-0e2ef926-4f18-11f0-8cdb-0c42a112278c,ZRTC20260424025,10,-566.78,-501.58
零售,601488,10021857,12375047,26,HLB-0e2efb43-4f18-11f0-8cdb-0c42a112278c,ZRTC20260424025,10,-566.78,-501.58
零售,601488,10021857,12375047,25,HLB-0e2ef893-4f18-11f0-8cdb-0c42a112278c,ZRTC20260424025,10,-566.78,-501.58
零售,601488,10021857,12375047,24,HLB-0e2ef9f9-4f18-11f0-8cdb-0c42a112278c,ZRTC20260424025,10,-566.78,-501.58
零售,601488,10021857,12375047,23,HLB-0e0baeb9-4f18-11f0-8cdb-0c42a112278c,ZRTC20260424025,10,-566.78,-501.58
零售,601488,10021857,12375047,22,HLB-0e2ef816-4f18-11f0-8cdb-0c42a112278c,ZRTC20260424025,10,-566.78,-501.58
零售,601488,10021857,12375047,21,HLB-0e2efaf3-4f18-11f0-8cdb-0c42a112278c,ZRTC20260424025,10,-566.78,-501.58
零售,601488,10021857,12375047,20,HLB-0e2efa84-4f18-11f0-8cdb-0c42a112278c,ZRTC20260424025,10,-566.78,-501.58
零售,601488,10021857,12375047,19,HLB-0e0baea5-4f18-11f0-8cdb-0c42a112278c,ZRTC20260424025,10,-566.78,-501.58
零售,601488,10021857,12375047,18,HLB-0e0baef7-4f18-11f0-8cdb-0c42a112278c,ZRTC20260424025,10,-566.78,-501.58
零售,601488,10021857,12375047,17,HLB-0e2efbaa-4f18-11f0-8cdb-0c42a112278c,ZRTC20260424025,10,-566.78,-501.58
零售,601488,10021857,12375047,16,HLB-0e2efb1c-4f18-11f0-8cdb-0c42a112278c,ZRTC20260424025,10,-566.78,-501.58
零售,601488,10021857,12520932,26,HLB-7aaa1391-5935-11f0-8cdb-0c42a112278c,ZRTC20260424025,4,-477.32,-422.41
零售,601488,10021857,12520932,25,HLB-7aaa1455-5935-11f0-8cdb-0c42a112278c,ZRTC20260424025,4,-477.32,-422.41
零售,601488,10021857,12520932,24,HLB-7aaa12a1-5935-11f0-8cdb-0c42a112278c,ZRTC20260424025,4,-477.32,-422.41
零售,601488,10021857,12520932,23,HLB-7aaa146b-5935-11f0-8cdb-0c42a112278c,ZRTC20260424025,4,-477.32,-422.41
零售,601488,10021857,12520932,22,HLB-7aaa14d0-5935-11f0-8cdb-0c42a112278c,ZRTC20260424025,4,-477.32,-422.41
零售,601488,10021857,12520932,21,HLB-7aaa1287-5935-11f0-8cdb-0c42a112278c,ZRTC20260424025,4,-477.32,-422.41
零售,601488,10021857,12520932,20,HLB-7aaa1440-5935-11f0-8cdb-0c42a112278c,ZRTC20260424025,4,-477.32,-422.41
零售,601488,10021857,12520932,19,HLB-7aaa14bd-5935-11f0-8cdb-0c42a112278c,ZRTC20260424025,4,-477.32,-422.41
零售,601488,10021857,12520932,18,HLB-7aaa121d-5935-11f0-8cdb-0c42a112278c,ZRTC20260424025,4,-477.32,-422.41
零售,601488,10021857,12520932,17,HLB-7aaa1308-5935-11f0-8cdb-0c42a112278c,ZRTC20260424025,4,-477.32,-422.41
零售,601488,10021857,12520932,16,HLB-7aaa137d-5935-11f0-8cdb-0c42a112278c,ZRTC20260424025,4,-477.32,-422.41
零售,601488,10021857,12520932,15,HLB-7aaa1402-5935-11f0-8cdb-0c42a112278c,ZRTC20260424025,4,-477.32,-422.41
零售,601488,10021857,12520932,14,HLB-7aaa13a9-5935-11f0-8cdb-0c42a112278c,ZRTC20260424025,4,-477.32,-422.41
零售,601488,10021857,12520932,13,HLB-7aaa14a7-5935-11f0-8cdb-0c42a112278c,ZRTC20260424025,4,-477.32,-422.41
零售,601488,10021857,12520932,12,HLB-7aaa1522-5935-11f0-8cdb-0c42a112278c,ZRTC20260424025,4,-477.32,-422.41
零售,601488,10021857,12520932,11,HLB-7aaa1367-5935-11f0-8cdb-0c42a112278c,ZRTC20260424025,4,-477.32,-422.41
零售,601488,10021857,12520932,10,HLB-7aaa14f7-5935-11f0-8cdb-0c42a112278c,ZRTC20260424025,4,-477.32,-422.41
零售,601488,10021857,12520932,9,HLB-7aaa13ed-5935-11f0-8cdb-0c42a112278c,ZRTC20260424025,4,-477.32,-422.41
零售,601488,10021857,12520932,8,HLB-7aaa142b-5935-11f0-8cdb-0c42a112278c,ZRTC20260424025,4,-477.32,-422.41
零售,601488,10021857,12520932,7,HLB-7aaa1352-5935-11f0-8cdb-0c42a112278c,ZRTC20260424025,4,-477.32,-422.41
零售,601488,10021857,12520932,6,HLB-7aaa1494-5935-11f0-8cdb-0c42a112278c,ZRTC20260424025,4,-477.32,-422.41
零售,601488,10021857,12520932,5,HLB-7aaa14e3-5935-11f0-8cdb-0c42a112278c,ZRTC20260424025,4,-477.32,-422.41
零售,601488,10021857,12520932,4,HLB-7aaa1480-5935-11f0-8cdb-0c42a112278c,ZRTC20260424025,4,-477.32,-422.41
零售,601488,10021857,12520932,3,HLB-7aaa12d0-5935-11f0-8cdb-0c42a112278c,ZRTC20260424025,4,-477.32,-422.41
零售,601488,10021857,12520932,2,HLB-7aaa1336-5935-11f0-8cdb-0c42a112278c,ZRTC20260424025,4,-477.32,-422.41
零售,601488,10021857,12520932,1,HLB-7aaa131f-5935-11f0-8cdb-0c42a112278c,ZRTC20260424025,4,-477.32,-422.41
零售,601488,10021857,12508831,40,HLB-16653496-570e-11f0-8cdb-0c42a112278c,ZRTC20260424025,4,-477.32,-422.41
零售,601488,10021857,12508831,38,HLB-16653482-570e-11f0-8cdb-0c42a112278c,ZRTC20260424025,4,-477.32,-422.41
零售,601488,10021857,12508831,35,HLB-1688d328-570e-11f0-8cdb-0c42a112278c,ZRTC20260424025,4,-477.32,-422.41
零售,601488,10021857,12508831,33,HLB-166534be-570e-11f0-8cdb-0c42a112278c,ZRTC20260424025,4,-477.32,-422.41
零售,601488,10021857,12508831,32,HLB-1688d415-570e-11f0-8cdb-0c42a112278c,ZRTC20260424025,4,-477.32,-422.41
零售,601488,10021857,12508831,30,HLB-16653440-570e-11f0-8cdb-0c42a112278c,ZRTC20260424025,4,-477.32,-422.41
零售,601488,10021857,12508831,29,HLB-1688d394-570e-11f0-8cdb-0c42a112278c,ZRTC20260424025,4,-477.32,-422.41
零售,601488,10021857,12508831,28,HLB-1688d3ad-570e-11f0-8cdb-0c42a112278c,ZRTC20260424025,4,-477.32,-422.41
零售,601488,10021857,12508831,27,HLB-1688d42c-570e-11f0-8cdb-0c42a112278c,ZRTC20260424025,4,-477.32,-422.41
零售,601488,10021857,12508831,26,HLB-1665341a-570e-11f0-8cdb-0c42a112278c,ZRTC20260424025,4,-477.32,-422.41
零售,601488,10021857,12508831,25,HLB-1665342e-570e-11f0-8cdb-0c42a112278c,ZRTC20260424025,4,-477.32,-422.41
零售,601488,10021857,12508831,23,HLB-1688d447-570e-11f0-8cdb-0c42a112278c,ZRTC20260424025,4,-477.32,-422.41
零售,601488,10021857,12508831,22,HLB-166534d1-570e-11f0-8cdb-0c42a112278c,ZRTC20260424025,4,-477.32,-422.41
零售,601488,10021857,12508831,19,HLB-1665346e-570e-11f0-8cdb-0c42a112278c,ZRTC20260424025,4,-477.32,-422.41
零售,601488,10021857,12508831,14,HLB-1688d3c8-570e-11f0-8cdb-0c42a112278c,ZRTC20260424025,4,-477.32,-422.41
零售,601488,10021857,12508831,12,HLB-1688d3fc-570e-11f0-8cdb-0c42a112278c,ZRTC20260424025,4,-477.32,-422.41
零售,601488,10021857,12508831,8,HLB-1665345a-570e-11f0-8cdb-0c42a112278c,ZRTC20260424025,4,-477.32,-422.41
零售,601488,10021857,12508831,6,HLB-166534aa-570e-11f0-8cdb-0c42a112278c,ZRTC20260424025,4,-477.32,-422.41
零售,601488,10021857,12508831,3,HLB-1688d377-570e-11f0-8cdb-0c42a112278c,ZRTC20260424025,4,-477.32,-422.41
零售,601488,10021857,12508831,2,HLB-1688d3e1-570e-11f0-8cdb-0c42a112278c,ZRTC20260424025,4,-477.32,-422.41
零售,601488,10021857,12287986,20,HLB-7fc89070-4a68-11f0-8cdb-0c42a112278c,ZRTC20260424025,4,-477.32,-422.41
零售,601488,10021857,12287986,19,HLB-7fc88fa1-4a68-11f0-8cdb-0c42a112278c,ZRTC20260424025,4,-477.32,-422.41
零售,601488,10021857,12287986,18,HLB-7fc890b5-4a68-11f0-8cdb-0c42a112278c,ZRTC20260424025,4,-477.32,-422.41
零售,601488,10021857,12287986,17,HLB-7fc890d0-4a68-11f0-8cdb-0c42a112278c,ZRTC20260424025,4,-477.32,-422.41
零售,601488,10021857,12287986,16,HLB-7fc88ee4-4a68-11f0-8cdb-0c42a112278c,ZRTC20260424025,4,-477.32,-422.41
零售,601488,10021857,12287986,15,HLB-7fc89029-4a68-11f0-8cdb-0c42a112278c,ZRTC20260424025,4,-477.32,-422.41
零售,601488,10021857,12287986,14,HLB-7fc8908c-4a68-11f0-8cdb-0c42a112278c,ZRTC20260424025,4,-477.32,-422.41
零售,601488,10021857,12287986,13,HLB-7fc890a0-4a68-11f0-8cdb-0c42a112278c,ZRTC20260424025,4,-477.32,-422.41
零售,601488,10021857,12287986,11,HLB-7fc89120-4a68-11f0-8cdb-0c42a112278c,ZRTC20260424025,4,-477.32,-422.41
零售,601488,10021857,12287986,10,HLB-7fc88ff0-4a68-11f0-8cdb-0c42a112278c,ZRTC20260424025,4,-477.32,-422.41
零售,601488,10021857,12287986,9,HLB-7fc8903f-4a68-11f0-8cdb-0c42a112278c,ZRTC20260424025,4,-477.32,-422.41
零售,601488,10021857,12287986,8,HLB-7fc88fd6-4a68-11f0-8cdb-0c42a112278c,ZRTC20260424025,4,-477.32,-422.41
零售,601488,10021857,12287986,7,HLB-7fc89107-4a68-11f0-8cdb-0c42a112278c,ZRTC20260424025,4,-477.32,-422.41
零售,601488,10021857,12287986,6,HLB-7fc8913c-4a68-11f0-8cdb-0c42a112278c,ZRTC20260424025,4,-477.32,-422.41
零售,601488,10021857,12287986,5,HLB-7fc89054-4a68-11f0-8cdb-0c42a112278c,ZRTC20260424025,4,-477.32,-422.41
零售,601488,10021857,12287986,4,HLB-7fc88fbb-4a68-11f0-8cdb-0c42a112278c,ZRTC20260424025,4,-477.32,-422.41
零售,601488,10021857,12287986,3,HLB-7fc88f81-4a68-11f0-8cdb-0c42a112278c,ZRTC20260424025,4,-477.32,-422.41
零售,601488,10021857,12287986,2,HLB-7fc890ea-4a68-11f0-8cdb-0c42a112278c,ZRTC20260424025,4,-477.32,-422.41
零售,601488,10021857,12287986,1,HLB-7fc89014-4a68-11f0-8cdb-0c42a112278c,ZRTC20260424025,4,-477.32,-422.41
零售,601488,10021857,12571660,20,HLB-b979a208-605f-11f0-8cdb-0c42a112278c,ZRTC20260424025,4,-477.32,-422.41
零售,601488,10021857,12571660,18,HLB-b979a1f1-605f-11f0-8cdb-0c42a112278c,ZRTC20260424025,4,-477.32,-422.41
零售,601488,10021857,12508834,9,HLB-16ca648f-570e-11f0-8cdb-0c42a112278c,ZRTC20260424025,21,-282.06,-249.61
零售,601488,10021857,12508834,3,HLB-16ca644d-570e-11f0-8cdb-0c42a112278c,ZRTC20260424025,21,-282.06,-249.61
零售,601488,10021857,12508834,2,HLB-16ca6409-570e-11f0-8cdb-0c42a112278c,ZRTC20260424025,21,-282.06,-249.61
零售,601488,10021857,12508834,1,HLB-16ca64a6-570e-11f0-8cdb-0c42a112278c,ZRTC20260424025,21,-282.06,-249.61
零售,601488,10021857,12521725,19,HLB-9ae2b6a7-5949-11f0-8cdb-0c42a112278c,ZRTC20260424025,21,-282.06,-249.61
零售,601488,10021857,12521725,18,HLB-9ae2b67f-5949-11f0-8cdb-0c42a112278c,ZRTC20260424025,21,-282.06,-249.61
零售,601488,10021857,12521725,17,HLB-9ae2b62e-5949-11f0-8cdb-0c42a112278c,ZRTC20260424025,21,-282.06,-249.61
零售,601488,10021857,12521725,15,HLB-9ae2b61a-5949-11f0-8cdb-0c42a112278c,ZRTC20260424025,21,-282.06,-249.61
零售,601488,10021857,12521725,13,HLB-9ae2b644-5949-11f0-8cdb-0c42a112278c,ZRTC20260424025,21,-282.06,-249.61
零售,601488,10021857,12521725,12,HLB-9ae2b692-5949-11f0-8cdb-0c42a112278c,ZRTC20260424025,21,-282.06,-249.61
零售,601488,10021857,12521725,11,HLB-9ae2b656-5949-11f0-8cdb-0c42a112278c,ZRTC20260424025,21,-282.06,-249.61
零售,601488,10021857,12521725,8,HLB-9ae2b66a-5949-11f0-8cdb-0c42a112278c,ZRTC20260424025,21,-282.06,-249.61
零售,601488,10021857,12521725,6,HLB-9ae2b5f1-5949-11f0-8cdb-0c42a112278c,ZRTC20260424025,21,-282.06,-249.61
零售,601488,10021857,12521725,5,HLB-9ae2b605-5949-11f0-8cdb-0c42a112278c,ZRTC20260424025,21,-282.06,-249.61
零售,601488,10021857,12375043,35,HLB-0dc87579-4f18-11f0-8cdb-0c42a112278c,ZRTC20260424025,21,-282.06,-249.61
零售,601488,10021857,12375043,34,HLB-0dc873e1-4f18-11f0-8cdb-0c42a112278c,ZRTC20260424025,21,-282.06,-249.61
零售,601488,10021857,12375043,33,HLB-0deacd8d-4f18-11f0-8cdb-0c42a112278c,ZRTC20260424025,21,-282.06,-249.61
零售,601488,10021857,12375043,32,HLB-0dc875cb-4f18-11f0-8cdb-0c42a112278c,ZRTC20260424025,21,-282.06,-249.61
零售,601488,10021857,12375043,31,HLB-0deacea9-4f18-11f0-8cdb-0c42a112278c,ZRTC20260424025,21,-282.06,-249.61
零售,601488,10021857,12375043,30,HLB-0deace93-4f18-11f0-8cdb-0c42a112278c,ZRTC20260424025,21,-282.06,-249.61
零售,601488,10021857,12375043,29,HLB-0dc874fa-4f18-11f0-8cdb-0c42a112278c,ZRTC20260424025,21,-282.06,-249.61
零售,601488,10021857,12375043,28,HLB-0dc8750f-4f18-11f0-8cdb-0c42a112278c,ZRTC20260424025,21,-282.06,-249.61
零售,601488,10021857,12375043,27,HLB-0dc87497-4f18-11f0-8cdb-0c42a112278c,ZRTC20260424025,21,-282.06,-249.61
零售,601488,10021857,12375043,26,HLB-0dc8761c-4f18-11f0-8cdb-0c42a112278c,ZRTC20260424025,21,-282.06,-249.61
零售,601488,10021857,12375043,25,HLB-0dc874b0-4f18-11f0-8cdb-0c42a112278c,ZRTC20260424025,21,-282.06,-249.61
零售,601488,10021857,12375043,24,HLB-0deace61-4f18-11f0-8cdb-0c42a112278c,ZRTC20260424025,21,-282.06,-249.61
零售,601488,10021857,12375043,23,HLB-0dc87658-4f18-11f0-8cdb-0c42a112278c,ZRTC20260424025,21,-282.06,-249.61
零售,601488,10021857,12375043,22,HLB-0dc87424-4f18-11f0-8cdb-0c42a112278c,ZRTC20260424025,21,-282.06,-249.61
零售,601488,10021857,12375043,21,HLB-0dc875b6-4f18-11f0-8cdb-0c42a112278c,ZRTC20260424025,21,-282.06,-249.61
零售,601488,10021857,12375043,20,HLB-0dc87565-4f18-11f0-8cdb-0c42a112278c,ZRTC20260424025,21,-282.06,-249.61
零售,601488,10021857,12375043,19,HLB-0dc8758d-4f18-11f0-8cdb-0c42a112278c,ZRTC20260424025,21,-282.06,-249.61
零售,601488,10021857,12375043,18,HLB-0dc87525-4f18-11f0-8cdb-0c42a112278c,ZRTC20260424025,21,-282.06,-249.61
零售,601488,10021857,12375043,17,HLB-0dc87630-4f18-11f0-8cdb-0c42a112278c,ZRTC20260424025,21,-282.06,-249.61
零售,601488,10021857,12375043,16,HLB-0dc87644-4f18-11f0-8cdb-0c42a112278c,ZRTC20260424025,21,-282.06,-249.61
零售,601488,10021857,12375043,15,HLB-0dc874c8-4f18-11f0-8cdb-0c42a112278c,ZRTC20260424025,21,-282.06,-249.61
零售,601488,10021857,12375043,14,HLB-0deacde2-4f18-11f0-8cdb-0c42a112278c,ZRTC20260424025,21,-282.06,-249.61
零售,601488,10021857,12375043,13,HLB-0deacdf9-4f18-11f0-8cdb-0c42a112278c,ZRTC20260424025,21,-282.06,-249.61
零售,601488,10021857,12375043,12,HLB-0dc874e0-4f18-11f0-8cdb-0c42a112278c,ZRTC20260424025,21,-282.06,-249.61
零售,601488,10021857,12375043,11,HLB-0dc8766c-4f18-11f0-8cdb-0c42a112278c,ZRTC20260424025,21,-282.06,-249.61
零售,601488,10021857,12375043,10,HLB-0deace16-4f18-11f0-8cdb-0c42a112278c,ZRTC20260424025,21,-282.06,-249.61
零售,601488,10021857,12375043,9,HLB-0dc875f5-4f18-11f0-8cdb-0c42a112278c,ZRTC20260424025,21,-282.06,-249.61
零售,601488,10021857,12375043,8,HLB-0deace7b-4f18-11f0-8cdb-0c42a112278c,ZRTC20260424025,21,-282.06,-249.61
零售,601488,10021857,12375043,7,HLB-0deace2c-4f18-11f0-8cdb-0c42a112278c,ZRTC20260424025,21,-282.06,-249.61
零售,601488,10021857,12375043,6,HLB-0dc875a2-4f18-11f0-8cdb-0c42a112278c,ZRTC20260424025,21,-282.06,-249.61
零售,601488,10021857,12375043,5,HLB-0deace49-4f18-11f0-8cdb-0c42a112278c,ZRTC20260424025,21,-282.06,-249.61
零售,601488,10021857,12375043,4,HLB-0dc87551-4f18-11f0-8cdb-0c42a112278c,ZRTC20260424025,21,-282.06,-249.61
零售,601488,10021857,12375043,3,HLB-0dc873f7-4f18-11f0-8cdb-0c42a112278c,ZRTC20260424025,21,-282.06,-249.61
零售,601488,10021857,12375043,2,HLB-0dc87410-4f18-11f0-8cdb-0c42a112278c,ZRTC20260424025,21,-282.06,-249.61
零售,601488,10021857,12375043,1,HLB-0dc8753a-4f18-11f0-8cdb-0c42a112278c,ZRTC20260424025,21,-282.06,-249.61
零售,601488,10021857,12561327,20,HLB-52bb5140-5eeb-11f0-8cdb-0c42a112278c,ZRTC20260424025,21,-282.06,-249.61
零售,601488,10021857,12561327,18,HLB-52bb5179-5eeb-11f0-8cdb-0c42a112278c,ZRTC20260424025,21,-282.06,-249.61
零售,601488,10021857,12561327,17,HLB-52bb5153-5eeb-11f0-8cdb-0c42a112278c,ZRTC20260424025,21,-282.06,-249.61
零售,601488,10021857,12561327,14,HLB-52bb5105-5eeb-11f0-8cdb-0c42a112278c,ZRTC20260424025,21,-282.06,-249.61
零售,601488,10021857,12561327,12,HLB-52bb50d6-5eeb-11f0-8cdb-0c42a112278c,ZRTC20260424025,21,-282.06,-249.61
零售,601488,10021857,12561327,10,HLB-52bb511a-5eeb-11f0-8cdb-0c42a112278c,ZRTC20260424025,21,-282.06,-249.61
零售,601488,10021857,12561327,9,HLB-52bb50c1-5eeb-11f0-8cdb-0c42a112278c,ZRTC20260424025,21,-282.06,-249.61
零售,601488,10021857,12561327,8,HLB-52bb50ea-5eeb-11f0-8cdb-0c42a112278c,ZRTC20260424025,21,-282.06,-249.61
零售,601488,10021857,12561327,3,HLB-52bb512d-5eeb-11f0-8cdb-0c42a112278c,ZRTC20260424025,21,-282.06,-249.61
零售,601488,10021857,12561327,1,HLB-52bb5166-5eeb-11f0-8cdb-0c42a112278c,ZRTC20260424025,21,-282.06,-249.61
零售,601488,10021857,12549578,19,HLB-316cff1a-5d4a-11f0-8cdb-0c42a112278c,ZRTC20260424025,21,-282.06,-249.61
零售,601488,10021857,12549578,18,HLB-316cfdf8-5d4a-11f0-8cdb-0c42a112278c,ZRTC20260424025,21,-282.06,-249.61
零售,601488,10021857,12549578,12,HLB-316cfea3-5d4a-11f0-8cdb-0c42a112278c,ZRTC20260424025,21,-282.06,-249.61
零售,601488,10021857,12549578,11,HLB-316cfe53-5d4a-11f0-8cdb-0c42a112278c,ZRTC20260424025,21,-282.06,-249.61
零售,601488,10021857,12549578,10,HLB-316cfe27-5d4a-11f0-8cdb-0c42a112278c,ZRTC20260424025,21,-282.06,-249.61
零售,601488,10021857,12549578,8,HLB-316cfecb-5d4a-11f0-8cdb-0c42a112278c,ZRTC20260424025,21,-282.06,-249.61
零售,601488,10021857,12549578,7,HLB-316cfef2-5d4a-11f0-8cdb-0c42a112278c,ZRTC20260424025,21,-282.06,-249.61
零售,601488,10021857,12549578,5,HLB-316cfd96-5d4a-11f0-8cdb-0c42a112278c,ZRTC20260424025,21,-282.06,-249.61
零售,601488,10021857,12501316,19,HLB-55a31281-561d-11f0-8cdb-0c42a112278c,ZRTC20260424025,20,-281.3,-248.94
零售,601488,10021857,12501316,18,HLB-55a312cd-561d-11f0-8cdb-0c42a112278c,ZRTC20260424025,20,-281.3,-248.94
零售,601488,10021857,12501316,17,HLB-55a31188-561d-11f0-8cdb-0c42a112278c,ZRTC20260424025,20,-281.3,-248.94
零售,601488,10021857,12501316,16,HLB-55a31119-561d-11f0-8cdb-0c42a112278c,ZRTC20260424025,20,-281.3,-248.94
零售,601488,10021857,12501316,15,HLB-55a310d5-561d-11f0-8cdb-0c42a112278c,ZRTC20260424025,20,-281.3,-248.94
零售,601488,10021857,12501316,14,HLB-55a3129b-561d-11f0-8cdb-0c42a112278c,ZRTC20260424025,20,-281.3,-248.94
零售,601488,10021857,12501316,13,HLB-55a3115b-561d-11f0-8cdb-0c42a112278c,ZRTC20260424025,20,-281.3,-248.94
零售,601488,10021857,12501316,12,HLB-55a311d4-561d-11f0-8cdb-0c42a112278c,ZRTC20260424025,20,-281.3,-248.94
零售,601488,10021857,12501316,11,HLB-55a311be-561d-11f0-8cdb-0c42a112278c,ZRTC20260424025,20,-281.3,-248.94
零售,601488,10021857,12501316,10,HLB-55a31250-561d-11f0-8cdb-0c42a112278c,ZRTC20260424025,20,-281.3,-248.94
零售,601488,10021857,12501316,9,HLB-55a312b5-561d-11f0-8cdb-0c42a112278c,ZRTC20260424025,20,-281.3,-248.94
零售,601488,10021857,12501316,8,HLB-55a3113d-561d-11f0-8cdb-0c42a112278c,ZRTC20260424025,20,-281.3,-248.94
零售,601488,10021857,12501316,7,HLB-55a310b3-561d-11f0-8cdb-0c42a112278c,ZRTC20260424025,20,-281.3,-248.94
零售,601488,10021857,12501316,6,HLB-55a311a2-561d-11f0-8cdb-0c42a112278c,ZRTC20260424025,20,-281.3,-248.94
零售,601488,10021857,12501316,5,HLB-55a310f3-561d-11f0-8cdb-0c42a112278c,ZRTC20260424025,20,-281.3,-248.94
零售,601488,10021857,12501316,4,HLB-55a31201-561d-11f0-8cdb-0c42a112278c,ZRTC20260424025,20,-281.3,-248.94
零售,601488,10021857,12501316,3,HLB-55a31234-561d-11f0-8cdb-0c42a112278c,ZRTC20260424025,20,-281.3,-248.94
零售,601488,10021857,12501316,2,HLB-55a31171-561d-11f0-8cdb-0c42a112278c,ZRTC20260424025,20,-281.3,-248.94
零售,601488,10021857,12501316,1,HLB-55a311e9-561d-11f0-8cdb-0c42a112278c,ZRTC20260424025,20,-281.3,-248.94
零售,601488,10021857,12501318,20,HLB-55b93b8a-561d-11f0-8cdb-0c42a112278c,ZRTC20260424025,20,-281.3,-248.94
零售,601488,10021857,12501318,19,HLB-55b93ad6-561d-11f0-8cdb-0c42a112278c,ZRTC20260424025,20,-281.3,-248.94
零售,601488,10021857,12501318,18,HLB-55b93ac1-561d-11f0-8cdb-0c42a112278c,ZRTC20260424025,20,-281.3,-248.94
零售,601488,10021857,12501318,17,HLB-55b93b9e-561d-11f0-8cdb-0c42a112278c,ZRTC20260424025,20,-281.3,-248.94
零售,601488,10021857,12501318,16,HLB-55b93b50-561d-11f0-8cdb-0c42a112278c,ZRTC20260424025,20,-281.3,-248.94
零售,601488,10021857,12501318,15,HLB-55b93a57-561d-11f0-8cdb-0c42a112278c,ZRTC20260424025,20,-281.3,-248.94
零售,601488,10021857,12501318,14,HLB-55b93b77-561d-11f0-8cdb-0c42a112278c,ZRTC20260424025,20,-281.3,-248.94
零售,601488,10021857,12501318,13,HLB-55b93b3c-561d-11f0-8cdb-0c42a112278c,ZRTC20260424025,20,-281.3,-248.94
零售,601488,10021857,12501318,12,HLB-55b93aa7-561d-11f0-8cdb-0c42a112278c,ZRTC20260424025,20,-281.3,-248.94
零售,601488,10021857,12501318,11,HLB-55b93c02-561d-11f0-8cdb-0c42a112278c,ZRTC20260424025,20,-281.3,-248.94
零售,601488,10021857,12501318,10,HLB-55b93b64-561d-11f0-8cdb-0c42a112278c,ZRTC20260424025,20,-281.3,-248.94
零售,601488,10021857,12501318,9,HLB-55b93bed-561d-11f0-8cdb-0c42a112278c,ZRTC20260424025,20,-281.3,-248.94
零售,601488,10021857,12501318,8,HLB-55b93b29-561d-11f0-8cdb-0c42a112278c,ZRTC20260424025,20,-281.3,-248.94
零售,601488,10021857,12501318,7,HLB-55b93aeb-561d-11f0-8cdb-0c42a112278c,ZRTC20260424025,20,-281.3,-248.94
零售,601488,10021857,12501318,6,HLB-55b93bc6-561d-11f0-8cdb-0c42a112278c,ZRTC20260424025,20,-281.3,-248.94
零售,601488,10021857,12501318,5,HLB-55b93bb2-561d-11f0-8cdb-0c42a112278c,ZRTC20260424025,20,-281.3,-248.94
零售,601488,10021857,12501318,4,HLB-55b93c27-561d-11f0-8cdb-0c42a112278c,ZRTC20260424025,20,-281.3,-248.94
零售,601488,10021857,12501318,3,HLB-55b93b14-561d-11f0-8cdb-0c42a112278c,ZRTC20260424025,20,-281.3,-248.94
零售,601488,10021857,12501318,2,HLB-55b93bda-561d-11f0-8cdb-0c42a112278c,ZRTC20260424025,20,-281.3,-248.94
零售,601488,10021857,12501318,1,HLB-55b93b00-561d-11f0-8cdb-0c42a112278c,ZRTC20260424025,20,-281.3,-248.94
零售,601488,10021857,12416210,20,HLB-591fca26-518b-11f0-8cdb-0c42a112278c,ZRTC20260424025,20,-281.3,-248.94
零售,601488,10021857,12416210,19,HLB-591fca13-518b-11f0-8cdb-0c42a112278c,ZRTC20260424025,20,-281.3,-248.94
零售,601488,10021857,12416210,18,HLB-591fc9fc-518b-11f0-8cdb-0c42a112278c,ZRTC20260424025,20,-281.3,-248.94
零售,601488,10021857,12416210,17,HLB-591fc910-518b-11f0-8cdb-0c42a112278c,ZRTC20260424025,20,-281.3,-248.94
零售,601488,10021857,12416210,16,HLB-591fc9e6-518b-11f0-8cdb-0c42a112278c,ZRTC20260424025,20,-281.3,-248.94
零售,601488,10021857,12416210,15,HLB-591fc991-518b-11f0-8cdb-0c42a112278c,ZRTC20260424025,20,-281.3,-248.94
零售,601488,10021857,12416210,14,HLB-591fc8b9-518b-11f0-8cdb-0c42a112278c,ZRTC20260424025,20,-281.3,-248.94
零售,601488,10021857,12416210,13,HLB-591fcad5-518b-11f0-8cdb-0c42a112278c,ZRTC20260424025,20,-281.3,-248.94
零售,601488,10021857,12416210,12,HLB-591fc9bc-518b-11f0-8cdb-0c42a112278c,ZRTC20260424025,20,-281.3,-248.94
零售,601488,10021857,12416210,11,HLB-591fc978-518b-11f0-8cdb-0c42a112278c,ZRTC20260424025,20,-281.3,-248.94
零售,601488,10021857,12416210,10,HLB-591fca6b-518b-11f0-8cdb-0c42a112278c,ZRTC20260424025,20,-281.3,-248.94
零售,601488,10021857,12416210,9,HLB-591fc961-518b-11f0-8cdb-0c42a112278c,ZRTC20260424025,20,-281.3,-248.94
零售,601488,10021857,12416210,8,HLB-591fca3c-518b-11f0-8cdb-0c42a112278c,ZRTC20260424025,20,-281.3,-248.94
零售,601488,10021857,12416210,7,HLB-591fc9a5-518b-11f0-8cdb-0c42a112278c,ZRTC20260424025,20,-281.3,-248.94
零售,601488,10021857,12416210,6,HLB-591fc9d1-518b-11f0-8cdb-0c42a112278c,ZRTC20260424025,20,-281.3,-248.94
零售,601488,10021857,12416210,5,HLB-591fc941-518b-11f0-8cdb-0c42a112278c,ZRTC20260424025,20,-281.3,-248.94
零售,601488,10021857,12416210,4,HLB-591fcaaa-518b-11f0-8cdb-0c42a112278c,ZRTC20260424025,20,-281.3,-248.94
零售,601488,10021857,12416210,3,HLB-591fcabe-518b-11f0-8cdb-0c42a112278c,ZRTC20260424025,20,-281.3,-248.94
零售,601488,10021857,12416210,2,HLB-591fca81-518b-11f0-8cdb-0c42a112278c,ZRTC20260424025,20,-281.3,-248.94
零售,601488,10021857,12416210,1,HLB-591fca54-518b-11f0-8cdb-0c42a112278c,ZRTC20260424025,20,-281.3,-248.94
零售,601488,10021857,12501315,10,HLB-55a3106d-561d-11f0-8cdb-0c42a112278c,ZRTC20260424025,20,-281.3,-248.94
零售,601488,10021857,12501315,9,HLB-55a30fb3-561d-11f0-8cdb-0c42a112278c,ZRTC20260424025,20,-281.3,-248.94
零售,601488,10021857,12501315,8,HLB-55a30f99-561d-11f0-8cdb-0c42a112278c,ZRTC20260424025,20,-281.3,-248.94
零售,601488,10021857,12501315,7,HLB-55a30edf-561d-11f0-8cdb-0c42a112278c,ZRTC20260424025,20,-281.3,-248.94
零售,601488,10021857,12501315,6,HLB-55a31028-561d-11f0-8cdb-0c42a112278c,ZRTC20260424025,20,-281.3,-248.94
零售,601488,10021857,12501315,5,HLB-55a31005-561d-11f0-8cdb-0c42a112278c,ZRTC20260424025,20,-281.3,-248.94
零售,601488,10021857,12501315,4,HLB-55a30f30-561d-11f0-8cdb-0c42a112278c,ZRTC20260424025,20,-281.3,-248.94
零售,601488,10021857,12501315,3,HLB-55a30fca-561d-11f0-8cdb-0c42a112278c,ZRTC20260424025,20,-281.3,-248.94
零售,601488,10021857,12517980,16,HLB-0496ac59-5898-11f0-8cdb-0c42a112278c,ZRTC20260424025,12,-400.26,-354.21
零售,601488,10021857,12517980,15,HLB-0496aa8b-5898-11f0-8cdb-0c42a112278c,ZRTC20260424025,12,-400.26,-354.21
零售,601488,10021857,12517980,14,HLB-0496abad-5898-11f0-8cdb-0c42a112278c,ZRTC20260424025,12,-400.26,-354.21
零售,601488,10021857,12517980,13,HLB-0496abe0-5898-11f0-8cdb-0c42a112278c,ZRTC20260424025,12,-400.26,-354.21
零售,601488,10021857,12517980,12,HLB-0496aab7-5898-11f0-8cdb-0c42a112278c,ZRTC20260424025,12,-400.26,-354.21
零售,601488,10021857,12517980,11,HLB-0496a9be-5898-11f0-8cdb-0c42a112278c,ZRTC20260424025,12,-400.26,-354.21
零售,601488,10021857,12517980,10,HLB-0496aa2a-5898-11f0-8cdb-0c42a112278c,ZRTC20260424025,12,-400.26,-354.21
零售,601488,10021857,12517980,9,HLB-0496a9f8-5898-11f0-8cdb-0c42a112278c,ZRTC20260424025,12,-400.26,-354.21
零售,601488,10021857,12517980,7,HLB-0496ad7b-5898-11f0-8cdb-0c42a112278c,ZRTC20260424025,12,-400.26,-354.21
零售,601488,10021857,12517980,6,HLB-0496ad02-5898-11f0-8cdb-0c42a112278c,ZRTC20260424025,12,-400.26,-354.21
零售,601488,10021857,12517980,5,HLB-0496ac21-5898-11f0-8cdb-0c42a112278c,ZRTC20260424025,12,-400.26,-354.21
零售,601488,10021857,12517980,4,HLB-0496a88d-5898-11f0-8cdb-0c42a112278c,ZRTC20260424025,12,-400.26,-354.21
零售,601488,10021857,12517980,3,HLB-0496acc4-5898-11f0-8cdb-0c42a112278c,ZRTC20260424025,12,-400.26,-354.21
零售,601488,10021857,12517980,1,HLB-0496abc3-5898-11f0-8cdb-0c42a112278c,ZRTC20260424025,12,-400.26,-354.21
零售,601488,10021857,12512473,20,HLB-06a08915-57bf-11f0-8cdb-0c42a112278c,ZRTC20260424025,12,-400.26,-354.21
零售,601488,10021857,12512473,19,HLB-06a088b7-57bf-11f0-8cdb-0c42a112278c,ZRTC20260424025,12,-400.26,-354.21
零售,601488,10021857,12512473,18,HLB-06a0888c-57bf-11f0-8cdb-0c42a112278c,ZRTC20260424025,12,-400.26,-354.21
零售,601488,10021857,12512473,13,HLB-06a08859-57bf-11f0-8cdb-0c42a112278c,ZRTC20260424025,12,-400.26,-354.21
零售,601488,10021857,12512473,11,HLB-06a086fb-57bf-11f0-8cdb-0c42a112278c,ZRTC20260424025,12,-400.26,-354.21
零售,601488,10021857,12512473,9,HLB-06a088e8-57bf-11f0-8cdb-0c42a112278c,ZRTC20260424025,12,-400.26,-354.21
零售,601488,10021857,12512473,7,HLB-06a08944-57bf-11f0-8cdb-0c42a112278c,ZRTC20260424025,12,-400.26,-354.21
零售,601488,10021857,12512473,6,HLB-06a0879f-57bf-11f0-8cdb-0c42a112278c,ZRTC20260424025,12,-400.26,-354.21
零售,601488,10021857,12512473,4,HLB-06a087f1-57bf-11f0-8cdb-0c42a112278c,ZRTC20260424025,12,-400.26,-354.21
零售,601488,10021857,12512473,3,HLB-06a0882a-57bf-11f0-8cdb-0c42a112278c,ZRTC20260424025,12,-400.26,-354.21
零售,601488,10021857,12508821,100,HLB-1534b838-570e-11f0-8cdb-0c42a112278c,ZRTC20260424025,12,-400.26,-354.21
零售,601488,10021857,12508821,95,HLB-1513722d-570e-11f0-8cdb-0c42a112278c,ZRTC20260424025,12,-400.26,-354.21
零售,601488,10021857,12508821,94,HLB-151372a6-570e-11f0-8cdb-0c42a112278c,ZRTC20260424025,12,-400.26,-354.21
零售,601488,10021857,12508821,93,HLB-151372be-570e-11f0-8cdb-0c42a112278c,ZRTC20260424025,12,-400.26,-354.21
零售,601488,10021857,12508821,92,HLB-1534b7c9-570e-11f0-8cdb-0c42a112278c,ZRTC20260424025,12,-400.26,-354.21
零售,601488,10021857,12508821,90,HLB-15137219-570e-11f0-8cdb-0c42a112278c,ZRTC20260424025,12,-400.26,-354.21
零售,601488,10021857,12508821,89,HLB-1534b6de-570e-11f0-8cdb-0c42a112278c,ZRTC20260424025,12,-400.26,-354.21
零售,601488,10021857,12508821,88,HLB-1534b87b-570e-11f0-8cdb-0c42a112278c,ZRTC20260424025,12,-400.26,-354.21
零售,601488,10021857,12508821,87,HLB-151371db-570e-11f0-8cdb-0c42a112278c,ZRTC20260424025,12,-400.26,-354.21
零售,601488,10021857,12508821,82,HLB-15137290-570e-11f0-8cdb-0c42a112278c,ZRTC20260424025,12,-400.26,-354.21
零售,601488,10021857,12508821,79,HLB-1534b80a-570e-11f0-8cdb-0c42a112278c,ZRTC20260424025,12,-400.26,-354.21
零售,601488,10021857,12508821,78,HLB-151371b1-570e-11f0-8cdb-0c42a112278c,ZRTC20260424025,12,-400.26,-354.21
零售,601488,10021857,12508821,77,HLB-1534b7de-570e-11f0-8cdb-0c42a112278c,ZRTC20260424025,12,-400.26,-354.21
零售,601488,10021857,12508821,75,HLB-1513719e-570e-11f0-8cdb-0c42a112278c,ZRTC20260424025,12,-400.26,-354.21
零售,601488,10021857,12508821,74,HLB-151372d3-570e-11f0-8cdb-0c42a112278c,ZRTC20260424025,12,-400.26,-354.21
零售,601488,10021857,12508821,71,HLB-1534b60e-570e-11f0-8cdb-0c42a112278c,ZRTC20260424025,12,-400.26,-354.21
零售,601488,10021857,12508821,67,HLB-15137204-570e-11f0-8cdb-0c42a112278c,ZRTC20260424025,12,-400.26,-354.21
零售,601488,10021857,12508821,64,HLB-1534b62c-570e-11f0-8cdb-0c42a112278c,ZRTC20260424025,12,-400.26,-354.21
零售,601488,10021857,12508821,62,HLB-1513727d-570e-11f0-8cdb-0c42a112278c,ZRTC20260424025,12,-400.26,-354.21
零售,601488,10021857,12508821,61,HLB-1534b667-570e-11f0-8cdb-0c42a112278c,ZRTC20260424025,12,-400.26,-354.21
零售,601488,10021857,12508821,59,HLB-1534b710-570e-11f0-8cdb-0c42a112278c,ZRTC20260424025,12,-400.26,-354.21
零售,601488,10021857,12508821,58,HLB-1534b727-570e-11f0-8cdb-0c42a112278c,ZRTC20260424025,12,-400.26,-354.21
零售,601488,10021857,12508821,57,HLB-1534b6c6-570e-11f0-8cdb-0c42a112278c,ZRTC20260424025,12,-400.26,-354.21
零售,601488,10021857,12508821,53,HLB-1534b6f8-570e-11f0-8cdb-0c42a112278c,ZRTC20260424025,12,-400.26,-354.21
零售,601488,10021857,12508821,52,HLB-1534b77f-570e-11f0-8cdb-0c42a112278c,ZRTC20260424025,12,-400.26,-354.21
零售,601488,10021857,12508821,49,HLB-1534b5af-570e-11f0-8cdb-0c42a112278c,ZRTC20260424025,12,-400.26,-354.21
零售,601488,10021857,12508821,47,HLB-15137255-570e-11f0-8cdb-0c42a112278c,ZRTC20260424025,12,-400.26,-354.21
零售,601488,10021857,12508821,46,HLB-1534b8a6-570e-11f0-8cdb-0c42a112278c,ZRTC20260424025,12,-400.26,-354.21
零售,601488,10021857,12508821,45,HLB-1534b753-570e-11f0-8cdb-0c42a112278c,ZRTC20260424025,12,-400.26,-354.21
零售,601488,10021857,12508821,44,HLB-1534b7f3-570e-11f0-8cdb-0c42a112278c,ZRTC20260424025,12,-400.26,-354.21
零售,601488,10021857,12508821,42,HLB-1534b79d-570e-11f0-8cdb-0c42a112278c,ZRTC20260424025,12,-400.26,-354.21
零售,601488,10021857,12508821,41,HLB-151371c5-570e-11f0-8cdb-0c42a112278c,ZRTC20260424025,12,-400.26,-354.21
零售,601488,10021857,12508821,39,HLB-151371f0-570e-11f0-8cdb-0c42a112278c,ZRTC20260424025,12,-400.26,-354.21
零售,601488,10021857,12508821,33,HLB-1513718a-570e-11f0-8cdb-0c42a112278c,ZRTC20260424025,12,-400.26,-354.21
零售,601488,10021857,12508821,32,HLB-1534b7b5-570e-11f0-8cdb-0c42a112278c,ZRTC20260424025,12,-400.26,-354.21
零售,601488,10021857,12508821,31,HLB-1534b684-570e-11f0-8cdb-0c42a112278c,ZRTC20260424025,12,-400.26,-354.21
零售,601488,10021857,12508821,30,HLB-1534b8ba-570e-11f0-8cdb-0c42a112278c,ZRTC20260424025,12,-400.26,-354.21
零售,601488,10021857,12508821,27,HLB-1534b865-570e-11f0-8cdb-0c42a112278c,ZRTC20260424025,12,-400.26,-354.21
零售,601488,10021857,12508821,25,HLB-1534b73d-570e-11f0-8cdb-0c42a112278c,ZRTC20260424025,12,-400.26,-354.21
零售,601488,10021857,12508821,23,HLB-1534b648-570e-11f0-8cdb-0c42a112278c,ZRTC20260424025,12,-400.26,-354.21
零售,601488,10021857,12508821,22,HLB-1534b88f-570e-11f0-8cdb-0c42a112278c,ZRTC20260424025,12,-400.26,-354.21
零售,601488,10021857,12508821,21,HLB-1534b820-570e-11f0-8cdb-0c42a112278c,ZRTC20260424025,12,-400.26,-354.21
零售,601488,10021857,12508821,18,HLB-151372e6-570e-11f0-8cdb-0c42a112278c,ZRTC20260424025,12,-400.26,-354.21
零售,601488,10021857,12375047,15,HLB-0e2efa6c-4f18-11f0-8cdb-0c42a112278c,ZRTC20260424025,10,-566.78,-501.58
零售,601488,10021857,12375047,14,HLB-0e2ef978-4f18-11f0-8cdb-0c42a112278c,ZRTC20260424025,10,-566.78,-501.58
零售,601488,10021857,12375047,13,HLB-0e2efbd4-4f18-11f0-8cdb-0c42a112278c,ZRTC20260424025,10,-566.78,-501.58
零售,601488,10021857,12375047,12,HLB-0e0bae78-4f18-11f0-8cdb-0c42a112278c,ZRTC20260424025,10,-566.78,-501.58
零售,601488,10021857,12375047,11,HLB-0e2efbea-4f18-11f0-8cdb-0c42a112278c,ZRTC20260424025,10,-566.78,-501.58
零售,601488,10021857,12375047,10,HLB-0e2ef90f-4f18-11f0-8cdb-0c42a112278c,ZRTC20260424025,10,-566.78,-501.58
零售,601488,10021857,12375047,9,HLB-0e2ef9b6-4f18-11f0-8cdb-0c42a112278c,ZRTC20260424025,10,-566.78,-501.58
零售,601488,10021857,12375047,8,HLB-0e2efb07-4f18-11f0-8cdb-0c42a112278c,ZRTC20260424025,10,-566.78,-501.58
零售,601488,10021857,12375047,7,HLB-0e2efa98-4f18-11f0-8cdb-0c42a112278c,ZRTC20260424025,10,-566.78,-501.58
零售,601488,10021857,12375047,6,HLB-0e0baf1e-4f18-11f0-8cdb-0c42a112278c,ZRTC20260424025,10,-566.78,-501.58
零售,601488,10021857,12375047,5,HLB-0e2efa1d-4f18-11f0-8cdb-0c42a112278c,ZRTC20260424025,10,-566.78,-501.58
零售,601488,10021857,12375047,4,HLB-0e2ef8e0-4f18-11f0-8cdb-0c42a112278c,ZRTC20260424025,10,-566.78,-501.58
零售,601488,10021857,12375047,3,HLB-0e2efbbf-4f18-11f0-8cdb-0c42a112278c,ZRTC20260424025,10,-566.78,-501.58
零售,601488,10021857,12375047,2,HLB-0e2ef941-4f18-11f0-8cdb-0c42a112278c,ZRTC20260424025,10,-566.78,-501.58
零售,601488,10021857,12375047,1,HLB-0e2efac8-4f18-11f0-8cdb-0c42a112278c,ZRTC20260424025,10,-566.78,-501.58
零售,601488,10021857,12451540,1,HLB-95d9fe09-53b7-11f0-8cdb-0c42a112278c,ZRTC20260424025,10,-566.78,-501.58
零售,601488,10021857,12508840,2,HLB-1750422e-570e-11f0-8cdb-0c42a112278c,ZRTC20260424025,10,-566.78,-501.58
零售,601488,10021857,12508840,1,HLB-17504245-570e-11f0-8cdb-0c42a112278c,ZRTC20260424025,10,-566.78,-501.58
零售,601488,10021857,12539798,10,HLB-45c975d4-5bc1-11f0-8cdb-0c42a112278c,ZRTC20260424025,10,-566.78,-501.58
零售,601488,10021857,12539798,9,HLB-45c97635-5bc1-11f0-8cdb-0c42a112278c,ZRTC20260424025,10,-566.78,-501.58
零售,601488,10021857,12539798,8,HLB-45c9758d-5bc1-11f0-8cdb-0c42a112278c,ZRTC20260424025,10,-566.78,-501.58
零售,601488,10021857,12539798,7,HLB-45c975a4-5bc1-11f0-8cdb-0c42a112278c,ZRTC20260424025,10,-566.78,-501.58
零售,601488,10021857,12539798,6,HLB-45c975b9-5bc1-11f0-8cdb-0c42a112278c,ZRTC20260424025,10,-566.78,-501.58
零售,601488,10021857,12539798,5,HLB-45c97615-5bc1-11f0-8cdb-0c42a112278c,ZRTC20260424025,10,-566.78,-501.58
零售,601488,10021857,12539798,4,HLB-45c975f3-5bc1-11f0-8cdb-0c42a112278c,ZRTC20260424025,10,-566.78,-501.58
零售,601488,10021857,12539798,3,HLB-45c974ef-5bc1-11f0-8cdb-0c42a112278c,ZRTC20260424025,10,-566.78,-501.58
零售,601488,10021857,12539798,2,HLB-45c97577-5bc1-11f0-8cdb-0c42a112278c,ZRTC20260424025,10,-566.78,-501.58
零售,601488,10021857,12539798,1,HLB-45c9754e-5bc1-11f0-8cdb-0c42a112278c,ZRTC20260424025,10,-566.78,-501.58
零售,601488,10021857,12376747,1,HLB-e2040ad1-4f28-11f0-8cdb-0c42a112278c,ZRTC20260424025,10,-566.78,-501.58
零售,601488,10021857,12496896,10,HLB-968e0485-5594-11f0-8cdb-0c42a112278c,ZRTC20260424025,10,-566.78,-501.58
零售,601488,10021857,12496896,9,HLB-968e0529-5594-11f0-8cdb-0c42a112278c,ZRTC20260424025,10,-566.78,-501.58
零售,601488,10021857,12496896,8,HLB-968e04c4-5594-11f0-8cdb-0c42a112278c,ZRTC20260424025,10,-566.78,-501.58
零售,601488,10021857,12496896,7,HLB-968e04af-5594-11f0-8cdb-0c42a112278c,ZRTC20260424025,10,-566.78,-501.58
零售,601488,10021857,12496896,6,HLB-968e0540-5594-11f0-8cdb-0c42a112278c,ZRTC20260424025,10,-566.78,-501.58
零售,601488,10021857,12496896,5,HLB-968e0501-5594-11f0-8cdb-0c42a112278c,ZRTC20260424025,10,-566.78,-501.58
零售,601488,10021857,12496896,4,HLB-968e0515-5594-11f0-8cdb-0c42a112278c,ZRTC20260424025,10,-566.78,-501.58
零售,601488,10021857,12496896,3,HLB-968e04d8-5594-11f0-8cdb-0c42a112278c,ZRTC20260424025,10,-566.78,-501.58
零售,601488,10021857,12496896,2,HLB-968e049b-5594-11f0-8cdb-0c42a112278c,ZRTC20260424025,10,-566.78,-501.58
零售,601488,10021857,12496896,1,HLB-968e04ed-5594-11f0-8cdb-0c42a112278c,ZRTC20260424025,10,-566.78,-501.58
零售,601488,10021857,12539773,10,HLB-f8cbdcb9-5bc0-11f0-8cdb-0c42a112278c,ZRTC20260424025,10,566.78,501.58
零售,601488,10021857,12539773,9,HLB-f8cbdd01-5bc0-11f0-8cdb-0c42a112278c,ZRTC20260424025,10,566.78,501.58
零售,601488,10021857,12539773,8,HLB-f8cbdcd6-5bc0-11f0-8cdb-0c42a112278c,ZRTC20260424025,10,566.78,501.58
零售,601488,10021857,12539773,7,HLB-f8cbdcec-5bc0-11f0-8cdb-0c42a112278c,ZRTC20260424025,10,566.78,501.58
零售,601488,10021857,12539773,6,HLB-f8cbdd66-5bc0-11f0-8cdb-0c42a112278c,ZRTC20260424025,10,566.78,501.58
零售,601488,10021857,12539773,5,HLB-f8cbdd16-5bc0-11f0-8cdb-0c42a112278c,ZRTC20260424025,10,566.78,501.58
零售,601488,10021857,12539773,4,HLB-f8cbdd52-5bc0-11f0-8cdb-0c42a112278c,ZRTC20260424025,10,566.78,501.58
零售,601488,10021857,12539773,3,HLB-f8cbdd3e-5bc0-11f0-8cdb-0c42a112278c,ZRTC20260424025,10,566.78,501.58
零售,601488,10021857,12539773,2,HLB-f8cbdd2a-5bc0-11f0-8cdb-0c42a112278c,ZRTC20260424025,10,566.78,501.58
零售,601488,10021857,12539773,1,HLB-f8cbdc41-5bc0-11f0-8cdb-0c42a112278c,ZRTC20260424025,10,566.78,501.58
零售,601488,10021857,12376704,1,HLB-68a7742e-4f28-11f0-8cdb-0c42a112278c,ZRTC20260424025,10,-566.78,-501.58
零售,601488,10021857,12332297,1,HLB-946dfd3a-4ca7-11f0-8cdb-0c42a112278c,ZRTC20260424025,10,-566.78,-501.58
零售,601488,10021857,12488441,1,HLB-2508cccd-556f-11f0-8cdb-0c42a112278c,ZRTC20260424025,10,-566.78,-501.58
零售,601488,10021857,12556052,8,HLB-93a0dd15-5e23-11f0-8cdb-0c42a112278c,ZRTC20260424025,10,-566.78,-501.58
零售,601488,10021857,12556052,7,HLB-93a0dd29-5e23-11f0-8cdb-0c42a112278c,ZRTC20260424025,10,-566.78,-501.58
零售,601488,10021857,12556052,6,HLB-93a0dc9d-5e23-11f0-8cdb-0c42a112278c,ZRTC20260424025,10,-566.78,-501.58
零售,601488,10021857,12556052,5,HLB-93a0dce9-5e23-11f0-8cdb-0c42a112278c,ZRTC20260424025,10,-566.78,-501.58
零售,601488,10021857,12556052,4,HLB-93a0dc53-5e23-11f0-8cdb-0c42a112278c,ZRTC20260424025,10,-566.78,-501.58
零售,601488,10021857,12556052,3,HLB-93a0dcfe-5e23-11f0-8cdb-0c42a112278c,ZRTC20260424025,10,-566.78,-501.58
零售,601488,10021857,12556052,2,HLB-93a0dcd0-5e23-11f0-8cdb-0c42a112278c,ZRTC20260424025,10,-566.78,-501.58
零售,601488,10021857,12556052,1,HLB-93a0dcbb-5e23-11f0-8cdb-0c42a112278c,ZRTC20260424025,10,-566.78,-501.58
零售,601488,10021857,12376726,1,HLB-b47023c3-4f28-11f0-8cdb-0c42a112278c,ZRTC20260424025,10,-566.78,-501.58
零售,601488,10021857,12402385,10,HLB-635c031e-50be-11f0-8cdb-0c42a112278c,ZRTC20260424025,10,-566.78,-501.58
零售,601488,10021857,12402385,9,HLB-635c03d4-50be-11f0-8cdb-0c42a112278c,ZRTC20260424025,10,-566.78,-501.58
零售,601488,10021857,12402385,8,HLB-635c03e9-50be-11f0-8cdb-0c42a112278c,ZRTC20260424025,10,-566.78,-501.58
零售,601488,10021857,12402385,7,HLB-635c0337-50be-11f0-8cdb-0c42a112278c,ZRTC20260424025,10,-566.78,-501.58
零售,601488,10021857,12402385,6,HLB-635c03a7-50be-11f0-8cdb-0c42a112278c,ZRTC20260424025,10,-566.78,-501.58
零售,601488,10021857,12402385,5,HLB-635c0370-50be-11f0-8cdb-0c42a112278c,ZRTC20260424025,10,-566.78,-501.58
零售,601488,10021857,12571660,15,HLB-b979a25e-605f-11f0-8cdb-0c42a112278c,ZRTC20260424025,4,-477.32,-422.41
零售,601488,10021857,12571660,12,HLB-b979a1dd-605f-11f0-8cdb-0c42a112278c,ZRTC20260424025,4,-477.32,-422.41
零售,601488,10021857,12571660,9,HLB-b979a14e-605f-11f0-8cdb-0c42a112278c,ZRTC20260424025,4,-477.32,-422.41
零售,601488,10021857,12571660,7,HLB-b979a234-605f-11f0-8cdb-0c42a112278c,ZRTC20260424025,4,-477.32,-422.41
零售,601488,10021857,12571660,5,HLB-b979a249-605f-11f0-8cdb-0c42a112278c,ZRTC20260424025,4,-477.32,-422.41
零售,601488,10021857,12571660,3,HLB-b979a21d-605f-11f0-8cdb-0c42a112278c,ZRTC20260424025,4,-477.32,-422.41
零售,601488,10021857,12571660,2,HLB-b979a1b8-605f-11f0-8cdb-0c42a112278c,ZRTC20260424025,4,-477.32,-422.41
零售,601488,10021857,12571660,1,HLB-b979a1a1-605f-11f0-8cdb-0c42a112278c,ZRTC20260424025,4,-477.32,-422.41
零售,601488,10021857,12571648,38,HLB-974888f4-605f-11f0-8cdb-0c42a112278c,ZRTC20260424025,4,-477.32,-422.41
零售,601488,10021857,12571648,37,HLB-9748893f-605f-11f0-8cdb-0c42a112278c,ZRTC20260424025,4,-477.32,-422.41
零售,601488,10021857,12571648,36,HLB-974888cd-605f-11f0-8cdb-0c42a112278c,ZRTC20260424025,4,-477.32,-422.41
零售,601488,10021857,12571648,33,HLB-9748896d-605f-11f0-8cdb-0c42a112278c,ZRTC20260424025,4,-477.32,-422.41
零售,601488,10021857,12571648,28,HLB-97488a44-605f-11f0-8cdb-0c42a112278c,ZRTC20260424025,4,-477.32,-422.41
零售,601488,10021857,12571648,24,HLB-97488a08-605f-11f0-8cdb-0c42a112278c,ZRTC20260424025,4,-477.32,-422.41
零售,601488,10021857,12571648,23,HLB-97488956-605f-11f0-8cdb-0c42a112278c,ZRTC20260424025,4,-477.32,-422.41
零售,601488,10021857,12571648,21,HLB-97488983-605f-11f0-8cdb-0c42a112278c,ZRTC20260424025,4,-477.32,-422.41
零售,601488,10021857,12571648,20,HLB-974889df-605f-11f0-8cdb-0c42a112278c,ZRTC20260424025,4,-477.32,-422.41
零售,601488,10021857,12571648,19,HLB-9748885f-605f-11f0-8cdb-0c42a112278c,ZRTC20260424025,4,-477.32,-422.41
零售,601488,10021857,12571648,18,HLB-97488999-605f-11f0-8cdb-0c42a112278c,ZRTC20260424025,4,-477.32,-422.41
零售,601488,10021857,12571648,16,HLB-97488a70-605f-11f0-8cdb-0c42a112278c,ZRTC20260424025,4,-477.32,-422.41
零售,601488,10021857,12571648,15,HLB-974889c8-605f-11f0-8cdb-0c42a112278c,ZRTC20260424025,4,-477.32,-422.41
零售,601488,10021857,12571648,11,HLB-97488a2f-605f-11f0-8cdb-0c42a112278c,ZRTC20260424025,4,-477.32,-422.41
零售,601488,10021857,12571648,10,HLB-97488a1b-605f-11f0-8cdb-0c42a112278c,ZRTC20260424025,4,-477.32,-422.41
零售,601488,10021857,12571648,8,HLB-97488a58-605f-11f0-8cdb-0c42a112278c,ZRTC20260424025,4,-477.32,-422.41
零售,601488,10021857,12571648,7,HLB-9748890a-605f-11f0-8cdb-0c42a112278c,ZRTC20260424025,4,-477.32,-422.41
零售,601488,10021857,12571648,6,HLB-974889f3-605f-11f0-8cdb-0c42a112278c,ZRTC20260424025,4,-477.32,-422.41
零售,601488,10021857,12571648,3,HLB-974889ae-605f-11f0-8cdb-0c42a112278c,ZRTC20260424025,4,-477.32,-422.41
零售,601488,10021857,12571648,1,HLB-97488924-605f-11f0-8cdb-0c42a112278c,ZRTC20260424025,4,-477.32,-422.41
零售,601488,10021857,12377692,10,HLB-ed0dd98e-4f2f-11f0-8cdb-0c42a112278c,ZRTC20260424025,4,-477.32,-422.41
零售,601488,10021857,12377692,9,HLB-ed0dd92a-4f2f-11f0-8cdb-0c42a112278c,ZRTC20260424025,4,-477.32,-422.41
零售,601488,10021857,12377692,8,HLB-ed0dd942-4f2f-11f0-8cdb-0c42a112278c,ZRTC20260424025,4,-477.32,-422.41
零售,601488,10021857,12377692,7,HLB-ed0dd8e2-4f2f-11f0-8cdb-0c42a112278c,ZRTC20260424025,4,-477.32,-422.41
零售,601488,10021857,12377692,6,HLB-ed0dd8c9-4f2f-11f0-8cdb-0c42a112278c,ZRTC20260424025,4,-477.32,-422.41
零售,601488,10021857,12377692,5,HLB-ed0dd912-4f2f-11f0-8cdb-0c42a112278c,ZRTC20260424025,4,-477.32,-422.41
零售,601488,10021857,12377692,4,HLB-ed0dd979-4f2f-11f0-8cdb-0c42a112278c,ZRTC20260424025,4,-477.32,-422.41
零售,601488,10021857,12377692,3,HLB-ed0dd95c-4f2f-11f0-8cdb-0c42a112278c,ZRTC20260424025,4,-477.32,-422.41
零售,601488,10021857,12377692,2,HLB-ed0dd868-4f2f-11f0-8cdb-0c42a112278c,ZRTC20260424025,4,-477.32,-422.41
零售,601488,10021857,12377692,1,HLB-ed0dd8fb-4f2f-11f0-8cdb-0c42a112278c,ZRTC20260424025,4,-477.32,-422.41
零售,601488,10021857,12658722,39,HLB-518bebc9-6a84-11f0-8cdb-0c42a112278c,ZRTC20260424025,4,-477.32,-422.41
零售,601488,10021857,12658722,38,HLB-518bec62-6a84-11f0-8cdb-0c42a112278c,ZRTC20260424025,4,-477.32,-422.41
零售,601488,10021857,12658722,35,HLB-518bec7c-6a84-11f0-8cdb-0c42a112278c,ZRTC20260424025,4,-477.32,-422.41
零售,601488,10021857,12658722,31,HLB-518bec49-6a84-11f0-8cdb-0c42a112278c,ZRTC20260424025,4,-477.32,-422.41
零售,601488,10021857,12658722,28,HLB-518becaa-6a84-11f0-8cdb-0c42a112278c,ZRTC20260424025,4,-477.32,-422.41
零售,601488,10021857,12658722,26,HLB-518beaf0-6a84-11f0-8cdb-0c42a112278c,ZRTC20260424025,4,-477.32,-422.41
零售,601488,10021857,12658722,24,HLB-518beaae-6a84-11f0-8cdb-0c42a112278c,ZRTC20260424025,4,-477.32,-422.41
零售,601488,10021857,12658722,23,HLB-518beb3a-6a84-11f0-8cdb-0c42a112278c,ZRTC20260424025,4,-477.32,-422.41
零售,601488,10021857,12658722,22,HLB-518bea2a-6a84-11f0-8cdb-0c42a112278c,ZRTC20260424025,4,-477.32,-422.41
零售,601488,10021857,12658722,21,HLB-518bead8-6a84-11f0-8cdb-0c42a112278c,ZRTC20260424025,4,-477.32,-422.41
零售,601488,10021857,12658722,20,HLB-518beb90-6a84-11f0-8cdb-0c42a112278c,ZRTC20260424025,4,-477.32,-422.41
零售,601488,10021857,12658722,17,HLB-518bebb0-6a84-11f0-8cdb-0c42a112278c,ZRTC20260424025,4,-477.32,-422.41
零售,601488,10021857,12658722,14,HLB-518bebe4-6a84-11f0-8cdb-0c42a112278c,ZRTC20260424025,4,-477.32,-422.41
零售,601488,10021857,12658722,13,HLB-518bec92-6a84-11f0-8cdb-0c42a112278c,ZRTC20260424025,4,-477.32,-422.41
零售,601488,10021857,12658722,11,HLB-518beb09-6a84-11f0-8cdb-0c42a112278c,ZRTC20260424025,4,-477.32,-422.41
零售,601488,10021857,12658722,9,HLB-518bec2d-6a84-11f0-8cdb-0c42a112278c,ZRTC20260424025,4,-477.32,-422.41
零售,601488,10021857,12658722,8,HLB-518bea93-6a84-11f0-8cdb-0c42a112278c,ZRTC20260424025,4,-477.32,-422.41
零售,601488,10021857,12658722,6,HLB-518bec15-6a84-11f0-8cdb-0c42a112278c,ZRTC20260424025,4,-477.32,-422.41
零售,601488,10021857,12658722,5,HLB-518bebfa-6a84-11f0-8cdb-0c42a112278c,ZRTC20260424025,4,-477.32,-422.41
零售,601488,10021857,12658722,2,HLB-518beb21-6a84-11f0-8cdb-0c42a112278c,ZRTC20260424025,4,-477.32,-422.41
零售,601488,10021857,12508836,60,HLB-16ed7973-570e-11f0-8cdb-0c42a112278c,ZRTC20260424025,4,-477.32,-422.41
零售,601488,10021857,12508836,59,HLB-16ed78a1-570e-11f0-8cdb-0c42a112278c,ZRTC20260424025,4,-477.32,-422.41
零售,601488,10021857,12508836,58,HLB-16ed7a13-570e-11f0-8cdb-0c42a112278c,ZRTC20260424025,4,-477.32,-422.41
零售,601488,10021857,12508836,56,HLB-16ed7a29-570e-11f0-8cdb-0c42a112278c,ZRTC20260424025,4,-477.32,-422.41
零售,601488,10021857,12508836,54,HLB-16ed7874-570e-11f0-8cdb-0c42a112278c,ZRTC20260424025,4,-477.32,-422.41
零售,601488,10021857,12508836,53,HLB-16ed79bf-570e-11f0-8cdb-0c42a112278c,ZRTC20260424025,4,-477.32,-422.41
零售,601488,10021857,12508836,52,HLB-16ed7a66-570e-11f0-8cdb-0c42a112278c,ZRTC20260424025,4,-477.32,-422.41
零售,601488,10021857,12508836,51,HLB-16ed78cb-570e-11f0-8cdb-0c42a112278c,ZRTC20260424025,4,-477.32,-422.41
零售,601488,10021857,12508836,49,HLB-16ed795e-570e-11f0-8cdb-0c42a112278c,ZRTC20260424025,4,-477.32,-422.41
零售,601488,10021857,12549578,4,HLB-316cfe7b-5d4a-11f0-8cdb-0c42a112278c,ZRTC20260424025,21,-282.06,-249.61
零售,601488,10021857,12549578,1,HLB-316cfdcc-5d4a-11f0-8cdb-0c42a112278c,ZRTC20260424025,21,-282.06,-249.61
零售,601488,10021857,12516721,36,HLB-29d29f24-5880-11f0-8cdb-0c42a112278c,ZRTC20260424025,21,-282.06,-249.61
零售,601488,10021857,12516721,34,HLB-29d29fed-5880-11f0-8cdb-0c42a112278c,ZRTC20260424025,21,-282.06,-249.61
零售,601488,10021857,12516721,33,HLB-29d29f9d-5880-11f0-8cdb-0c42a112278c,ZRTC20260424025,21,-282.06,-249.61
零售,601488,10021857,12516721,32,HLB-29d29e07-5880-11f0-8cdb-0c42a112278c,ZRTC20260424025,21,-282.06,-249.61
零售,601488,10021857,12516721,31,HLB-29d29fc6-5880-11f0-8cdb-0c42a112278c,ZRTC20260424025,21,-282.06,-249.61
零售,601488,10021857,12516721,29,HLB-29d29f74-5880-11f0-8cdb-0c42a112278c,ZRTC20260424025,21,-282.06,-249.61
零售,601488,10021857,12516721,28,HLB-29d29d2c-5880-11f0-8cdb-0c42a112278c,ZRTC20260424025,21,-282.06,-249.61
零售,601488,10021857,12516721,27,HLB-29d29d54-5880-11f0-8cdb-0c42a112278c,ZRTC20260424025,21,-282.06,-249.61
零售,601488,10021857,12516721,26,HLB-29d29e5b-5880-11f0-8cdb-0c42a112278c,ZRTC20260424025,21,-282.06,-249.61
零售,601488,10021857,12516721,25,HLB-29d29f4b-5880-11f0-8cdb-0c42a112278c,ZRTC20260424025,21,-282.06,-249.61
零售,601488,10021857,12516721,24,HLB-29d29ed4-5880-11f0-8cdb-0c42a112278c,ZRTC20260424025,21,-282.06,-249.61
零售,601488,10021857,12516721,20,HLB-29d29db2-5880-11f0-8cdb-0c42a112278c,ZRTC20260424025,21,-282.06,-249.61
零售,601488,10021857,12516721,18,HLB-29d29efd-5880-11f0-8cdb-0c42a112278c,ZRTC20260424025,21,-282.06,-249.61
零售,601488,10021857,12516721,15,HLB-29d29cff-5880-11f0-8cdb-0c42a112278c,ZRTC20260424025,21,-282.06,-249.61
零售,601488,10021857,12516721,13,HLB-29d29ddc-5880-11f0-8cdb-0c42a112278c,ZRTC20260424025,21,-282.06,-249.61
零售,601488,10021857,12516721,12,HLB-29d29e30-5880-11f0-8cdb-0c42a112278c,ZRTC20260424025,21,-282.06,-249.61
零售,601488,10021857,12516721,11,HLB-29d29e82-5880-11f0-8cdb-0c42a112278c,ZRTC20260424025,21,-282.06,-249.61
零售,601488,10021857,12516721,8,HLB-29d29eab-5880-11f0-8cdb-0c42a112278c,ZRTC20260424025,21,-282.06,-249.61
零售,601488,10021857,12516721,6,HLB-29d29d87-5880-11f0-8cdb-0c42a112278c,ZRTC20260424025,21,-282.06,-249.61
零售,601488,10021857,12516721,1,HLB-29d29cd5-5880-11f0-8cdb-0c42a112278c,ZRTC20260424025,21,-282.06,-249.61
零售,601488,10021857,12508835,40,HLB-16ed777b-570e-11f0-8cdb-0c42a112278c,ZRTC20260424025,21,-282.06,-249.61
零售,601488,10021857,12508835,38,HLB-16ed75d5-570e-11f0-8cdb-0c42a112278c,ZRTC20260424025,21,-282.06,-249.61
零售,601488,10021857,12508835,37,HLB-16ed7570-570e-11f0-8cdb-0c42a112278c,ZRTC20260424025,21,-282.06,-249.61
零售,601488,10021857,12508835,36,HLB-16ed77ef-570e-11f0-8cdb-0c42a112278c,ZRTC20260424025,21,-282.06,-249.61
零售,601488,10021857,12508835,34,HLB-16ed7724-570e-11f0-8cdb-0c42a112278c,ZRTC20260424025,21,-282.06,-249.61
零售,601488,10021857,12508835,33,HLB-16ed759f-570e-11f0-8cdb-0c42a112278c,ZRTC20260424025,21,-282.06,-249.61
零售,601488,10021857,12508835,32,HLB-16ed752e-570e-11f0-8cdb-0c42a112278c,ZRTC20260424025,21,-282.06,-249.61
零售,601488,10021857,12508835,30,HLB-16ed7602-570e-11f0-8cdb-0c42a112278c,ZRTC20260424025,21,-282.06,-249.61
零售,601488,10021857,12508835,27,HLB-16ed77ba-570e-11f0-8cdb-0c42a112278c,ZRTC20260424025,21,-282.06,-249.61
零售,601488,10021857,12508835,24,HLB-16ed7742-570e-11f0-8cdb-0c42a112278c,ZRTC20260424025,21,-282.06,-249.61
零售,601488,10021857,12508835,23,HLB-16ed779f-570e-11f0-8cdb-0c42a112278c,ZRTC20260424025,21,-282.06,-249.61
零售,601488,10021857,12508835,21,HLB-16ed767e-570e-11f0-8cdb-0c42a112278c,ZRTC20260424025,21,-282.06,-249.61
零售,601488,10021857,12508835,20,HLB-16ed761a-570e-11f0-8cdb-0c42a112278c,ZRTC20260424025,21,-282.06,-249.61
零售,601488,10021857,12508835,15,HLB-16ed7665-570e-11f0-8cdb-0c42a112278c,ZRTC20260424025,21,-282.06,-249.61
零售,601488,10021857,12508835,13,HLB-16ed775e-570e-11f0-8cdb-0c42a112278c,ZRTC20260424025,21,-282.06,-249.61
零售,601488,10021857,12508835,12,HLB-16ed77d4-570e-11f0-8cdb-0c42a112278c,ZRTC20260424025,21,-282.06,-249.61
零售,601488,10021857,12508835,9,HLB-16ed764f-570e-11f0-8cdb-0c42a112278c,ZRTC20260424025,21,-282.06,-249.61
零售,601488,10021857,12508835,7,HLB-16ed750d-570e-11f0-8cdb-0c42a112278c,ZRTC20260424025,21,-282.06,-249.61
零售,601488,10021857,12508835,5,HLB-16ed7495-570e-11f0-8cdb-0c42a112278c,ZRTC20260424025,21,-282.06,-249.61
零售,601488,10021857,12508835,3,HLB-16ed75bb-570e-11f0-8cdb-0c42a112278c,ZRTC20260424025,21,-282.06,-249.61
零售,601488,10021857,12508819,39,HLB-14f17388-570e-11f0-8cdb-0c42a112278c,ZRTC20260424025,21,-282.06,-249.61
零售,601488,10021857,12508819,37,HLB-15136fda-570e-11f0-8cdb-0c42a112278c,ZRTC20260424025,21,-282.06,-249.61
零售,601488,10021857,12508819,34,HLB-14f172f5-570e-11f0-8cdb-0c42a112278c,ZRTC20260424025,21,-282.06,-249.61
零售,601488,10021857,12508819,32,HLB-15136f83-570e-11f0-8cdb-0c42a112278c,ZRTC20260424025,21,-282.06,-249.61
零售,601488,10021857,12508819,31,HLB-15136f50-570e-11f0-8cdb-0c42a112278c,ZRTC20260424025,21,-282.06,-249.61
零售,601488,10021857,12508819,30,HLB-14f172df-570e-11f0-8cdb-0c42a112278c,ZRTC20260424025,21,-282.06,-249.61
零售,601488,10021857,12508819,28,HLB-15136fb0-570e-11f0-8cdb-0c42a112278c,ZRTC20260424025,21,-282.06,-249.61
零售,601488,10021857,12508819,26,HLB-14f17308-570e-11f0-8cdb-0c42a112278c,ZRTC20260424025,21,-282.06,-249.61
零售,601488,10021857,12508819,25,HLB-15136f99-570e-11f0-8cdb-0c42a112278c,ZRTC20260424025,21,-282.06,-249.61
零售,601488,10021857,12508819,24,HLB-14f17375-570e-11f0-8cdb-0c42a112278c,ZRTC20260424025,21,-282.06,-249.61
零售,601488,10021857,12508819,23,HLB-14f1734a-570e-11f0-8cdb-0c42a112278c,ZRTC20260424025,21,-282.06,-249.61
零售,601488,10021857,12508819,20,HLB-14f173af-570e-11f0-8cdb-0c42a112278c,ZRTC20260424025,21,-282.06,-249.61
零售,601488,10021857,12508819,18,HLB-14f17361-570e-11f0-8cdb-0c42a112278c,ZRTC20260424025,21,-282.06,-249.61
零售,601488,10021857,12508819,15,HLB-15136ec9-570e-11f0-8cdb-0c42a112278c,ZRTC20260424025,21,-282.06,-249.61
零售,601488,10021857,12508819,14,HLB-14f1739b-570e-11f0-8cdb-0c42a112278c,ZRTC20260424025,21,-282.06,-249.61
零售,601488,10021857,12508819,8,HLB-15136fc5-570e-11f0-8cdb-0c42a112278c,ZRTC20260424025,21,-282.06,-249.61
零售,601488,10021857,12508819,6,HLB-15136f1b-570e-11f0-8cdb-0c42a112278c,ZRTC20260424025,21,-282.06,-249.61
零售,601488,10021857,12508819,4,HLB-14f1731e-570e-11f0-8cdb-0c42a112278c,ZRTC20260424025,21,-282.06,-249.61
零售,601488,10021857,12508819,3,HLB-15136f6c-570e-11f0-8cdb-0c42a112278c,ZRTC20260424025,21,-282.06,-249.61
零售,601488,10021857,12508819,1,HLB-15136f32-570e-11f0-8cdb-0c42a112278c,ZRTC20260424025,21,-282.06,-249.61
零售,601488,10021857,12508818,20,HLB-14f1706c-570e-11f0-8cdb-0c42a112278c,ZRTC20260424025,21,-282.06,-249.61
零售,601488,10021857,12508818,18,HLB-14f1703c-570e-11f0-8cdb-0c42a112278c,ZRTC20260424025,21,-282.06,-249.61
零售,601488,10021857,12508818,16,HLB-14f170b9-570e-11f0-8cdb-0c42a112278c,ZRTC20260424025,21,-282.06,-249.61
零售,601488,10021857,12508818,14,HLB-14f17087-570e-11f0-8cdb-0c42a112278c,ZRTC20260424025,21,-282.06,-249.61
零售,601488,10021857,12508818,12,HLB-14f170e9-570e-11f0-8cdb-0c42a112278c,ZRTC20260424025,21,-282.06,-249.61
零售,601488,10021857,12501315,2,HLB-55a31050-561d-11f0-8cdb-0c42a112278c,ZRTC20260424025,20,-281.3,-248.94
零售,601488,10021857,12501315,1,HLB-55a31094-561d-11f0-8cdb-0c42a112278c,ZRTC20260424025,20,-281.3,-248.94
零售,601488,10021857,12571660,19,HLB-b979a294-605f-11f0-8cdb-0c42a112278c,ZRTC20260424025,20,-281.3,-248.94
零售,601488,10021857,12571660,17,HLB-b979a2d5-605f-11f0-8cdb-0c42a112278c,ZRTC20260424025,20,-281.3,-248.94
零售,601488,10021857,12571660,16,HLB-b979a324-605f-11f0-8cdb-0c42a112278c,ZRTC20260424025,20,-281.3,-248.94
零售,601488,10021857,12571660,14,HLB-b979a2a9-605f-11f0-8cdb-0c42a112278c,ZRTC20260424025,20,-281.3,-248.94
零售,601488,10021857,12571660,13,HLB-b979a273-605f-11f0-8cdb-0c42a112278c,ZRTC20260424025,20,-281.3,-248.94
零售,601488,10021857,12571660,11,HLB-b979a33b-605f-11f0-8cdb-0c42a112278c,ZRTC20260424025,20,-281.3,-248.94
零售,601488,10021857,12571660,10,HLB-b979a2c0-605f-11f0-8cdb-0c42a112278c,ZRTC20260424025,20,-281.3,-248.94
零售,601488,10021857,12571660,8,HLB-b979a2fd-605f-11f0-8cdb-0c42a112278c,ZRTC20260424025,20,-281.3,-248.94
零售,601488,10021857,12571660,6,HLB-b979a311-605f-11f0-8cdb-0c42a112278c,ZRTC20260424025,20,-281.3,-248.94
零售,601488,10021857,12571660,4,HLB-b979a2e9-605f-11f0-8cdb-0c42a112278c,ZRTC20260424025,20,-281.3,-248.94
零售,601488,10021857,12571648,40,HLB-97488a85-605f-11f0-8cdb-0c42a112278c,ZRTC20260424025,20,-281.3,-248.94
零售,601488,10021857,12571648,39,HLB-97488af3-605f-11f0-8cdb-0c42a112278c,ZRTC20260424025,20,-281.3,-248.94
零售,601488,10021857,12571648,35,HLB-97488ade-605f-11f0-8cdb-0c42a112278c,ZRTC20260424025,20,-281.3,-248.94
零售,601488,10021857,12571648,34,HLB-97488c03-605f-11f0-8cdb-0c42a112278c,ZRTC20260424025,20,-281.3,-248.94
零售,601488,10021857,12571648,32,HLB-97488c19-605f-11f0-8cdb-0c42a112278c,ZRTC20260424025,20,-281.3,-248.94
零售,601488,10021857,12571648,31,HLB-97488aca-605f-11f0-8cdb-0c42a112278c,ZRTC20260424025,20,-281.3,-248.94
零售,601488,10021857,12571648,30,HLB-97488b99-605f-11f0-8cdb-0c42a112278c,ZRTC20260424025,20,-281.3,-248.94
零售,601488,10021857,12571648,29,HLB-97488bee-605f-11f0-8cdb-0c42a112278c,ZRTC20260424025,20,-281.3,-248.94
零售,601488,10021857,12571648,27,HLB-97488b70-605f-11f0-8cdb-0c42a112278c,ZRTC20260424025,20,-281.3,-248.94
零售,601488,10021857,12571648,26,HLB-97488bae-605f-11f0-8cdb-0c42a112278c,ZRTC20260424025,20,-281.3,-248.94
零售,601488,10021857,12571648,25,HLB-97488b32-605f-11f0-8cdb-0c42a112278c,ZRTC20260424025,20,-281.3,-248.94
零售,601488,10021857,12571648,22,HLB-97488b1a-605f-11f0-8cdb-0c42a112278c,ZRTC20260424025,20,-281.3,-248.94
零售,601488,10021857,12571648,17,HLB-97488b5c-605f-11f0-8cdb-0c42a112278c,ZRTC20260424025,20,-281.3,-248.94
零售,601488,10021857,12571648,14,HLB-97488bc2-605f-11f0-8cdb-0c42a112278c,ZRTC20260424025,20,-281.3,-248.94
零售,601488,10021857,12571648,13,HLB-97488b07-605f-11f0-8cdb-0c42a112278c,ZRTC20260424025,20,-281.3,-248.94
零售,601488,10021857,12571648,12,HLB-97488ab5-605f-11f0-8cdb-0c42a112278c,ZRTC20260424025,20,-281.3,-248.94
零售,601488,10021857,12571648,9,HLB-97488bd8-605f-11f0-8cdb-0c42a112278c,ZRTC20260424025,20,-281.3,-248.94
零售,601488,10021857,12571648,5,HLB-97488b84-605f-11f0-8cdb-0c42a112278c,ZRTC20260424025,20,-281.3,-248.94
零售,601488,10021857,12571648,4,HLB-97488a9a-605f-11f0-8cdb-0c42a112278c,ZRTC20260424025,20,-281.3,-248.94
零售,601488,10021857,12571648,2,HLB-97488b46-605f-11f0-8cdb-0c42a112278c,ZRTC20260424025,20,-281.3,-248.94
零售,601488,10021857,12490347,30,HLB-ef4e6f0f-5578-11f0-8cdb-0c42a112278c,ZRTC20260424025,20,-281.3,-248.94
零售,601488,10021857,12490347,29,HLB-ef4e6e68-5578-11f0-8cdb-0c42a112278c,ZRTC20260424025,20,-281.3,-248.94
零售,601488,10021857,12490347,28,HLB-ef4e6f66-5578-11f0-8cdb-0c42a112278c,ZRTC20260424025,20,-281.3,-248.94
零售,601488,10021857,12490347,27,HLB-ef4e6e9d-5578-11f0-8cdb-0c42a112278c,ZRTC20260424025,20,-281.3,-248.94
零售,601488,10021857,12490347,26,HLB-ef4e7072-5578-11f0-8cdb-0c42a112278c,ZRTC20260424025,20,-281.3,-248.94
零售,601488,10021857,12490347,25,HLB-ef4e702e-5578-11f0-8cdb-0c42a112278c,ZRTC20260424025,20,-281.3,-248.94
零售,601488,10021857,12490347,24,HLB-ef4e6f52-5578-11f0-8cdb-0c42a112278c,ZRTC20260424025,20,-281.3,-248.94
零售,601488,10021857,12490347,23,HLB-ef4e705a-5578-11f0-8cdb-0c42a112278c,ZRTC20260424025,20,-281.3,-248.94
零售,601488,10021857,12490347,22,HLB-ef4e6ee0-5578-11f0-8cdb-0c42a112278c,ZRTC20260424025,20,-281.3,-248.94
零售,601488,10021857,12490347,21,HLB-ef4e6fbe-5578-11f0-8cdb-0c42a112278c,ZRTC20260424025,20,-281.3,-248.94
零售,601488,10021857,12490347,20,HLB-ef4e6e3d-5578-11f0-8cdb-0c42a112278c,ZRTC20260424025,20,-281.3,-248.94
零售,601488,10021857,12490347,19,HLB-ef4e6f28-5578-11f0-8cdb-0c42a112278c,ZRTC20260424025,20,-281.3,-248.94
零售,601488,10021857,12490347,18,HLB-ef4e6e25-5578-11f0-8cdb-0c42a112278c,ZRTC20260424025,20,-281.3,-248.94
零售,601488,10021857,12490347,17,HLB-ef4e6faa-5578-11f0-8cdb-0c42a112278c,ZRTC20260424025,20,-281.3,-248.94
零售,601488,10021857,12490347,16,HLB-ef4e6e05-5578-11f0-8cdb-0c42a112278c,ZRTC20260424025,20,-281.3,-248.94
零售,601488,10021857,12490347,15,HLB-ef4e7043-5578-11f0-8cdb-0c42a112278c,ZRTC20260424025,20,-281.3,-248.94
零售,601488,10021857,12490347,14,HLB-ef4e6eca-5578-11f0-8cdb-0c42a112278c,ZRTC20260424025,20,-281.3,-248.94
零售,601488,10021857,12490347,13,HLB-ef4e70b5-5578-11f0-8cdb-0c42a112278c,ZRTC20260424025,20,-281.3,-248.94
零售,601488,10021857,12490347,12,HLB-ef4e70e0-5578-11f0-8cdb-0c42a112278c,ZRTC20260424025,20,-281.3,-248.94
零售,601488,10021857,12490347,11,HLB-ef4e70cb-5578-11f0-8cdb-0c42a112278c,ZRTC20260424025,20,-281.3,-248.94
零售,601488,10021857,12490347,10,HLB-ef4e709e-5578-11f0-8cdb-0c42a112278c,ZRTC20260424025,20,-281.3,-248.94
零售,601488,10021857,12490347,9,HLB-ef4e6fd3-5578-11f0-8cdb-0c42a112278c,ZRTC20260424025,20,-281.3,-248.94
零售,601488,10021857,12490347,8,HLB-ef4e6f94-5578-11f0-8cdb-0c42a112278c,ZRTC20260424025,20,-281.3,-248.94
零售,601488,10021857,12490347,7,HLB-ef4e6f81-5578-11f0-8cdb-0c42a112278c,ZRTC20260424025,20,-281.3,-248.94
零售,601488,10021857,12490347,6,HLB-ef4e6e53-5578-11f0-8cdb-0c42a112278c,ZRTC20260424025,20,-281.3,-248.94
零售,601488,10021857,12490347,5,HLB-ef4e6e85-5578-11f0-8cdb-0c42a112278c,ZRTC20260424025,20,-281.3,-248.94
零售,601488,10021857,12490347,4,HLB-ef4e6f3c-5578-11f0-8cdb-0c42a112278c,ZRTC20260424025,20,-281.3,-248.94
零售,601488,10021857,12490347,3,HLB-ef4e7088-5578-11f0-8cdb-0c42a112278c,ZRTC20260424025,20,-281.3,-248.94
零售,601488,10021857,12490347,2,HLB-ef4e6ef6-5578-11f0-8cdb-0c42a112278c,ZRTC20260424025,20,-281.3,-248.94
零售,601488,10021857,12490347,1,HLB-ef4e6eb4-5578-11f0-8cdb-0c42a112278c,ZRTC20260424025,20,-281.3,-248.94
零售,601488,10021857,12658722,40,HLB-518beeca-6a84-11f0-8cdb-0c42a112278c,ZRTC20260424025,20,-281.3,-248.94
零售,601488,10021857,12658722,37,HLB-518beef5-6a84-11f0-8cdb-0c42a112278c,ZRTC20260424025,20,-281.3,-248.94
零售,601488,10021857,12658722,36,HLB-518bed54-6a84-11f0-8cdb-0c42a112278c,ZRTC20260424025,20,-281.3,-248.94
零售,601488,10021857,12658722,34,HLB-518becd5-6a84-11f0-8cdb-0c42a112278c,ZRTC20260424025,20,-281.3,-248.94
零售,601488,10021857,12658722,33,HLB-518bee72-6a84-11f0-8cdb-0c42a112278c,ZRTC20260424025,20,-281.3,-248.94
零售,601488,10021857,12508821,16,HLB-151372fa-570e-11f0-8cdb-0c42a112278c,ZRTC20260424025,12,-400.26,-354.21
零售,601488,10021857,12508821,13,HLB-1534b6a6-570e-11f0-8cdb-0c42a112278c,ZRTC20260424025,12,-400.26,-354.21
零售,601488,10021857,12508821,12,HLB-15137242-570e-11f0-8cdb-0c42a112278c,ZRTC20260424025,12,-400.26,-354.21
零售,601488,10021857,12508821,9,HLB-1513730e-570e-11f0-8cdb-0c42a112278c,ZRTC20260424025,12,-400.26,-354.21
零售,601488,10021857,12508821,8,HLB-15137269-570e-11f0-8cdb-0c42a112278c,ZRTC20260424025,12,-400.26,-354.21
零售,601488,10021857,12508821,6,HLB-1534b767-570e-11f0-8cdb-0c42a112278c,ZRTC20260424025,12,-400.26,-354.21
零售,601488,10021857,12508821,3,HLB-1534b84e-570e-11f0-8cdb-0c42a112278c,ZRTC20260424025,12,-400.26,-354.21
零售,601488,10021857,12508834,19,HLB-16ca63db-570e-11f0-8cdb-0c42a112278c,ZRTC20260424025,12,-400.26,-354.21
零售,601488,10021857,12508834,17,HLB-16ca62e3-570e-11f0-8cdb-0c42a112278c,ZRTC20260424025,12,-400.26,-354.21
零售,601488,10021857,12508834,16,HLB-16ca6337-570e-11f0-8cdb-0c42a112278c,ZRTC20260424025,12,-400.26,-354.21
零售,601488,10021857,12508834,15,HLB-16ca6321-570e-11f0-8cdb-0c42a112278c,ZRTC20260424025,12,-400.26,-354.21
零售,601488,10021857,12508834,13,HLB-16ca63a9-570e-11f0-8cdb-0c42a112278c,ZRTC20260424025,12,-400.26,-354.21
零售,601488,10021857,12508834,8,HLB-16ca63f2-570e-11f0-8cdb-0c42a112278c,ZRTC20260424025,12,-400.26,-354.21
零售,601488,10021857,12508834,7,HLB-16ca63c4-570e-11f0-8cdb-0c42a112278c,ZRTC20260424025,12,-400.26,-354.21
零售,601488,10021857,12508834,6,HLB-16ca6353-570e-11f0-8cdb-0c42a112278c,ZRTC20260424025,12,-400.26,-354.21
零售,601488,10021857,12508834,5,HLB-16ca636d-570e-11f0-8cdb-0c42a112278c,ZRTC20260424025,12,-400.26,-354.21
零售,601488,10021857,12508834,4,HLB-16ca6387-570e-11f0-8cdb-0c42a112278c,ZRTC20260424025,12,-400.26,-354.21
零售,601488,10021857,12521725,20,HLB-9ae2b568-5949-11f0-8cdb-0c42a112278c,ZRTC20260424025,12,-400.26,-354.21
零售,601488,10021857,12521725,16,HLB-9ae2b554-5949-11f0-8cdb-0c42a112278c,ZRTC20260424025,12,-400.26,-354.21
零售,601488,10021857,12521725,14,HLB-9ae2b5a4-5949-11f0-8cdb-0c42a112278c,ZRTC20260424025,12,-400.26,-354.21
零售,601488,10021857,12521725,10,HLB-9ae2b529-5949-11f0-8cdb-0c42a112278c,ZRTC20260424025,12,-400.26,-354.21
零售,601488,10021857,12521725,9,HLB-9ae2b5cc-5949-11f0-8cdb-0c42a112278c,ZRTC20260424025,12,-400.26,-354.21
零售,601488,10021857,12521725,7,HLB-9ae2b53e-5949-11f0-8cdb-0c42a112278c,ZRTC20260424025,12,-400.26,-354.21
零售,601488,10021857,12521725,4,HLB-9ae2b590-5949-11f0-8cdb-0c42a112278c,ZRTC20260424025,12,-400.26,-354.21
零售,601488,10021857,12521725,3,HLB-9ae2b57c-5949-11f0-8cdb-0c42a112278c,ZRTC20260424025,12,-400.26,-354.21
零售,601488,10021857,12521725,2,HLB-9ae2b5df-5949-11f0-8cdb-0c42a112278c,ZRTC20260424025,12,-400.26,-354.21
零售,601488,10021857,12521725,1,HLB-9ae2b5b9-5949-11f0-8cdb-0c42a112278c,ZRTC20260424025,12,-400.26,-354.21
零售,601488,10021857,12508661,1,HLB-2d48184d-570c-11f0-8cdb-0c42a112278c,ZRTC20260424025,12,-400.26,-354.21
零售,601488,10021857,12561327,19,HLB-52bb5099-5eeb-11f0-8cdb-0c42a112278c,ZRTC20260424025,12,-400.26,-354.21
零售,601488,10021857,12561327,16,HLB-52bb504b-5eeb-11f0-8cdb-0c42a112278c,ZRTC20260424025,12,-400.26,-354.21
零售,601488,10021857,12561327,15,HLB-52bb5022-5eeb-11f0-8cdb-0c42a112278c,ZRTC20260424025,12,-400.26,-354.21
零售,601488,10021857,12561327,13,HLB-52bb5060-5eeb-11f0-8cdb-0c42a112278c,ZRTC20260424025,12,-400.26,-354.21
零售,601488,10021857,12561327,11,HLB-52bb50ae-5eeb-11f0-8cdb-0c42a112278c,ZRTC20260424025,12,-400.26,-354.21
零售,601488,10021857,12561327,7,HLB-52bb4f80-5eeb-11f0-8cdb-0c42a112278c,ZRTC20260424025,12,-400.26,-354.21
零售,601488,10021857,12561327,6,HLB-52bb5084-5eeb-11f0-8cdb-0c42a112278c,ZRTC20260424025,12,-400.26,-354.21
零售,601488,10021857,12561327,5,HLB-52bb500a-5eeb-11f0-8cdb-0c42a112278c,ZRTC20260424025,12,-400.26,-354.21
零售,601488,10021857,12561327,4,HLB-52bb5036-5eeb-11f0-8cdb-0c42a112278c,ZRTC20260424025,12,-400.26,-354.21
零售,601488,10021857,12561327,2,HLB-52bb4fd0-5eeb-11f0-8cdb-0c42a112278c,ZRTC20260424025,12,-400.26,-354.21
零售,601488,10021857,12549578,20,HLB-316cfede-5d4a-11f0-8cdb-0c42a112278c,ZRTC20260424025,12,-400.26,-354.21
零售,601488,10021857,12549578,17,HLB-316cfe10-5d4a-11f0-8cdb-0c42a112278c,ZRTC20260424025,12,-400.26,-354.21
零售,601488,10021857,12549578,16,HLB-316cfe8e-5d4a-11f0-8cdb-0c42a112278c,ZRTC20260424025,12,-400.26,-354.21
零售,601488,10021857,12549578,15,HLB-316cfeb7-5d4a-11f0-8cdb-0c42a112278c,ZRTC20260424025,12,-400.26,-354.21
零售,601488,10021857,12549578,14,HLB-316cfde1-5d4a-11f0-8cdb-0c42a112278c,ZRTC20260424025,12,-400.26,-354.21
零售,601488,10021857,12402385,4,HLB-635c03bd-50be-11f0-8cdb-0c42a112278c,ZRTC20260424025,10,-566.78,-501.58
零售,601488,10021857,12402385,3,HLB-635c02ab-50be-11f0-8cdb-0c42a112278c,ZRTC20260424025,10,-566.78,-501.58
零售,601488,10021857,12402385,2,HLB-635c0353-50be-11f0-8cdb-0c42a112278c,ZRTC20260424025,10,-566.78,-501.58
零售,601488,10021857,12402385,1,HLB-635c038b-50be-11f0-8cdb-0c42a112278c,ZRTC20260424025,10,-566.78,-501.58
零售,601488,10021857,12464760,1,HLB-c0b631cd-5482-11f0-8cdb-0c42a112278c,ZRTC20260424025,10,-566.78,-501.58
零售,601488,10021857,12496901,10,HLB-97640ca5-5594-11f0-8cdb-0c42a112278c,ZRTC20260424025,10,-566.78,-501.58
零售,601488,10021857,12496901,9,HLB-97640ce3-5594-11f0-8cdb-0c42a112278c,ZRTC20260424025,10,-566.78,-501.58
零售,601488,10021857,12496901,8,HLB-97640c90-5594-11f0-8cdb-0c42a112278c,ZRTC20260424025,10,-566.78,-501.58
零售,601488,10021857,12496901,7,HLB-97640cb9-5594-11f0-8cdb-0c42a112278c,ZRTC20260424025,10,-566.78,-501.58
零售,601488,10021857,12496901,6,HLB-97640d22-5594-11f0-8cdb-0c42a112278c,ZRTC20260424025,10,-566.78,-501.58
零售,601488,10021857,12496901,5,HLB-97640d4b-5594-11f0-8cdb-0c42a112278c,ZRTC20260424025,10,-566.78,-501.58
零售,601488,10021857,12496901,4,HLB-97640d36-5594-11f0-8cdb-0c42a112278c,ZRTC20260424025,10,-566.78,-501.58
零售,601488,10021857,12496901,3,HLB-97640cf6-5594-11f0-8cdb-0c42a112278c,ZRTC20260424025,10,-566.78,-501.58
零售,601488,10021857,12496901,2,HLB-97640d0c-5594-11f0-8cdb-0c42a112278c,ZRTC20260424025,10,-566.78,-501.58
零售,601488,10021857,12496901,1,HLB-97640cce-5594-11f0-8cdb-0c42a112278c,ZRTC20260424025,10,-566.78,-501.58
零售,601488,10021857,12375046,50,HLB-0e0babbd-4f18-11f0-8cdb-0c42a112278c,ZRTC20260424025,10,-566.78,-501.58
零售,601488,10021857,12375046,49,HLB-0e0bad81-4f18-11f0-8cdb-0c42a112278c,ZRTC20260424025,10,-566.78,-501.58
零售,601488,10021857,12375046,48,HLB-0e0bac00-4f18-11f0-8cdb-0c42a112278c,ZRTC20260424025,10,-566.78,-501.58
零售,601488,10021857,12375046,47,HLB-0e0bac89-4f18-11f0-8cdb-0c42a112278c,ZRTC20260424025,10,-566.78,-501.58
零售,601488,10021857,12375046,46,HLB-0dead1c0-4f18-11f0-8cdb-0c42a112278c,ZRTC20260424025,10,-566.78,-501.58
零售,601488,10021857,12375046,45,HLB-0e0bae10-4f18-11f0-8cdb-0c42a112278c,ZRTC20260424025,10,-566.78,-501.58
零售,601488,10021857,12375046,44,HLB-0e0bac9d-4f18-11f0-8cdb-0c42a112278c,ZRTC20260424025,10,-566.78,-501.58
零售,601488,10021857,12375046,43,HLB-0e0bad6d-4f18-11f0-8cdb-0c42a112278c,ZRTC20260424025,10,-566.78,-501.58
零售,601488,10021857,12375046,42,HLB-0dead1d4-4f18-11f0-8cdb-0c42a112278c,ZRTC20260424025,10,-566.78,-501.58
零售,601488,10021857,12375046,41,HLB-0dead288-4f18-11f0-8cdb-0c42a112278c,ZRTC20260424025,10,-566.78,-501.58
零售,601488,10021857,12375046,40,HLB-0dead1eb-4f18-11f0-8cdb-0c42a112278c,ZRTC20260424025,10,-566.78,-501.58
零售,601488,10021857,12375046,39,HLB-0e0bae3a-4f18-11f0-8cdb-0c42a112278c,ZRTC20260424025,10,-566.78,-501.58
零售,601488,10021857,12375046,38,HLB-0e0badc0-4f18-11f0-8cdb-0c42a112278c,ZRTC20260424025,10,-566.78,-501.58
零售,601488,10021857,12375046,37,HLB-0e0bad59-4f18-11f0-8cdb-0c42a112278c,ZRTC20260424025,10,-566.78,-501.58
零售,601488,10021857,12375046,36,HLB-0dead26a-4f18-11f0-8cdb-0c42a112278c,ZRTC20260424025,10,-566.78,-501.58
零售,601488,10021857,12375046,35,HLB-0e0bab35-4f18-11f0-8cdb-0c42a112278c,ZRTC20260424025,10,-566.78,-501.58
零售,601488,10021857,12375046,34,HLB-0e0bab9e-4f18-11f0-8cdb-0c42a112278c,ZRTC20260424025,10,-566.78,-501.58
零售,601488,10021857,12375046,33,HLB-0e0bae25-4f18-11f0-8cdb-0c42a112278c,ZRTC20260424025,10,-566.78,-501.58
零售,601488,10021857,12375046,32,HLB-0dead22d-4f18-11f0-8cdb-0c42a112278c,ZRTC20260424025,10,-566.78,-501.58
零售,601488,10021857,12375046,31,HLB-0dead1a9-4f18-11f0-8cdb-0c42a112278c,ZRTC20260424025,10,-566.78,-501.58
零售,601488,10021857,12375046,30,HLB-0e0baa90-4f18-11f0-8cdb-0c42a112278c,ZRTC20260424025,10,-566.78,-501.58
零售,601488,10021857,12375046,29,HLB-0e0babd5-4f18-11f0-8cdb-0c42a112278c,ZRTC20260424025,10,-566.78,-501.58
零售,601488,10021857,12375046,28,HLB-0dead20f-4f18-11f0-8cdb-0c42a112278c,ZRTC20260424025,10,-566.78,-501.58
零售,601488,10021857,12375046,27,HLB-0e0bade6-4f18-11f0-8cdb-0c42a112278c,ZRTC20260424025,10,-566.78,-501.58
零售,601488,10021857,12375046,26,HLB-0e0bae64-4f18-11f0-8cdb-0c42a112278c,ZRTC20260424025,10,-566.78,-501.58
零售,601488,10021857,12375046,25,HLB-0e0bac5b-4f18-11f0-8cdb-0c42a112278c,ZRTC20260424025,10,-566.78,-501.58
零售,601488,10021857,12375046,24,HLB-0e0badfc-4f18-11f0-8cdb-0c42a112278c,ZRTC20260424025,10,-566.78,-501.58
零售,601488,10021857,12375046,23,HLB-0e0bac44-4f18-11f0-8cdb-0c42a112278c,ZRTC20260424025,10,-566.78,-501.58
零售,601488,10021857,12375046,22,HLB-0e0babea-4f18-11f0-8cdb-0c42a112278c,ZRTC20260424025,10,-566.78,-501.58
零售,601488,10021857,12375046,21,HLB-0e0bab13-4f18-11f0-8cdb-0c42a112278c,ZRTC20260424025,10,-566.78,-501.58
零售,601488,10021857,12375046,20,HLB-0e0bad44-4f18-11f0-8cdb-0c42a112278c,ZRTC20260424025,10,-566.78,-501.58
零售,601488,10021857,12375046,19,HLB-0e0bad31-4f18-11f0-8cdb-0c42a112278c,ZRTC20260424025,10,-566.78,-501.58
零售,601488,10021857,12375046,18,HLB-0e0bae4f-4f18-11f0-8cdb-0c42a112278c,ZRTC20260424025,10,-566.78,-501.58
零售,601488,10021857,12375046,17,HLB-0e0bacb2-4f18-11f0-8cdb-0c42a112278c,ZRTC20260424025,10,-566.78,-501.58
零售,601488,10021857,12375046,16,HLB-0e0baaf3-4f18-11f0-8cdb-0c42a112278c,ZRTC20260424025,10,-566.78,-501.58
零售,601488,10021857,12375046,15,HLB-0e0bac72-4f18-11f0-8cdb-0c42a112278c,ZRTC20260424025,10,-566.78,-501.58
零售,601488,10021857,12375046,14,HLB-0e0bab5a-4f18-11f0-8cdb-0c42a112278c,ZRTC20260424025,10,-566.78,-501.58
零售,601488,10021857,12375046,13,HLB-0dead2a2-4f18-11f0-8cdb-0c42a112278c,ZRTC20260424025,10,-566.78,-501.58
零售,601488,10021857,12375046,12,HLB-0e0badd3-4f18-11f0-8cdb-0c42a112278c,ZRTC20260424025,10,-566.78,-501.58
零售,601488,10021857,12375046,11,HLB-0e0bac2c-4f18-11f0-8cdb-0c42a112278c,ZRTC20260424025,10,-566.78,-501.58
零售,601488,10021857,12375046,10,HLB-0e0bad09-4f18-11f0-8cdb-0c42a112278c,ZRTC20260424025,10,-566.78,-501.58
零售,601488,10021857,12375046,9,HLB-0e0bacf4-4f18-11f0-8cdb-0c42a112278c,ZRTC20260424025,10,-566.78,-501.58
零售,601488,10021857,12375046,8,HLB-0e0bac16-4f18-11f0-8cdb-0c42a112278c,ZRTC20260424025,10,-566.78,-501.58
零售,601488,10021857,12375046,7,HLB-0e0bacdf-4f18-11f0-8cdb-0c42a112278c,ZRTC20260424025,10,-566.78,-501.58
零售,601488,10021857,12375046,6,HLB-0e0bab7b-4f18-11f0-8cdb-0c42a112278c,ZRTC20260424025,10,-566.78,-501.58
零售,601488,10021857,12375046,5,HLB-0e0bad98-4f18-11f0-8cdb-0c42a112278c,ZRTC20260424025,10,-566.78,-501.58
零售,601488,10021857,12375046,4,HLB-0e0bad1d-4f18-11f0-8cdb-0c42a112278c,ZRTC20260424025,10,-566.78,-501.58
零售,601488,10021857,12375046,3,HLB-0e0baccc-4f18-11f0-8cdb-0c42a112278c,ZRTC20260424025,10,-566.78,-501.58
零售,601488,10021857,12375046,2,HLB-0e0badac-4f18-11f0-8cdb-0c42a112278c,ZRTC20260424025,10,-566.78,-501.58
零售,601488,10021857,12375046,1,HLB-0dead24a-4f18-11f0-8cdb-0c42a112278c,ZRTC20260424025,10,-566.78,-501.58
零售,601488,10021857,12496900,10,HLB-97640b68-5594-11f0-8cdb-0c42a112278c,ZRTC20260424025,10,-566.78,-501.58
零售,601488,10021857,12496900,9,HLB-97640bea-5594-11f0-8cdb-0c42a112278c,ZRTC20260424025,10,-566.78,-501.58
零售,601488,10021857,12508836,47,HLB-16ed7847-570e-11f0-8cdb-0c42a112278c,ZRTC20260424025,4,-477.32,-422.41
零售,601488,10021857,12508836,45,HLB-16ed7991-570e-11f0-8cdb-0c42a112278c,ZRTC20260424025,4,-477.32,-422.41
零售,601488,10021857,12508836,43,HLB-16ed785e-570e-11f0-8cdb-0c42a112278c,ZRTC20260424025,4,-477.32,-422.41
零售,601488,10021857,12508836,41,HLB-16ed7830-570e-11f0-8cdb-0c42a112278c,ZRTC20260424025,4,-477.32,-422.41
零售,601488,10021857,12508836,40,HLB-16ed7921-570e-11f0-8cdb-0c42a112278c,ZRTC20260424025,4,-477.32,-422.41
零售,601488,10021857,12508836,37,HLB-16ed79a7-570e-11f0-8cdb-0c42a112278c,ZRTC20260424025,4,-477.32,-422.41
零售,601488,10021857,12508836,34,HLB-16ed78f7-570e-11f0-8cdb-0c42a112278c,ZRTC20260424025,4,-477.32,-422.41
零售,601488,10021857,12508836,31,HLB-16ed7819-570e-11f0-8cdb-0c42a112278c,ZRTC20260424025,4,-477.32,-422.41
零售,601488,10021857,12508836,25,HLB-16ed78e0-570e-11f0-8cdb-0c42a112278c,ZRTC20260424025,4,-477.32,-422.41
零售,601488,10021857,12508836,19,HLB-16ed79e6-570e-11f0-8cdb-0c42a112278c,ZRTC20260424025,4,-477.32,-422.41
零售,601488,10021857,12508836,18,HLB-16ed79fb-570e-11f0-8cdb-0c42a112278c,ZRTC20260424025,4,-477.32,-422.41
零售,601488,10021857,12508836,15,HLB-16ed7889-570e-11f0-8cdb-0c42a112278c,ZRTC20260424025,4,-477.32,-422.41
零售,601488,10021857,12508836,14,HLB-16ed78b5-570e-11f0-8cdb-0c42a112278c,ZRTC20260424025,4,-477.32,-422.41
零售,601488,10021857,12508836,13,HLB-16ed7a7b-570e-11f0-8cdb-0c42a112278c,ZRTC20260424025,4,-477.32,-422.41
零售,601488,10021857,12508836,12,HLB-16ed7a52-570e-11f0-8cdb-0c42a112278c,ZRTC20260424025,4,-477.32,-422.41
零售,601488,10021857,12508836,11,HLB-16ed790d-570e-11f0-8cdb-0c42a112278c,ZRTC20260424025,4,-477.32,-422.41
零售,601488,10021857,12508836,10,HLB-16ed79d3-570e-11f0-8cdb-0c42a112278c,ZRTC20260424025,4,-477.32,-422.41
零售,601488,10021857,12508836,7,HLB-16ed7803-570e-11f0-8cdb-0c42a112278c,ZRTC20260424025,4,-477.32,-422.41
零售,601488,10021857,12508836,5,HLB-16ed794b-570e-11f0-8cdb-0c42a112278c,ZRTC20260424025,4,-477.32,-422.41
零售,601488,10021857,12508836,4,HLB-16ed7935-570e-11f0-8cdb-0c42a112278c,ZRTC20260424025,4,-477.32,-422.41
零售,601488,10021857,12508836,2,HLB-16ed7a3e-570e-11f0-8cdb-0c42a112278c,ZRTC20260424025,4,-477.32,-422.41
零售,601488,10021857,12287988,20,HLB-7fe93351-4a68-11f0-8cdb-0c42a112278c,ZRTC20260424025,4,-477.32,-422.41
零售,601488,10003584,12064843,29,HLB-0665bfdd-3a16-11f0-8cdb-0c42a112278c,ZRTC20260407044,8,-443.43,-392.42
零售,601488,10003584,12064843,28,HLB-0665c130-3a16-11f0-8cdb-0c42a112278c,ZRTC20260407044,8,-443.43,-392.42
零售,601488,10003584,12064843,27,HLB-0665bfc9-3a16-11f0-8cdb-0c42a112278c,ZRTC20260407044,8,-443.43,-392.42
零售,601488,10003584,12064843,24,HLB-0665c108-3a16-11f0-8cdb-0c42a112278c,ZRTC20260407044,8,-443.43,-392.42
零售,601488,10003584,12064843,23,HLB-0665c006-3a16-11f0-8cdb-0c42a112278c,ZRTC20260407044,8,-443.43,-392.42
零售,601488,10003584,12064843,22,HLB-0665c05c-3a16-11f0-8cdb-0c42a112278c,ZRTC20260407044,8,-443.43,-392.42
零售,601488,10003584,12064843,21,HLB-0665c0c9-3a16-11f0-8cdb-0c42a112278c,ZRTC20260407044,8,-443.43,-392.42
零售,601488,10003584,12064843,19,HLB-0665c097-3a16-11f0-8cdb-0c42a112278c,ZRTC20260407044,8,-443.43,-392.42
零售,601488,10003584,12064843,18,HLB-0665bf4a-3a16-11f0-8cdb-0c42a112278c,ZRTC20260407044,8,-443.43,-392.42
零售,601488,10003584,12064843,17,HLB-0665bf34-3a16-11f0-8cdb-0c42a112278c,ZRTC20260407044,8,-443.43,-392.42
零售,601488,10003584,12064843,14,HLB-0665bed6-3a16-11f0-8cdb-0c42a112278c,ZRTC20260407044,8,-443.43,-392.42
零售,601488,10003584,12064843,12,HLB-0665bf1f-3a16-11f0-8cdb-0c42a112278c,ZRTC20260407044,8,-443.43,-392.42
零售,601488,10003584,12064843,6,HLB-0665c044-3a16-11f0-8cdb-0c42a112278c,ZRTC20260407044,8,-443.43,-392.42
零售,601488,10003584,12064843,2,HLB-0665c01a-3a16-11f0-8cdb-0c42a112278c,ZRTC20260407044,8,-443.43,-392.42
零售,601488,10003584,12064554,98,HLB-b3c83a48-3a13-11f0-8cdb-0c42a112278c,ZRTC20260407044,8,-443.43,-392.42
零售,601488,10003584,12064554,97,HLB-b3c83987-3a13-11f0-8cdb-0c42a112278c,ZRTC20260407044,8,-443.43,-392.42
零售,601488,10003584,12064554,96,HLB-b3c8394b-3a13-11f0-8cdb-0c42a112278c,ZRTC20260407044,8,-443.43,-392.42
零售,601488,10003584,12064554,95,HLB-b3a6b873-3a13-11f0-8cdb-0c42a112278c,ZRTC20260407044,8,-443.43,-392.42
零售,601488,10003584,12064554,94,HLB-b3a6ba0a-3a13-11f0-8cdb-0c42a112278c,ZRTC20260407044,8,-443.43,-392.42
零售,601488,10003584,12064554,93,HLB-b3a6b8fe-3a13-11f0-8cdb-0c42a112278c,ZRTC20260407044,8,-443.43,-392.42
零售,601488,10003584,12064554,92,HLB-b3a6b748-3a13-11f0-8cdb-0c42a112278c,ZRTC20260407044,8,-443.43,-392.42
零售,601488,10003584,12064554,91,HLB-b3a6b9e3-3a13-11f0-8cdb-0c42a112278c,ZRTC20260407044,8,-443.43,-392.42
零售,601488,10003584,12064554,90,HLB-b3c83972-3a13-11f0-8cdb-0c42a112278c,ZRTC20260407044,8,-443.43,-392.42
零售,601488,10003584,12064554,89,HLB-b3c839e2-3a13-11f0-8cdb-0c42a112278c,ZRTC20260407044,8,-443.43,-392.42
零售,601488,10003584,12064554,88,HLB-b3a6b7ad-3a13-11f0-8cdb-0c42a112278c,ZRTC20260407044,8,-443.43,-392.42
零售,601488,10003584,12064554,87,HLB-b3a6bad9-3a13-11f0-8cdb-0c42a112278c,ZRTC20260407044,8,-443.43,-392.42
零售,601488,10003584,12064554,86,HLB-b3c83c0d-3a13-11f0-8cdb-0c42a112278c,ZRTC20260407044,8,-443.43,-392.42
零售,601488,10003584,12064554,85,HLB-b3c8399c-3a13-11f0-8cdb-0c42a112278c,ZRTC20260407044,8,-443.43,-392.42
零售,601488,10003584,12064554,84,HLB-b3a6b764-3a13-11f0-8cdb-0c42a112278c,ZRTC20260407044,8,-443.43,-392.42
零售,601488,10003584,12064554,83,HLB-b3a6b7de-3a13-11f0-8cdb-0c42a112278c,ZRTC20260407044,8,-443.43,-392.42
零售,601488,10003584,12064554,82,HLB-b3c83b1c-3a13-11f0-8cdb-0c42a112278c,ZRTC20260407044,8,-443.43,-392.42
零售,601488,10003584,12064554,81,HLB-b3a6b98f-3a13-11f0-8cdb-0c42a112278c,ZRTC20260407044,8,-443.43,-392.42
零售,601488,10003584,12064554,80,HLB-b3c83b05-3a13-11f0-8cdb-0c42a112278c,ZRTC20260407044,8,-443.43,-392.42
零售,601488,10003584,12064554,79,HLB-b3a6b8d4-3a13-11f0-8cdb-0c42a112278c,ZRTC20260407044,8,-443.43,-392.42
零售,601488,10003584,12064554,78,HLB-b3a6b806-3a13-11f0-8cdb-0c42a112278c,ZRTC20260407044,8,-443.43,-392.42
零售,601488,10003584,12064554,77,HLB-b3a6b8ba-3a13-11f0-8cdb-0c42a112278c,ZRTC20260407044,8,-443.43,-392.42
零售,601488,10003584,12064554,76,HLB-b3a6bac5-3a13-11f0-8cdb-0c42a112278c,ZRTC20260407044,8,-443.43,-392.42
零售,601488,10003584,12064554,75,HLB-b3c83872-3a13-11f0-8cdb-0c42a112278c,ZRTC20260407044,8,-443.43,-392.42
零售,601488,10003584,12064554,74,HLB-b3a6baaf-3a13-11f0-8cdb-0c42a112278c,ZRTC20260407044,8,-443.43,-392.42
零售,601488,10003584,12064554,73,HLB-b3c838d8-3a13-11f0-8cdb-0c42a112278c,ZRTC20260407044,8,-443.43,-392.42
零售,601488,10003584,12064554,72,HLB-b3c83a76-3a13-11f0-8cdb-0c42a112278c,ZRTC20260407044,8,-443.43,-392.42
零售,601488,10003584,12064554,71,HLB-b3a6b797-3a13-11f0-8cdb-0c42a112278c,ZRTC20260407044,8,-443.43,-392.42
零售,601488,10003584,12064554,70,HLB-b3c83a8a-3a13-11f0-8cdb-0c42a112278c,ZRTC20260407044,8,-443.43,-392.42
零售,601488,10003584,12064554,69,HLB-b3c838c2-3a13-11f0-8cdb-0c42a112278c,ZRTC20260407044,8,-443.43,-392.42
零售,601488,10003584,12064554,68,HLB-b3a6ba86-3a13-11f0-8cdb-0c42a112278c,ZRTC20260407044,8,-443.43,-392.42
零售,601488,10003584,12064554,67,HLB-b3a6b9f7-3a13-11f0-8cdb-0c42a112278c,ZRTC20260407044,8,-443.43,-392.42
零售,601488,10003584,12064554,66,HLB-b3a6b9ba-3a13-11f0-8cdb-0c42a112278c,ZRTC20260407044,8,-443.43,-392.42
零售,601488,10003584,12064554,65,HLB-b3a6b966-3a13-11f0-8cdb-0c42a112278c,ZRTC20260407044,8,-443.43,-392.42
零售,601488,10003584,12064554,64,HLB-b3a6b9a5-3a13-11f0-8cdb-0c42a112278c,ZRTC20260407044,8,-443.43,-392.42
零售,601488,10003584,12064554,63,HLB-b3c838f1-3a13-11f0-8cdb-0c42a112278c,ZRTC20260407044,8,-443.43,-392.42
零售,601488,10003584,12064554,62,HLB-b3c839cb-3a13-11f0-8cdb-0c42a112278c,ZRTC20260407044,8,-443.43,-392.42
零售,601488,10003584,12064554,59,HLB-b3a6b819-3a13-11f0-8cdb-0c42a112278c,ZRTC20260407044,8,-443.43,-392.42
零售,601488,10003584,12064554,58,HLB-b3c83c20-3a13-11f0-8cdb-0c42a112278c,ZRTC20260407044,8,-443.43,-392.42
零售,601488,10003584,12064554,57,HLB-b3c8391e-3a13-11f0-8cdb-0c42a112278c,ZRTC20260407044,8,-443.43,-392.42
零售,601488,10003584,12064554,56,HLB-b3c838a6-3a13-11f0-8cdb-0c42a112278c,ZRTC20260407044,8,-443.43,-392.42
零售,601488,10003584,12064554,55,HLB-b3a6ba20-3a13-11f0-8cdb-0c42a112278c,ZRTC20260407044,8,-443.43,-392.42
零售,601488,10003584,12064554,54,HLB-b3c83add-3a13-11f0-8cdb-0c42a112278c,ZRTC20260407044,8,-443.43,-392.42
零售,601488,10003584,12064554,53,HLB-b3a6b911-3a13-11f0-8cdb-0c42a112278c,ZRTC20260407044,8,-443.43,-392.42
零售,601488,10003584,12064554,52,HLB-b3c83b6b-3a13-11f0-8cdb-0c42a112278c,ZRTC20260407044,8,-443.43,-392.42
零售,601488,10003584,12064554,51,HLB-b3c83802-3a13-11f0-8cdb-0c42a112278c,ZRTC20260407044,8,-443.43,-392.42
零售,601488,10003584,12064554,50,HLB-b3a6b713-3a13-11f0-8cdb-0c42a112278c,ZRTC20260407044,8,-443.43,-392.42
零售,601488,10003584,12064554,49,HLB-b3a6b8e8-3a13-11f0-8cdb-0c42a112278c,ZRTC20260407044,8,-443.43,-392.42
零售,601488,10003584,12064554,47,HLB-b3c83a5f-3a13-11f0-8cdb-0c42a112278c,ZRTC20260407044,8,-443.43,-392.42
零售,601488,10003584,12064554,46,HLB-b3c83bf9-3a13-11f0-8cdb-0c42a112278c,ZRTC20260407044,8,-443.43,-392.42
零售,601488,10003584,12064554,45,HLB-b3a6b8a3-3a13-11f0-8cdb-0c42a112278c,ZRTC20260407044,8,-443.43,-392.42
零售,601488,10003584,12064554,43,HLB-b3c83bcf-3a13-11f0-8cdb-0c42a112278c,ZRTC20260407044,8,-443.43,-392.42
零售,601488,10003584,12064554,41,HLB-b3c83a34-3a13-11f0-8cdb-0c42a112278c,ZRTC20260407044,8,-443.43,-392.42
零售,601488,10003584,12064554,40,HLB-b3c83b7f-3a13-11f0-8cdb-0c42a112278c,ZRTC20260407044,8,-443.43,-392.42
零售,601488,10003584,12064554,39,HLB-b3a6b93d-3a13-11f0-8cdb-0c42a112278c,ZRTC20260407044,8,-443.43,-392.42
零售,601488,10003584,12064554,38,HLB-b3a6b680-3a13-11f0-8cdb-0c42a112278c,ZRTC20260407044,8,-443.43,-392.42
零售,601488,10003584,12064554,37,HLB-b3c83b58-3a13-11f0-8cdb-0c42a112278c,ZRTC20260407044,8,-443.43,-392.42
零售,601488,10003584,12064554,36,HLB-b3a6b6db-3a13-11f0-8cdb-0c42a112278c,ZRTC20260407044,8,-443.43,-392.42
零售,601488,10003584,12064554,35,HLB-b3c83937-3a13-11f0-8cdb-0c42a112278c,ZRTC20260407044,8,-443.43,-392.42
零售,601488,10003584,12064554,33,HLB-b3a6b730-3a13-11f0-8cdb-0c42a112278c,ZRTC20260407044,8,-443.43,-392.42
零售,601488,10003584,12064554,32,HLB-b3a6b6fa-3a13-11f0-8cdb-0c42a112278c,ZRTC20260407044,8,-443.43,-392.42
零售,601488,10003584,12064554,31,HLB-b3c83b31-3a13-11f0-8cdb-0c42a112278c,ZRTC20260407044,8,-443.43,-392.42
零售,601488,10003584,12064554,30,HLB-b3c83aa0-3a13-11f0-8cdb-0c42a112278c,ZRTC20260407044,8,-443.43,-392.42
零售,601488,10003584,12064554,29,HLB-b3a6ba49-3a13-11f0-8cdb-0c42a112278c,ZRTC20260407044,8,-443.43,-392.42
零售,601488,10003584,12064554,27,HLB-b3c83ac8-3a13-11f0-8cdb-0c42a112278c,ZRTC20260407044,8,-443.43,-392.42
零售,601488,10003584,12064554,26,HLB-b3a6b9cf-3a13-11f0-8cdb-0c42a112278c,ZRTC20260407044,8,-443.43,-392.42
零售,601488,10003584,12064554,25,HLB-b3c8379b-3a13-11f0-8cdb-0c42a112278c,ZRTC20260407044,8,-443.43,-392.42
零售,601488,10003584,12064554,24,HLB-b3a6baff-3a13-11f0-8cdb-0c42a112278c,ZRTC20260407044,8,-443.43,-392.42
零售,601488,10003584,12064554,23,HLB-b3c83a21-3a13-11f0-8cdb-0c42a112278c,ZRTC20260407044,8,-443.43,-392.42
零售,601488,10003584,12064554,21,HLB-b3c83b93-3a13-11f0-8cdb-0c42a112278c,ZRTC20260407044,8,-443.43,-392.42
零售,601488,10003584,12064554,20,HLB-b3a6ba33-3a13-11f0-8cdb-0c42a112278c,ZRTC20260407044,8,-443.43,-392.42
零售,601488,10003584,12064554,19,HLB-b3c83be3-3a13-11f0-8cdb-0c42a112278c,ZRTC20260407044,8,-443.43,-392.42
零售,601488,10003584,12064554,18,HLB-b3c83ab5-3a13-11f0-8cdb-0c42a112278c,ZRTC20260407044,8,-443.43,-392.42
零售,601488,10003584,12064554,17,HLB-b3a6b85a-3a13-11f0-8cdb-0c42a112278c,ZRTC20260407044,8,-443.43,-392.42
零售,601488,10003584,12064554,16,HLB-b3c83af1-3a13-11f0-8cdb-0c42a112278c,ZRTC20260407044,8,-443.43,-392.42
零售,601488,10003584,12064554,15,HLB-b3a6b77f-3a13-11f0-8cdb-0c42a112278c,ZRTC20260407044,8,-443.43,-392.42
零售,601488,10003584,12064554,14,HLB-b3c83bbc-3a13-11f0-8cdb-0c42a112278c,ZRTC20260407044,8,-443.43,-392.42
零售,601488,10003584,12064554,12,HLB-b3c83ba8-3a13-11f0-8cdb-0c42a112278c,ZRTC20260407044,8,-443.43,-392.42
零售,601488,10003584,12064554,11,HLB-b3c839b5-3a13-11f0-8cdb-0c42a112278c,ZRTC20260407044,8,-443.43,-392.42
零售,601488,10003584,12064554,10,HLB-b3a6b925-3a13-11f0-8cdb-0c42a112278c,ZRTC20260407044,8,-443.43,-392.42
零售,601488,10003584,12064554,9,HLB-b3a6ba70-3a13-11f0-8cdb-0c42a112278c,ZRTC20260407044,8,-443.43,-392.42
零售,601488,10003584,12064554,8,HLB-b3c83a0c-3a13-11f0-8cdb-0c42a112278c,ZRTC20260407044,8,-443.43,-392.42
零售,601488,10003584,12064554,7,HLB-b3a6b842-3a13-11f0-8cdb-0c42a112278c,ZRTC20260407044,8,-443.43,-392.42
零售,601488,10003584,12064554,6,HLB-b3a6ba5c-3a13-11f0-8cdb-0c42a112278c,ZRTC20260407044,8,-443.43,-392.42
零售,601488,10003584,12064554,5,HLB-b3c83b45-3a13-11f0-8cdb-0c42a112278c,ZRTC20260407044,8,-443.43,-392.42
零售,601488,10003584,12064554,4,HLB-b3a6b7c7-3a13-11f0-8cdb-0c42a112278c,ZRTC20260407044,8,-443.43,-392.42
零售,601488,10003584,12064554,1,HLB-b3c8388c-3a13-11f0-8cdb-0c42a112278c,ZRTC20260407044,8,-443.43,-392.42
零售,601488,10003584,12064552,88,HLB-b316747d-3a13-11f0-8cdb-0c42a112278c,ZRTC20260407044,7,-786.08,-695.65
零售,601488,10003584,12064552,86,HLB-b316773a-3a13-11f0-8cdb-0c42a112278c,ZRTC20260407044,7,-786.04,-695.61
零售,601488,10003584,12064552,76,HLB-b3385baf-3a13-11f0-8cdb-0c42a112278c,ZRTC20260407044,7,-786.04,-695.61
零售,601488,10003584,12064552,57,HLB-b3167557-3a13-11f0-8cdb-0c42a112278c,ZRTC20260407044,7,-786.04,-695.61
零售,601488,10003584,12064552,35,HLB-b31674af-3a13-11f0-8cdb-0c42a112278c,ZRTC20260407044,7,-786.04,-695.61
零售,601488,10003584,12064552,21,HLB-b3385c2b-3a13-11f0-8cdb-0c42a112278c,ZRTC20260407044,7,-786.04,-695.61
零售,601488,10003584,12064552,20,HLB-b31676e8-3a13-11f0-8cdb-0c42a112278c,ZRTC20260407044,7,-786.04,-695.61
零售,601488,10003584,12064552,13,HLB-b3385b83-3a13-11f0-8cdb-0c42a112278c,ZRTC20260407044,7,-786.04,-695.61
零售,601488,10003584,12064553,100,HLB-b35d6488-3a13-11f0-8cdb-0c42a112278c,ZRTC20260407044,6,-1165.94,-1031.81
零售,601488,10003584,12064553,27,HLB-b35d6455-3a13-11f0-8cdb-0c42a112278c,ZRTC20260407044,6,-1165.91,-1031.78
零售,601488,10003584,12064553,11,HLB-b35d6470-3a13-11f0-8cdb-0c42a112278c,ZRTC20260407044,6,-1165.91,-1031.78
零售,601488,10003584,12064553,4,HLB-b35d64a1-3a13-11f0-8cdb-0c42a112278c,ZRTC20260407044,6,-1165.91,-1031.78
零售,601488,10003584,12064553,90,HLB-b35d6532-3a13-11f0-8cdb-0c42a112278c,ZRTC20260407044,5,-1165.97,-1031.83
零售,601488,10003584,12064553,68,HLB-b35d6519-3a13-11f0-8cdb-0c42a112278c,ZRTC20260407044,5,-1165.91,-1031.78
零售,601488,10003584,12064553,63,HLB-b35d64ee-3a13-11f0-8cdb-0c42a112278c,ZRTC20260407044,5,-1165.91,-1031.78
零售,601488,10003584,12064553,42,HLB-b35d655d-3a13-11f0-8cdb-0c42a112278c,ZRTC20260407044,5,-1165.91,-1031.78
零售,601488,10003584,12064553,38,HLB-b35d6548-3a13-11f0-8cdb-0c42a112278c,ZRTC20260407044,5,-1165.91,-1031.78
零售,601488,10003584,12064553,34,HLB-b35d6586-3a13-11f0-8cdb-0c42a112278c,ZRTC20260407044,5,-1165.91,-1031.78
零售,601488,10003584,12064553,22,HLB-b35d6572-3a13-11f0-8cdb-0c42a112278c,ZRTC20260407044,5,-1165.91,-1031.78
零售,601488,10003584,12064553,9,HLB-b35d6503-3a13-11f0-8cdb-0c42a112278c,ZRTC20260407044,5,-1165.91,-1031.78
零售,601488,10003584,12064553,8,HLB-b35d64d1-3a13-11f0-8cdb-0c42a112278c,ZRTC20260407044,5,-1165.91,-1031.78
零售,601488,10003584,12064553,62,HLB-b35d643e-3a13-11f0-8cdb-0c42a112278c,ZRTC20260407044,4,-1165.92,-1031.79
零售,601488,10003584,12064553,60,HLB-b35d6423-3a13-11f0-8cdb-0c42a112278c,ZRTC20260407044,4,-1165.91,-1031.78
零售,601488,10003584,12064553,92,HLB-b38415d0-3a13-11f0-8cdb-0c42a112278c,ZRTC20260407044,3,-1165.97,-1031.83
零售,601488,10003584,12064553,74,HLB-b3841514-3a13-11f0-8cdb-0c42a112278c,ZRTC20260407044,3,-1165.91,-1031.78
零售,601488,10003584,12064553,61,HLB-b38415b7-3a13-11f0-8cdb-0c42a112278c,ZRTC20260407044,3,-1165.91,-1031.78
零售,601488,10003584,12064553,59,HLB-b35d65b2-3a13-11f0-8cdb-0c42a112278c,ZRTC20260407044,3,-1165.91,-1031.78
零售,601488,10003584,12064553,31,HLB-b35d659e-3a13-11f0-8cdb-0c42a112278c,ZRTC20260407044,3,-1165.91,-1031.78
零售,601488,10003584,12064553,28,HLB-b3841584-3a13-11f0-8cdb-0c42a112278c,ZRTC20260407044,3,-1165.91,-1031.78
零售,601488,10003584,12064553,17,HLB-b384159d-3a13-11f0-8cdb-0c42a112278c,ZRTC20260407044,3,-1165.91,-1031.78
零售,601488,10003584,12064553,16,HLB-b35d65c8-3a13-11f0-8cdb-0c42a112278c,ZRTC20260407044,3,-1165.91,-1031.78
零售,601488,10003584,12064843,47,HLB-0665bebf-3a16-11f0-8cdb-0c42a112278c,ZRTC20260407044,3,-1165.91,-1031.78
零售,601488,10003584,12064553,85,HLB-b35d62a7-3a13-11f0-8cdb-0c42a112278c,ZRTC20260407044,2,-1082.99,-958.4
零售,601488,10003584,12064553,79,HLB-b35d62bf-3a13-11f0-8cdb-0c42a112278c,ZRTC20260407044,2,-1082.96,-958.37
零售,601488,10003584,12064553,58,HLB-b35d6306-3a13-11f0-8cdb-0c42a112278c,ZRTC20260407044,2,-1082.96,-958.37
零售,601488,10003584,12064553,41,HLB-b35d633b-3a13-11f0-8cdb-0c42a112278c,ZRTC20260407044,2,-1082.96,-958.37
零售,601488,10003584,12064553,40,HLB-b35d6395-3a13-11f0-8cdb-0c42a112278c,ZRTC20260407044,2,-1082.96,-958.37
零售,601488,10003584,12064553,36,HLB-b35d6286-3a13-11f0-8cdb-0c42a112278c,ZRTC20260407044,2,-1082.96,-958.37
零售,601488,10003584,12064553,29,HLB-b35d62ee-3a13-11f0-8cdb-0c42a112278c,ZRTC20260407044,2,-1082.96,-958.37
零售,601488,10003584,12064553,23,HLB-b35d63b1-3a13-11f0-8cdb-0c42a112278c,ZRTC20260407044,2,-1082.96,-958.37
零售,601488,10003584,12064553,15,HLB-b35d63ed-3a13-11f0-8cdb-0c42a112278c,ZRTC20260407044,2,-1082.96,-958.37
零售,601488,10003584,12064553,6,HLB-b35d63d1-3a13-11f0-8cdb-0c42a112278c,ZRTC20260407044,2,-1082.96,-958.37
零售,601488,10003584,12064553,3,HLB-b35d6408-3a13-11f0-8cdb-0c42a112278c,ZRTC20260407044,2,-1082.96,-958.37
零售,601488,10003584,12064553,1,HLB-b35d6320-3a13-11f0-8cdb-0c42a112278c,ZRTC20260407044,2,-1082.96,-958.37
零售,601488,10003584,12064553,98,HLB-b35d6119-3a13-11f0-8cdb-0c42a112278c,ZRTC20260407044,1,-777.56,-688.11
零售,601488,10003584,12064553,97,HLB-b35d60c3-3a13-11f0-8cdb-0c42a112278c,ZRTC20260407044,1,-777.27,-687.85
零售,601488,10003584,12064553,94,HLB-b35d623e-3a13-11f0-8cdb-0c42a112278c,ZRTC20260407044,1,-777.27,-687.85
零售,601488,10003584,12064553,87,HLB-b35d61b5-3a13-11f0-8cdb-0c42a112278c,ZRTC20260407044,1,-777.27,-687.85
零售,601488,10003584,12064553,86,HLB-b35d60de-3a13-11f0-8cdb-0c42a112278c,ZRTC20260407044,1,-777.27,-687.85
零售,601488,10003584,12064553,84,HLB-b35d614b-3a13-11f0-8cdb-0c42a112278c,ZRTC20260407044,1,-777.27,-687.85
零售,601488,10003584,12064553,66,HLB-b35d6256-3a13-11f0-8cdb-0c42a112278c,ZRTC20260407044,1,-777.27,-687.85
零售,601488,10003584,12064553,64,HLB-b35d60fa-3a13-11f0-8cdb-0c42a112278c,ZRTC20260407044,1,-777.27,-687.85
零售,601488,10003584,12064553,52,HLB-b35d6013-3a13-11f0-8cdb-0c42a112278c,ZRTC20260407044,1,-777.27,-687.85
零售,601488,10003584,12064553,51,HLB-b35d6168-3a13-11f0-8cdb-0c42a112278c,ZRTC20260407044,1,-777.27,-687.85
零售,601488,10003584,12064553,48,HLB-b35d619c-3a13-11f0-8cdb-0c42a112278c,ZRTC20260407044,1,-777.27,-687.85
零售,601488,10003584,12064553,39,HLB-b35d626d-3a13-11f0-8cdb-0c42a112278c,ZRTC20260407044,1,-777.27,-687.85
零售,601488,10003584,12064553,33,HLB-b35d6226-3a13-11f0-8cdb-0c42a112278c,ZRTC20260407044,1,-777.27,-687.85
零售,601488,10003584,12064553,32,HLB-b35d6180-3a13-11f0-8cdb-0c42a112278c,ZRTC20260407044,1,-777.27,-687.85
零售,601488,10003584,12064553,21,HLB-b35d61e5-3a13-11f0-8cdb-0c42a112278c,ZRTC20260407044,1,-777.27,-687.85
零售,601488,10003584,12064553,20,HLB-b35d6212-3a13-11f0-8cdb-0c42a112278c,ZRTC20260407044,1,-777.27,-687.85
零售,601488,10003584,12064553,14,HLB-b35d6084-3a13-11f0-8cdb-0c42a112278c,ZRTC20260407044,1,-777.27,-687.85
零售,601488,10003584,12064553,10,HLB-b35d60a2-3a13-11f0-8cdb-0c42a112278c,ZRTC20260407044,1,-777.27,-687.85
零售,601488,10003584,12064553,5,HLB-b35d61fb-3a13-11f0-8cdb-0c42a112278c,ZRTC20260407044,1,-777.27,-687.85
零售,601488,10003584,12064553,2,HLB-b35d61ca-3a13-11f0-8cdb-0c42a112278c,ZRTC20260407044,1,-777.27,-687.85
零售,601488,10003584,12064552,100,HLB-b3385da6-3a13-11f0-8cdb-0c42a112278c,ZRTC20260407044,1,-777.27,-687.85
零售,601488,10003584,12064552,64,HLB-b3385dba-3a13-11f0-8cdb-0c42a112278c,ZRTC20260407044,1,-777.27,-687.85
零售,601488,10003584,12064552,44,HLB-b3385dcd-3a13-11f0-8cdb-0c42a112278c,ZRTC20260407044,1,-777.27,-687.85
零售,601488,10003584,12064552,42,HLB-b3385df4-3a13-11f0-8cdb-0c42a112278c,ZRTC20260407044,1,-777.27,-687.85
零售,601488,10003584,12064552,36,HLB-b3385e09-3a13-11f0-8cdb-0c42a112278c,ZRTC20260407044,1,-777.27,-687.85
零售,601488,10003584,12064552,25,HLB-b3385e44-3a13-11f0-8cdb-0c42a112278c,ZRTC20260407044,1,-777.27,-687.85
零售,601488,10003584,12064552,17,HLB-b3385d7d-3a13-11f0-8cdb-0c42a112278c,ZRTC20260407044,1,-777.27,-687.85
零售,601488,10003584,12064552,14,HLB-b3385d92-3a13-11f0-8cdb-0c42a112278c,ZRTC20260407044,1,-777.27,-687.85
零售,601488,10003584,12064552,12,HLB-b3385e1d-3a13-11f0-8cdb-0c42a112278c,ZRTC20260407044,1,-777.27,-687.85
零售,601488,10003584,12064552,5,HLB-b3385de1-3a13-11f0-8cdb-0c42a112278c,ZRTC20260407044,1,-777.27,-687.85
零售,601488,10003584,12064552,2,HLB-b3385e31-3a13-11f0-8cdb-0c42a112278c,ZRTC20260407044,1,-777.27,-687.85
零售,601488,10003584,11894925,1,HLB-4e1b2f19-2b0c-11f0-8cdb-0c42a112278c,ZRTC20260407044,1,-777.27,-687.85
零售,601488,10003584,12064843,53,HLB-0665bea9-3a16-11f0-8cdb-0c42a112278c,ZRTC20260407044,1,-777.27,-687.85
零售,601488,10003584,12064843,5,HLB-0665be94-3a16-11f0-8cdb-0c42a112278c,ZRTC20260407044,1,-777.27,-687.85
零售,601488,10003584,12064843,4,HLB-0665be7c-3a16-11f0-8cdb-0c42a112278c,ZRTC20260407044,1,-777.27,-687.85
零售,601488,10003584,12064843,54,HLB-0665bf9f-3a16-11f0-8cdb-0c42a112278c,ZRTC20260407044,8,-444.24,-393.13
零售,601488,10003584,12064843,51,HLB-0665c170-3a16-11f0-8cdb-0c42a112278c,ZRTC20260407044,8,-443.43,-392.42
零售,601488,10003584,12064843,50,HLB-0665c11d-3a16-11f0-8cdb-0c42a112278c,ZRTC20260407044,8,-443.43,-392.42
零售,601488,10003584,12064843,48,HLB-0665c184-3a16-11f0-8cdb-0c42a112278c,ZRTC20260407044,8,-443.43,-392.42
零售,601488,10003584,12064843,45,HLB-0665c02d-3a16-11f0-8cdb-0c42a112278c,ZRTC20260407044,8,-443.43,-392.42
零售,601488,10003584,12064843,43,HLB-0665bfb6-3a16-11f0-8cdb-0c42a112278c,ZRTC20260407044,8,-443.43,-392.42
零售,601488,10003584,12064843,41,HLB-0665c06f-3a16-11f0-8cdb-0c42a112278c,ZRTC20260407044,8,-443.43,-392.42
零售,601488,10003584,12064843,39,HLB-0665c0dd-3a16-11f0-8cdb-0c42a112278c,ZRTC20260407044,8,-443.43,-392.42
零售,601488,10003584,12064843,38,HLB-0665c083-3a16-11f0-8cdb-0c42a112278c,ZRTC20260407044,8,-443.43,-392.42
零售,601488,10003584,12064843,36,HLB-0665c0f1-3a16-11f0-8cdb-0c42a112278c,ZRTC20260407044,8,-443.43,-392.42
零售,601488,10003584,12064843,35,HLB-0665beea-3a16-11f0-8cdb-0c42a112278c,ZRTC20260407044,8,-443.43,-392.42
零售,601488,10003584,12064843,34,HLB-0665bf8a-3a16-11f0-8cdb-0c42a112278c,ZRTC20260407044,8,-443.43,-392.42
零售,601488,10003584,12064843,33,HLB-0665bf00-3a16-11f0-8cdb-0c42a112278c,ZRTC20260407044,8,-443.43,-392.42
零售,601488,10003584,12064843,32,HLB-0665bff1-3a16-11f0-8cdb-0c42a112278c,ZRTC20260407044,8,-443.43,-392.42
零售,601488,10003584,12064843,30,HLB-0665bf72-3a16-11f0-8cdb-0c42a112278c,ZRTC20260407044,8,-443.43,-392.42
零售,601488,10021857,12508818,10,HLB-14f170d3-570e-11f0-8cdb-0c42a112278c,ZRTC20260424025,21,-282.06,-249.61
零售,601488,10021857,12508818,7,HLB-14f1709e-570e-11f0-8cdb-0c42a112278c,ZRTC20260424025,21,-282.06,-249.61
零售,601488,10021857,12508818,5,HLB-14f170fe-570e-11f0-8cdb-0c42a112278c,ZRTC20260424025,21,-282.06,-249.61
零售,601488,10021857,12508818,4,HLB-14f17028-570e-11f0-8cdb-0c42a112278c,ZRTC20260424025,21,-282.06,-249.61
零售,601488,10021857,12508818,1,HLB-14f1700e-570e-11f0-8cdb-0c42a112278c,ZRTC20260424025,21,-282.06,-249.61
零售,601488,10021857,12508822,100,HLB-159a7068-570e-11f0-8cdb-0c42a112278c,ZRTC20260424025,21,-282.06,-249.61
零售,601488,10021857,12508822,96,HLB-159a713e-570e-11f0-8cdb-0c42a112278c,ZRTC20260424025,21,-282.06,-249.61
零售,601488,10021857,12508822,94,HLB-159a6e69-570e-11f0-8cdb-0c42a112278c,ZRTC20260424025,21,-282.06,-249.61
零售,601488,10021857,12508822,93,HLB-157a5f5d-570e-11f0-8cdb-0c42a112278c,ZRTC20260424025,21,-282.06,-249.61
零售,601488,10021857,12508822,89,HLB-157a5ee3-570e-11f0-8cdb-0c42a112278c,ZRTC20260424025,21,-282.06,-249.61
零售,601488,10021857,12508822,87,HLB-159a710a-570e-11f0-8cdb-0c42a112278c,ZRTC20260424025,21,-282.06,-249.61
零售,601488,10021857,12508822,86,HLB-159a6e07-570e-11f0-8cdb-0c42a112278c,ZRTC20260424025,21,-282.06,-249.61
零售,601488,10021857,12508822,85,HLB-159a6e8d-570e-11f0-8cdb-0c42a112278c,ZRTC20260424025,21,-282.06,-249.61
零售,601488,10021857,12508822,84,HLB-159a7051-570e-11f0-8cdb-0c42a112278c,ZRTC20260424025,21,-282.06,-249.61
零售,601488,10021857,12508822,82,HLB-159a71b6-570e-11f0-8cdb-0c42a112278c,ZRTC20260424025,21,-282.06,-249.61
零售,601488,10021857,12508822,81,HLB-157a606f-570e-11f0-8cdb-0c42a112278c,ZRTC20260424025,21,-282.06,-249.61
零售,601488,10021857,12508822,80,HLB-157a605c-570e-11f0-8cdb-0c42a112278c,ZRTC20260424025,21,-282.06,-249.61
零售,601488,10021857,12508822,79,HLB-157a6009-570e-11f0-8cdb-0c42a112278c,ZRTC20260424025,21,-282.06,-249.61
零售,601488,10021857,12508822,78,HLB-157a5f71-570e-11f0-8cdb-0c42a112278c,ZRTC20260424025,21,-282.06,-249.61
零售,601488,10021857,12508822,77,HLB-157a5f0b-570e-11f0-8cdb-0c42a112278c,ZRTC20260424025,21,-282.06,-249.61
零售,601488,10021857,12508822,75,HLB-159a6f09-570e-11f0-8cdb-0c42a112278c,ZRTC20260424025,21,-282.06,-249.61
零售,601488,10021857,12508822,73,HLB-159a7019-570e-11f0-8cdb-0c42a112278c,ZRTC20260424025,21,-282.06,-249.61
零售,601488,10021857,12508822,67,HLB-159a7128-570e-11f0-8cdb-0c42a112278c,ZRTC20260424025,21,-282.06,-249.61
零售,601488,10021857,12508822,64,HLB-159a719e-570e-11f0-8cdb-0c42a112278c,ZRTC20260424025,21,-282.06,-249.61
零售,601488,10021857,12508822,63,HLB-159a6fbf-570e-11f0-8cdb-0c42a112278c,ZRTC20260424025,21,-282.06,-249.61
零售,601488,10021857,12508822,61,HLB-159a6f8d-570e-11f0-8cdb-0c42a112278c,ZRTC20260424025,21,-282.06,-249.61
零售,601488,10021857,12508822,55,HLB-159a7172-570e-11f0-8cdb-0c42a112278c,ZRTC20260424025,21,-282.06,-249.61
零售,601488,10021857,12508822,51,HLB-157a6046-570e-11f0-8cdb-0c42a112278c,ZRTC20260424025,21,-282.06,-249.61
零售,601488,10021857,12508822,50,HLB-159a7157-570e-11f0-8cdb-0c42a112278c,ZRTC20260424025,21,-282.06,-249.61
零售,601488,10021857,12508822,49,HLB-157a601d-570e-11f0-8cdb-0c42a112278c,ZRTC20260424025,21,-282.06,-249.61
零售,601488,10021857,12508822,48,HLB-157a6031-570e-11f0-8cdb-0c42a112278c,ZRTC20260424025,21,-282.06,-249.61
零售,601488,10021857,12508822,42,HLB-157a5fc6-570e-11f0-8cdb-0c42a112278c,ZRTC20260424025,21,-282.06,-249.61
零售,601488,10021857,12508822,39,HLB-159a70f1-570e-11f0-8cdb-0c42a112278c,ZRTC20260424025,21,-282.06,-249.61
零售,601488,10021857,12508822,37,HLB-157a5ece-570e-11f0-8cdb-0c42a112278c,ZRTC20260424025,21,-282.06,-249.61
零售,601488,10021857,12508822,36,HLB-157a5ef7-570e-11f0-8cdb-0c42a112278c,ZRTC20260424025,21,-282.06,-249.61
零售,601488,10021857,12508822,34,HLB-159a6f25-570e-11f0-8cdb-0c42a112278c,ZRTC20260424025,21,-282.06,-249.61
零售,601488,10021857,12508822,28,HLB-159a6f58-570e-11f0-8cdb-0c42a112278c,ZRTC20260424025,21,-282.06,-249.61
零售,601488,10021857,12508822,27,HLB-159a707e-570e-11f0-8cdb-0c42a112278c,ZRTC20260424025,21,-282.06,-249.61
零售,601488,10021857,12508822,26,HLB-157a5f48-570e-11f0-8cdb-0c42a112278c,ZRTC20260424025,21,-282.06,-249.61
零售,601488,10021857,12508822,24,HLB-159a7037-570e-11f0-8cdb-0c42a112278c,ZRTC20260424025,21,-282.06,-249.61
零售,601488,10021857,12508822,23,HLB-157a5fb1-570e-11f0-8cdb-0c42a112278c,ZRTC20260424025,21,-282.06,-249.61
零售,601488,10021857,12508822,22,HLB-157a5fdc-570e-11f0-8cdb-0c42a112278c,ZRTC20260424025,21,-282.06,-249.61
零售,601488,10021857,12508822,21,HLB-159a6ee4-570e-11f0-8cdb-0c42a112278c,ZRTC20260424025,21,-282.06,-249.61
零售,601488,10021857,12508822,19,HLB-159a7003-570e-11f0-8cdb-0c42a112278c,ZRTC20260424025,21,-282.06,-249.61
零售,601488,10021857,12508822,18,HLB-159a718a-570e-11f0-8cdb-0c42a112278c,ZRTC20260424025,21,-282.06,-249.61
零售,601488,10021857,12508822,17,HLB-159a6fd3-570e-11f0-8cdb-0c42a112278c,ZRTC20260424025,21,-282.06,-249.61
零售,601488,10021857,12508822,15,HLB-159a6eb9-570e-11f0-8cdb-0c42a112278c,ZRTC20260424025,21,-282.06,-249.61
零售,601488,10021857,12508822,14,HLB-157a5f1e-570e-11f0-8cdb-0c42a112278c,ZRTC20260424025,21,-282.06,-249.61
零售,601488,10021857,12508822,10,HLB-157a5f32-570e-11f0-8cdb-0c42a112278c,ZRTC20260424025,21,-282.06,-249.61
零售,601488,10021857,12508822,9,HLB-159a6f71-570e-11f0-8cdb-0c42a112278c,ZRTC20260424025,21,-282.06,-249.61
零售,601488,10021857,12508822,8,HLB-159a70d8-570e-11f0-8cdb-0c42a112278c,ZRTC20260424025,21,-282.06,-249.61
零售,601488,10021857,12508822,7,HLB-159a6fa7-570e-11f0-8cdb-0c42a112278c,ZRTC20260424025,21,-282.06,-249.61
零售,601488,10021857,12508822,4,HLB-157a5ff2-570e-11f0-8cdb-0c42a112278c,ZRTC20260424025,21,-282.06,-249.61
零售,601488,10021857,12508822,2,HLB-157a5f9d-570e-11f0-8cdb-0c42a112278c,ZRTC20260424025,21,-282.06,-249.61
零售,601488,10021857,12508822,1,HLB-159a6fec-570e-11f0-8cdb-0c42a112278c,ZRTC20260424025,21,-282.06,-249.61
零售,601488,10021857,12517923,79,HLB-f2e4279e-5896-11f0-8cdb-0c42a112278c,ZRTC20260424025,21,282.06,249.61
零售,601488,10021857,12517923,77,HLB-f2e42636-5896-11f0-8cdb-0c42a112278c,ZRTC20260424025,21,282.06,249.61
零售,601488,10021857,12517923,74,HLB-f3008ed8-5896-11f0-8cdb-0c42a112278c,ZRTC20260424025,21,282.06,249.61
零售,601488,10021857,12517923,68,HLB-f30090e3-5896-11f0-8cdb-0c42a112278c,ZRTC20260424025,21,282.06,249.61
零售,601488,10021857,12517923,65,HLB-f2e4291e-5896-11f0-8cdb-0c42a112278c,ZRTC20260424025,21,282.06,249.61
零售,601488,10021857,12517923,63,HLB-f3008e9a-5896-11f0-8cdb-0c42a112278c,ZRTC20260424025,21,282.06,249.61
零售,601488,10021857,12517923,59,HLB-f2e4294b-5896-11f0-8cdb-0c42a112278c,ZRTC20260424025,21,282.06,249.61
零售,601488,10021857,12517923,58,HLB-f2e42a11-5896-11f0-8cdb-0c42a112278c,ZRTC20260424025,21,282.06,249.61
零售,601488,10021857,12517923,57,HLB-f2e426b9-5896-11f0-8cdb-0c42a112278c,ZRTC20260424025,21,282.06,249.61
零售,601488,10021857,12517923,56,HLB-f3008fd1-5896-11f0-8cdb-0c42a112278c,ZRTC20260424025,21,282.06,249.61
零售,601488,10021857,12517923,54,HLB-f3009048-5896-11f0-8cdb-0c42a112278c,ZRTC20260424025,21,282.06,249.61
零售,601488,10021857,12517923,53,HLB-f30090bc-5896-11f0-8cdb-0c42a112278c,ZRTC20260424025,21,282.06,249.61
零售,601488,10021857,12517923,52,HLB-f2e4266d-5896-11f0-8cdb-0c42a112278c,ZRTC20260424025,21,282.06,249.61
零售,601488,10021857,12658722,32,HLB-518bed83-6a84-11f0-8cdb-0c42a112278c,ZRTC20260424025,20,-281.3,-248.94
零售,601488,10021857,12658722,30,HLB-518bee58-6a84-11f0-8cdb-0c42a112278c,ZRTC20260424025,20,-281.3,-248.94
零售,601488,10021857,12658722,29,HLB-518bee2a-6a84-11f0-8cdb-0c42a112278c,ZRTC20260424025,20,-281.3,-248.94
零售,601488,10021857,12658722,27,HLB-518beedf-6a84-11f0-8cdb-0c42a112278c,ZRTC20260424025,20,-281.3,-248.94
零售,601488,10021857,12658722,25,HLB-518becbf-6a84-11f0-8cdb-0c42a112278c,ZRTC20260424025,20,-281.3,-248.94
零售,601488,10021857,12658722,19,HLB-518bedf9-6a84-11f0-8cdb-0c42a112278c,ZRTC20260424025,20,-281.3,-248.94
零售,601488,10021857,12658722,18,HLB-518beeb2-6a84-11f0-8cdb-0c42a112278c,ZRTC20260424025,20,-281.3,-248.94
零售,601488,10021857,12658722,16,HLB-518bee9b-6a84-11f0-8cdb-0c42a112278c,ZRTC20260424025,20,-281.3,-248.94
零售,601488,10021857,12658722,15,HLB-518bee43-6a84-11f0-8cdb-0c42a112278c,ZRTC20260424025,20,-281.3,-248.94
零售,601488,10021857,12658722,12,HLB-518bed6d-6a84-11f0-8cdb-0c42a112278c,ZRTC20260424025,20,-281.3,-248.94
零售,601488,10021857,12658722,10,HLB-518bed9c-6a84-11f0-8cdb-0c42a112278c,ZRTC20260424025,20,-281.3,-248.94
零售,601488,10021857,12658722,7,HLB-518bee13-6a84-11f0-8cdb-0c42a112278c,ZRTC20260424025,20,-281.3,-248.94
零售,601488,10021857,12658722,4,HLB-518bede1-6a84-11f0-8cdb-0c42a112278c,ZRTC20260424025,20,-281.3,-248.94
零售,601488,10021857,12658722,3,HLB-518bed3a-6a84-11f0-8cdb-0c42a112278c,ZRTC20260424025,20,-281.3,-248.94
零售,601488,10021857,12658722,1,HLB-518bee86-6a84-11f0-8cdb-0c42a112278c,ZRTC20260424025,20,-281.3,-248.94
零售,601488,10021857,12496900,8,HLB-97640c49-5594-11f0-8cdb-0c42a112278c,ZRTC20260424025,10,-566.78,-501.58
零售,601488,10021857,12496900,7,HLB-97640c32-5594-11f0-8cdb-0c42a112278c,ZRTC20260424025,10,-566.78,-501.58
零售,601488,10021857,12496900,6,HLB-97640bbc-5594-11f0-8cdb-0c42a112278c,ZRTC20260424025,10,-566.78,-501.58
零售,601488,10021857,12496900,5,HLB-97640bd2-5594-11f0-8cdb-0c42a112278c,ZRTC20260424025,10,-566.78,-501.58
零售,601488,10021857,12496900,4,HLB-97640c19-5594-11f0-8cdb-0c42a112278c,ZRTC20260424025,10,-566.78,-501.58
零售,601488,10021857,12496900,3,HLB-97640c7d-5594-11f0-8cdb-0c42a112278c,ZRTC20260424025,10,-566.78,-501.58
零售,601488,10021857,12496900,2,HLB-97640c02-5594-11f0-8cdb-0c42a112278c,ZRTC20260424025,10,-566.78,-501.58
零售,601488,10021857,12496900,1,HLB-97640c5e-5594-11f0-8cdb-0c42a112278c,ZRTC20260424025,10,-566.78,-501.58
零售,601488,10021857,12512957,1,HLB-5ee877cb-57ca-11f0-8cdb-0c42a112278c,ZRTC20260424025,10,-566.78,-501.58
零售,601488,10021857,12386384,1,HLB-3746385b-4fdc-11f0-8cdb-0c42a112278c,ZRTC20260424025,10,-566.78,-501.58
零售,601488,10021857,12488471,1,HLB-59964b08-556f-11f0-8cdb-0c42a112278c,ZRTC20260424025,10,-566.78,-501.58
零售,601488,10021857,12446006,10,HLB-18906e21-532b-11f0-8cdb-0c42a112278c,ZRTC20260424025,10,-566.78,-501.58
零售,601488,10021857,12446006,9,HLB-18906db0-532b-11f0-8cdb-0c42a112278c,ZRTC20260424025,10,-566.78,-501.58
零售,601488,10021857,12446006,8,HLB-18906e0c-532b-11f0-8cdb-0c42a112278c,ZRTC20260424025,10,-566.78,-501.58
零售,601488,10021857,12446006,7,HLB-18906e37-532b-11f0-8cdb-0c42a112278c,ZRTC20260424025,10,-566.78,-501.58
零售,601488,10021857,12446006,6,HLB-18906d88-532b-11f0-8cdb-0c42a112278c,ZRTC20260424025,10,-566.78,-501.58
零售,601488,10021857,12446006,5,HLB-18906dc5-532b-11f0-8cdb-0c42a112278c,ZRTC20260424025,10,-566.78,-501.58
零售,601488,10021857,12446006,4,HLB-18906dde-532b-11f0-8cdb-0c42a112278c,ZRTC20260424025,10,-566.78,-501.58
零售,601488,10021857,12446006,3,HLB-18906df5-532b-11f0-8cdb-0c42a112278c,ZRTC20260424025,10,-566.78,-501.58
零售,601488,10021857,12446006,2,HLB-18906e4b-532b-11f0-8cdb-0c42a112278c,ZRTC20260424025,10,-566.78,-501.58
零售,601488,10021857,12446006,1,HLB-18906d39-532b-11f0-8cdb-0c42a112278c,ZRTC20260424025,10,-566.78,-501.58
零售,601488,10021857,12437015,1,HLB-97da8477-52f5-11f0-8cdb-0c42a112278c,ZRTC20260424025,10,-566.78,-501.58
零售,601488,10021857,12365149,1,HLB-a017b660-4e64-11f0-8cdb-0c42a112278c,ZRTC20260424025,10,-566.78,-501.58
零售,601488,10021857,12500932,1,HLB-1b5e8441-5615-11f0-8cdb-0c42a112278c,ZRTC20260424025,10,-566.78,-501.58
零售,601488,10021857,12508832,20,HLB-1688d65a-570e-11f0-8cdb-0c42a112278c,ZRTC20260424025,10,-566.78,-501.58
零售,601488,10021857,12508832,19,HLB-1688d773-570e-11f0-8cdb-0c42a112278c,ZRTC20260424025,10,-566.78,-501.58
零售,601488,10021857,12508832,18,HLB-1688d6ac-570e-11f0-8cdb-0c42a112278c,ZRTC20260424025,10,-566.78,-501.58
零售,601488,10021857,12508832,17,HLB-1688d70e-570e-11f0-8cdb-0c42a112278c,ZRTC20260424025,10,-566.78,-501.58
零售,601488,10021857,12508832,16,HLB-1688d786-570e-11f0-8cdb-0c42a112278c,ZRTC20260424025,10,-566.78,-501.58
零售,601488,10021857,12508832,15,HLB-1688d670-570e-11f0-8cdb-0c42a112278c,ZRTC20260424025,10,-566.78,-501.58
零售,601488,10021857,12508832,14,HLB-1688d6e8-570e-11f0-8cdb-0c42a112278c,ZRTC20260424025,10,-566.78,-501.58
零售,601488,10021857,12508832,13,HLB-1688d609-570e-11f0-8cdb-0c42a112278c,ZRTC20260424025,10,-566.78,-501.58
零售,601488,10021857,12508832,12,HLB-1688d6fb-570e-11f0-8cdb-0c42a112278c,ZRTC20260424025,10,-566.78,-501.58
零售,601488,10021857,12508832,11,HLB-1688d6d4-570e-11f0-8cdb-0c42a112278c,ZRTC20260424025,10,-566.78,-501.58
零售,601488,10021857,12508832,10,HLB-1688d75f-570e-11f0-8cdb-0c42a112278c,ZRTC20260424025,10,-566.78,-501.58
零售,601488,10021857,12508832,9,HLB-1688d74c-570e-11f0-8cdb-0c42a112278c,ZRTC20260424025,10,-566.78,-501.58
零售,601488,10021857,12508832,8,HLB-1688d646-570e-11f0-8cdb-0c42a112278c,ZRTC20260424025,10,-566.78,-501.58
零售,601488,10021857,12508832,7,HLB-1688d6bf-570e-11f0-8cdb-0c42a112278c,ZRTC20260424025,10,-566.78,-501.58
零售,601488,10021857,12508832,6,HLB-1688d723-570e-11f0-8cdb-0c42a112278c,ZRTC20260424025,10,-566.78,-501.58
零售,601488,10021857,12508832,5,HLB-1688d739-570e-11f0-8cdb-0c42a112278c,ZRTC20260424025,10,-566.78,-501.58
零售,601488,10021857,12508832,4,HLB-1688d632-570e-11f0-8cdb-0c42a112278c,ZRTC20260424025,10,-566.78,-501.58
零售,601488,10021857,12508832,3,HLB-1688d61c-570e-11f0-8cdb-0c42a112278c,ZRTC20260424025,10,-566.78,-501.58
零售,601488,10021857,12508832,2,HLB-1688d698-570e-11f0-8cdb-0c42a112278c,ZRTC20260424025,10,-566.78,-501.58
零售,601488,10021857,12508832,1,HLB-1688d683-570e-11f0-8cdb-0c42a112278c,ZRTC20260424025,10,-566.78,-501.58
零售,601488,10021857,12440648,1,HLB-a0bcdd89-530b-11f0-8cdb-0c42a112278c,ZRTC20260424025,10,566.78,501.58
零售,601488,10021857,12488299,1,HLB-21bc51e8-556e-11f0-8cdb-0c42a112278c,ZRTC20260424025,10,-566.78,-501.58
零售,601488,10021857,12384611,1,HLB-edef6859-4fc9-11f0-8cdb-0c42a112278c,ZRTC20260424025,10,-566.78,-501.58
零售,601488,10021857,11930784,1,HLB-206a2d12-2ef2-11f0-8cdb-0c42a112278c,ZRTC20260424025,10,-566.78,-501.58
零售,601488,10021857,12508816,20,HLB-14ccfcff-570e-11f0-8cdb-0c42a112278c,ZRTC20260424025,10,-566.78,-501.58
零售,601488,10021857,12508816,19,HLB-14ccfcd8-570e-11f0-8cdb-0c42a112278c,ZRTC20260424025,10,-566.78,-501.58
零售,601488,10021857,12508816,18,HLB-14ccfd88-570e-11f0-8cdb-0c42a112278c,ZRTC20260424025,10,-566.78,-501.58
零售,601488,10021857,12508816,17,HLB-14ccfcc1-570e-11f0-8cdb-0c42a112278c,ZRTC20260424025,10,-566.78,-501.58
零售,601488,10021857,12508816,16,HLB-14ccfdca-570e-11f0-8cdb-0c42a112278c,ZRTC20260424025,10,-566.78,-501.58
零售,601488,10021857,12508816,15,HLB-14ccfc06-570e-11f0-8cdb-0c42a112278c,ZRTC20260424025,10,-566.78,-501.58
零售,601488,10021857,12508816,14,HLB-14ccfc20-570e-11f0-8cdb-0c42a112278c,ZRTC20260424025,10,-566.78,-501.58
零售,601488,10021857,12508816,13,HLB-14ccfc36-570e-11f0-8cdb-0c42a112278c,ZRTC20260424025,10,-566.78,-501.58
零售,601488,10021857,12508816,12,HLB-14ccfc55-570e-11f0-8cdb-0c42a112278c,ZRTC20260424025,10,-566.78,-501.58
零售,601488,10021857,12508816,11,HLB-14ccfd6e-570e-11f0-8cdb-0c42a112278c,ZRTC20260424025,10,-566.78,-501.58
零售,601488,10021857,12508816,10,HLB-14ccfd56-570e-11f0-8cdb-0c42a112278c,ZRTC20260424025,10,-566.78,-501.58
零售,601488,10021857,12508816,9,HLB-14ccfdf3-570e-11f0-8cdb-0c42a112278c,ZRTC20260424025,10,-566.78,-501.58
零售,601488,10021857,12508816,8,HLB-14ccfceb-570e-11f0-8cdb-0c42a112278c,ZRTC20260424025,10,-566.78,-501.58
零售,601488,10021857,12508816,7,HLB-14ccfd9d-570e-11f0-8cdb-0c42a112278c,ZRTC20260424025,10,-566.78,-501.58
零售,601488,10021857,12508816,6,HLB-14ccfdb4-570e-11f0-8cdb-0c42a112278c,ZRTC20260424025,10,-566.78,-501.58
零售,601488,10021857,12508816,5,HLB-14ccfdde-570e-11f0-8cdb-0c42a112278c,ZRTC20260424025,10,-566.78,-501.58
零售,601488,10021857,12508816,4,HLB-14ccfc83-570e-11f0-8cdb-0c42a112278c,ZRTC20260424025,10,-566.78,-501.58
零售,601488,10021857,12508816,3,HLB-14ccfc6c-570e-11f0-8cdb-0c42a112278c,ZRTC20260424025,10,-566.78,-501.58
零售,601488,10021857,12508816,2,HLB-14ccfca0-570e-11f0-8cdb-0c42a112278c,ZRTC20260424025,10,-566.78,-501.58
零售,601488,10021857,12517923,50,HLB-f3008f84-5896-11f0-8cdb-0c42a112278c,ZRTC20260424025,21,282.06,249.61
零售,601488,10021857,12517923,47,HLB-f2e42838-5896-11f0-8cdb-0c42a112278c,ZRTC20260424025,21,282.06,249.61
零售,601488,10021857,12517923,44,HLB-f2e42989-5896-11f0-8cdb-0c42a112278c,ZRTC20260424025,21,282.06,249.61
零售,601488,10021857,12517923,41,HLB-f2e42743-5896-11f0-8cdb-0c42a112278c,ZRTC20260424025,21,282.06,249.61
零售,601488,10021857,12517923,40,HLB-f2e427f6-5896-11f0-8cdb-0c42a112278c,ZRTC20260424025,21,282.06,249.61
零售,601488,10021857,12517923,39,HLB-f300901e-5896-11f0-8cdb-0c42a112278c,ZRTC20260424025,21,282.06,249.61
零售,601488,10021857,12517923,38,HLB-f2e4255e-5896-11f0-8cdb-0c42a112278c,ZRTC20260424025,21,282.06,249.61
零售,601488,10021857,12517923,37,HLB-f3008f5a-5896-11f0-8cdb-0c42a112278c,ZRTC20260424025,21,282.06,249.61
零售,601488,10021857,12517923,35,HLB-f2e42592-5896-11f0-8cdb-0c42a112278c,ZRTC20260424025,21,282.06,249.61
零售,601488,10021857,12517923,34,HLB-f3008ff7-5896-11f0-8cdb-0c42a112278c,ZRTC20260424025,21,282.06,249.61
零售,601488,10021857,12517923,32,HLB-f300906d-5896-11f0-8cdb-0c42a112278c,ZRTC20260424025,21,282.06,249.61
零售,601488,10021857,12517923,30,HLB-f3008fab-5896-11f0-8cdb-0c42a112278c,ZRTC20260424025,21,282.06,249.61
零售,601488,10021857,12517923,29,HLB-f2e426e5-5896-11f0-8cdb-0c42a112278c,ZRTC20260424025,21,282.06,249.61
零售,601488,10021857,12517923,28,HLB-f2e429b6-5896-11f0-8cdb-0c42a112278c,ZRTC20260424025,21,282.06,249.61
零售,601488,10021857,12517923,27,HLB-f3008f33-5896-11f0-8cdb-0c42a112278c,ZRTC20260424025,21,282.06,249.61
零售,601488,10021857,12517923,26,HLB-f2e428f2-5896-11f0-8cdb-0c42a112278c,ZRTC20260424025,21,282.06,249.61
零售,601488,10021857,12517923,24,HLB-f3008f0b-5896-11f0-8cdb-0c42a112278c,ZRTC20260424025,21,282.06,249.61
零售,601488,10021857,12517923,23,HLB-f3009095-5896-11f0-8cdb-0c42a112278c,ZRTC20260424025,21,282.06,249.61
零售,601488,10021857,12517923,20,HLB-f2e429e0-5896-11f0-8cdb-0c42a112278c,ZRTC20260424025,21,282.06,249.61
零售,601488,10021857,12517923,18,HLB-f2e4286c-5896-11f0-8cdb-0c42a112278c,ZRTC20260424025,21,282.06,249.61
零售,601488,10021857,12517923,16,HLB-f2e428c5-5896-11f0-8cdb-0c42a112278c,ZRTC20260424025,21,282.06,249.61
零售,601488,10021857,12517923,15,HLB-f2e425ff-5896-11f0-8cdb-0c42a112278c,ZRTC20260424025,21,282.06,249.61
零售,601488,10021857,12517923,13,HLB-f2e427cb-5896-11f0-8cdb-0c42a112278c,ZRTC20260424025,21,282.06,249.61
零售,601488,10021857,12517923,12,HLB-f2e42712-5896-11f0-8cdb-0c42a112278c,ZRTC20260424025,21,282.06,249.61
零售,601488,10021857,12517923,10,HLB-f2e425c7-5896-11f0-8cdb-0c42a112278c,ZRTC20260424025,21,282.06,249.61
零售,601488,10021857,12517923,8,HLB-f2e42899-5896-11f0-8cdb-0c42a112278c,ZRTC20260424025,21,282.06,249.61
零售,601488,10021857,12517923,3,HLB-f2e42771-5896-11f0-8cdb-0c42a112278c,ZRTC20260424025,21,282.06,249.61
零售,601488,10021857,12508833,60,HLB-16a9c3b0-570e-11f0-8cdb-0c42a112278c,ZRTC20260424025,21,-282.06,-249.61
零售,601488,10021857,12508833,55,HLB-16ca6269-570e-11f0-8cdb-0c42a112278c,ZRTC20260424025,21,-282.06,-249.61
零售,601488,10021857,12508833,52,HLB-16a9c310-570e-11f0-8cdb-0c42a112278c,ZRTC20260424025,21,-282.06,-249.61
零售,601488,10021857,12508833,50,HLB-16ca62b1-570e-11f0-8cdb-0c42a112278c,ZRTC20260424025,21,-282.06,-249.61
零售,601488,10021857,12508833,49,HLB-16a9c273-570e-11f0-8cdb-0c42a112278c,ZRTC20260424025,21,-282.06,-249.61
零售,601488,10021857,12508833,46,HLB-16a9c2b6-570e-11f0-8cdb-0c42a112278c,ZRTC20260424025,21,-282.06,-249.61
零售,601488,10021857,12508833,45,HLB-16a9c399-570e-11f0-8cdb-0c42a112278c,ZRTC20260424025,21,-282.06,-249.61
零售,601488,10021857,12508833,43,HLB-16a9c352-570e-11f0-8cdb-0c42a112278c,ZRTC20260424025,21,-282.06,-249.61
零售,601488,10021857,12508833,39,HLB-16ca62ce-570e-11f0-8cdb-0c42a112278c,ZRTC20260424025,21,-282.06,-249.61
零售,601488,10021857,12508833,37,HLB-16a9c3c4-570e-11f0-8cdb-0c42a112278c,ZRTC20260424025,21,-282.06,-249.61
零售,601488,10021857,12508833,35,HLB-16ca61f7-570e-11f0-8cdb-0c42a112278c,ZRTC20260424025,21,-282.06,-249.61
零售,601488,10021857,12508833,34,HLB-16a9c3db-570e-11f0-8cdb-0c42a112278c,ZRTC20260424025,21,-282.06,-249.61
零售,601488,10021857,12508833,31,HLB-16ca6231-570e-11f0-8cdb-0c42a112278c,ZRTC20260424025,21,-282.06,-249.61
零售,601488,10021857,12508833,30,HLB-16a9c2e3-570e-11f0-8cdb-0c42a112278c,ZRTC20260424025,21,-282.06,-249.61
零售,601488,10021857,12508833,28,HLB-16a9c3ef-570e-11f0-8cdb-0c42a112278c,ZRTC20260424025,21,-282.06,-249.61
零售,601488,10021857,12508833,27,HLB-16ca6214-570e-11f0-8cdb-0c42a112278c,ZRTC20260424025,21,-282.06,-249.61
零售,601488,10021857,12508833,26,HLB-16ca6299-570e-11f0-8cdb-0c42a112278c,ZRTC20260424025,21,-282.06,-249.61
零售,601488,10021857,12508833,25,HLB-16a9c33b-570e-11f0-8cdb-0c42a112278c,ZRTC20260424025,21,-282.06,-249.61
零售,601488,10021857,12508833,23,HLB-16a9c36f-570e-11f0-8cdb-0c42a112278c,ZRTC20260424025,21,-282.06,-249.61
零售,601488,10021857,12508833,18,HLB-16ca624c-570e-11f0-8cdb-0c42a112278c,ZRTC20260424025,21,-282.06,-249.61
零售,601488,10021857,12508833,15,HLB-16a9c325-570e-11f0-8cdb-0c42a112278c,ZRTC20260424025,21,-282.06,-249.61
零售,601488,10021857,12508833,13,HLB-16a9c2fb-570e-11f0-8cdb-0c42a112278c,ZRTC20260424025,21,-282.06,-249.61
零售,601488,10021857,12508833,12,HLB-16ca627f-570e-11f0-8cdb-0c42a112278c,ZRTC20260424025,21,-282.06,-249.61
零售,601488,10021857,12508833,11,HLB-16a9c2a0-570e-11f0-8cdb-0c42a112278c,ZRTC20260424025,21,-282.06,-249.61
零售,601488,10021857,12508833,10,HLB-16a9c2cd-570e-11f0-8cdb-0c42a112278c,ZRTC20260424025,21,-282.06,-249.61
零售,601488,10021857,12508833,9,HLB-16a9c404-570e-11f0-8cdb-0c42a112278c,ZRTC20260424025,21,-282.06,-249.61
零售,601488,10021857,12508833,8,HLB-16a9c385-570e-11f0-8cdb-0c42a112278c,ZRTC20260424025,21,-282.06,-249.61
零售,601488,10021857,12508833,7,HLB-16a9c28b-570e-11f0-8cdb-0c42a112278c,ZRTC20260424025,21,-282.06,-249.61
零售,601488,10021857,12508833,4,HLB-16a9c417-570e-11f0-8cdb-0c42a112278c,ZRTC20260424025,21,-282.06,-249.61
零售,601488,10021857,12508833,3,HLB-16ca61a4-570e-11f0-8cdb-0c42a112278c,ZRTC20260424025,21,-282.06,-249.61
零售,601488,10021857,12581705,20,HLB-ad5be16a-615e-11f0-8cdb-0c42a112278c,ZRTC20260424025,21,-282.06,-249.61
零售,601488,10021857,12581705,17,HLB-ad5be132-615e-11f0-8cdb-0c42a112278c,ZRTC20260424025,21,-282.06,-249.61
零售,601488,10021857,12581705,16,HLB-ad5be18f-615e-11f0-8cdb-0c42a112278c,ZRTC20260424025,21,-282.06,-249.61
零售,601488,10021857,12581705,13,HLB-ad5be0e5-615e-11f0-8cdb-0c42a112278c,ZRTC20260424025,21,-282.06,-249.61
零售,601488,10021857,12581705,9,HLB-ad5be17d-615e-11f0-8cdb-0c42a112278c,ZRTC20260424025,21,-282.06,-249.61
零售,601488,10021857,12581705,7,HLB-ad5be11f-615e-11f0-8cdb-0c42a112278c,ZRTC20260424025,21,-282.06,-249.61
零售,601488,10021857,12581705,6,HLB-ad5be158-615e-11f0-8cdb-0c42a112278c,ZRTC20260424025,21,-282.06,-249.61
零售,601488,10021857,12581705,5,HLB-ad5be10c-615e-11f0-8cdb-0c42a112278c,ZRTC20260424025,21,-282.06,-249.61
零售,601488,10021857,12581705,4,HLB-ad5be145-615e-11f0-8cdb-0c42a112278c,ZRTC20260424025,21,-282.06,-249.61
零售,601488,10021857,12581705,1,HLB-ad5be0f8-615e-11f0-8cdb-0c42a112278c,ZRTC20260424025,21,-282.06,-249.61
零售,601488,10021857,12430186,40,HLB-3454342f-5258-11f0-8cdb-0c42a112278c,ZRTC20260424025,21,-282.06,-249.61
零售,601488,10021857,12508816,1,HLB-14ccfd14-570e-11f0-8cdb-0c42a112278c,ZRTC20260424025,10,-566.78,-501.58
零售,601488,10021857,12544980,1,HLB-fb5cf2a9-5c89-11f0-8cdb-0c42a112278c,ZRTC20260424025,10,-566.78,-501.58
零售,601488,10021857,12437045,1,HLB-ead97acf-52f5-11f0-8cdb-0c42a112278c,ZRTC20260424025,10,-566.78,-501.58
零售,601488,10021857,12510536,1,HLB-fc196adb-5728-11f0-8cdb-0c42a112278c,ZRTC20260424025,10,566.78,501.58
零售,601488,10021857,12451536,1,HLB-7279ed55-53b7-11f0-8cdb-0c42a112278c,ZRTC20260424025,10,-566.78,-501.58
零售,601488,10021857,12500935,1,HLB-43edb31d-5615-11f0-8cdb-0c42a112278c,ZRTC20260424025,10,-566.78,-501.58
零售,601488,10021857,12425149,1,HLB-9906fc06-5236-11f0-8cdb-0c42a112278c,ZRTC20260424025,10,-566.78,-501.58
零售,601488,10021857,12402602,1,HLB-ea6830ae-50bf-11f0-8cdb-0c42a112278c,ZRTC20260424025,9,-425.09,-376.19
零售,601488,10021857,12508829,20,HLB-166532f1-570e-11f0-8cdb-0c42a112278c,ZRTC20260424025,8,-743.82,-658.25
零售,601488,10021857,12508829,19,HLB-166532b1-570e-11f0-8cdb-0c42a112278c,ZRTC20260424025,8,-743.14,-657.65
零售,601488,10021857,12508829,18,HLB-16653297-570e-11f0-8cdb-0c42a112278c,ZRTC20260424025,8,-743.14,-657.65
零售,601488,10021857,12508829,17,HLB-1665318e-570e-11f0-8cdb-0c42a112278c,ZRTC20260424025,8,-743.14,-657.65
零售,601488,10021857,12508829,16,HLB-166531bc-570e-11f0-8cdb-0c42a112278c,ZRTC20260424025,8,-743.14,-657.65
零售,601488,10021857,12508829,15,HLB-16653282-570e-11f0-8cdb-0c42a112278c,ZRTC20260424025,8,-743.14,-657.65
零售,601488,10021857,12508829,14,HLB-16653234-570e-11f0-8cdb-0c42a112278c,ZRTC20260424025,8,-743.14,-657.65
零售,601488,10021857,12508829,13,HLB-166531a8-570e-11f0-8cdb-0c42a112278c,ZRTC20260424025,8,-743.14,-657.65
零售,601488,10021857,12508829,12,HLB-166532c7-570e-11f0-8cdb-0c42a112278c,ZRTC20260424025,8,-743.14,-657.65
零售,601488,10021857,12508829,11,HLB-166531d5-570e-11f0-8cdb-0c42a112278c,ZRTC20260424025,8,-743.14,-657.65
零售,601488,10021857,12508829,10,HLB-16653205-570e-11f0-8cdb-0c42a112278c,ZRTC20260424025,8,-743.14,-657.65
零售,601488,10021857,12508829,9,HLB-1665331a-570e-11f0-8cdb-0c42a112278c,ZRTC20260424025,8,-743.14,-657.65
零售,601488,10021857,12508829,8,HLB-1665332e-570e-11f0-8cdb-0c42a112278c,ZRTC20260424025,8,-743.14,-657.65
零售,601488,10021857,12508829,7,HLB-166532dc-570e-11f0-8cdb-0c42a112278c,ZRTC20260424025,8,-743.14,-657.65
零售,601488,10021857,12508829,5,HLB-16653246-570e-11f0-8cdb-0c42a112278c,ZRTC20260424025,8,-743.14,-657.65
零售,601488,10021857,12508829,4,HLB-1665326e-570e-11f0-8cdb-0c42a112278c,ZRTC20260424025,8,-743.14,-657.65
零售,601488,10021857,12508829,3,HLB-16653306-570e-11f0-8cdb-0c42a112278c,ZRTC20260424025,8,-743.14,-657.65
零售,601488,10021857,12508829,2,HLB-1665321b-570e-11f0-8cdb-0c42a112278c,ZRTC20260424025,8,-743.14,-657.65
零售,601488,10021857,12508829,1,HLB-1665325b-570e-11f0-8cdb-0c42a112278c,ZRTC20260424025,8,-743.14,-657.65
零售,601488,10021857,12543939,20,HLB-0cfe3876-5c75-11f0-8cdb-0c42a112278c,ZRTC20260424025,8,-743.14,-657.65
零售,601488,10021857,12543939,19,HLB-0cfe38b6-5c75-11f0-8cdb-0c42a112278c,ZRTC20260424025,8,-743.14,-657.65
零售,601488,10021857,12543939,18,HLB-0cfe3820-5c75-11f0-8cdb-0c42a112278c,ZRTC20260424025,8,-743.14,-657.65
零售,601488,10021857,12543939,17,HLB-0cfe36f5-5c75-11f0-8cdb-0c42a112278c,ZRTC20260424025,8,-743.14,-657.65
零售,601488,10021857,12543939,16,HLB-0cfe388d-5c75-11f0-8cdb-0c42a112278c,ZRTC20260424025,8,-743.14,-657.65
零售,601488,10021857,12543939,15,HLB-0cfe3837-5c75-11f0-8cdb-0c42a112278c,ZRTC20260424025,8,-743.14,-657.65
零售,601488,10021857,12543939,14,HLB-0cfe391a-5c75-11f0-8cdb-0c42a112278c,ZRTC20260424025,8,-743.14,-657.65
零售,601488,10021857,12543939,13,HLB-0cfe37f5-5c75-11f0-8cdb-0c42a112278c,ZRTC20260424025,8,-743.14,-657.65
零售,601488,10021857,12543939,12,HLB-0cfe38f2-5c75-11f0-8cdb-0c42a112278c,ZRTC20260424025,8,-743.14,-657.65
零售,601488,10021857,12543939,11,HLB-0cfe38cb-5c75-11f0-8cdb-0c42a112278c,ZRTC20260424025,8,-743.14,-657.65
零售,601488,10021857,12543939,10,HLB-0cfe380c-5c75-11f0-8cdb-0c42a112278c,ZRTC20260424025,8,-743.14,-657.65
零售,601488,10021857,12543939,9,HLB-0cfe3860-5c75-11f0-8cdb-0c42a112278c,ZRTC20260424025,8,-743.14,-657.65
零售,601488,10021857,12543939,8,HLB-0cfe3907-5c75-11f0-8cdb-0c42a112278c,ZRTC20260424025,8,-743.14,-657.65
零售,601488,10021857,12543939,7,HLB-0cfe3744-5c75-11f0-8cdb-0c42a112278c,ZRTC20260424025,8,-743.14,-657.65
零售,601488,10021857,12543939,6,HLB-0cfe38a1-5c75-11f0-8cdb-0c42a112278c,ZRTC20260424025,8,-743.14,-657.65
零售,601488,10021857,12543939,5,HLB-0cfe384b-5c75-11f0-8cdb-0c42a112278c,ZRTC20260424025,8,-743.14,-657.65
零售,601488,10021857,12543939,4,HLB-0cfe37df-5c75-11f0-8cdb-0c42a112278c,ZRTC20260424025,8,-743.14,-657.65
零售,601488,10021857,12543939,3,HLB-0cfe38e0-5c75-11f0-8cdb-0c42a112278c,ZRTC20260424025,8,-743.14,-657.65
零售,601488,10021857,12543939,2,HLB-0cfe3941-5c75-11f0-8cdb-0c42a112278c,ZRTC20260424025,8,-743.14,-657.65
零售,601488,10021857,12543939,1,HLB-0cfe392e-5c75-11f0-8cdb-0c42a112278c,ZRTC20260424025,8,-743.14,-657.65
零售,601488,10021857,12508838,10,HLB-172f799f-570e-11f0-8cdb-0c42a112278c,ZRTC20260424025,8,-743.14,-657.65
零售,601488,10021857,12508838,9,HLB-172f7a3e-570e-11f0-8cdb-0c42a112278c,ZRTC20260424025,8,-743.14,-657.65
零售,601488,10021857,12508838,8,HLB-172f7930-570e-11f0-8cdb-0c42a112278c,ZRTC20260424025,8,-743.14,-657.65
零售,601488,10021857,12508838,7,HLB-172f7a25-570e-11f0-8cdb-0c42a112278c,ZRTC20260424025,8,-743.14,-657.65
零售,601488,10021857,12508838,6,HLB-172f79b9-570e-11f0-8cdb-0c42a112278c,ZRTC20260424025,8,-743.14,-657.65
零售,601488,10021857,12508838,5,HLB-172f7a0c-570e-11f0-8cdb-0c42a112278c,ZRTC20260424025,8,-743.14,-657.65
零售,601488,10021857,12508838,4,HLB-172f79d0-570e-11f0-8cdb-0c42a112278c,ZRTC20260424025,8,-743.14,-657.65
零售,601488,10021857,12508838,3,HLB-172f7a71-570e-11f0-8cdb-0c42a112278c,ZRTC20260424025,8,-743.14,-657.65
零售,601488,10021857,12508838,2,HLB-172f79eb-570e-11f0-8cdb-0c42a112278c,ZRTC20260424025,8,-743.14,-657.65
零售,601488,10021857,12508838,1,HLB-172f7984-570e-11f0-8cdb-0c42a112278c,ZRTC20260424025,8,-743.14,-657.65
零售,601488,10021857,12464752,1,HLB-507d4786-5482-11f0-8cdb-0c42a112278c,ZRTC20260424025,8,-743.14,-657.65
零售,601488,10021857,12521724,20,HLB-9ae2b49a-5949-11f0-8cdb-0c42a112278c,ZRTC20260424025,8,-743.14,-657.65
零售,601488,10021857,12521724,19,HLB-9ae2b403-5949-11f0-8cdb-0c42a112278c,ZRTC20260424025,8,-743.14,-657.65
零售,601488,10021857,12521724,18,HLB-9ae2b4e8-5949-11f0-8cdb-0c42a112278c,ZRTC20260424025,8,-743.14,-657.65
零售,601488,10021857,12521724,17,HLB-9ae2b445-5949-11f0-8cdb-0c42a112278c,ZRTC20260424025,8,-743.14,-657.65
零售,601488,10021857,12521724,16,HLB-9ae2b3bc-5949-11f0-8cdb-0c42a112278c,ZRTC20260424025,8,-743.14,-657.65
零售,601488,10021857,12521724,14,HLB-9ae2b419-5949-11f0-8cdb-0c42a112278c,ZRTC20260424025,8,-743.14,-657.65
零售,601488,10021857,12521724,13,HLB-9ae2b46f-5949-11f0-8cdb-0c42a112278c,ZRTC20260424025,8,-743.14,-657.65
零售,601488,10021857,12521724,12,HLB-9ae2b3a1-5949-11f0-8cdb-0c42a112278c,ZRTC20260424025,8,-743.14,-657.65
零售,601488,10021857,12521724,11,HLB-9ae2b4fb-5949-11f0-8cdb-0c42a112278c,ZRTC20260424025,8,-743.14,-657.65
零售,601488,10021857,12508827,81,HLB-16240340-570e-11f0-8cdb-0c42a112278c,ZRTC20260424025,2,-338.62,-299.66
零售,601488,10021857,12508827,80,HLB-162404b9-570e-11f0-8cdb-0c42a112278c,ZRTC20260424025,2,-338.62,-299.66
零售,601488,10021857,12508827,49,HLB-162401e5-570e-11f0-8cdb-0c42a112278c,ZRTC20260424025,2,-338.62,-299.66
零售,601488,10021857,12508827,74,HLB-1624022d-570e-11f0-8cdb-0c42a112278c,ZRTC20260424025,2,-338.62,-299.66
零售,601488,10021857,12508827,73,HLB-16240491-570e-11f0-8cdb-0c42a112278c,ZRTC20260424025,2,-338.62,-299.66
零售,601488,10021857,12508827,72,HLB-162404ce-570e-11f0-8cdb-0c42a112278c,ZRTC20260424025,2,-338.62,-299.66
零售,601488,10021857,12508827,71,HLB-16240243-570e-11f0-8cdb-0c42a112278c,ZRTC20260424025,2,-338.62,-299.66
零售,601488,10021857,12508827,70,HLB-16240359-570e-11f0-8cdb-0c42a112278c,ZRTC20260424025,2,-338.62,-299.66
零售,601488,10021857,12508827,66,HLB-162402c0-570e-11f0-8cdb-0c42a112278c,ZRTC20260424025,2,-338.62,-299.66
零售,601488,10021857,12508827,65,HLB-16240396-570e-11f0-8cdb-0c42a112278c,ZRTC20260424025,2,-338.62,-299.66
零售,601488,10021857,12508827,64,HLB-1624036c-570e-11f0-8cdb-0c42a112278c,ZRTC20260424025,2,-338.62,-299.66
零售,601488,10021857,12508827,63,HLB-16240453-570e-11f0-8cdb-0c42a112278c,ZRTC20260424025,2,-338.62,-299.66
零售,601488,10021857,12508827,61,HLB-16009326-570e-11f0-8cdb-0c42a112278c,ZRTC20260424025,2,-338.62,-299.66
零售,601488,10021857,12508827,60,HLB-16240467-570e-11f0-8cdb-0c42a112278c,ZRTC20260424025,2,-338.62,-299.66
零售,601488,10021857,12508827,58,HLB-162402e8-570e-11f0-8cdb-0c42a112278c,ZRTC20260424025,2,-338.62,-299.66
零售,601488,10021857,12508827,57,HLB-162403aa-570e-11f0-8cdb-0c42a112278c,ZRTC20260424025,2,-338.62,-299.66
零售,601488,10021857,12508827,56,HLB-16240315-570e-11f0-8cdb-0c42a112278c,ZRTC20260424025,2,-338.62,-299.66
零售,601488,10021857,12430186,34,HLB-34543353-5258-11f0-8cdb-0c42a112278c,ZRTC20260424025,21,-282.06,-249.61
零售,601488,10021857,12430186,30,HLB-345433c8-5258-11f0-8cdb-0c42a112278c,ZRTC20260424025,21,-282.06,-249.61
零售,601488,10021857,12430186,25,HLB-34543340-5258-11f0-8cdb-0c42a112278c,ZRTC20260424025,21,-282.06,-249.61
零售,601488,10021857,12430186,24,HLB-345433b5-5258-11f0-8cdb-0c42a112278c,ZRTC20260424025,21,-282.06,-249.61
零售,601488,10021857,12430186,23,HLB-3454337a-5258-11f0-8cdb-0c42a112278c,ZRTC20260424025,21,-282.06,-249.61
零售,601488,10021857,12430186,22,HLB-345433de-5258-11f0-8cdb-0c42a112278c,ZRTC20260424025,21,-282.06,-249.61
零售,601488,10021857,12430186,21,HLB-345433f1-5258-11f0-8cdb-0c42a112278c,ZRTC20260424025,21,-282.06,-249.61
零售,601488,10021857,12430186,20,HLB-34543367-5258-11f0-8cdb-0c42a112278c,ZRTC20260424025,21,-282.06,-249.61
零售,601488,10021857,12430186,19,HLB-345432d5-5258-11f0-8cdb-0c42a112278c,ZRTC20260424025,21,-282.06,-249.61
零售,601488,10021857,12430186,17,HLB-34543328-5258-11f0-8cdb-0c42a112278c,ZRTC20260424025,21,-282.06,-249.61
零售,601488,10021857,12430186,16,HLB-3454338e-5258-11f0-8cdb-0c42a112278c,ZRTC20260424025,21,-282.06,-249.61
零售,601488,10021857,12430186,10,HLB-34543405-5258-11f0-8cdb-0c42a112278c,ZRTC20260424025,21,-282.06,-249.61
零售,601488,10021857,12430186,9,HLB-34543281-5258-11f0-8cdb-0c42a112278c,ZRTC20260424025,21,-282.06,-249.61
零售,601488,10021857,12430186,8,HLB-345432aa-5258-11f0-8cdb-0c42a112278c,ZRTC20260424025,21,-282.06,-249.61
零售,601488,10021857,12430186,7,HLB-34543315-5258-11f0-8cdb-0c42a112278c,ZRTC20260424025,21,-282.06,-249.61
零售,601488,10021857,12430186,5,HLB-345432eb-5258-11f0-8cdb-0c42a112278c,ZRTC20260424025,21,-282.06,-249.61
零售,601488,10021857,12430186,4,HLB-34543267-5258-11f0-8cdb-0c42a112278c,ZRTC20260424025,21,-282.06,-249.61
零售,601488,10021857,12430186,3,HLB-34543301-5258-11f0-8cdb-0c42a112278c,ZRTC20260424025,21,-282.06,-249.61
零售,601488,10021857,12430186,2,HLB-345433a1-5258-11f0-8cdb-0c42a112278c,ZRTC20260424025,21,-282.06,-249.61
零售,601488,10021857,12518910,40,HLB-ee16a2f2-58a4-11f0-8cdb-0c42a112278c,ZRTC20260424025,21,-282.06,-249.61
零售,601488,10021857,12518910,39,HLB-ee16a1c1-58a4-11f0-8cdb-0c42a112278c,ZRTC20260424025,21,-282.06,-249.61
零售,601488,10021857,12518910,35,HLB-ee16a142-58a4-11f0-8cdb-0c42a112278c,ZRTC20260424025,21,-282.06,-249.61
零售,601488,10021857,12518910,32,HLB-ee16a197-58a4-11f0-8cdb-0c42a112278c,ZRTC20260424025,21,-282.06,-249.61
零售,601488,10021857,12521724,10,HLB-9ae2b2f1-5949-11f0-8cdb-0c42a112278c,ZRTC20260424025,8,-743.14,-657.65
零售,601488,10021857,12521724,9,HLB-9ae2b355-5949-11f0-8cdb-0c42a112278c,ZRTC20260424025,8,-743.14,-657.65
零售,601488,10021857,12521724,8,HLB-9ae2b4ae-5949-11f0-8cdb-0c42a112278c,ZRTC20260424025,8,-743.14,-657.65
零售,601488,10021857,12521724,7,HLB-9ae2b388-5949-11f0-8cdb-0c42a112278c,ZRTC20260424025,8,-743.14,-657.65
零售,601488,10021857,12521724,6,HLB-9ae2b486-5949-11f0-8cdb-0c42a112278c,ZRTC20260424025,8,-743.14,-657.65
零售,601488,10021857,12521724,5,HLB-9ae2b50f-5949-11f0-8cdb-0c42a112278c,ZRTC20260424025,8,-743.14,-657.65
零售,601488,10021857,12521724,4,HLB-9ae2b3d5-5949-11f0-8cdb-0c42a112278c,ZRTC20260424025,8,-743.14,-657.65
零售,601488,10021857,12521724,3,HLB-9ae2b42f-5949-11f0-8cdb-0c42a112278c,ZRTC20260424025,8,-743.14,-657.65
零售,601488,10021857,12521724,2,HLB-9ae2b3ee-5949-11f0-8cdb-0c42a112278c,ZRTC20260424025,8,-743.14,-657.65
零售,601488,10021857,12521724,1,HLB-9ae2b45b-5949-11f0-8cdb-0c42a112278c,ZRTC20260424025,8,-743.14,-657.65
零售,601488,10021857,12268713,1,HLB-4ce79ece-4982-11f0-8cdb-0c42a112278c,ZRTC20260424025,8,-743.14,-657.65
零售,601488,10021857,12508830,10,HLB-1665336f-570e-11f0-8cdb-0c42a112278c,ZRTC20260424025,8,-743.14,-657.65
零售,601488,10021857,12508830,9,HLB-166533ad-570e-11f0-8cdb-0c42a112278c,ZRTC20260424025,8,-743.14,-657.65
零售,601488,10021857,12508830,8,HLB-166533c2-570e-11f0-8cdb-0c42a112278c,ZRTC20260424025,8,-743.14,-657.65
零售,601488,10021857,12508830,7,HLB-16653401-570e-11f0-8cdb-0c42a112278c,ZRTC20260424025,8,-743.14,-657.65
零售,601488,10021857,12508830,6,HLB-166533d6-570e-11f0-8cdb-0c42a112278c,ZRTC20260424025,8,-743.14,-657.65
零售,601488,10021857,12508830,5,HLB-16653384-570e-11f0-8cdb-0c42a112278c,ZRTC20260424025,8,-743.14,-657.65
零售,601488,10021857,12508830,4,HLB-16653345-570e-11f0-8cdb-0c42a112278c,ZRTC20260424025,8,-743.14,-657.65
零售,601488,10021857,12508830,3,HLB-166533ea-570e-11f0-8cdb-0c42a112278c,ZRTC20260424025,8,-743.14,-657.65
零售,601488,10021857,12508830,2,HLB-16653398-570e-11f0-8cdb-0c42a112278c,ZRTC20260424025,8,-743.14,-657.65
零售,601488,10021857,12508830,1,HLB-1665335a-570e-11f0-8cdb-0c42a112278c,ZRTC20260424025,8,-743.14,-657.65
零售,601488,10021857,12508828,20,HLB-166530a6-570e-11f0-8cdb-0c42a112278c,ZRTC20260424025,8,-743.14,-657.65
零售,601488,10021857,12508828,19,HLB-164496c5-570e-11f0-8cdb-0c42a112278c,ZRTC20260424025,8,-743.14,-657.65
零售,601488,10021857,12508828,18,HLB-166530dd-570e-11f0-8cdb-0c42a112278c,ZRTC20260424025,8,-743.14,-657.65
零售,601488,10021857,12508828,17,HLB-1665305d-570e-11f0-8cdb-0c42a112278c,ZRTC20260424025,8,-743.14,-657.65
零售,601488,10021857,12508828,16,HLB-16653149-570e-11f0-8cdb-0c42a112278c,ZRTC20260424025,8,-743.14,-657.65
零售,601488,10021857,12508828,15,HLB-1665312e-570e-11f0-8cdb-0c42a112278c,ZRTC20260424025,8,-743.14,-657.65
零售,601488,10021857,12508828,14,HLB-164496f0-570e-11f0-8cdb-0c42a112278c,ZRTC20260424025,8,-743.14,-657.65
零售,601488,10021857,12508828,13,HLB-16449719-570e-11f0-8cdb-0c42a112278c,ZRTC20260424025,8,-743.14,-657.65
零售,601488,10021857,12508828,12,HLB-164496da-570e-11f0-8cdb-0c42a112278c,ZRTC20260424025,8,-743.14,-657.65
零售,601488,10021857,12508828,11,HLB-164496b1-570e-11f0-8cdb-0c42a112278c,ZRTC20260424025,8,-743.14,-657.65
零售,601488,10021857,12508828,10,HLB-16653112-570e-11f0-8cdb-0c42a112278c,ZRTC20260424025,8,-743.14,-657.65
零售,601488,10021857,12508828,9,HLB-16449705-570e-11f0-8cdb-0c42a112278c,ZRTC20260424025,8,-743.14,-657.65
零售,601488,10021857,12508828,8,HLB-1644972e-570e-11f0-8cdb-0c42a112278c,ZRTC20260424025,8,-743.14,-657.65
零售,601488,10021857,12508828,7,HLB-166530c1-570e-11f0-8cdb-0c42a112278c,ZRTC20260424025,8,-743.14,-657.65
零售,601488,10021857,12508828,6,HLB-166530fa-570e-11f0-8cdb-0c42a112278c,ZRTC20260424025,8,-743.14,-657.65
零售,601488,10021857,12508828,5,HLB-16449759-570e-11f0-8cdb-0c42a112278c,ZRTC20260424025,8,-743.14,-657.65
零售,601488,10021857,12508828,4,HLB-1644976d-570e-11f0-8cdb-0c42a112278c,ZRTC20260424025,8,-743.14,-657.65
零售,601488,10021857,12508828,3,HLB-16449744-570e-11f0-8cdb-0c42a112278c,ZRTC20260424025,8,-743.14,-657.65
零售,601488,10021857,12508828,2,HLB-16653179-570e-11f0-8cdb-0c42a112278c,ZRTC20260424025,8,-743.14,-657.65
零售,601488,10021857,12508828,1,HLB-1665315e-570e-11f0-8cdb-0c42a112278c,ZRTC20260424025,8,-743.14,-657.65
零售,601488,10021857,12508829,6,HLB-166531ec-570e-11f0-8cdb-0c42a112278c,ZRTC20260424025,7,-743.11,-657.62
零售,601488,10021857,12521724,15,HLB-9ae2b371-5949-11f0-8cdb-0c42a112278c,ZRTC20260424025,7,-743.11,-657.62
零售,601488,10021857,12511212,1,HLB-37e41359-57ac-11f0-8cdb-0c42a112278c,ZRTC20260424025,6,-255.06,-225.72
零售,601488,10021857,12437646,1,HLB-7f0bde4e-52fa-11f0-8cdb-0c42a112278c,ZRTC20260424025,6,-255.05,-225.71
零售,601488,10021857,12506048,1,HLB-db6e9139-56dd-11f0-8cdb-0c42a112278c,ZRTC20260424025,6,-255.05,-225.71
零售,601488,10021857,12506042,1,HLB-89602fcd-56dd-11f0-8cdb-0c42a112278c,ZRTC20260424025,6,-255.05,-225.71
零售,601488,10021857,12287990,15,HLB-7fe936ee-4a68-11f0-8cdb-0c42a112278c,ZRTC20260424025,5,-477.37,-422.45
零售,601488,10021857,12287987,9,HLB-7fc89228-4a68-11f0-8cdb-0c42a112278c,ZRTC20260424025,5,-477.32,-422.41
零售,601488,10021857,12506579,4,HLB-ab94d31f-56e9-11f0-8cdb-0c42a112278c,ZRTC20260424025,5,-477.32,-422.41
零售,601488,10021857,12506580,30,HLB-ab94d5c6-56e9-11f0-8cdb-0c42a112278c,ZRTC20260424025,5,-477.32,-422.41
零售,601488,10021857,12287989,9,HLB-7fe934f3-4a68-11f0-8cdb-0c42a112278c,ZRTC20260424025,5,-477.32,-422.41
零售,601488,10021857,12377688,18,HLB-ecec235c-4f2f-11f0-8cdb-0c42a112278c,ZRTC20260424025,5,-477.32,-422.41
零售,601488,10021857,12506578,32,HLB-ab6f7679-56e9-11f0-8cdb-0c42a112278c,ZRTC20260424025,5,-477.32,-422.41
零售,601488,10021857,12287986,12,HLB-7fc88f52-4a68-11f0-8cdb-0c42a112278c,ZRTC20260424025,5,-477.32,-422.41
零售,601488,10021857,12287988,9,HLB-7fc893b1-4a68-11f0-8cdb-0c42a112278c,ZRTC20260424025,5,-477.32,-422.41
零售,601488,10021857,12377686,1,HLB-ecc7bcd1-4f2f-11f0-8cdb-0c42a112278c,ZRTC20260424025,5,-477.32,-422.41
零售,601488,10021857,12506577,12,HLB-ab4d0b49-56e9-11f0-8cdb-0c42a112278c,ZRTC20260424025,5,-477.32,-422.41
零售,601488,10021857,12287990,20,HLB-7fe9364e-4a68-11f0-8cdb-0c42a112278c,ZRTC20260424025,4,-478.47,-423.42
零售,601488,10021857,12287990,19,HLB-7fe935ad-4a68-11f0-8cdb-0c42a112278c,ZRTC20260424025,4,-477.32,-422.41
零售,601488,10021857,12287990,18,HLB-7fe935ec-4a68-11f0-8cdb-0c42a112278c,ZRTC20260424025,4,-477.32,-422.41
零售,601488,10021857,12287990,17,HLB-7fe935ff-4a68-11f0-8cdb-0c42a112278c,ZRTC20260424025,4,-477.32,-422.41
零售,601488,10021857,12287990,16,HLB-7fe93676-4a68-11f0-8cdb-0c42a112278c,ZRTC20260424025,4,-477.32,-422.41
零售,601488,10021857,12287990,14,HLB-7fe93627-4a68-11f0-8cdb-0c42a112278c,ZRTC20260424025,4,-477.32,-422.41
零售,601488,10021857,12287990,13,HLB-7fe936da-4a68-11f0-8cdb-0c42a112278c,ZRTC20260424025,4,-477.32,-422.41
零售,601488,10021857,12287990,12,HLB-7fe936b2-4a68-11f0-8cdb-0c42a112278c,ZRTC20260424025,4,-477.32,-422.41
零售,601488,10021857,12287990,11,HLB-7fe93612-4a68-11f0-8cdb-0c42a112278c,ZRTC20260424025,4,-477.32,-422.41
零售,601488,10021857,12287990,10,HLB-7fe93585-4a68-11f0-8cdb-0c42a112278c,ZRTC20260424025,4,-477.32,-422.41
零售,601488,10021857,12287990,9,HLB-7fe935d6-4a68-11f0-8cdb-0c42a112278c,ZRTC20260424025,4,-477.32,-422.41
零售,601488,10021857,12287990,8,HLB-7fe9369f-4a68-11f0-8cdb-0c42a112278c,ZRTC20260424025,4,-477.32,-422.41
零售,601488,10021857,12287990,7,HLB-7fe9363b-4a68-11f0-8cdb-0c42a112278c,ZRTC20260424025,4,-477.32,-422.41
零售,601488,10021857,12287990,6,HLB-7fe9368a-4a68-11f0-8cdb-0c42a112278c,ZRTC20260424025,4,-477.32,-422.41
零售,601488,10021857,12287990,5,HLB-7fe935c1-4a68-11f0-8cdb-0c42a112278c,ZRTC20260424025,4,-477.32,-422.41
零售,601488,10021857,12287990,4,HLB-7fe936c7-4a68-11f0-8cdb-0c42a112278c,ZRTC20260424025,4,-477.32,-422.41
零售,601488,10021857,12508824,40,HLB-15dfd92d-570e-11f0-8cdb-0c42a112278c,ZRTC20260424025,4,-477.32,-422.41
零售,601488,10021857,12287990,3,HLB-7fe93700-4a68-11f0-8cdb-0c42a112278c,ZRTC20260424025,4,-477.32,-422.41
零售,601488,10021857,12287990,2,HLB-7fe93598-4a68-11f0-8cdb-0c42a112278c,ZRTC20260424025,4,-477.32,-422.41
零售,601488,10021857,12287990,1,HLB-7fe93662-4a68-11f0-8cdb-0c42a112278c,ZRTC20260424025,4,-477.32,-422.41
零售,601488,10021857,12377690,10,HLB-ecec2686-4f2f-11f0-8cdb-0c42a112278c,ZRTC20260424025,4,-477.32,-422.41
零售,601488,10021857,12377690,9,HLB-ecec262e-4f2f-11f0-8cdb-0c42a112278c,ZRTC20260424025,4,-477.32,-422.41
零售,601488,10021857,12377690,8,HLB-ecec265a-4f2f-11f0-8cdb-0c42a112278c,ZRTC20260424025,4,-477.32,-422.41
零售,601488,10021857,12377690,7,HLB-ecec2670-4f2f-11f0-8cdb-0c42a112278c,ZRTC20260424025,4,-477.32,-422.41
零售,601488,10021857,12377690,6,HLB-ecec25de-4f2f-11f0-8cdb-0c42a112278c,ZRTC20260424025,4,-477.32,-422.41
零售,601488,10021857,12377690,5,HLB-ecec25f2-4f2f-11f0-8cdb-0c42a112278c,ZRTC20260424025,4,-477.32,-422.41
零售,601488,10021857,12377690,4,HLB-ecec261a-4f2f-11f0-8cdb-0c42a112278c,ZRTC20260424025,4,-477.32,-422.41
零售,601488,10021857,12377690,3,HLB-ecec2607-4f2f-11f0-8cdb-0c42a112278c,ZRTC20260424025,4,-477.32,-422.41
零售,601488,10021857,12377690,2,HLB-ecec25ca-4f2f-11f0-8cdb-0c42a112278c,ZRTC20260424025,4,-477.32,-422.41
零售,601488,10021857,12377690,1,HLB-ecec2644-4f2f-11f0-8cdb-0c42a112278c,ZRTC20260424025,4,-477.32,-422.41
零售,601488,10021857,12506583,20,HLB-abfc03de-56e9-11f0-8cdb-0c42a112278c,ZRTC20260424025,4,-477.32,-422.41
零售,601488,10021857,12506583,19,HLB-abfc0446-56e9-11f0-8cdb-0c42a112278c,ZRTC20260424025,4,-477.32,-422.41
零售,601488,10021857,12506583,14,HLB-abfc0419-56e9-11f0-8cdb-0c42a112278c,ZRTC20260424025,4,-477.32,-422.41
零售,601488,10021857,12506583,13,HLB-abfc042d-56e9-11f0-8cdb-0c42a112278c,ZRTC20260424025,4,-477.32,-422.41
零售,601488,10021857,12506583,11,HLB-abfc045a-56e9-11f0-8cdb-0c42a112278c,ZRTC20260424025,4,-477.32,-422.41
零售,601488,10021857,12506583,10,HLB-abfc03f1-56e9-11f0-8cdb-0c42a112278c,ZRTC20260424025,4,-477.32,-422.41
零售,601488,10021857,12506583,9,HLB-abfc03c9-56e9-11f0-8cdb-0c42a112278c,ZRTC20260424025,4,-477.32,-422.41
零售,601488,10021857,12506583,7,HLB-abfc0406-56e9-11f0-8cdb-0c42a112278c,ZRTC20260424025,4,-477.32,-422.41
零售,601488,10021857,12506583,5,HLB-abfc0483-56e9-11f0-8cdb-0c42a112278c,ZRTC20260424025,4,-477.32,-422.41
零售,601488,10021857,12506583,3,HLB-abfc0470-56e9-11f0-8cdb-0c42a112278c,ZRTC20260424025,4,-477.32,-422.41
零售,601488,10021857,12508836,57,HLB-170d9ad3-570e-11f0-8cdb-0c42a112278c,ZRTC20260424025,20,-281.3,-248.94
零售,601488,10021857,12508836,55,HLB-170d9c93-570e-11f0-8cdb-0c42a112278c,ZRTC20260424025,20,-281.3,-248.94
零售,601488,10021857,12508836,50,HLB-170d9be2-570e-11f0-8cdb-0c42a112278c,ZRTC20260424025,20,-281.3,-248.94
零售,601488,10021857,12508836,48,HLB-170d9d2b-570e-11f0-8cdb-0c42a112278c,ZRTC20260424025,20,-281.3,-248.94
零售,601488,10021857,12508836,46,HLB-170d9c40-570e-11f0-8cdb-0c42a112278c,ZRTC20260424025,20,-281.3,-248.94
零售,601488,10021857,12508836,44,HLB-170d9b10-570e-11f0-8cdb-0c42a112278c,ZRTC20260424025,20,-281.3,-248.94
零售,601488,10021857,12508836,42,HLB-170d9c0f-570e-11f0-8cdb-0c42a112278c,ZRTC20260424025,20,-281.3,-248.94
零售,601488,10021857,12508836,39,HLB-170d9a6a-570e-11f0-8cdb-0c42a112278c,ZRTC20260424025,20,-281.3,-248.94
零售,601488,10021857,12508836,38,HLB-170d9bcc-570e-11f0-8cdb-0c42a112278c,ZRTC20260424025,20,-281.3,-248.94
零售,601488,10021857,12508836,36,HLB-170d9ca7-570e-11f0-8cdb-0c42a112278c,ZRTC20260424025,20,-281.3,-248.94
零售,601488,10021857,12508836,35,HLB-170d9af1-570e-11f0-8cdb-0c42a112278c,ZRTC20260424025,20,-281.3,-248.94
零售,601488,10021857,12508836,33,HLB-170d9c6b-570e-11f0-8cdb-0c42a112278c,ZRTC20260424025,20,-281.3,-248.94
零售,601488,10021857,12508836,32,HLB-170d9cff-570e-11f0-8cdb-0c42a112278c,ZRTC20260424025,20,-281.3,-248.94
零售,601488,10021857,12508836,30,HLB-170d9ab7-570e-11f0-8cdb-0c42a112278c,ZRTC20260424025,20,-281.3,-248.94
零售,601488,10021857,12508836,29,HLB-170d9cd1-570e-11f0-8cdb-0c42a112278c,ZRTC20260424025,20,-281.3,-248.94
零售,601488,10021857,12508836,28,HLB-170d9b90-570e-11f0-8cdb-0c42a112278c,ZRTC20260424025,20,-281.3,-248.94
零售,601488,10021857,12508836,27,HLB-170d9ce7-570e-11f0-8cdb-0c42a112278c,ZRTC20260424025,20,-281.3,-248.94
零售,601488,10021857,12508836,26,HLB-170d9ba4-570e-11f0-8cdb-0c42a112278c,ZRTC20260424025,20,-281.3,-248.94
零售,601488,10021857,12508836,24,HLB-170d9bba-570e-11f0-8cdb-0c42a112278c,ZRTC20260424025,20,-281.3,-248.94
零售,601488,10021857,12508836,23,HLB-170d9d17-570e-11f0-8cdb-0c42a112278c,ZRTC20260424025,20,-281.3,-248.94
零售,601488,10021857,12508836,22,HLB-170d9b61-570e-11f0-8cdb-0c42a112278c,ZRTC20260424025,20,-281.3,-248.94
零售,601488,10021857,12508836,21,HLB-170d9bf9-570e-11f0-8cdb-0c42a112278c,ZRTC20260424025,20,-281.3,-248.94
零售,601488,10021857,12508836,20,HLB-170d9c54-570e-11f0-8cdb-0c42a112278c,ZRTC20260424025,20,-281.3,-248.94
零售,601488,10021857,12508836,17,HLB-170d9b27-570e-11f0-8cdb-0c42a112278c,ZRTC20260424025,20,-281.3,-248.94
零售,601488,10021857,12508836,16,HLB-170d9d44-570e-11f0-8cdb-0c42a112278c,ZRTC20260424025,20,-281.3,-248.94
零售,601488,10021857,12508836,9,HLB-170d9b45-570e-11f0-8cdb-0c42a112278c,ZRTC20260424025,20,-281.3,-248.94
零售,601488,10021857,12508836,8,HLB-170d9c29-570e-11f0-8cdb-0c42a112278c,ZRTC20260424025,20,-281.3,-248.94
零售,601488,10021857,12508836,6,HLB-170d9cbb-570e-11f0-8cdb-0c42a112278c,ZRTC20260424025,20,-281.3,-248.94
零售,601488,10021857,12508836,3,HLB-170d9c7f-570e-11f0-8cdb-0c42a112278c,ZRTC20260424025,20,-281.3,-248.94
零售,601488,10021857,12508836,1,HLB-170d9b78-570e-11f0-8cdb-0c42a112278c,ZRTC20260424025,20,-281.3,-248.94
零售,601488,10021857,12549578,13,HLB-316cfe3d-5d4a-11f0-8cdb-0c42a112278c,ZRTC20260424025,12,-400.26,-354.21
零售,601488,10021857,12549578,9,HLB-316cfe66-5d4a-11f0-8cdb-0c42a112278c,ZRTC20260424025,12,-400.26,-354.21
零售,601488,10021857,12549578,6,HLB-316cfd2d-5d4a-11f0-8cdb-0c42a112278c,ZRTC20260424025,12,-400.26,-354.21
零售,601488,10021857,12549578,3,HLB-316cfdab-5d4a-11f0-8cdb-0c42a112278c,ZRTC20260424025,12,-400.26,-354.21
零售,601488,10021857,12549578,2,HLB-316cff05-5d4a-11f0-8cdb-0c42a112278c,ZRTC20260424025,12,-400.26,-354.21
零售,601488,10021857,12516721,40,HLB-29d29cbf-5880-11f0-8cdb-0c42a112278c,ZRTC20260424025,12,-400.26,-354.21
零售,601488,10021857,12516721,39,HLB-29d29e46-5880-11f0-8cdb-0c42a112278c,ZRTC20260424025,12,-400.26,-354.21
零售,601488,10021857,12516721,38,HLB-29d29e1a-5880-11f0-8cdb-0c42a112278c,ZRTC20260424025,12,-400.26,-354.21
零售,601488,10021857,12516721,37,HLB-29d29d9c-5880-11f0-8cdb-0c42a112278c,ZRTC20260424025,12,-400.26,-354.21
零售,601488,10021857,12516721,35,HLB-29d29f89-5880-11f0-8cdb-0c42a112278c,ZRTC20260424025,12,-400.26,-354.21
零售,601488,10021857,12516721,30,HLB-29d29e97-5880-11f0-8cdb-0c42a112278c,ZRTC20260424025,12,-400.26,-354.21
零售,601488,10021857,12516721,23,HLB-29d29f37-5880-11f0-8cdb-0c42a112278c,ZRTC20260424025,12,-400.26,-354.21
零售,601488,10021857,12516721,22,HLB-29d29dc8-5880-11f0-8cdb-0c42a112278c,ZRTC20260424025,12,-400.26,-354.21
零售,601488,10021857,12516721,21,HLB-29d29fb0-5880-11f0-8cdb-0c42a112278c,ZRTC20260424025,12,-400.26,-354.21
零售,601488,10021857,12516721,19,HLB-29d29df2-5880-11f0-8cdb-0c42a112278c,ZRTC20260424025,12,-400.26,-354.21
零售,601488,10021857,12516721,17,HLB-29d29d16-5880-11f0-8cdb-0c42a112278c,ZRTC20260424025,12,-400.26,-354.21
零售,601488,10021857,12516721,16,HLB-29d29f5f-5880-11f0-8cdb-0c42a112278c,ZRTC20260424025,12,-400.26,-354.21
零售,601488,10021857,12516721,14,HLB-29d29fd9-5880-11f0-8cdb-0c42a112278c,ZRTC20260424025,12,-400.26,-354.21
零售,601488,10021857,12516721,10,HLB-29d29d6a-5880-11f0-8cdb-0c42a112278c,ZRTC20260424025,12,-400.26,-354.21
零售,601488,10021857,12516721,9,HLB-29d29f11-5880-11f0-8cdb-0c42a112278c,ZRTC20260424025,12,-400.26,-354.21
零售,601488,10021857,12516721,7,HLB-29d29cea-5880-11f0-8cdb-0c42a112278c,ZRTC20260424025,12,-400.26,-354.21
零售,601488,10021857,12516721,5,HLB-29d29ee8-5880-11f0-8cdb-0c42a112278c,ZRTC20260424025,12,-400.26,-354.21
零售,601488,10021857,12516721,4,HLB-29d29e6f-5880-11f0-8cdb-0c42a112278c,ZRTC20260424025,12,-400.26,-354.21
零售,601488,10021857,12516721,3,HLB-29d29d41-5880-11f0-8cdb-0c42a112278c,ZRTC20260424025,12,-400.26,-354.21
零售,601488,10021857,12516721,2,HLB-29d29ec0-5880-11f0-8cdb-0c42a112278c,ZRTC20260424025,12,-400.26,-354.21
零售,601488,10021857,12508835,39,HLB-16ca6596-570e-11f0-8cdb-0c42a112278c,ZRTC20260424025,12,-400.26,-354.21
零售,601488,10021857,12508835,35,HLB-16ca65ae-570e-11f0-8cdb-0c42a112278c,ZRTC20260424025,12,-400.26,-354.21
零售,601488,10021857,12508835,31,HLB-16ca65c4-570e-11f0-8cdb-0c42a112278c,ZRTC20260424025,12,-400.26,-354.21
零售,601488,10021857,12508835,29,HLB-16ca661c-570e-11f0-8cdb-0c42a112278c,ZRTC20260424025,12,-400.26,-354.21
零售,601488,10021857,12508835,28,HLB-16ca64e4-570e-11f0-8cdb-0c42a112278c,ZRTC20260424025,12,-400.26,-354.21
零售,601488,10021857,12508835,26,HLB-16ca64f9-570e-11f0-8cdb-0c42a112278c,ZRTC20260424025,12,-400.26,-354.21
零售,601488,10021857,12508835,25,HLB-16ca6676-570e-11f0-8cdb-0c42a112278c,ZRTC20260424025,12,-400.26,-354.21
零售,601488,10021857,12508835,22,HLB-16ca6609-570e-11f0-8cdb-0c42a112278c,ZRTC20260424025,12,-400.26,-354.21
零售,601488,10021857,12508835,19,HLB-16ca668a-570e-11f0-8cdb-0c42a112278c,ZRTC20260424025,12,-400.26,-354.21
零售,601488,10021857,12508835,18,HLB-16ca6633-570e-11f0-8cdb-0c42a112278c,ZRTC20260424025,12,-400.26,-354.21
零售,601488,10021857,12508835,17,HLB-16ca6663-570e-11f0-8cdb-0c42a112278c,ZRTC20260424025,12,-400.26,-354.21
零售,601488,10021857,12508835,16,HLB-16ca656b-570e-11f0-8cdb-0c42a112278c,ZRTC20260424025,12,-400.26,-354.21
零售,601488,10021857,12508835,14,HLB-16ca6558-570e-11f0-8cdb-0c42a112278c,ZRTC20260424025,12,-400.26,-354.21
零售,601488,10021857,12508835,11,HLB-16ca664b-570e-11f0-8cdb-0c42a112278c,ZRTC20260424025,12,-400.26,-354.21
零售,601488,10021857,12508835,10,HLB-16ca65db-570e-11f0-8cdb-0c42a112278c,ZRTC20260424025,12,-400.26,-354.21
零售,601488,10021857,12508835,8,HLB-16ca65f5-570e-11f0-8cdb-0c42a112278c,ZRTC20260424025,12,-400.26,-354.21
零售,601488,10021857,12508835,6,HLB-16ca6580-570e-11f0-8cdb-0c42a112278c,ZRTC20260424025,12,-400.26,-354.21
零售,601488,10021857,12287988,19,HLB-7fe933b9-4a68-11f0-8cdb-0c42a112278c,ZRTC20260424025,4,-477.32,-422.41
零售,601488,10021857,12287988,14,HLB-7fc8934d-4a68-11f0-8cdb-0c42a112278c,ZRTC20260424025,4,-477.32,-422.41
零售,601488,10021857,12287988,13,HLB-7fc8938b-4a68-11f0-8cdb-0c42a112278c,ZRTC20260424025,4,-477.32,-422.41
零售,601488,10021857,12287988,12,HLB-7fc892f9-4a68-11f0-8cdb-0c42a112278c,ZRTC20260424025,4,-477.32,-422.41
零售,601488,10021857,12287988,11,HLB-7fe93314-4a68-11f0-8cdb-0c42a112278c,ZRTC20260424025,4,-477.32,-422.41
零售,601488,10021857,12287988,10,HLB-7fe933a3-4a68-11f0-8cdb-0c42a112278c,ZRTC20260424025,4,-477.32,-422.41
零售,601488,10021857,12287988,8,HLB-7fc8930e-4a68-11f0-8cdb-0c42a112278c,ZRTC20260424025,4,-477.32,-422.41
零售,601488,10021857,12287988,7,HLB-7fe932d9-4a68-11f0-8cdb-0c42a112278c,ZRTC20260424025,4,-477.32,-422.41
零售,601488,10021857,12287988,6,HLB-7fc89322-4a68-11f0-8cdb-0c42a112278c,ZRTC20260424025,4,-477.32,-422.41
零售,601488,10021857,12287988,5,HLB-7fe93332-4a68-11f0-8cdb-0c42a112278c,ZRTC20260424025,4,-477.32,-422.41
零售,601488,10021857,12287988,4,HLB-7fc8939e-4a68-11f0-8cdb-0c42a112278c,ZRTC20260424025,4,-477.32,-422.41
零售,601488,10021857,12287988,3,HLB-7fe9338d-4a68-11f0-8cdb-0c42a112278c,ZRTC20260424025,4,-477.32,-422.41
零售,601488,10021857,12287988,2,HLB-7fe93279-4a68-11f0-8cdb-0c42a112278c,ZRTC20260424025,4,-477.32,-422.41
零售,601488,10021857,12287988,1,HLB-7fc89338-4a68-11f0-8cdb-0c42a112278c,ZRTC20260424025,4,-477.32,-422.41
零售,601488,10021857,12518909,40,HLB-edfbe720-58a4-11f0-8cdb-0c42a112278c,ZRTC20260424025,4,-477.32,-422.41
零售,601488,10021857,12518909,39,HLB-edfbe788-58a4-11f0-8cdb-0c42a112278c,ZRTC20260424025,4,-477.32,-422.41
零售,601488,10021857,12518909,38,HLB-edfbe704-58a4-11f0-8cdb-0c42a112278c,ZRTC20260424025,4,-477.32,-422.41
零售,601488,10021857,12518909,34,HLB-edfbe6b4-58a4-11f0-8cdb-0c42a112278c,ZRTC20260424025,4,-477.32,-422.41
零售,601488,10021857,12518909,31,HLB-edfbe7cd-58a4-11f0-8cdb-0c42a112278c,ZRTC20260424025,4,-477.32,-422.41
零售,601488,10021857,12518909,28,HLB-edfbe756-58a4-11f0-8cdb-0c42a112278c,ZRTC20260424025,4,-477.32,-422.41
零售,601488,10021857,12518909,27,HLB-edfbe6e8-58a4-11f0-8cdb-0c42a112278c,ZRTC20260424025,4,-477.32,-422.41
零售,601488,10021857,12518909,24,HLB-edfbe623-58a4-11f0-8cdb-0c42a112278c,ZRTC20260424025,4,-477.32,-422.41
零售,601488,10021857,12518909,23,HLB-edfbe69a-58a4-11f0-8cdb-0c42a112278c,ZRTC20260424025,4,-477.32,-422.41
零售,601488,10021857,12287988,18,HLB-7fe93370-4a68-11f0-8cdb-0c42a112278c,ZRTC20260424025,4,-477.32,-422.41
零售,601488,10021857,12287988,17,HLB-7fc89376-4a68-11f0-8cdb-0c42a112278c,ZRTC20260424025,4,-477.32,-422.41
零售,601488,10021857,12287988,16,HLB-7fc89360-4a68-11f0-8cdb-0c42a112278c,ZRTC20260424025,4,-477.32,-422.41
零售,601488,10021857,12287988,15,HLB-7fe932f5-4a68-11f0-8cdb-0c42a112278c,ZRTC20260424025,4,-477.32,-422.41
零售,601488,10021857,12518910,31,HLB-ee16a1d6-58a4-11f0-8cdb-0c42a112278c,ZRTC20260424025,21,-282.06,-249.61
零售,601488,10021857,12518910,15,HLB-ee16a1fd-58a4-11f0-8cdb-0c42a112278c,ZRTC20260424025,21,-282.06,-249.61
零售,601488,10021857,12518910,12,HLB-ee16a182-58a4-11f0-8cdb-0c42a112278c,ZRTC20260424025,21,-282.06,-249.61
零售,601488,10021857,12518910,11,HLB-ee16a227-58a4-11f0-8cdb-0c42a112278c,ZRTC20260424025,21,-282.06,-249.61
零售,601488,10021857,12518910,9,HLB-ee16a210-58a4-11f0-8cdb-0c42a112278c,ZRTC20260424025,21,-282.06,-249.61
零售,601488,10021857,12518910,6,HLB-ee16a2ca-58a4-11f0-8cdb-0c42a112278c,ZRTC20260424025,21,-282.06,-249.61
零售,601488,10021857,12518910,5,HLB-ee16a1ae-58a4-11f0-8cdb-0c42a112278c,ZRTC20260424025,21,-282.06,-249.61
零售,601488,10021857,12518910,3,HLB-ee16a28c-58a4-11f0-8cdb-0c42a112278c,ZRTC20260424025,21,-282.06,-249.61
零售,601488,10021857,12508839,60,HLB-1750412e-570e-11f0-8cdb-0c42a112278c,ZRTC20260424025,21,-282.06,-249.61
零售,601488,10021857,12508839,59,HLB-17504051-570e-11f0-8cdb-0c42a112278c,ZRTC20260424025,21,-282.06,-249.61
零售,601488,10021857,12508839,58,HLB-172f7de6-570e-11f0-8cdb-0c42a112278c,ZRTC20260424025,21,-282.06,-249.61
零售,601488,10021857,12508839,56,HLB-17504089-570e-11f0-8cdb-0c42a112278c,ZRTC20260424025,21,-282.06,-249.61
零售,601488,10021857,12508839,55,HLB-17504145-570e-11f0-8cdb-0c42a112278c,ZRTC20260424025,21,-282.06,-249.61
零售,601488,10021857,12508839,50,HLB-175040a1-570e-11f0-8cdb-0c42a112278c,ZRTC20260424025,21,-282.06,-249.61
零售,601488,10021857,12508839,47,HLB-175040bc-570e-11f0-8cdb-0c42a112278c,ZRTC20260424025,21,-282.06,-249.61
零售,601488,10021857,12508839,43,HLB-17504159-570e-11f0-8cdb-0c42a112278c,ZRTC20260424025,21,-282.06,-249.61
零售,601488,10021857,12508839,42,HLB-172f7d6e-570e-11f0-8cdb-0c42a112278c,ZRTC20260424025,21,-282.06,-249.61
零售,601488,10021857,12508839,41,HLB-172f7dac-570e-11f0-8cdb-0c42a112278c,ZRTC20260424025,21,-282.06,-249.61
零售,601488,10021857,12508839,39,HLB-17504172-570e-11f0-8cdb-0c42a112278c,ZRTC20260424025,21,-282.06,-249.61
零售,601488,10021857,12508839,38,HLB-175041a3-570e-11f0-8cdb-0c42a112278c,ZRTC20260424025,21,-282.06,-249.61
零售,601488,10021857,12508839,34,HLB-1750401b-570e-11f0-8cdb-0c42a112278c,ZRTC20260424025,21,-282.06,-249.61
零售,601488,10021857,12508839,30,HLB-172f7d97-570e-11f0-8cdb-0c42a112278c,ZRTC20260424025,21,-282.06,-249.61
零售,601488,10021857,12508839,28,HLB-172f7e0d-570e-11f0-8cdb-0c42a112278c,ZRTC20260424025,21,-282.06,-249.61
零售,601488,10021857,12508839,27,HLB-172f7df9-570e-11f0-8cdb-0c42a112278c,ZRTC20260424025,21,-282.06,-249.61
零售,601488,10021857,12508839,24,HLB-17504116-570e-11f0-8cdb-0c42a112278c,ZRTC20260424025,21,-282.06,-249.61
零售,601488,10021857,12508839,23,HLB-17504038-570e-11f0-8cdb-0c42a112278c,ZRTC20260424025,21,-282.06,-249.61
零售,601488,10021857,12508839,22,HLB-17504100-570e-11f0-8cdb-0c42a112278c,ZRTC20260424025,21,-282.06,-249.61
零售,601488,10021857,12508839,20,HLB-17503fce-570e-11f0-8cdb-0c42a112278c,ZRTC20260424025,21,-282.06,-249.61
零售,601488,10021857,12508839,19,HLB-17504069-570e-11f0-8cdb-0c42a112278c,ZRTC20260424025,21,-282.06,-249.61
零售,601488,10021857,12508839,16,HLB-172f7dbf-570e-11f0-8cdb-0c42a112278c,ZRTC20260424025,21,-282.06,-249.61
零售,601488,10021857,12508839,14,HLB-175040eb-570e-11f0-8cdb-0c42a112278c,ZRTC20260424025,21,-282.06,-249.61
零售,601488,10021857,12508839,13,HLB-172f7e22-570e-11f0-8cdb-0c42a112278c,ZRTC20260424025,21,-282.06,-249.61
零售,601488,10021857,12508839,12,HLB-172f7dd3-570e-11f0-8cdb-0c42a112278c,ZRTC20260424025,21,-282.06,-249.61
零售,601488,10021857,12508839,11,HLB-175041b8-570e-11f0-8cdb-0c42a112278c,ZRTC20260424025,21,-282.06,-249.61
零售,601488,10021857,12508839,5,HLB-172f7d83-570e-11f0-8cdb-0c42a112278c,ZRTC20260424025,21,-282.06,-249.61
零售,601488,10021857,12508839,3,HLB-175041cc-570e-11f0-8cdb-0c42a112278c,ZRTC20260424025,21,-282.06,-249.61
零售,601488,10021857,12508839,2,HLB-17504189-570e-11f0-8cdb-0c42a112278c,ZRTC20260424025,21,-282.06,-249.61
零售,601488,10021857,12508839,1,HLB-175040d2-570e-11f0-8cdb-0c42a112278c,ZRTC20260424025,21,-282.06,-249.61
零售,601488,10021857,12516720,80,HLB-2992c6f0-5880-11f0-8cdb-0c42a112278c,ZRTC20260424025,21,-282.06,-249.61
零售,601488,10021857,12516720,75,HLB-2992c744-5880-11f0-8cdb-0c42a112278c,ZRTC20260424025,21,-282.06,-249.61
零售,601488,10021857,12516720,74,HLB-29d29c6e-5880-11f0-8cdb-0c42a112278c,ZRTC20260424025,21,-282.06,-249.61
零售,601488,10021857,12516720,73,HLB-29b1af59-5880-11f0-8cdb-0c42a112278c,ZRTC20260424025,21,-282.06,-249.61
零售,601488,10021857,12516720,72,HLB-29b1ad17-5880-11f0-8cdb-0c42a112278c,ZRTC20260424025,21,-282.06,-249.61
零售,601488,10021857,12516720,68,HLB-29b1afa8-5880-11f0-8cdb-0c42a112278c,ZRTC20260424025,21,-282.06,-249.61
零售,601488,10021857,12516720,67,HLB-29b1ae07-5880-11f0-8cdb-0c42a112278c,ZRTC20260424025,21,-282.06,-249.61
零售,601488,10021857,12516720,64,HLB-29b1ae38-5880-11f0-8cdb-0c42a112278c,ZRTC20260424025,21,-282.06,-249.61
零售,601488,10021857,12516720,63,HLB-29b1af08-5880-11f0-8cdb-0c42a112278c,ZRTC20260424025,21,-282.06,-249.61
零售,601488,10021857,12516720,61,HLB-29b1acb4-5880-11f0-8cdb-0c42a112278c,ZRTC20260424025,21,-282.06,-249.61
零售,601488,10021857,12516720,58,HLB-29b1affb-5880-11f0-8cdb-0c42a112278c,ZRTC20260424025,21,-282.06,-249.61
零售,601488,10021857,12516720,57,HLB-29b1aeb4-5880-11f0-8cdb-0c42a112278c,ZRTC20260424025,21,-282.06,-249.61
零售,601488,10021857,12516720,54,HLB-29b1ae8c-5880-11f0-8cdb-0c42a112278c,ZRTC20260424025,21,-282.06,-249.61
零售,601488,10021857,12516720,51,HLB-29b1aedf-5880-11f0-8cdb-0c42a112278c,ZRTC20260424025,21,-282.06,-249.61
零售,601488,10021857,12516720,50,HLB-2992c676-5880-11f0-8cdb-0c42a112278c,ZRTC20260424025,21,-282.06,-249.61
零售,601488,10021857,12516720,49,HLB-29b1adae-5880-11f0-8cdb-0c42a112278c,ZRTC20260424025,21,-282.06,-249.61
零售,601488,10021857,12516720,46,HLB-2992c6c7-5880-11f0-8cdb-0c42a112278c,ZRTC20260424025,21,-282.06,-249.61
零售,601488,10021857,12516720,45,HLB-2992c76d-5880-11f0-8cdb-0c42a112278c,ZRTC20260424025,21,-282.06,-249.61
零售,601488,10021857,12516720,42,HLB-2992c71c-5880-11f0-8cdb-0c42a112278c,ZRTC20260424025,21,-282.06,-249.61
零售,601488,10021857,12516720,40,HLB-29b1b052-5880-11f0-8cdb-0c42a112278c,ZRTC20260424025,21,-282.06,-249.61
零售,601488,10021857,12516720,37,HLB-29b1afd1-5880-11f0-8cdb-0c42a112278c,ZRTC20260424025,21,-282.06,-249.61
零售,601488,10021857,12518910,30,HLB-ee16a1eb-58a4-11f0-8cdb-0c42a112278c,ZRTC20260424025,21,-282.06,-249.61
零售,601488,10021857,12518910,28,HLB-ee16a127-58a4-11f0-8cdb-0c42a112278c,ZRTC20260424025,21,-282.06,-249.61
零售,601488,10021857,12518910,25,HLB-ee16a16a-58a4-11f0-8cdb-0c42a112278c,ZRTC20260424025,21,-282.06,-249.61
零售,601488,10021857,12518910,24,HLB-ee16a2df-58a4-11f0-8cdb-0c42a112278c,ZRTC20260424025,21,-282.06,-249.61
零售,601488,10021857,12518910,22,HLB-ee16a157-58a4-11f0-8cdb-0c42a112278c,ZRTC20260424025,21,-282.06,-249.61
零售,601488,10021857,12518910,21,HLB-ee16a2b6-58a4-11f0-8cdb-0c42a112278c,ZRTC20260424025,21,-282.06,-249.61
零售,601488,10021857,12518910,19,HLB-ee16a29f-58a4-11f0-8cdb-0c42a112278c,ZRTC20260424025,21,-282.06,-249.61
零售,601488,10021857,12518910,18,HLB-ee16a276-58a4-11f0-8cdb-0c42a112278c,ZRTC20260424025,21,-282.06,-249.61
零售,601488,10021857,12518909,37,HLB-edfbe8c7-58a4-11f0-8cdb-0c42a112278c,ZRTC20260424025,20,-281.3,-248.94
零售,601488,10021857,12518909,36,HLB-edfbe8af-58a4-11f0-8cdb-0c42a112278c,ZRTC20260424025,20,-281.3,-248.94
零售,601488,10021857,12518909,35,HLB-edfbe966-58a4-11f0-8cdb-0c42a112278c,ZRTC20260424025,20,-281.3,-248.94
零售,601488,10021857,12518909,33,HLB-edfbe991-58a4-11f0-8cdb-0c42a112278c,ZRTC20260424025,20,-281.3,-248.94
零售,601488,10021857,12518909,32,HLB-edfbe8df-58a4-11f0-8cdb-0c42a112278c,ZRTC20260424025,20,-281.3,-248.94
零售,601488,10021857,12518909,30,HLB-edfbe82f-58a4-11f0-8cdb-0c42a112278c,ZRTC20260424025,20,-281.3,-248.94
零售,601488,10021857,12518909,29,HLB-edfbe97e-58a4-11f0-8cdb-0c42a112278c,ZRTC20260424025,20,-281.3,-248.94
零售,601488,10021857,12518909,26,HLB-edfbe816-58a4-11f0-8cdb-0c42a112278c,ZRTC20260424025,20,-281.3,-248.94
零售,601488,10021857,12518909,25,HLB-edfbe89a-58a4-11f0-8cdb-0c42a112278c,ZRTC20260424025,20,-281.3,-248.94
零售,601488,10021857,12518909,22,HLB-edfbe9e9-58a4-11f0-8cdb-0c42a112278c,ZRTC20260424025,20,-281.3,-248.94
零售,601488,10021857,12518909,21,HLB-edfbe869-58a4-11f0-8cdb-0c42a112278c,ZRTC20260424025,20,-281.3,-248.94
零售,601488,10021857,12518909,18,HLB-edfbe9d5-58a4-11f0-8cdb-0c42a112278c,ZRTC20260424025,20,-281.3,-248.94
零售,601488,10021857,12518909,17,HLB-edfbe8f4-58a4-11f0-8cdb-0c42a112278c,ZRTC20260424025,20,-281.3,-248.94
零售,601488,10021857,12518909,16,HLB-edfbe923-58a4-11f0-8cdb-0c42a112278c,ZRTC20260424025,20,-281.3,-248.94
零售,601488,10021857,12518909,13,HLB-edfbe90d-58a4-11f0-8cdb-0c42a112278c,ZRTC20260424025,20,-281.3,-248.94
零售,601488,10021857,12518909,11,HLB-edfbe93c-58a4-11f0-8cdb-0c42a112278c,ZRTC20260424025,20,-281.3,-248.94
零售,601488,10021857,12518909,9,HLB-edfbe953-58a4-11f0-8cdb-0c42a112278c,ZRTC20260424025,20,-281.3,-248.94
零售,601488,10021857,12518909,4,HLB-edfbe9bd-58a4-11f0-8cdb-0c42a112278c,ZRTC20260424025,20,-281.3,-248.94
零售,601488,10021857,12518909,3,HLB-edfbe9a9-58a4-11f0-8cdb-0c42a112278c,ZRTC20260424025,20,-281.3,-248.94
零售,601488,10021857,12518909,2,HLB-edfbe882-58a4-11f0-8cdb-0c42a112278c,ZRTC20260424025,20,-281.3,-248.94
零售,601488,10021857,12508820,19,HLB-151370f9-570e-11f0-8cdb-0c42a112278c,ZRTC20260424025,20,-281.3,-248.94
零售,601488,10021857,12508820,18,HLB-15137174-570e-11f0-8cdb-0c42a112278c,ZRTC20260424025,20,-281.3,-248.94
零售,601488,10021857,12508820,16,HLB-151370bc-570e-11f0-8cdb-0c42a112278c,ZRTC20260424025,20,-281.3,-248.94
零售,601488,10021857,12508820,15,HLB-15137136-570e-11f0-8cdb-0c42a112278c,ZRTC20260424025,20,-281.3,-248.94
零售,601488,10021857,12508820,10,HLB-1513715f-570e-11f0-8cdb-0c42a112278c,ZRTC20260424025,20,-281.3,-248.94
零售,601488,10021857,12508820,8,HLB-1513710e-570e-11f0-8cdb-0c42a112278c,ZRTC20260424025,20,-281.3,-248.94
零售,601488,10021857,12508820,5,HLB-15137123-570e-11f0-8cdb-0c42a112278c,ZRTC20260424025,20,-281.3,-248.94
零售,601488,10021857,12508820,4,HLB-151370e4-570e-11f0-8cdb-0c42a112278c,ZRTC20260424025,20,-281.3,-248.94
零售,601488,10021857,12508820,2,HLB-1513714b-570e-11f0-8cdb-0c42a112278c,ZRTC20260424025,20,-281.3,-248.94
零售,601488,10021857,12508820,1,HLB-151370d0-570e-11f0-8cdb-0c42a112278c,ZRTC20260424025,20,-281.3,-248.94
零售,601488,10021857,12556054,1,HLB-93a0dd51-5e23-11f0-8cdb-0c42a112278c,ZRTC20260424025,20,-281.3,-248.94
零售,601488,10021857,12377693,10,HLB-ed0dd9a4-4f2f-11f0-8cdb-0c42a112278c,ZRTC20260424025,20,-281.3,-248.94
零售,601488,10021857,12377693,9,HLB-ed0dda66-4f2f-11f0-8cdb-0c42a112278c,ZRTC20260424025,20,-281.3,-248.94
零售,601488,10021857,12377693,8,HLB-ed0dd9e4-4f2f-11f0-8cdb-0c42a112278c,ZRTC20260424025,20,-281.3,-248.94
零售,601488,10021857,12377693,7,HLB-ed0dd9cf-4f2f-11f0-8cdb-0c42a112278c,ZRTC20260424025,20,-281.3,-248.94
零售,601488,10021857,12377693,6,HLB-ed0dd9f8-4f2f-11f0-8cdb-0c42a112278c,ZRTC20260424025,20,-281.3,-248.94
零售,601488,10021857,12377693,5,HLB-ed0dda22-4f2f-11f0-8cdb-0c42a112278c,ZRTC20260424025,20,-281.3,-248.94
零售,601488,10021857,12377693,4,HLB-ed0dd9bb-4f2f-11f0-8cdb-0c42a112278c,ZRTC20260424025,20,-281.3,-248.94
零售,601488,10021857,12377693,3,HLB-ed0dda3b-4f2f-11f0-8cdb-0c42a112278c,ZRTC20260424025,20,-281.3,-248.94
零售,601488,10021857,12377693,2,HLB-ed0dda0c-4f2f-11f0-8cdb-0c42a112278c,ZRTC20260424025,20,-281.3,-248.94
零售,601488,10021857,12377693,1,HLB-ed0dda4e-4f2f-11f0-8cdb-0c42a112278c,ZRTC20260424025,20,-281.3,-248.94
零售,601488,10021857,12506577,19,HLB-ab6f74a2-56e9-11f0-8cdb-0c42a112278c,ZRTC20260424025,20,-281.3,-248.94
零售,601488,10021857,12506577,17,HLB-ab6f7508-56e9-11f0-8cdb-0c42a112278c,ZRTC20260424025,20,-281.3,-248.94
零售,601488,10021857,12506577,16,HLB-ab6f757d-56e9-11f0-8cdb-0c42a112278c,ZRTC20260424025,20,-281.3,-248.94
零售,601488,10021857,12506577,14,HLB-ab6f7539-56e9-11f0-8cdb-0c42a112278c,ZRTC20260424025,20,-281.3,-248.94
零售,601488,10021857,12506577,13,HLB-ab6f7592-56e9-11f0-8cdb-0c42a112278c,ZRTC20260424025,20,-281.3,-248.94
零售,601488,10021857,12506577,11,HLB-ab6f7568-56e9-11f0-8cdb-0c42a112278c,ZRTC20260424025,20,-281.3,-248.94
零售,601488,10021857,12506577,10,HLB-ab6f75a7-56e9-11f0-8cdb-0c42a112278c,ZRTC20260424025,20,-281.3,-248.94
零售,601488,10021857,12506577,7,HLB-ab6f74ec-56e9-11f0-8cdb-0c42a112278c,ZRTC20260424025,20,-281.3,-248.94
零售,601488,10021857,12506577,5,HLB-ab6f7520-56e9-11f0-8cdb-0c42a112278c,ZRTC20260424025,20,-281.3,-248.94
零售,601488,10021857,12506577,4,HLB-ab6f7550-56e9-11f0-8cdb-0c42a112278c,ZRTC20260424025,20,-281.3,-248.94
零售,601488,10021857,12376715,1,HLB-8d41186e-4f28-11f0-8cdb-0c42a112278c,ZRTC20260424025,19,-213.63,-189.05
零售,601488,10021857,12512474,98,HLB-06c38d54-57bf-11f0-8cdb-0c42a112278c,ZRTC20260424025,18,-184.8,-163.54
零售,601488,10021857,12512474,96,HLB-06dc2965-57bf-11f0-8cdb-0c42a112278c,ZRTC20260424025,18,-184.56,-163.33
零售,601488,10021857,12512474,94,HLB-06c38cdd-57bf-11f0-8cdb-0c42a112278c,ZRTC20260424025,18,-184.56,-163.33
零售,601488,10021857,12512474,93,HLB-06dc2aed-57bf-11f0-8cdb-0c42a112278c,ZRTC20260424025,18,-184.56,-163.33
零售,601488,10021857,12512474,91,HLB-06c38d2d-57bf-11f0-8cdb-0c42a112278c,ZRTC20260424025,18,-184.56,-163.33
零售,601488,10021857,12512474,90,HLB-06dc289b-57bf-11f0-8cdb-0c42a112278c,ZRTC20260424025,18,-184.56,-163.33
零售,601488,10021857,12512474,85,HLB-06dc28b9-57bf-11f0-8cdb-0c42a112278c,ZRTC20260424025,18,-184.56,-163.33
零售,601488,10021857,12512474,83,HLB-06c38de0-57bf-11f0-8cdb-0c42a112278c,ZRTC20260424025,18,-184.56,-163.33
零售,601488,10021857,12512474,82,HLB-06c38d69-57bf-11f0-8cdb-0c42a112278c,ZRTC20260424025,18,-184.56,-163.33
零售,601488,10021857,12512474,79,HLB-06dc28db-57bf-11f0-8cdb-0c42a112278c,ZRTC20260424025,18,-184.56,-163.33
零售,601488,10021857,12512474,76,HLB-06c38dcc-57bf-11f0-8cdb-0c42a112278c,ZRTC20260424025,18,-184.56,-163.33
零售,601488,10021857,12512474,75,HLB-06c38c39-57bf-11f0-8cdb-0c42a112278c,ZRTC20260424025,18,-184.56,-163.33
零售,601488,10021857,12512474,73,HLB-06c38db8-57bf-11f0-8cdb-0c42a112278c,ZRTC20260424025,18,-184.56,-163.33
零售,601488,10021857,12512474,72,HLB-06dc28fa-57bf-11f0-8cdb-0c42a112278c,ZRTC20260424025,18,-184.56,-163.33
零售,601488,10021857,12512474,70,HLB-06c38d41-57bf-11f0-8cdb-0c42a112278c,ZRTC20260424025,18,-184.56,-163.33
零售,601488,10021857,12508835,4,HLB-16ca669e-570e-11f0-8cdb-0c42a112278c,ZRTC20260424025,12,-400.26,-354.21
零售,601488,10021857,12508835,2,HLB-16ca66b2-570e-11f0-8cdb-0c42a112278c,ZRTC20260424025,12,-400.26,-354.21
零售,601488,10021857,12508835,1,HLB-16ca6513-570e-11f0-8cdb-0c42a112278c,ZRTC20260424025,12,-400.26,-354.21
零售,601488,10021857,12508819,40,HLB-14f1722a-570e-11f0-8cdb-0c42a112278c,ZRTC20260424025,12,-400.26,-354.21
零售,601488,10021857,12508819,38,HLB-14f1723d-570e-11f0-8cdb-0c42a112278c,ZRTC20260424025,12,-400.26,-354.21
零售,601488,10021857,12508819,36,HLB-14f17114-570e-11f0-8cdb-0c42a112278c,ZRTC20260424025,12,-400.26,-354.21
零售,601488,10021857,12508819,35,HLB-14f17183-570e-11f0-8cdb-0c42a112278c,ZRTC20260424025,12,-400.26,-354.21
零售,601488,10021857,12508819,33,HLB-14f172a3-570e-11f0-8cdb-0c42a112278c,ZRTC20260424025,12,-400.26,-354.21
零售,601488,10021857,12508819,29,HLB-14f17251-570e-11f0-8cdb-0c42a112278c,ZRTC20260424025,12,-400.26,-354.21
零售,601488,10021857,12508819,27,HLB-14f17144-570e-11f0-8cdb-0c42a112278c,ZRTC20260424025,12,-400.26,-354.21
零售,601488,10021857,12508819,22,HLB-14f17290-570e-11f0-8cdb-0c42a112278c,ZRTC20260424025,12,-400.26,-354.21
零售,601488,10021857,12508819,21,HLB-14f171e2-570e-11f0-8cdb-0c42a112278c,ZRTC20260424025,12,-400.26,-354.21
零售,601488,10021857,12508819,19,HLB-14f1719a-570e-11f0-8cdb-0c42a112278c,ZRTC20260424025,12,-400.26,-354.21
零售,601488,10021857,12508819,17,HLB-14f17267-570e-11f0-8cdb-0c42a112278c,ZRTC20260424025,12,-400.26,-354.21
零售,601488,10021857,12508819,16,HLB-14f172cc-570e-11f0-8cdb-0c42a112278c,ZRTC20260424025,12,-400.26,-354.21
零售,601488,10021857,12508819,13,HLB-14f172b8-570e-11f0-8cdb-0c42a112278c,ZRTC20260424025,12,-400.26,-354.21
零售,601488,10021857,12508819,12,HLB-14f1712a-570e-11f0-8cdb-0c42a112278c,ZRTC20260424025,12,-400.26,-354.21
零售,601488,10021857,12508819,11,HLB-14f1716f-570e-11f0-8cdb-0c42a112278c,ZRTC20260424025,12,-400.26,-354.21
零售,601488,10021857,12508819,10,HLB-14f171b2-570e-11f0-8cdb-0c42a112278c,ZRTC20260424025,12,-400.26,-354.21
零售,601488,10021857,12508819,9,HLB-14f171f8-570e-11f0-8cdb-0c42a112278c,ZRTC20260424025,12,-400.26,-354.21
零售,601488,10021857,12508819,7,HLB-14f17213-570e-11f0-8cdb-0c42a112278c,ZRTC20260424025,12,-400.26,-354.21
零售,601488,10021857,12508819,5,HLB-14f1727c-570e-11f0-8cdb-0c42a112278c,ZRTC20260424025,12,-400.26,-354.21
零售,601488,10021857,12508819,2,HLB-14f17159-570e-11f0-8cdb-0c42a112278c,ZRTC20260424025,12,-400.26,-354.21
零售,601488,10021857,12402386,10,HLB-635c0427-50be-11f0-8cdb-0c42a112278c,ZRTC20260424025,12,-400.26,-354.21
零售,601488,10021857,12402386,9,HLB-635c044f-50be-11f0-8cdb-0c42a112278c,ZRTC20260424025,12,-400.26,-354.21
零售,601488,10021857,12402386,8,HLB-635c03fd-50be-11f0-8cdb-0c42a112278c,ZRTC20260424025,12,-400.26,-354.21
零售,601488,10021857,12402386,7,HLB-635c0413-50be-11f0-8cdb-0c42a112278c,ZRTC20260424025,12,-400.26,-354.21
零售,601488,10021857,12402386,6,HLB-635c043d-50be-11f0-8cdb-0c42a112278c,ZRTC20260424025,12,-400.26,-354.21
零售,601488,10021857,12402386,5,HLB-635c04b4-50be-11f0-8cdb-0c42a112278c,ZRTC20260424025,12,-400.26,-354.21
零售,601488,10021857,12402386,4,HLB-635c048b-50be-11f0-8cdb-0c42a112278c,ZRTC20260424025,12,-400.26,-354.21
零售,601488,10021857,12402386,3,HLB-635c0478-50be-11f0-8cdb-0c42a112278c,ZRTC20260424025,12,-400.26,-354.21
零售,601488,10021857,12402386,2,HLB-635c04a1-50be-11f0-8cdb-0c42a112278c,ZRTC20260424025,12,-400.26,-354.21
零售,601488,10021857,12402386,1,HLB-635c0462-50be-11f0-8cdb-0c42a112278c,ZRTC20260424025,12,-400.26,-354.21
零售,601488,10021857,12375044,15,HLB-0deacf32-4f18-11f0-8cdb-0c42a112278c,ZRTC20260424025,12,-400.26,-354.21
零售,601488,10021857,12375044,14,HLB-0deacf7b-4f18-11f0-8cdb-0c42a112278c,ZRTC20260424025,12,-400.26,-354.21
零售,601488,10021857,12375044,13,HLB-0deacf0e-4f18-11f0-8cdb-0c42a112278c,ZRTC20260424025,12,-400.26,-354.21
零售,601488,10021857,12375044,11,HLB-0deacfdf-4f18-11f0-8cdb-0c42a112278c,ZRTC20260424025,12,-400.26,-354.21
零售,601488,10021857,12375044,10,HLB-0dead04e-4f18-11f0-8cdb-0c42a112278c,ZRTC20260424025,12,-400.26,-354.21
零售,601488,10021857,12375044,9,HLB-0deacfc7-4f18-11f0-8cdb-0c42a112278c,ZRTC20260424025,12,-400.26,-354.21
零售,601488,10021857,12375044,8,HLB-0dead024-4f18-11f0-8cdb-0c42a112278c,ZRTC20260424025,12,-400.26,-354.21
零售,601488,10021857,12375044,7,HLB-0dead00b-4f18-11f0-8cdb-0c42a112278c,ZRTC20260424025,12,-400.26,-354.21
零售,601488,10021857,12375044,6,HLB-0deacfb0-4f18-11f0-8cdb-0c42a112278c,ZRTC20260424025,12,-400.26,-354.21
零售,601488,10021857,12375044,5,HLB-0deacef5-4f18-11f0-8cdb-0c42a112278c,ZRTC20260424025,12,-400.26,-354.21
零售,601488,10021857,12375044,4,HLB-0deacf97-4f18-11f0-8cdb-0c42a112278c,ZRTC20260424025,12,-400.26,-354.21
零售,601488,10021857,12375044,3,HLB-0dead062-4f18-11f0-8cdb-0c42a112278c,ZRTC20260424025,12,-400.26,-354.21
零售,601488,10021857,12375044,2,HLB-0deacff5-4f18-11f0-8cdb-0c42a112278c,ZRTC20260424025,12,-400.26,-354.21
零售,601488,10021857,12375044,1,HLB-0dead03a-4f18-11f0-8cdb-0c42a112278c,ZRTC20260424025,12,-400.26,-354.21
零售,601488,10021857,12375042,35,HLB-0dc87386-4f18-11f0-8cdb-0c42a112278c,ZRTC20260424025,12,-400.26,-354.21
零售,601488,10021857,12375042,34,HLB-0dc87239-4f18-11f0-8cdb-0c42a112278c,ZRTC20260424025,12,-400.26,-354.21
零售,601488,10021857,12375042,33,HLB-0da02ab1-4f18-11f0-8cdb-0c42a112278c,ZRTC20260424025,12,-400.26,-354.21
零售,601488,10021857,12375042,32,HLB-0dc87370-4f18-11f0-8cdb-0c42a112278c,ZRTC20260424025,12,-400.26,-354.21
零售,601488,10021857,12375042,31,HLB-0da02a9c-4f18-11f0-8cdb-0c42a112278c,ZRTC20260424025,12,-400.26,-354.21
零售,601488,10021857,12375042,30,HLB-0da02a73-4f18-11f0-8cdb-0c42a112278c,ZRTC20260424025,12,-400.26,-354.21
零售,601488,10021857,12375042,29,HLB-0dc87257-4f18-11f0-8cdb-0c42a112278c,ZRTC20260424025,12,-400.26,-354.21
零售,601488,10021857,12375042,28,HLB-0dc873c9-4f18-11f0-8cdb-0c42a112278c,ZRTC20260424025,12,-400.26,-354.21
零售,601488,10021857,12375042,27,HLB-0dc8731f-4f18-11f0-8cdb-0c42a112278c,ZRTC20260424025,12,-400.26,-354.21
零售,601488,10021857,12375042,26,HLB-0da02a60-4f18-11f0-8cdb-0c42a112278c,ZRTC20260424025,12,-400.26,-354.21
零售,601488,10021857,12375042,25,HLB-0da02a4b-4f18-11f0-8cdb-0c42a112278c,ZRTC20260424025,12,-400.26,-354.21
零售,601488,10021857,12375042,24,HLB-0dc870d7-4f18-11f0-8cdb-0c42a112278c,ZRTC20260424025,12,-400.26,-354.21
零售,601488,10021857,12375042,23,HLB-0dc872ef-4f18-11f0-8cdb-0c42a112278c,ZRTC20260424025,12,-400.26,-354.21
零售,601488,10021857,12375042,22,HLB-0dc872a5-4f18-11f0-8cdb-0c42a112278c,ZRTC20260424025,12,-400.26,-354.21
零售,601488,10021857,12375042,21,HLB-0dc871e6-4f18-11f0-8cdb-0c42a112278c,ZRTC20260424025,12,-400.26,-354.21
零售,601488,10021857,12375042,20,HLB-0dc871d0-4f18-11f0-8cdb-0c42a112278c,ZRTC20260424025,12,-400.26,-354.21
零售,601488,10021857,12375042,19,HLB-0dc87358-4f18-11f0-8cdb-0c42a112278c,ZRTC20260424025,12,-400.26,-354.21
零售,601488,10021857,12375042,18,HLB-0dc87126-4f18-11f0-8cdb-0c42a112278c,ZRTC20260424025,12,-400.26,-354.21
零售,601488,10021857,12375042,17,HLB-0da02a88-4f18-11f0-8cdb-0c42a112278c,ZRTC20260424025,12,-400.26,-354.21
零售,601488,10021857,12375042,16,HLB-0dc87161-4f18-11f0-8cdb-0c42a112278c,ZRTC20260424025,12,-400.26,-354.21
零售,601488,10021857,12508824,39,HLB-15befbf3-570e-11f0-8cdb-0c42a112278c,ZRTC20260424025,4,-477.32,-422.41
零售,601488,10021857,12508824,35,HLB-15dfd915-570e-11f0-8cdb-0c42a112278c,ZRTC20260424025,4,-477.32,-422.41
零售,601488,10021857,12508824,31,HLB-15dfd8e1-570e-11f0-8cdb-0c42a112278c,ZRTC20260424025,4,-477.32,-422.41
零售,601488,10021857,12508824,25,HLB-15befc21-570e-11f0-8cdb-0c42a112278c,ZRTC20260424025,4,-477.32,-422.41
零售,601488,10021857,12508824,23,HLB-15dfd8cb-570e-11f0-8cdb-0c42a112278c,ZRTC20260424025,4,-477.32,-422.41
零售,601488,10021857,12508824,22,HLB-15dfd977-570e-11f0-8cdb-0c42a112278c,ZRTC20260424025,4,-477.32,-422.41
零售,601488,10021857,12508824,19,HLB-15dfd8fc-570e-11f0-8cdb-0c42a112278c,ZRTC20260424025,4,-477.32,-422.41
零售,601488,10021857,12508824,18,HLB-15befc0c-570e-11f0-8cdb-0c42a112278c,ZRTC20260424025,4,-477.32,-422.41
零售,601488,10021857,12508824,17,HLB-15dfd883-570e-11f0-8cdb-0c42a112278c,ZRTC20260424025,4,-477.32,-422.41
零售,601488,10021857,12508824,13,HLB-15dfd98f-570e-11f0-8cdb-0c42a112278c,ZRTC20260424025,4,-477.32,-422.41
零售,601488,10021857,12508824,11,HLB-15dfd95e-570e-11f0-8cdb-0c42a112278c,ZRTC20260424025,4,-477.32,-422.41
零售,601488,10021857,12508824,9,HLB-15befbca-570e-11f0-8cdb-0c42a112278c,ZRTC20260424025,4,-477.32,-422.41
零售,601488,10021857,12508824,7,HLB-15befbb2-570e-11f0-8cdb-0c42a112278c,ZRTC20260424025,4,-477.32,-422.41
零售,601488,10021857,12508824,6,HLB-15befc60-570e-11f0-8cdb-0c42a112278c,ZRTC20260424025,4,-477.32,-422.41
零售,601488,10021857,12508824,5,HLB-15befc73-570e-11f0-8cdb-0c42a112278c,ZRTC20260424025,4,-477.32,-422.41
零售,601488,10021857,12508824,4,HLB-15befbdf-570e-11f0-8cdb-0c42a112278c,ZRTC20260424025,4,-477.32,-422.41
零售,601488,10021857,12508824,3,HLB-15befc49-570e-11f0-8cdb-0c42a112278c,ZRTC20260424025,4,-477.32,-422.41
零售,601488,10021857,12508824,2,HLB-15befc34-570e-11f0-8cdb-0c42a112278c,ZRTC20260424025,4,-477.32,-422.41
零售,601488,10021857,12508824,1,HLB-15dfd944-570e-11f0-8cdb-0c42a112278c,ZRTC20260424025,4,-477.32,-422.41
零售,601488,10021857,12658730,40,HLB-d5ab0aa2-6a84-11f0-8cdb-0c42a112278c,ZRTC20260424025,4,477.32,422.41
零售,601488,10021857,12658730,37,HLB-d5ab091e-6a84-11f0-8cdb-0c42a112278c,ZRTC20260424025,4,477.32,422.41
零售,601488,10021857,12658730,35,HLB-d5ab0869-6a84-11f0-8cdb-0c42a112278c,ZRTC20260424025,4,477.32,422.41
零售,601488,10021857,12658730,33,HLB-d5ab0ace-6a84-11f0-8cdb-0c42a112278c,ZRTC20260424025,4,477.32,422.41
零售,601488,10021857,12658730,32,HLB-d5ab0952-6a84-11f0-8cdb-0c42a112278c,ZRTC20260424025,4,477.32,422.41
零售,601488,10021857,12658730,30,HLB-d5ab08e5-6a84-11f0-8cdb-0c42a112278c,ZRTC20260424025,4,477.32,422.41
零售,601488,10021857,12658730,27,HLB-d5ab09e2-6a84-11f0-8cdb-0c42a112278c,ZRTC20260424025,4,477.32,422.41
零售,601488,10021857,12658730,24,HLB-d5ab0935-6a84-11f0-8cdb-0c42a112278c,ZRTC20260424025,4,477.32,422.41
零售,601488,10021857,12658730,22,HLB-d5ab0a3c-6a84-11f0-8cdb-0c42a112278c,ZRTC20260424025,4,477.32,422.41
零售,601488,10021857,12658730,21,HLB-d5ab09f6-6a84-11f0-8cdb-0c42a112278c,ZRTC20260424025,4,477.32,422.41
零售,601488,10021857,12658730,20,HLB-d5ab08ff-6a84-11f0-8cdb-0c42a112278c,ZRTC20260424025,4,477.32,422.41
零售,601488,10021857,12658730,16,HLB-d5ab09c8-6a84-11f0-8cdb-0c42a112278c,ZRTC20260424025,4,477.32,422.41
零售,601488,10021857,12658730,15,HLB-d5ab0a6b-6a84-11f0-8cdb-0c42a112278c,ZRTC20260424025,4,477.32,422.41
零售,601488,10021857,12658730,14,HLB-d5ab0ab8-6a84-11f0-8cdb-0c42a112278c,ZRTC20260424025,4,477.32,422.41
零售,601488,10021857,12658730,12,HLB-d5ab09ac-6a84-11f0-8cdb-0c42a112278c,ZRTC20260424025,4,477.32,422.41
零售,601488,10021857,12658730,11,HLB-d5ab0a87-6a84-11f0-8cdb-0c42a112278c,ZRTC20260424025,4,477.32,422.41
零售,601488,10021857,12658730,8,HLB-d5ab0967-6a84-11f0-8cdb-0c42a112278c,ZRTC20260424025,4,477.32,422.41
零售,601488,10021857,12658730,7,HLB-d5ab097b-6a84-11f0-8cdb-0c42a112278c,ZRTC20260424025,4,477.32,422.41
零售,601488,10021857,12658730,6,HLB-d5ab08cb-6a84-11f0-8cdb-0c42a112278c,ZRTC20260424025,4,477.32,422.41
零售,601488,10021857,12658730,1,HLB-d5ab0a54-6a84-11f0-8cdb-0c42a112278c,ZRTC20260424025,4,477.32,422.41
零售,601488,10021857,12556053,1,HLB-93a0dd3d-5e23-11f0-8cdb-0c42a112278c,ZRTC20260424025,4,-477.32,-422.41
零售,601488,10021857,12508842,6,HLB-17504357-570e-11f0-8cdb-0c42a112278c,ZRTC20260424025,4,-477.32,-422.41
零售,601488,10021857,12508842,4,HLB-1750433f-570e-11f0-8cdb-0c42a112278c,ZRTC20260424025,4,-477.32,-422.41
零售,601488,10021857,12508842,3,HLB-1750436d-570e-11f0-8cdb-0c42a112278c,ZRTC20260424025,4,-477.32,-422.41
零售,601488,10021857,12508842,1,HLB-17504381-570e-11f0-8cdb-0c42a112278c,ZRTC20260424025,4,-477.32,-422.41
零售,601488,10021857,12287987,20,HLB-7fc891ff-4a68-11f0-8cdb-0c42a112278c,ZRTC20260424025,4,-477.32,-422.41
零售,601488,10021857,12287987,19,HLB-7fc892bd-4a68-11f0-8cdb-0c42a112278c,ZRTC20260424025,4,-477.32,-422.41
零售,601488,10021857,12287987,18,HLB-7fc891ea-4a68-11f0-8cdb-0c42a112278c,ZRTC20260424025,4,-477.32,-422.41
零售,601488,10021857,12287987,17,HLB-7fc89191-4a68-11f0-8cdb-0c42a112278c,ZRTC20260424025,4,-477.32,-422.41
零售,601488,10021857,12287987,16,HLB-7fc8923d-4a68-11f0-8cdb-0c42a112278c,ZRTC20260424025,4,-477.32,-422.41
零售,601488,10021857,12287987,15,HLB-7fc891b9-4a68-11f0-8cdb-0c42a112278c,ZRTC20260424025,4,-477.32,-422.41
零售,601488,10021857,12287987,14,HLB-7fc89164-4a68-11f0-8cdb-0c42a112278c,ZRTC20260424025,4,-477.32,-422.41
零售,601488,10021857,12287987,13,HLB-7fc891a6-4a68-11f0-8cdb-0c42a112278c,ZRTC20260424025,4,-477.32,-422.41
零售,601488,10021857,12287987,12,HLB-7fc892d1-4a68-11f0-8cdb-0c42a112278c,ZRTC20260424025,4,-477.32,-422.41
零售,601488,10021857,12287987,11,HLB-7fc89151-4a68-11f0-8cdb-0c42a112278c,ZRTC20260424025,4,-477.32,-422.41
零售,601488,10021857,12287987,10,HLB-7fc89269-4a68-11f0-8cdb-0c42a112278c,ZRTC20260424025,4,-477.32,-422.41
零售,601488,10021857,12287987,8,HLB-7fc891d1-4a68-11f0-8cdb-0c42a112278c,ZRTC20260424025,4,-477.32,-422.41
零售,601488,10021857,12287987,7,HLB-7fc89255-4a68-11f0-8cdb-0c42a112278c,ZRTC20260424025,4,-477.32,-422.41
零售,601488,10021857,12287987,6,HLB-7fc89214-4a68-11f0-8cdb-0c42a112278c,ZRTC20260424025,4,-477.32,-422.41
零售,601488,10021857,12287987,5,HLB-7fc8927f-4a68-11f0-8cdb-0c42a112278c,ZRTC20260424025,4,-477.32,-422.41
零售,601488,10021857,12287987,4,HLB-7fc892aa-4a68-11f0-8cdb-0c42a112278c,ZRTC20260424025,4,-477.32,-422.41
零售,601488,10021857,12287987,3,HLB-7fc8917a-4a68-11f0-8cdb-0c42a112278c,ZRTC20260424025,4,-477.32,-422.41
零售,601488,10021857,12287987,2,HLB-7fc89297-4a68-11f0-8cdb-0c42a112278c,ZRTC20260424025,4,-477.32,-422.41
零售,601488,10021857,12287987,1,HLB-7fc892e6-4a68-11f0-8cdb-0c42a112278c,ZRTC20260424025,4,-477.32,-422.41
零售,601488,10021857,12506579,40,HLB-ab94d34e-56e9-11f0-8cdb-0c42a112278c,ZRTC20260424025,4,-477.32,-422.41
零售,601488,10021857,12506579,35,HLB-ab94d1eb-56e9-11f0-8cdb-0c42a112278c,ZRTC20260424025,4,-477.32,-422.41
零售,601488,10021857,12506579,34,HLB-ab94d1b9-56e9-11f0-8cdb-0c42a112278c,ZRTC20260424025,4,-477.32,-422.41
零售,601488,10021857,12506579,33,HLB-ab94d25c-56e9-11f0-8cdb-0c42a112278c,ZRTC20260424025,4,-477.32,-422.41
零售,601488,10021857,12506579,32,HLB-ab94d29f-56e9-11f0-8cdb-0c42a112278c,ZRTC20260424025,4,-477.32,-422.41
零售,601488,10021857,12518909,20,HLB-edfbe666-58a4-11f0-8cdb-0c42a112278c,ZRTC20260424025,4,-477.32,-422.41
零售,601488,10021857,12518909,19,HLB-edfbe5be-58a4-11f0-8cdb-0c42a112278c,ZRTC20260424025,4,-477.32,-422.41
零售,601488,10021857,12518909,15,HLB-edfbe7b0-58a4-11f0-8cdb-0c42a112278c,ZRTC20260424025,4,-477.32,-422.41
零售,601488,10021857,12518909,14,HLB-edfbe6cf-58a4-11f0-8cdb-0c42a112278c,ZRTC20260424025,4,-477.32,-422.41
零售,601488,10021857,12518909,12,HLB-edfbe680-58a4-11f0-8cdb-0c42a112278c,ZRTC20260424025,4,-477.32,-422.41
零售,601488,10021857,12518909,10,HLB-edfbe73b-58a4-11f0-8cdb-0c42a112278c,ZRTC20260424025,4,-477.32,-422.41
零售,601488,10021857,12518909,8,HLB-edfbe64a-58a4-11f0-8cdb-0c42a112278c,ZRTC20260424025,4,-477.32,-422.41
零售,601488,10021857,12518909,7,HLB-edfbe76c-58a4-11f0-8cdb-0c42a112278c,ZRTC20260424025,4,-477.32,-422.41
零售,601488,10021857,12518909,6,HLB-edfbe800-58a4-11f0-8cdb-0c42a112278c,ZRTC20260424025,4,-477.32,-422.41
零售,601488,10021857,12518909,5,HLB-edfbe79d-58a4-11f0-8cdb-0c42a112278c,ZRTC20260424025,4,-477.32,-422.41
零售,601488,10021857,12518909,1,HLB-edfbe7eb-58a4-11f0-8cdb-0c42a112278c,ZRTC20260424025,4,-477.32,-422.41
零售,601488,10021857,12377684,10,HLB-eca5a045-4f2f-11f0-8cdb-0c42a112278c,ZRTC20260424025,4,-477.32,-422.41
零售,601488,10021857,12377684,9,HLB-eca59fcf-4f2f-11f0-8cdb-0c42a112278c,ZRTC20260424025,4,-477.32,-422.41
零售,601488,10021857,12377684,8,HLB-eca59ff6-4f2f-11f0-8cdb-0c42a112278c,ZRTC20260424025,4,-477.32,-422.41
零售,601488,10021857,12377684,7,HLB-eca5a07f-4f2f-11f0-8cdb-0c42a112278c,ZRTC20260424025,4,-477.32,-422.41
零售,601488,10021857,12377684,6,HLB-eca5a01e-4f2f-11f0-8cdb-0c42a112278c,ZRTC20260424025,4,-477.32,-422.41
零售,601488,10021857,12377684,5,HLB-eca5a058-4f2f-11f0-8cdb-0c42a112278c,ZRTC20260424025,4,-477.32,-422.41
零售,601488,10021857,12377684,4,HLB-eca5a06c-4f2f-11f0-8cdb-0c42a112278c,ZRTC20260424025,4,-477.32,-422.41
零售,601488,10021857,12516720,34,HLB-29b1af83-5880-11f0-8cdb-0c42a112278c,ZRTC20260424025,21,-282.06,-249.61
零售,601488,10021857,12516720,33,HLB-2992c5f7-5880-11f0-8cdb-0c42a112278c,ZRTC20260424025,21,-282.06,-249.61
零售,601488,10021857,12516720,32,HLB-29b1ad7e-5880-11f0-8cdb-0c42a112278c,ZRTC20260424025,21,-282.06,-249.61
零售,601488,10021857,12516720,31,HLB-29b1b0a4-5880-11f0-8cdb-0c42a112278c,ZRTC20260424025,21,-282.06,-249.61
零售,601488,10021857,12516720,29,HLB-29b1b021-5880-11f0-8cdb-0c42a112278c,ZRTC20260424025,21,-282.06,-249.61
零售,601488,10021857,12516720,28,HLB-29b1ac84-5880-11f0-8cdb-0c42a112278c,ZRTC20260424025,21,-282.06,-249.61
零售,601488,10021857,12516720,27,HLB-29b1addf-5880-11f0-8cdb-0c42a112278c,ZRTC20260424025,21,-282.06,-249.61
零售,601488,10021857,12516720,26,HLB-29b1ace4-5880-11f0-8cdb-0c42a112278c,ZRTC20260424025,21,-282.06,-249.61
零售,601488,10021857,12516720,23,HLB-2992c64d-5880-11f0-8cdb-0c42a112278c,ZRTC20260424025,21,-282.06,-249.61
零售,601488,10021857,12516720,21,HLB-29b1af2f-5880-11f0-8cdb-0c42a112278c,ZRTC20260424025,21,-282.06,-249.61
零售,601488,10021857,12516720,20,HLB-29b1ae61-5880-11f0-8cdb-0c42a112278c,ZRTC20260424025,21,-282.06,-249.61
零售,601488,10021857,12516720,18,HLB-29d29c04-5880-11f0-8cdb-0c42a112278c,ZRTC20260424025,21,-282.06,-249.61
零售,601488,10021857,12516720,17,HLB-29d29c37-5880-11f0-8cdb-0c42a112278c,ZRTC20260424025,21,-282.06,-249.61
零售,601488,10021857,12516720,15,HLB-29b1ad4f-5880-11f0-8cdb-0c42a112278c,ZRTC20260424025,21,-282.06,-249.61
零售,601488,10021857,12516720,13,HLB-29d29bce-5880-11f0-8cdb-0c42a112278c,ZRTC20260424025,21,-282.06,-249.61
零售,601488,10021857,12516720,10,HLB-29d29ca6-5880-11f0-8cdb-0c42a112278c,ZRTC20260424025,21,-282.06,-249.61
零售,601488,10021857,12516720,7,HLB-2992c625-5880-11f0-8cdb-0c42a112278c,ZRTC20260424025,21,-282.06,-249.61
零售,601488,10021857,12516720,2,HLB-2992c69d-5880-11f0-8cdb-0c42a112278c,ZRTC20260424025,21,-282.06,-249.61
零售,601488,10021857,12516720,1,HLB-29b1b07a-5880-11f0-8cdb-0c42a112278c,ZRTC20260424025,21,-282.06,-249.61
零售,601488,10021857,12431432,40,HLB-d8f33a10-525d-11f0-8cdb-0c42a112278c,ZRTC20260424025,21,-282.06,-249.61
零售,601488,10021857,12431432,37,HLB-d8f339b5-525d-11f0-8cdb-0c42a112278c,ZRTC20260424025,21,-282.06,-249.61
零售,601488,10021857,12431432,35,HLB-d8f33b24-525d-11f0-8cdb-0c42a112278c,ZRTC20260424025,21,-282.06,-249.61
零售,601488,10021857,12431432,34,HLB-d8f33b48-525d-11f0-8cdb-0c42a112278c,ZRTC20260424025,21,-282.06,-249.61
零售,601488,10021857,12431432,33,HLB-d8f339c9-525d-11f0-8cdb-0c42a112278c,ZRTC20260424025,21,-282.06,-249.61
零售,601488,10021857,12431432,31,HLB-d8f33afd-525d-11f0-8cdb-0c42a112278c,ZRTC20260424025,21,-282.06,-249.61
零售,601488,10021857,12431432,30,HLB-d8f33a55-525d-11f0-8cdb-0c42a112278c,ZRTC20260424025,21,-282.06,-249.61
零售,601488,10021857,12431432,27,HLB-d8f33b5c-525d-11f0-8cdb-0c42a112278c,ZRTC20260424025,21,-282.06,-249.61
零售,601488,10021857,12431432,25,HLB-d8f33a80-525d-11f0-8cdb-0c42a112278c,ZRTC20260424025,21,-282.06,-249.61
零售,601488,10021857,12431432,24,HLB-d8f33abe-525d-11f0-8cdb-0c42a112278c,ZRTC20260424025,21,-282.06,-249.61
零售,601488,10021857,12431432,23,HLB-d8f339f6-525d-11f0-8cdb-0c42a112278c,ZRTC20260424025,21,-282.06,-249.61
零售,601488,10021857,12431432,16,HLB-d8f33a41-525d-11f0-8cdb-0c42a112278c,ZRTC20260424025,21,-282.06,-249.61
零售,601488,10021857,12431432,15,HLB-d8f33a28-525d-11f0-8cdb-0c42a112278c,ZRTC20260424025,21,-282.06,-249.61
零售,601488,10021857,12431432,13,HLB-d8f33aea-525d-11f0-8cdb-0c42a112278c,ZRTC20260424025,21,-282.06,-249.61
零售,601488,10021857,12431432,11,HLB-d8f339e2-525d-11f0-8cdb-0c42a112278c,ZRTC20260424025,21,-282.06,-249.61
零售,601488,10021857,12431432,7,HLB-d8f33aa9-525d-11f0-8cdb-0c42a112278c,ZRTC20260424025,21,-282.06,-249.61
零售,601488,10021857,12431432,5,HLB-d8f33b11-525d-11f0-8cdb-0c42a112278c,ZRTC20260424025,21,-282.06,-249.61
零售,601488,10021857,12431432,4,HLB-d8f33a95-525d-11f0-8cdb-0c42a112278c,ZRTC20260424025,21,-282.06,-249.61
零售,601488,10021857,12431432,2,HLB-d8f33ad3-525d-11f0-8cdb-0c42a112278c,ZRTC20260424025,21,-282.06,-249.61
零售,601488,10021857,12431432,1,HLB-d8f33a6b-525d-11f0-8cdb-0c42a112278c,ZRTC20260424025,21,-282.06,-249.61
零售,601488,10021857,12402387,10,HLB-635c0556-50be-11f0-8cdb-0c42a112278c,ZRTC20260424025,21,-282.06,-249.61
零售,601488,10021857,12402387,9,HLB-635c0504-50be-11f0-8cdb-0c42a112278c,ZRTC20260424025,21,-282.06,-249.61
零售,601488,10021857,12402387,8,HLB-635c052d-50be-11f0-8cdb-0c42a112278c,ZRTC20260424025,21,-282.06,-249.61
零售,601488,10021857,12402387,7,HLB-635c0543-50be-11f0-8cdb-0c42a112278c,ZRTC20260424025,21,-282.06,-249.61
零售,601488,10021857,12402387,6,HLB-635c0569-50be-11f0-8cdb-0c42a112278c,ZRTC20260424025,21,-282.06,-249.61
零售,601488,10021857,12402387,5,HLB-635c04c8-50be-11f0-8cdb-0c42a112278c,ZRTC20260424025,21,-282.06,-249.61
零售,601488,10021857,12402387,4,HLB-635c04f1-50be-11f0-8cdb-0c42a112278c,ZRTC20260424025,21,-282.06,-249.61
零售,601488,10021857,12402387,3,HLB-635c0519-50be-11f0-8cdb-0c42a112278c,ZRTC20260424025,21,-282.06,-249.61
零售,601488,10021857,12402387,2,HLB-635c057c-50be-11f0-8cdb-0c42a112278c,ZRTC20260424025,21,-282.06,-249.61
零售,601488,10021857,12402387,1,HLB-635c04dd-50be-11f0-8cdb-0c42a112278c,ZRTC20260424025,21,-282.06,-249.61
零售,601488,10021857,12508817,20,HLB-14ccfed1-570e-11f0-8cdb-0c42a112278c,ZRTC20260424025,21,-282.06,-249.61
零售,601488,10021857,12508817,18,HLB-14ccff39-570e-11f0-8cdb-0c42a112278c,ZRTC20260424025,21,-282.06,-249.61
零售,601488,10021857,12508817,16,HLB-14ccff9d-570e-11f0-8cdb-0c42a112278c,ZRTC20260424025,21,-282.06,-249.61
零售,601488,10021857,12508817,15,HLB-14ccff4e-570e-11f0-8cdb-0c42a112278c,ZRTC20260424025,21,-282.06,-249.61
零售,601488,10021857,12508817,14,HLB-14ccfefc-570e-11f0-8cdb-0c42a112278c,ZRTC20260424025,21,-282.06,-249.61
零售,601488,10021857,12508817,12,HLB-14ccff61-570e-11f0-8cdb-0c42a112278c,ZRTC20260424025,21,-282.06,-249.61
零售,601488,10021857,12508817,11,HLB-14ccff88-570e-11f0-8cdb-0c42a112278c,ZRTC20260424025,21,-282.06,-249.61
零售,601488,10021857,12508817,10,HLB-14ccff75-570e-11f0-8cdb-0c42a112278c,ZRTC20260424025,21,-282.06,-249.61
零售,601488,10021857,12508817,9,HLB-14ccfee6-570e-11f0-8cdb-0c42a112278c,ZRTC20260424025,21,-282.06,-249.61
零售,601488,10021857,12508817,6,HLB-14ccff0f-570e-11f0-8cdb-0c42a112278c,ZRTC20260424025,21,-282.06,-249.61
零售,601488,10021857,12506583,18,HLB-abfc0511-56e9-11f0-8cdb-0c42a112278c,ZRTC20260424025,20,-281.95,-249.51
零售,601488,10021857,12506583,17,HLB-abfc0538-56e9-11f0-8cdb-0c42a112278c,ZRTC20260424025,20,-281.3,-248.94
零售,601488,10021857,12506583,16,HLB-abfc0497-56e9-11f0-8cdb-0c42a112278c,ZRTC20260424025,20,-281.3,-248.94
零售,601488,10021857,12506583,15,HLB-abfc0525-56e9-11f0-8cdb-0c42a112278c,ZRTC20260424025,20,-281.3,-248.94
零售,601488,10021857,12506583,12,HLB-abfc04fd-56e9-11f0-8cdb-0c42a112278c,ZRTC20260424025,20,-281.3,-248.94
零售,601488,10021857,12506583,8,HLB-abfc054c-56e9-11f0-8cdb-0c42a112278c,ZRTC20260424025,20,-281.3,-248.94
零售,601488,10021857,12506583,6,HLB-abfc04d6-56e9-11f0-8cdb-0c42a112278c,ZRTC20260424025,20,-281.3,-248.94
零售,601488,10021857,12506583,4,HLB-abfc04bf-56e9-11f0-8cdb-0c42a112278c,ZRTC20260424025,20,-281.3,-248.94
零售,601488,10021857,12512474,69,HLB-06dc2a8c-57bf-11f0-8cdb-0c42a112278c,ZRTC20260424025,18,-184.56,-163.33
零售,601488,10021857,12512474,67,HLB-06c38e2f-57bf-11f0-8cdb-0c42a112278c,ZRTC20260424025,18,-184.56,-163.33
零售,601488,10021857,12512474,65,HLB-06c38c11-57bf-11f0-8cdb-0c42a112278c,ZRTC20260424025,18,-184.56,-163.33
零售,601488,10021857,12512474,63,HLB-06c38cc8-57bf-11f0-8cdb-0c42a112278c,ZRTC20260424025,18,-184.56,-163.33
零售,601488,10021857,12512474,62,HLB-06c38ca1-57bf-11f0-8cdb-0c42a112278c,ZRTC20260424025,18,-184.56,-163.33
零售,601488,10021857,12512474,59,HLB-06c38cf0-57bf-11f0-8cdb-0c42a112278c,ZRTC20260424025,18,-184.56,-163.33
零售,601488,10021857,12512474,58,HLB-06c38cb4-57bf-11f0-8cdb-0c42a112278c,ZRTC20260424025,18,-184.56,-163.33
零售,601488,10021857,12512474,57,HLB-06dc2a44-57bf-11f0-8cdb-0c42a112278c,ZRTC20260424025,18,-184.56,-163.33
零售,601488,10021857,12512474,56,HLB-06dc2a1e-57bf-11f0-8cdb-0c42a112278c,ZRTC20260424025,18,-184.56,-163.33
零售,601488,10021857,12512474,55,HLB-06dc29d8-57bf-11f0-8cdb-0c42a112278c,ZRTC20260424025,18,-184.56,-163.33
零售,601488,10021857,12512474,54,HLB-06dc2a67-57bf-11f0-8cdb-0c42a112278c,ZRTC20260424025,18,-184.56,-163.33
零售,601488,10021857,12512474,53,HLB-06dc2941-57bf-11f0-8cdb-0c42a112278c,ZRTC20260424025,18,-184.56,-163.33
零售,601488,10021857,12512474,50,HLB-06c38be3-57bf-11f0-8cdb-0c42a112278c,ZRTC20260424025,18,-184.56,-163.33
零售,601488,10021857,12512474,48,HLB-06dc2832-57bf-11f0-8cdb-0c42a112278c,ZRTC20260424025,18,-184.56,-163.33
零售,601488,10021857,12512474,47,HLB-06dc27d7-57bf-11f0-8cdb-0c42a112278c,ZRTC20260424025,18,-184.56,-163.33
零售,601488,10021857,12512474,44,HLB-06c38d90-57bf-11f0-8cdb-0c42a112278c,ZRTC20260424025,18,-184.56,-163.33
零售,601488,10021857,12512474,42,HLB-06c38df3-57bf-11f0-8cdb-0c42a112278c,ZRTC20260424025,18,-184.56,-163.33
零售,601488,10021857,12512474,41,HLB-06c38e1a-57bf-11f0-8cdb-0c42a112278c,ZRTC20260424025,18,-184.56,-163.33
零售,601488,10021857,12512474,39,HLB-06c38c25-57bf-11f0-8cdb-0c42a112278c,ZRTC20260424025,18,-184.56,-163.33
零售,601488,10021857,12512474,37,HLB-06c38c61-57bf-11f0-8cdb-0c42a112278c,ZRTC20260424025,18,-184.56,-163.33
零售,601488,10021857,12512474,35,HLB-06c38c4c-57bf-11f0-8cdb-0c42a112278c,ZRTC20260424025,18,-184.56,-163.33
零售,601488,10021857,12512474,33,HLB-06c38e07-57bf-11f0-8cdb-0c42a112278c,ZRTC20260424025,18,-184.56,-163.33
零售,601488,10021857,12512474,32,HLB-06c38da4-57bf-11f0-8cdb-0c42a112278c,ZRTC20260424025,18,-184.56,-163.33
零售,601488,10021857,12512474,28,HLB-06c38d7c-57bf-11f0-8cdb-0c42a112278c,ZRTC20260424025,18,-184.56,-163.33
零售,601488,10021857,12512474,27,HLB-06dc298b-57bf-11f0-8cdb-0c42a112278c,ZRTC20260424025,18,-184.56,-163.33
零售,601488,10021857,12512474,26,HLB-06dc2acd-57bf-11f0-8cdb-0c42a112278c,ZRTC20260424025,18,-184.56,-163.33
零售,601488,10021857,12512474,20,HLB-06c38c75-57bf-11f0-8cdb-0c42a112278c,ZRTC20260424025,18,-184.56,-163.33
零售,601488,10021857,12512474,19,HLB-06c38d05-57bf-11f0-8cdb-0c42a112278c,ZRTC20260424025,18,-184.56,-163.33
零售,601488,10021857,12512474,18,HLB-06c38bf9-57bf-11f0-8cdb-0c42a112278c,ZRTC20260424025,18,-184.56,-163.33
零售,601488,10021857,12512474,17,HLB-06dc291f-57bf-11f0-8cdb-0c42a112278c,ZRTC20260424025,18,-184.56,-163.33
零售,601488,10021857,12512474,11,HLB-06dc29b0-57bf-11f0-8cdb-0c42a112278c,ZRTC20260424025,18,-184.56,-163.33
零售,601488,10021857,12512474,10,HLB-06c38c8c-57bf-11f0-8cdb-0c42a112278c,ZRTC20260424025,18,-184.56,-163.33
零售,601488,10021857,12512474,9,HLB-06dc29fb-57bf-11f0-8cdb-0c42a112278c,ZRTC20260424025,18,-184.56,-163.33
零售,601488,10021857,12512474,8,HLB-06c38d18-57bf-11f0-8cdb-0c42a112278c,ZRTC20260424025,18,-184.56,-163.33
零售,601488,10021857,12512474,4,HLB-06dc2aac-57bf-11f0-8cdb-0c42a112278c,ZRTC20260424025,18,-184.56,-163.33
零售,601488,10021857,12508826,39,HLB-1600917f-570e-11f0-8cdb-0c42a112278c,ZRTC20260424025,18,-184.56,-163.33
零售,601488,10021857,12508826,38,HLB-16009285-570e-11f0-8cdb-0c42a112278c,ZRTC20260424025,18,-184.56,-163.33
零售,601488,10021857,12508826,37,HLB-160091d1-570e-11f0-8cdb-0c42a112278c,ZRTC20260424025,18,-184.56,-163.33
零售,601488,10021857,12508826,36,HLB-16009107-570e-11f0-8cdb-0c42a112278c,ZRTC20260424025,18,-184.56,-163.33
零售,601488,10021857,12508826,35,HLB-16009130-570e-11f0-8cdb-0c42a112278c,ZRTC20260424025,18,-184.56,-163.33
零售,601488,10021857,12508826,34,HLB-1600916b-570e-11f0-8cdb-0c42a112278c,ZRTC20260424025,18,-184.56,-163.33
零售,601488,10021857,12508826,26,HLB-16009235-570e-11f0-8cdb-0c42a112278c,ZRTC20260424025,18,-184.56,-163.33
零售,601488,10021857,12508826,24,HLB-1600911c-570e-11f0-8cdb-0c42a112278c,ZRTC20260424025,18,-184.56,-163.33
零售,601488,10021857,12508826,23,HLB-160091f8-570e-11f0-8cdb-0c42a112278c,ZRTC20260424025,18,-184.56,-163.33
零售,601488,10021857,12508826,21,HLB-160091a8-570e-11f0-8cdb-0c42a112278c,ZRTC20260424025,18,-184.56,-163.33
零售,601488,10021857,12508826,18,HLB-160091e4-570e-11f0-8cdb-0c42a112278c,ZRTC20260424025,18,-184.56,-163.33
零售,601488,10021857,12508826,17,HLB-1600925e-570e-11f0-8cdb-0c42a112278c,ZRTC20260424025,18,-184.56,-163.33
零售,601488,10021857,12508826,16,HLB-16009193-570e-11f0-8cdb-0c42a112278c,ZRTC20260424025,18,-184.56,-163.33
零售,601488,10021857,12508826,15,HLB-1600920c-570e-11f0-8cdb-0c42a112278c,ZRTC20260424025,18,-184.56,-163.33
零售,601488,10021857,12508826,14,HLB-16009248-570e-11f0-8cdb-0c42a112278c,ZRTC20260424025,18,-184.56,-163.33
零售,601488,10021857,12508826,13,HLB-160091bd-570e-11f0-8cdb-0c42a112278c,ZRTC20260424025,18,-184.56,-163.33
零售,601488,10021857,12508826,12,HLB-16009145-570e-11f0-8cdb-0c42a112278c,ZRTC20260424025,18,-184.56,-163.33
零售,601488,10021857,12508826,9,HLB-16009158-570e-11f0-8cdb-0c42a112278c,ZRTC20260424025,18,-184.56,-163.33
零售,601488,10021857,12508826,2,HLB-16009271-570e-11f0-8cdb-0c42a112278c,ZRTC20260424025,18,-184.56,-163.33
零售,601488,10021857,12508826,1,HLB-16009220-570e-11f0-8cdb-0c42a112278c,ZRTC20260424025,18,-184.56,-163.33
零售,601488,10021857,12508813,20,HLB-14a8fc2e-570e-11f0-8cdb-0c42a112278c,ZRTC20260424025,18,-184.56,-163.33
零售,601488,10021857,12508813,13,HLB-14a8fcd1-570e-11f0-8cdb-0c42a112278c,ZRTC20260424025,18,-184.56,-163.33
零售,601488,10021857,12508813,12,HLB-14a8fd38-570e-11f0-8cdb-0c42a112278c,ZRTC20260424025,18,-184.56,-163.33
零售,601488,10021857,12508813,10,HLB-14a8fd52-570e-11f0-8cdb-0c42a112278c,ZRTC20260424025,18,-184.56,-163.33
零售,601488,10021857,12508813,8,HLB-14a8fceb-570e-11f0-8cdb-0c42a112278c,ZRTC20260424025,18,-184.56,-163.33
零售,601488,10021857,12508813,7,HLB-14a8fd67-570e-11f0-8cdb-0c42a112278c,ZRTC20260424025,18,-184.56,-163.33
零售,601488,10021857,12508813,6,HLB-14a8fc91-570e-11f0-8cdb-0c42a112278c,ZRTC20260424025,18,-184.56,-163.33
零售,601488,10021857,12508813,5,HLB-14a8fd03-570e-11f0-8cdb-0c42a112278c,ZRTC20260424025,18,-184.56,-163.33
零售,601488,10021857,12508813,4,HLB-14a8fd7b-570e-11f0-8cdb-0c42a112278c,ZRTC20260424025,18,-184.56,-163.33
零售,601488,10021857,12508813,1,HLB-14a8fd1f-570e-11f0-8cdb-0c42a112278c,ZRTC20260424025,18,-184.56,-163.33
零售,601488,10021857,12508825,20,HLB-15dfdc4d-570e-11f0-8cdb-0c42a112278c,ZRTC20260424025,18,-184.56,-163.33
零售,601488,10021857,12508825,19,HLB-15dfdc8a-570e-11f0-8cdb-0c42a112278c,ZRTC20260424025,18,-184.56,-163.33
零售,601488,10021857,12375042,15,HLB-0dc8721c-4f18-11f0-8cdb-0c42a112278c,ZRTC20260424025,12,-400.26,-354.21
零售,601488,10021857,12375042,14,HLB-0dc8719b-4f18-11f0-8cdb-0c42a112278c,ZRTC20260424025,12,-400.26,-354.21
零售,601488,10021857,12375042,13,HLB-0dc8733d-4f18-11f0-8cdb-0c42a112278c,ZRTC20260424025,12,-400.26,-354.21
零售,601488,10021857,12375042,12,HLB-0dc873b5-4f18-11f0-8cdb-0c42a112278c,ZRTC20260424025,12,-400.26,-354.21
零售,601488,10021857,12375042,11,HLB-0da02b03-4f18-11f0-8cdb-0c42a112278c,ZRTC20260424025,12,-400.26,-354.21
零售,601488,10021857,12375042,10,HLB-0da02af0-4f18-11f0-8cdb-0c42a112278c,ZRTC20260424025,12,-400.26,-354.21
零售,601488,10021857,12375042,9,HLB-0dc87274-4f18-11f0-8cdb-0c42a112278c,ZRTC20260424025,12,-400.26,-354.21
零售,601488,10021857,12375042,8,HLB-0da02add-4f18-11f0-8cdb-0c42a112278c,ZRTC20260424025,12,-400.26,-354.21
零售,601488,10021857,12375042,7,HLB-0dc8730a-4f18-11f0-8cdb-0c42a112278c,ZRTC20260424025,12,-400.26,-354.21
零售,601488,10021857,12375042,6,HLB-0da02ac5-4f18-11f0-8cdb-0c42a112278c,ZRTC20260424025,12,-400.26,-354.21
零售,601488,10021857,12375042,5,HLB-0dc8717a-4f18-11f0-8cdb-0c42a112278c,ZRTC20260424025,12,-400.26,-354.21
零售,601488,10021857,12375042,4,HLB-0dc871fd-4f18-11f0-8cdb-0c42a112278c,ZRTC20260424025,12,-400.26,-354.21
零售,601488,10021857,12375042,3,HLB-0dc871b7-4f18-11f0-8cdb-0c42a112278c,ZRTC20260424025,12,-400.26,-354.21
零售,601488,10021857,12375042,2,HLB-0dc872bd-4f18-11f0-8cdb-0c42a112278c,ZRTC20260424025,12,-400.26,-354.21
零售,601488,10021857,12375042,1,HLB-0dc872d4-4f18-11f0-8cdb-0c42a112278c,ZRTC20260424025,12,-400.26,-354.21
零售,601488,10021857,12508818,19,HLB-14f16fb5-570e-11f0-8cdb-0c42a112278c,ZRTC20260424025,12,-400.26,-354.21
零售,601488,10021857,12508818,17,HLB-14f16f23-570e-11f0-8cdb-0c42a112278c,ZRTC20260424025,12,-400.26,-354.21
零售,601488,10021857,12508818,15,HLB-14f16eb9-570e-11f0-8cdb-0c42a112278c,ZRTC20260424025,12,-400.26,-354.21
零售,601488,10021857,12508818,13,HLB-14f16ff3-570e-11f0-8cdb-0c42a112278c,ZRTC20260424025,12,-400.26,-354.21
零售,601488,10021857,12508818,11,HLB-14f16f98-570e-11f0-8cdb-0c42a112278c,ZRTC20260424025,12,-400.26,-354.21
零售,601488,10021857,12508818,9,HLB-14f16f60-570e-11f0-8cdb-0c42a112278c,ZRTC20260424025,12,-400.26,-354.21
零售,601488,10021857,12508818,8,HLB-14f16f40-570e-11f0-8cdb-0c42a112278c,ZRTC20260424025,12,-400.26,-354.21
零售,601488,10021857,12508818,6,HLB-14f16f09-570e-11f0-8cdb-0c42a112278c,ZRTC20260424025,12,-400.26,-354.21
零售,601488,10021857,12508818,3,HLB-14f16f79-570e-11f0-8cdb-0c42a112278c,ZRTC20260424025,12,-400.26,-354.21
零售,601488,10021857,12508818,2,HLB-14f16fd2-570e-11f0-8cdb-0c42a112278c,ZRTC20260424025,12,-400.26,-354.21
零售,601488,10021857,12508822,99,HLB-15593b89-570e-11f0-8cdb-0c42a112278c,ZRTC20260424025,12,-400.26,-354.21
零售,601488,10021857,12508822,98,HLB-157a5e23-570e-11f0-8cdb-0c42a112278c,ZRTC20260424025,12,-400.26,-354.21
零售,601488,10021857,12508822,97,HLB-15593aa7-570e-11f0-8cdb-0c42a112278c,ZRTC20260424025,12,-400.26,-354.21
零售,601488,10021857,12508822,95,HLB-157a5d65-570e-11f0-8cdb-0c42a112278c,ZRTC20260424025,12,-400.26,-354.21
零售,601488,10021857,12508822,92,HLB-157a5c99-570e-11f0-8cdb-0c42a112278c,ZRTC20260424025,12,-400.26,-354.21
零售,601488,10021857,12508822,91,HLB-15593a6a-570e-11f0-8cdb-0c42a112278c,ZRTC20260424025,12,-400.26,-354.21
零售,601488,10021857,12508822,90,HLB-157a5d94-570e-11f0-8cdb-0c42a112278c,ZRTC20260424025,12,-400.26,-354.21
零售,601488,10021857,12508822,88,HLB-15593b9d-570e-11f0-8cdb-0c42a112278c,ZRTC20260424025,12,-400.26,-354.21
零售,601488,10021857,12508822,83,HLB-15593aba-570e-11f0-8cdb-0c42a112278c,ZRTC20260424025,12,-400.26,-354.21
零售,601488,10021857,12508822,76,HLB-15593b61-570e-11f0-8cdb-0c42a112278c,ZRTC20260424025,12,-400.26,-354.21
零售,601488,10021857,12508822,74,HLB-157a5bb8-570e-11f0-8cdb-0c42a112278c,ZRTC20260424025,12,-400.26,-354.21
零售,601488,10021857,12508822,72,HLB-157a5d05-570e-11f0-8cdb-0c42a112278c,ZRTC20260424025,12,-400.26,-354.21
零售,601488,10021857,12508822,71,HLB-15593bb0-570e-11f0-8cdb-0c42a112278c,ZRTC20260424025,12,-400.26,-354.21
零售,601488,10021857,12508822,70,HLB-157a5d51-570e-11f0-8cdb-0c42a112278c,ZRTC20260424025,12,-400.26,-354.21
零售,601488,10021857,12508822,69,HLB-15593b0a-570e-11f0-8cdb-0c42a112278c,ZRTC20260424025,12,-400.26,-354.21
零售,601488,10021857,12508822,68,HLB-15593ae2-570e-11f0-8cdb-0c42a112278c,ZRTC20260424025,12,-400.26,-354.21
零售,601488,10021857,12508822,66,HLB-157a5ceb-570e-11f0-8cdb-0c42a112278c,ZRTC20260424025,12,-400.26,-354.21
零售,601488,10021857,12508822,65,HLB-15593b46-570e-11f0-8cdb-0c42a112278c,ZRTC20260424025,12,-400.26,-354.21
零售,601488,10021857,12508822,62,HLB-157a5c7b-570e-11f0-8cdb-0c42a112278c,ZRTC20260424025,12,-400.26,-354.21
零售,601488,10021857,12508822,60,HLB-15593a7d-570e-11f0-8cdb-0c42a112278c,ZRTC20260424025,12,-400.26,-354.21
零售,601488,10021857,12508822,59,HLB-15593ace-570e-11f0-8cdb-0c42a112278c,ZRTC20260424025,12,-400.26,-354.21
零售,601488,10021857,12508822,58,HLB-157a5e66-570e-11f0-8cdb-0c42a112278c,ZRTC20260424025,12,-400.26,-354.21
零售,601488,10021857,12508822,57,HLB-157a5cb6-570e-11f0-8cdb-0c42a112278c,ZRTC20260424025,12,-400.26,-354.21
零售,601488,10021857,12508822,56,HLB-15593a56-570e-11f0-8cdb-0c42a112278c,ZRTC20260424025,12,-400.26,-354.21
零售,601488,10021857,12508822,54,HLB-157a5e51-570e-11f0-8cdb-0c42a112278c,ZRTC20260424025,12,-400.26,-354.21
零售,601488,10021857,12508822,53,HLB-157a5c60-570e-11f0-8cdb-0c42a112278c,ZRTC20260424025,12,-400.26,-354.21
零售,601488,10021857,12508822,52,HLB-157a5ea6-570e-11f0-8cdb-0c42a112278c,ZRTC20260424025,12,-400.26,-354.21
零售,601488,10021857,12508822,47,HLB-157a5daf-570e-11f0-8cdb-0c42a112278c,ZRTC20260424025,12,-400.26,-354.21
零售,601488,10021857,12508822,46,HLB-15593b32-570e-11f0-8cdb-0c42a112278c,ZRTC20260424025,12,-400.26,-354.21
零售,601488,10021857,12508822,45,HLB-157a5c09-570e-11f0-8cdb-0c42a112278c,ZRTC20260424025,12,-400.26,-354.21
零售,601488,10021857,12508822,44,HLB-157a5d7a-570e-11f0-8cdb-0c42a112278c,ZRTC20260424025,12,-400.26,-354.21
零售,601488,10021857,12508822,43,HLB-157a5e7d-570e-11f0-8cdb-0c42a112278c,ZRTC20260424025,12,-400.26,-354.21
零售,601488,10021857,12508822,41,HLB-157a5d39-570e-11f0-8cdb-0c42a112278c,ZRTC20260424025,12,-400.26,-354.21
零售,601488,10021857,12508822,40,HLB-157a5df3-570e-11f0-8cdb-0c42a112278c,ZRTC20260424025,12,-400.26,-354.21
零售,601488,10021857,12508822,38,HLB-157a5c40-570e-11f0-8cdb-0c42a112278c,ZRTC20260424025,12,-400.26,-354.21
零售,601488,10021857,12508822,35,HLB-157a5c26-570e-11f0-8cdb-0c42a112278c,ZRTC20260424025,12,-400.26,-354.21
零售,601488,10021857,12508822,33,HLB-157a5e0a-570e-11f0-8cdb-0c42a112278c,ZRTC20260424025,12,-400.26,-354.21
零售,601488,10021857,12508822,32,HLB-157a5ddb-570e-11f0-8cdb-0c42a112278c,ZRTC20260424025,12,-400.26,-354.21
零售,601488,10021857,12508822,31,HLB-15593a91-570e-11f0-8cdb-0c42a112278c,ZRTC20260424025,12,-400.26,-354.21
零售,601488,10021857,12508822,30,HLB-15593af7-570e-11f0-8cdb-0c42a112278c,ZRTC20260424025,12,-400.26,-354.21
零售,601488,10021857,12508822,29,HLB-157a5e92-570e-11f0-8cdb-0c42a112278c,ZRTC20260424025,12,-400.26,-354.21
零售,601488,10021857,12508822,25,HLB-157a5eba-570e-11f0-8cdb-0c42a112278c,ZRTC20260424025,12,-400.26,-354.21
零售,601488,10021857,12506579,31,HLB-ab94d248-56e9-11f0-8cdb-0c42a112278c,ZRTC20260424025,4,-477.32,-422.41
零售,601488,10021857,12506579,30,HLB-ab94d203-56e9-11f0-8cdb-0c42a112278c,ZRTC20260424025,4,-477.32,-422.41
零售,601488,10021857,12506579,29,HLB-ab94d232-56e9-11f0-8cdb-0c42a112278c,ZRTC20260424025,4,-477.32,-422.41
零售,601488,10021857,12506579,27,HLB-ab94d21b-56e9-11f0-8cdb-0c42a112278c,ZRTC20260424025,4,-477.32,-422.41
零售,601488,10021857,12506579,23,HLB-ab94d1d3-56e9-11f0-8cdb-0c42a112278c,ZRTC20260424025,4,-477.32,-422.41
零售,601488,10021857,12506579,20,HLB-ab94d30c-56e9-11f0-8cdb-0c42a112278c,ZRTC20260424025,4,-477.32,-422.41
零售,601488,10021857,12506579,17,HLB-ab94d336-56e9-11f0-8cdb-0c42a112278c,ZRTC20260424025,4,-477.32,-422.41
零售,601488,10021857,12506579,16,HLB-ab94d2ca-56e9-11f0-8cdb-0c42a112278c,ZRTC20260424025,4,-477.32,-422.41
零售,601488,10021857,12506579,15,HLB-ab94d2de-56e9-11f0-8cdb-0c42a112278c,ZRTC20260424025,4,-477.32,-422.41
零售,601488,10021857,12506579,11,HLB-ab94d272-56e9-11f0-8cdb-0c42a112278c,ZRTC20260424025,4,-477.32,-422.41
零售,601488,10021857,12506579,7,HLB-ab94d2f7-56e9-11f0-8cdb-0c42a112278c,ZRTC20260424025,4,-477.32,-422.41
零售,601488,10021857,12506579,5,HLB-ab94d288-56e9-11f0-8cdb-0c42a112278c,ZRTC20260424025,4,-477.32,-422.41
零售,601488,10021857,12506579,2,HLB-ab94d165-56e9-11f0-8cdb-0c42a112278c,ZRTC20260424025,4,-477.32,-422.41
零售,601488,10021857,12506579,1,HLB-ab94d2b6-56e9-11f0-8cdb-0c42a112278c,ZRTC20260424025,4,-477.32,-422.41
零售,601488,10021857,12506580,40,HLB-abb7cb29-56e9-11f0-8cdb-0c42a112278c,ZRTC20260424025,4,-477.32,-422.41
零售,601488,10021857,12506580,36,HLB-abb7cb42-56e9-11f0-8cdb-0c42a112278c,ZRTC20260424025,4,-477.32,-422.41
零售,601488,10021857,12506580,35,HLB-abb7caa0-56e9-11f0-8cdb-0c42a112278c,ZRTC20260424025,4,-477.32,-422.41
零售,601488,10021857,12506580,32,HLB-abb7cb5b-56e9-11f0-8cdb-0c42a112278c,ZRTC20260424025,4,-477.32,-422.41
零售,601488,10021857,12506580,31,HLB-ab94d59e-56e9-11f0-8cdb-0c42a112278c,ZRTC20260424025,4,-477.32,-422.41
零售,601488,10021857,12506580,27,HLB-ab94d547-56e9-11f0-8cdb-0c42a112278c,ZRTC20260424025,4,-477.32,-422.41
零售,601488,10021857,12506580,26,HLB-ab94d521-56e9-11f0-8cdb-0c42a112278c,ZRTC20260424025,4,-477.32,-422.41
零售,601488,10021857,12506580,25,HLB-abb7cbe8-56e9-11f0-8cdb-0c42a112278c,ZRTC20260424025,4,-477.32,-422.41
零售,601488,10021857,12506580,24,HLB-abb7cb97-56e9-11f0-8cdb-0c42a112278c,ZRTC20260424025,4,-477.32,-422.41
零售,601488,10021857,12506580,23,HLB-ab94d570-56e9-11f0-8cdb-0c42a112278c,ZRTC20260424025,4,-477.32,-422.41
零售,601488,10021857,12506580,20,HLB-ab94d534-56e9-11f0-8cdb-0c42a112278c,ZRTC20260424025,4,-477.32,-422.41
零售,601488,10021857,12506580,14,HLB-abb7cc06-56e9-11f0-8cdb-0c42a112278c,ZRTC20260424025,4,-477.32,-422.41
零售,601488,10021857,12506580,13,HLB-ab94d55b-56e9-11f0-8cdb-0c42a112278c,ZRTC20260424025,4,-477.32,-422.41
零售,601488,10021857,12506580,12,HLB-ab94d507-56e9-11f0-8cdb-0c42a112278c,ZRTC20260424025,4,-477.32,-422.41
零售,601488,10021857,12506580,10,HLB-abb7cbb0-56e9-11f0-8cdb-0c42a112278c,ZRTC20260424025,4,-477.32,-422.41
零售,601488,10021857,12506580,9,HLB-abb7cbcc-56e9-11f0-8cdb-0c42a112278c,ZRTC20260424025,4,-477.32,-422.41
零售,601488,10021857,12506580,8,HLB-abb7cb11-56e9-11f0-8cdb-0c42a112278c,ZRTC20260424025,4,-477.32,-422.41
零售,601488,10021857,12506580,5,HLB-ab94d5b3-56e9-11f0-8cdb-0c42a112278c,ZRTC20260424025,4,-477.32,-422.41
零售,601488,10021857,12506580,4,HLB-ab94d589-56e9-11f0-8cdb-0c42a112278c,ZRTC20260424025,4,-477.32,-422.41
零售,601488,10021857,12549584,7,HLB-6ecc376b-5d4a-11f0-8cdb-0c42a112278c,ZRTC20260424025,4,-477.32,-422.41
零售,601488,10021857,12549584,4,HLB-6ecc37b7-5d4a-11f0-8cdb-0c42a112278c,ZRTC20260424025,4,-477.32,-422.41
零售,601488,10021857,12549584,3,HLB-6ecc37f7-5d4a-11f0-8cdb-0c42a112278c,ZRTC20260424025,4,-477.32,-422.41
零售,601488,10021857,12549584,2,HLB-6ecc37e1-5d4a-11f0-8cdb-0c42a112278c,ZRTC20260424025,4,-477.32,-422.41
零售,601488,10021857,12549584,1,HLB-6ecc380e-5d4a-11f0-8cdb-0c42a112278c,ZRTC20260424025,4,-477.32,-422.41
零售,601488,10021857,12287989,20,HLB-7fe93507-4a68-11f0-8cdb-0c42a112278c,ZRTC20260424025,4,-477.32,-422.41
零售,601488,10021857,12287989,19,HLB-7fe93546-4a68-11f0-8cdb-0c42a112278c,ZRTC20260424025,4,-477.32,-422.41
零售,601488,10021857,12287989,18,HLB-7fe9349d-4a68-11f0-8cdb-0c42a112278c,ZRTC20260424025,4,-477.32,-422.41
零售,601488,10021857,12287989,17,HLB-7fe93570-4a68-11f0-8cdb-0c42a112278c,ZRTC20260424025,4,-477.32,-422.41
零售,601488,10021857,12287989,16,HLB-7fe93425-4a68-11f0-8cdb-0c42a112278c,ZRTC20260424025,4,-477.32,-422.41
零售,601488,10021857,12287989,15,HLB-7fe9343d-4a68-11f0-8cdb-0c42a112278c,ZRTC20260424025,4,-477.32,-422.41
零售,601488,10021857,12287989,14,HLB-7fe933ce-4a68-11f0-8cdb-0c42a112278c,ZRTC20260424025,4,-477.32,-422.41
零售,601488,10021857,12287989,13,HLB-7fe9355d-4a68-11f0-8cdb-0c42a112278c,ZRTC20260424025,4,-477.32,-422.41
零售,601488,10021857,12287989,12,HLB-7fe934de-4a68-11f0-8cdb-0c42a112278c,ZRTC20260424025,4,-477.32,-422.41
零售,601488,10021857,12287989,11,HLB-7fe93471-4a68-11f0-8cdb-0c42a112278c,ZRTC20260424025,4,-477.32,-422.41
零售,601488,10021857,12287989,10,HLB-7fe93456-4a68-11f0-8cdb-0c42a112278c,ZRTC20260424025,4,-477.32,-422.41
零售,601488,10021857,12287989,8,HLB-7fe9351c-4a68-11f0-8cdb-0c42a112278c,ZRTC20260424025,4,-477.32,-422.41
零售,601488,10021857,12287989,7,HLB-7fe93486-4a68-11f0-8cdb-0c42a112278c,ZRTC20260424025,4,-477.32,-422.41
零售,601488,10021857,12287989,6,HLB-7fe934b4-4a68-11f0-8cdb-0c42a112278c,ZRTC20260424025,4,-477.32,-422.41
零售,601488,10021857,12287989,5,HLB-7fe933fa-4a68-11f0-8cdb-0c42a112278c,ZRTC20260424025,4,-477.32,-422.41
零售,601488,10021857,12287989,4,HLB-7fe93412-4a68-11f0-8cdb-0c42a112278c,ZRTC20260424025,4,-477.32,-422.41
零售,601488,10021857,12287989,3,HLB-7fe934ca-4a68-11f0-8cdb-0c42a112278c,ZRTC20260424025,4,-477.32,-422.41
零售,601488,10021857,12287989,2,HLB-7fe933e4-4a68-11f0-8cdb-0c42a112278c,ZRTC20260424025,4,-477.32,-422.41
零售,601488,10021857,12287989,1,HLB-7fe93531-4a68-11f0-8cdb-0c42a112278c,ZRTC20260424025,4,-477.32,-422.41
零售,601488,10021857,12377688,20,HLB-ecec22bd-4f2f-11f0-8cdb-0c42a112278c,ZRTC20260424025,4,-477.32,-422.41
零售,601488,10021857,12377688,19,HLB-ecc7bff4-4f2f-11f0-8cdb-0c42a112278c,ZRTC20260424025,4,-477.32,-422.41
零售,601488,10021857,12377688,17,HLB-ecec2390-4f2f-11f0-8cdb-0c42a112278c,ZRTC20260424025,4,-477.32,-422.41
零售,601488,10021857,12377688,16,HLB-ecec2325-4f2f-11f0-8cdb-0c42a112278c,ZRTC20260424025,4,-477.32,-422.41
零售,601488,10021857,12377688,15,HLB-ecec23c5-4f2f-11f0-8cdb-0c42a112278c,ZRTC20260424025,4,-477.32,-422.41
零售,601488,10021857,12377688,14,HLB-ecec2342-4f2f-11f0-8cdb-0c42a112278c,ZRTC20260424025,4,-477.32,-422.41
零售,601488,10021857,12377688,13,HLB-ecc7c01b-4f2f-11f0-8cdb-0c42a112278c,ZRTC20260424025,4,-477.32,-422.41
零售,601488,10021857,12377688,12,HLB-ecc7bfb6-4f2f-11f0-8cdb-0c42a112278c,ZRTC20260424025,4,-477.32,-422.41
零售,601488,10021857,12377688,11,HLB-ecec23ac-4f2f-11f0-8cdb-0c42a112278c,ZRTC20260424025,4,-477.32,-422.41
零售,601488,10021857,12377688,10,HLB-ecc7c030-4f2f-11f0-8cdb-0c42a112278c,ZRTC20260424025,4,-477.32,-422.41
零售,601488,10021857,12377684,3,HLB-eca5a032-4f2f-11f0-8cdb-0c42a112278c,ZRTC20260424025,4,-477.32,-422.41
零售,601488,10021857,12377684,2,HLB-eca5a00b-4f2f-11f0-8cdb-0c42a112278c,ZRTC20260424025,4,-477.32,-422.41
零售,601488,10021857,12377684,1,HLB-eca59fe2-4f2f-11f0-8cdb-0c42a112278c,ZRTC20260424025,4,-477.32,-422.41
零售,601488,10021857,12508820,20,HLB-15137070-570e-11f0-8cdb-0c42a112278c,ZRTC20260424025,4,-477.32,-422.41
零售,601488,10021857,12508820,17,HLB-15137096-570e-11f0-8cdb-0c42a112278c,ZRTC20260424025,4,-477.32,-422.41
零售,601488,10021857,12508820,14,HLB-15137045-570e-11f0-8cdb-0c42a112278c,ZRTC20260424025,4,-477.32,-422.41
零售,601488,10021857,12508820,13,HLB-1513705a-570e-11f0-8cdb-0c42a112278c,ZRTC20260424025,4,-477.32,-422.41
零售,601488,10021857,12508820,12,HLB-15137031-570e-11f0-8cdb-0c42a112278c,ZRTC20260424025,4,-477.32,-422.41
零售,601488,10021857,12508820,11,HLB-151370a9-570e-11f0-8cdb-0c42a112278c,ZRTC20260424025,4,-477.32,-422.41
零售,601488,10021857,12508820,9,HLB-15137084-570e-11f0-8cdb-0c42a112278c,ZRTC20260424025,4,-477.32,-422.41
零售,601488,10021857,12508820,7,HLB-15136fef-570e-11f0-8cdb-0c42a112278c,ZRTC20260424025,4,-477.32,-422.41
零售,601488,10021857,12508820,6,HLB-15137004-570e-11f0-8cdb-0c42a112278c,ZRTC20260424025,4,-477.32,-422.41
零售,601488,10021857,12508820,3,HLB-15137017-570e-11f0-8cdb-0c42a112278c,ZRTC20260424025,4,-477.32,-422.41
零售,601488,10021857,12377686,20,HLB-ecc7bd34-4f2f-11f0-8cdb-0c42a112278c,ZRTC20260424025,4,-477.32,-422.41
零售,601488,10021857,12377686,19,HLB-ecc7bd79-4f2f-11f0-8cdb-0c42a112278c,ZRTC20260424025,4,-477.32,-422.41
零售,601488,10021857,12377686,18,HLB-ecc7bc4c-4f2f-11f0-8cdb-0c42a112278c,ZRTC20260424025,4,-477.32,-422.41
零售,601488,10021857,12377686,17,HLB-ecc7bdbd-4f2f-11f0-8cdb-0c42a112278c,ZRTC20260424025,4,-477.32,-422.41
零售,601488,10021857,12377686,16,HLB-ecc7bd60-4f2f-11f0-8cdb-0c42a112278c,ZRTC20260424025,4,-477.32,-422.41
零售,601488,10021857,12377686,15,HLB-ecc7bdd2-4f2f-11f0-8cdb-0c42a112278c,ZRTC20260424025,4,-477.32,-422.41
零售,601488,10021857,12377686,14,HLB-ecc7bc99-4f2f-11f0-8cdb-0c42a112278c,ZRTC20260424025,4,-477.32,-422.41
零售,601488,10021857,12377686,13,HLB-ecc7bcf2-4f2f-11f0-8cdb-0c42a112278c,ZRTC20260424025,4,-477.32,-422.41
零售,601488,10021857,12377686,12,HLB-ecc7bc63-4f2f-11f0-8cdb-0c42a112278c,ZRTC20260424025,4,-477.32,-422.41
零售,601488,10021857,12506583,2,HLB-abfc04e8-56e9-11f0-8cdb-0c42a112278c,ZRTC20260424025,20,-281.3,-248.94
零售,601488,10021857,12506583,1,HLB-abfc04ab-56e9-11f0-8cdb-0c42a112278c,ZRTC20260424025,20,-281.3,-248.94
零售,601488,10021857,12377689,20,HLB-ecec24fc-4f2f-11f0-8cdb-0c42a112278c,ZRTC20260424025,20,-281.3,-248.94
零售,601488,10021857,12377689,19,HLB-ecec254d-4f2f-11f0-8cdb-0c42a112278c,ZRTC20260424025,20,-281.3,-248.94
零售,601488,10021857,12377689,18,HLB-ecec2415-4f2f-11f0-8cdb-0c42a112278c,ZRTC20260424025,20,-281.3,-248.94
零售,601488,10021857,12377689,17,HLB-ecec2442-4f2f-11f0-8cdb-0c42a112278c,ZRTC20260424025,20,-281.3,-248.94
零售,601488,10021857,12377689,16,HLB-ecec249d-4f2f-11f0-8cdb-0c42a112278c,ZRTC20260424025,20,-281.3,-248.94
零售,601488,10021857,12377689,15,HLB-ecec242e-4f2f-11f0-8cdb-0c42a112278c,ZRTC20260424025,20,-281.3,-248.94
零售,601488,10021857,12377689,14,HLB-ecec2527-4f2f-11f0-8cdb-0c42a112278c,ZRTC20260424025,20,-281.3,-248.94
零售,601488,10021857,12377689,13,HLB-ecec2575-4f2f-11f0-8cdb-0c42a112278c,ZRTC20260424025,20,-281.3,-248.94
零售,601488,10021857,12377689,12,HLB-ecec2470-4f2f-11f0-8cdb-0c42a112278c,ZRTC20260424025,20,-281.3,-248.94
零售,601488,10021857,12377689,11,HLB-ecec24b2-4f2f-11f0-8cdb-0c42a112278c,ZRTC20260424025,20,-281.3,-248.94
零售,601488,10021857,12377689,10,HLB-ecec24ca-4f2f-11f0-8cdb-0c42a112278c,ZRTC20260424025,20,-281.3,-248.94
零售,601488,10021857,12377689,9,HLB-ecec259e-4f2f-11f0-8cdb-0c42a112278c,ZRTC20260424025,20,-281.3,-248.94
零售,601488,10021857,12377689,8,HLB-ecec24e6-4f2f-11f0-8cdb-0c42a112278c,ZRTC20260424025,20,-281.3,-248.94
零售,601488,10021857,12377689,7,HLB-ecec25b1-4f2f-11f0-8cdb-0c42a112278c,ZRTC20260424025,20,-281.3,-248.94
零售,601488,10021857,12377689,6,HLB-ecec2512-4f2f-11f0-8cdb-0c42a112278c,ZRTC20260424025,20,-281.3,-248.94
零售,601488,10021857,12377689,5,HLB-ecec253a-4f2f-11f0-8cdb-0c42a112278c,ZRTC20260424025,20,-281.3,-248.94
零售,601488,10021857,12377689,4,HLB-ecec2486-4f2f-11f0-8cdb-0c42a112278c,ZRTC20260424025,20,-281.3,-248.94
零售,601488,10021857,12377689,3,HLB-ecec2561-4f2f-11f0-8cdb-0c42a112278c,ZRTC20260424025,20,-281.3,-248.94
零售,601488,10021857,12377689,2,HLB-ecec2459-4f2f-11f0-8cdb-0c42a112278c,ZRTC20260424025,20,-281.3,-248.94
零售,601488,10021857,12377689,1,HLB-ecec2588-4f2f-11f0-8cdb-0c42a112278c,ZRTC20260424025,20,-281.3,-248.94
零售,601488,10021857,12501317,20,HLB-55a31450-561d-11f0-8cdb-0c42a112278c,ZRTC20260424025,20,-281.3,-248.94
零售,601488,10021857,12501317,19,HLB-55a31465-561d-11f0-8cdb-0c42a112278c,ZRTC20260424025,20,-281.3,-248.94
零售,601488,10021857,12501317,18,HLB-55a312fa-561d-11f0-8cdb-0c42a112278c,ZRTC20260424025,20,-281.3,-248.94
零售,601488,10021857,12501317,17,HLB-55a31311-561d-11f0-8cdb-0c42a112278c,ZRTC20260424025,20,-281.3,-248.94
零售,601488,10021857,12501317,16,HLB-55a314a6-561d-11f0-8cdb-0c42a112278c,ZRTC20260424025,20,-281.3,-248.94
零售,601488,10021857,12501317,15,HLB-55a313fe-561d-11f0-8cdb-0c42a112278c,ZRTC20260424025,20,-281.3,-248.94
零售,601488,10021857,12501317,14,HLB-55a31492-561d-11f0-8cdb-0c42a112278c,ZRTC20260424025,20,-281.3,-248.94
零售,601488,10021857,12501317,13,HLB-55a312e1-561d-11f0-8cdb-0c42a112278c,ZRTC20260424025,20,-281.3,-248.94
零售,601488,10021857,12501317,12,HLB-55a31479-561d-11f0-8cdb-0c42a112278c,ZRTC20260424025,20,-281.3,-248.94
零售,601488,10021857,12501317,11,HLB-55a31325-561d-11f0-8cdb-0c42a112278c,ZRTC20260424025,20,-281.3,-248.94
零售,601488,10021857,12501317,10,HLB-55a313ba-561d-11f0-8cdb-0c42a112278c,ZRTC20260424025,20,-281.3,-248.94
零售,601488,10021857,12501317,9,HLB-55a31386-561d-11f0-8cdb-0c42a112278c,ZRTC20260424025,20,-281.3,-248.94
零售,601488,10021857,12501317,8,HLB-55a3139f-561d-11f0-8cdb-0c42a112278c,ZRTC20260424025,20,-281.3,-248.94
零售,601488,10021857,12501317,7,HLB-55a31354-561d-11f0-8cdb-0c42a112278c,ZRTC20260424025,20,-281.3,-248.94
零售,601488,10021857,12501317,6,HLB-55a3133b-561d-11f0-8cdb-0c42a112278c,ZRTC20260424025,20,-281.3,-248.94
零售,601488,10021857,12501317,5,HLB-55a31413-561d-11f0-8cdb-0c42a112278c,ZRTC20260424025,20,-281.3,-248.94
零售,601488,10021857,12501317,4,HLB-55a31426-561d-11f0-8cdb-0c42a112278c,ZRTC20260424025,20,-281.3,-248.94
零售,601488,10021857,12501317,3,HLB-55a31371-561d-11f0-8cdb-0c42a112278c,ZRTC20260424025,20,-281.3,-248.94
零售,601488,10021857,12501317,2,HLB-55a313e7-561d-11f0-8cdb-0c42a112278c,ZRTC20260424025,20,-281.3,-248.94
零售,601488,10021857,12501317,1,HLB-55a313d0-561d-11f0-8cdb-0c42a112278c,ZRTC20260424025,20,-281.3,-248.94
零售,601488,10021857,12508824,38,HLB-15dfd9ba-570e-11f0-8cdb-0c42a112278c,ZRTC20260424025,20,-281.3,-248.94
零售,601488,10021857,12508824,37,HLB-15dfdac2-570e-11f0-8cdb-0c42a112278c,ZRTC20260424025,20,-281.3,-248.94
零售,601488,10021857,12508824,36,HLB-15dfd9a3-570e-11f0-8cdb-0c42a112278c,ZRTC20260424025,20,-281.3,-248.94
零售,601488,10021857,12508824,34,HLB-15dfda3f-570e-11f0-8cdb-0c42a112278c,ZRTC20260424025,20,-281.3,-248.94
零售,601488,10021857,12508824,33,HLB-15dfd9e3-570e-11f0-8cdb-0c42a112278c,ZRTC20260424025,20,-281.3,-248.94
零售,601488,10021857,12508824,32,HLB-15dfdb2c-570e-11f0-8cdb-0c42a112278c,ZRTC20260424025,20,-281.3,-248.94
零售,601488,10021857,12508824,30,HLB-15dfda6c-570e-11f0-8cdb-0c42a112278c,ZRTC20260424025,20,-281.3,-248.94
零售,601488,10021857,12508824,29,HLB-15dfd9f9-570e-11f0-8cdb-0c42a112278c,ZRTC20260424025,20,-281.3,-248.94
零售,601488,10021857,12508824,28,HLB-15dfdb19-570e-11f0-8cdb-0c42a112278c,ZRTC20260424025,20,-281.3,-248.94
零售,601488,10021857,12508824,27,HLB-15dfdb40-570e-11f0-8cdb-0c42a112278c,ZRTC20260424025,20,-281.3,-248.94
零售,601488,10021857,12508824,26,HLB-15dfda84-570e-11f0-8cdb-0c42a112278c,ZRTC20260424025,20,-281.3,-248.94
零售,601488,10021857,12508824,24,HLB-15dfda24-570e-11f0-8cdb-0c42a112278c,ZRTC20260424025,20,-281.3,-248.94
零售,601488,10021857,12508824,21,HLB-15dfd9cd-570e-11f0-8cdb-0c42a112278c,ZRTC20260424025,20,-281.3,-248.94
零售,601488,10021857,12508824,20,HLB-15dfdad6-570e-11f0-8cdb-0c42a112278c,ZRTC20260424025,20,-281.3,-248.94
零售,601488,10021857,12508824,16,HLB-15dfda53-570e-11f0-8cdb-0c42a112278c,ZRTC20260424025,20,-281.3,-248.94
零售,601488,10021857,12508824,15,HLB-15dfdaad-570e-11f0-8cdb-0c42a112278c,ZRTC20260424025,20,-281.3,-248.94
零售,601488,10021857,12508824,14,HLB-15dfda98-570e-11f0-8cdb-0c42a112278c,ZRTC20260424025,20,-281.3,-248.94
零售,601488,10021857,12508824,12,HLB-15dfdb05-570e-11f0-8cdb-0c42a112278c,ZRTC20260424025,20,-281.3,-248.94
零售,601488,10021857,12508824,10,HLB-15dfda0d-570e-11f0-8cdb-0c42a112278c,ZRTC20260424025,20,-281.3,-248.94
零售,601488,10021857,12508824,8,HLB-15dfdaed-570e-11f0-8cdb-0c42a112278c,ZRTC20260424025,20,-281.3,-248.94
零售,601488,10021857,12658730,39,HLB-d5ab0bb0-6a84-11f0-8cdb-0c42a112278c,ZRTC20260424025,20,281.3,248.94
零售,601488,10021857,12658730,38,HLB-d5ab0c7f-6a84-11f0-8cdb-0c42a112278c,ZRTC20260424025,20,281.3,248.94
零售,601488,10021857,12658730,36,HLB-d5ab0c6c-6a84-11f0-8cdb-0c42a112278c,ZRTC20260424025,20,281.3,248.94
零售,601488,10021857,12658730,34,HLB-d5ab0c1c-6a84-11f0-8cdb-0c42a112278c,ZRTC20260424025,20,281.3,248.94
零售,601488,10021857,12658730,31,HLB-d5ab0bc3-6a84-11f0-8cdb-0c42a112278c,ZRTC20260424025,20,281.3,248.94
零售,601488,10021857,12508825,17,HLB-15dfdcb2-570e-11f0-8cdb-0c42a112278c,ZRTC20260424025,18,-184.56,-163.33
零售,601488,10021857,12508825,16,HLB-15dfdc38-570e-11f0-8cdb-0c42a112278c,ZRTC20260424025,18,-184.56,-163.33
零售,601488,10021857,12508825,12,HLB-15dfdcdb-570e-11f0-8cdb-0c42a112278c,ZRTC20260424025,18,-184.56,-163.33
零售,601488,10021857,12508825,11,HLB-15dfdc25-570e-11f0-8cdb-0c42a112278c,ZRTC20260424025,18,-184.56,-163.33
零售,601488,10021857,12508825,10,HLB-15dfdc9e-570e-11f0-8cdb-0c42a112278c,ZRTC20260424025,18,-184.56,-163.33
零售,601488,10021857,12508825,9,HLB-15dfdc60-570e-11f0-8cdb-0c42a112278c,ZRTC20260424025,18,-184.56,-163.33
零售,601488,10021857,12508825,8,HLB-15dfdc76-570e-11f0-8cdb-0c42a112278c,ZRTC20260424025,18,-184.56,-163.33
零售,601488,10021857,12508825,2,HLB-15dfdcc6-570e-11f0-8cdb-0c42a112278c,ZRTC20260424025,18,-184.56,-163.33
零售,601488,10021857,12508827,100,HLB-1644958d-570e-11f0-8cdb-0c42a112278c,ZRTC20260424025,18,-184.56,-163.33
零售,601488,10021857,12508827,97,HLB-1644944a-570e-11f0-8cdb-0c42a112278c,ZRTC20260424025,18,-184.56,-163.33
零售,601488,10021857,12508827,96,HLB-164493f9-570e-11f0-8cdb-0c42a112278c,ZRTC20260424025,18,-184.56,-163.33
零售,601488,10021857,12508827,94,HLB-16449686-570e-11f0-8cdb-0c42a112278c,ZRTC20260424025,18,-184.56,-163.33
零售,601488,10021857,12508827,90,HLB-164493bf-570e-11f0-8cdb-0c42a112278c,ZRTC20260424025,18,-184.56,-163.33
零售,601488,10021857,12508827,89,HLB-16449468-570e-11f0-8cdb-0c42a112278c,ZRTC20260424025,18,-184.56,-163.33
零售,601488,10021857,12508827,87,HLB-164494e7-570e-11f0-8cdb-0c42a112278c,ZRTC20260424025,18,-184.56,-163.33
零售,601488,10021857,12508827,82,HLB-164492da-570e-11f0-8cdb-0c42a112278c,ZRTC20260424025,18,-184.56,-163.33
零售,601488,10021857,12508827,79,HLB-16449647-570e-11f0-8cdb-0c42a112278c,ZRTC20260424025,18,-184.56,-163.33
零售,601488,10021857,12508827,78,HLB-162405c0-570e-11f0-8cdb-0c42a112278c,ZRTC20260424025,18,-184.56,-163.33
零售,601488,10021857,12508827,77,HLB-16240598-570e-11f0-8cdb-0c42a112278c,ZRTC20260424025,18,-184.56,-163.33
零售,601488,10021857,12508827,76,HLB-164494aa-570e-11f0-8cdb-0c42a112278c,ZRTC20260424025,18,-184.56,-163.33
零售,601488,10021857,12508827,75,HLB-162405ec-570e-11f0-8cdb-0c42a112278c,ZRTC20260424025,18,-184.56,-163.33
零售,601488,10021857,12508827,69,HLB-1644961e-570e-11f0-8cdb-0c42a112278c,ZRTC20260424025,18,-184.56,-163.33
零售,601488,10021857,12508827,68,HLB-164494cb-570e-11f0-8cdb-0c42a112278c,ZRTC20260424025,18,-184.56,-163.33
零售,601488,10021857,12508827,67,HLB-1624053e-570e-11f0-8cdb-0c42a112278c,ZRTC20260424025,18,-184.56,-163.33
零售,601488,10021857,12508827,62,HLB-1644954d-570e-11f0-8cdb-0c42a112278c,ZRTC20260424025,18,-184.56,-163.33
零售,601488,10021857,12508827,59,HLB-16449487-570e-11f0-8cdb-0c42a112278c,ZRTC20260424025,18,-184.56,-163.33
零售,601488,10021857,12508827,55,HLB-164495e1-570e-11f0-8cdb-0c42a112278c,ZRTC20260424025,18,-184.56,-163.33
零售,601488,10021857,12508827,54,HLB-164492a3-570e-11f0-8cdb-0c42a112278c,ZRTC20260424025,18,-184.56,-163.33
零售,601488,10021857,12508827,53,HLB-1644923a-570e-11f0-8cdb-0c42a112278c,ZRTC20260424025,18,-184.56,-163.33
零售,601488,10021857,12508827,52,HLB-16240567-570e-11f0-8cdb-0c42a112278c,ZRTC20260424025,18,-184.56,-163.33
零售,601488,10021857,12508827,51,HLB-16449311-570e-11f0-8cdb-0c42a112278c,ZRTC20260424025,18,-184.56,-163.33
零售,601488,10021857,12508827,50,HLB-164495f5-570e-11f0-8cdb-0c42a112278c,ZRTC20260424025,18,-184.56,-163.33
零售,601488,10021857,12508827,47,HLB-164492f7-570e-11f0-8cdb-0c42a112278c,ZRTC20260424025,18,-184.56,-163.33
零售,601488,10021857,12508827,46,HLB-164493a1-570e-11f0-8cdb-0c42a112278c,ZRTC20260424025,18,-184.56,-163.33
零售,601488,10021857,12508827,45,HLB-16449562-570e-11f0-8cdb-0c42a112278c,ZRTC20260424025,18,-184.56,-163.33
零售,601488,10021857,12508827,44,HLB-162405ff-570e-11f0-8cdb-0c42a112278c,ZRTC20260424025,18,-184.56,-163.33
零售,601488,10021857,12508827,42,HLB-164493dd-570e-11f0-8cdb-0c42a112278c,ZRTC20260424025,18,-184.56,-163.33
零售,601488,10021857,12508827,39,HLB-16449411-570e-11f0-8cdb-0c42a112278c,ZRTC20260424025,18,-184.56,-163.33
零售,601488,10021857,12508827,37,HLB-16449632-570e-11f0-8cdb-0c42a112278c,ZRTC20260424025,18,-184.56,-163.33
零售,601488,10021857,12508827,36,HLB-16449670-570e-11f0-8cdb-0c42a112278c,ZRTC20260424025,18,-184.56,-163.33
零售,601488,10021857,12508827,34,HLB-164495a4-570e-11f0-8cdb-0c42a112278c,ZRTC20260424025,18,-184.56,-163.33
零售,601488,10021857,12508827,33,HLB-16449383-570e-11f0-8cdb-0c42a112278c,ZRTC20260424025,18,-184.56,-163.33
零售,601488,10021857,12508827,32,HLB-164492bb-570e-11f0-8cdb-0c42a112278c,ZRTC20260424025,18,-184.56,-163.33
零售,601488,10021857,12508827,29,HLB-16449430-570e-11f0-8cdb-0c42a112278c,ZRTC20260424025,18,-184.56,-163.33
零售,601488,10021857,12508827,28,HLB-1644932c-570e-11f0-8cdb-0c42a112278c,ZRTC20260424025,18,-184.56,-163.33
零售,601488,10021857,12508827,26,HLB-1644965a-570e-11f0-8cdb-0c42a112278c,ZRTC20260424025,18,-184.56,-163.33
零售,601488,10021857,12508827,23,HLB-16449577-570e-11f0-8cdb-0c42a112278c,ZRTC20260424025,18,-184.56,-163.33
零售,601488,10021857,12508827,21,HLB-16240554-570e-11f0-8cdb-0c42a112278c,ZRTC20260424025,18,-184.56,-163.33
零售,601488,10021857,12508827,20,HLB-1644960a-570e-11f0-8cdb-0c42a112278c,ZRTC20260424025,18,-184.56,-163.33
零售,601488,10021857,12508827,14,HLB-164495cc-570e-11f0-8cdb-0c42a112278c,ZRTC20260424025,18,-184.56,-163.33
零售,601488,10021857,12508827,13,HLB-162405ac-570e-11f0-8cdb-0c42a112278c,ZRTC20260424025,18,-184.56,-163.33
零售,601488,10021857,12508827,11,HLB-162405d4-570e-11f0-8cdb-0c42a112278c,ZRTC20260424025,18,-184.56,-163.33
零售,601488,10021857,12508827,10,HLB-1644969e-570e-11f0-8cdb-0c42a112278c,ZRTC20260424025,18,-184.56,-163.33
零售,601488,10021857,12508827,8,HLB-164495b7-570e-11f0-8cdb-0c42a112278c,ZRTC20260424025,18,-184.56,-163.33
零售,601488,10021857,12508827,7,HLB-16240580-570e-11f0-8cdb-0c42a112278c,ZRTC20260424025,18,-184.56,-163.33
零售,601488,10021857,12508827,4,HLB-1644951d-570e-11f0-8cdb-0c42a112278c,ZRTC20260424025,18,-184.56,-163.33
零售,601488,10021857,12508827,3,HLB-16449533-570e-11f0-8cdb-0c42a112278c,ZRTC20260424025,18,-184.56,-163.33
零售,601488,10021857,12508827,2,HLB-16449504-570e-11f0-8cdb-0c42a112278c,ZRTC20260424025,18,-184.56,-163.33
零售,601488,10021857,12542815,16,HLB-d4e8a5e0-5c63-11f0-8cdb-0c42a112278c,ZRTC20260424025,18,-184.56,-163.33
零售,601488,10021857,12542815,15,HLB-d4e8a590-5c63-11f0-8cdb-0c42a112278c,ZRTC20260424025,18,-184.56,-163.33
零售,601488,10021857,12542815,13,HLB-d4e8a5cc-5c63-11f0-8cdb-0c42a112278c,ZRTC20260424025,18,-184.56,-163.33
零售,601488,10021857,12542815,11,HLB-d4e8a555-5c63-11f0-8cdb-0c42a112278c,ZRTC20260424025,18,-184.56,-163.33
零售,601488,10021857,12542815,9,HLB-d4e8a569-5c63-11f0-8cdb-0c42a112278c,ZRTC20260424025,18,-184.56,-163.33
零售,601488,10021857,12542815,8,HLB-d4e8a5a2-5c63-11f0-8cdb-0c42a112278c,ZRTC20260424025,18,-184.56,-163.33
零售,601488,10021857,12542815,6,HLB-d4e8a5f3-5c63-11f0-8cdb-0c42a112278c,ZRTC20260424025,18,-184.56,-163.33
零售,601488,10021857,12542815,5,HLB-d4e8a57c-5c63-11f0-8cdb-0c42a112278c,ZRTC20260424025,18,-184.56,-163.33
零售,601488,10021857,12542815,4,HLB-d4e8a5b9-5c63-11f0-8cdb-0c42a112278c,ZRTC20260424025,18,-184.56,-163.33
零售,601488,10021857,12508822,20,HLB-157a5e3c-570e-11f0-8cdb-0c42a112278c,ZRTC20260424025,12,-400.26,-354.21
零售,601488,10021857,12508822,16,HLB-157a5d21-570e-11f0-8cdb-0c42a112278c,ZRTC20260424025,12,-400.26,-354.21
零售,601488,10021857,12508822,13,HLB-15593b77-570e-11f0-8cdb-0c42a112278c,ZRTC20260424025,12,-400.26,-354.21
零售,601488,10021857,12508822,12,HLB-15593b1e-570e-11f0-8cdb-0c42a112278c,ZRTC20260424025,12,-400.26,-354.21
零售,601488,10021857,12508822,11,HLB-15593bd7-570e-11f0-8cdb-0c42a112278c,ZRTC20260424025,12,-400.26,-354.21
零售,601488,10021857,12508822,6,HLB-157a5dc6-570e-11f0-8cdb-0c42a112278c,ZRTC20260424025,12,-400.26,-354.21
零售,601488,10021857,12508822,5,HLB-15593bc2-570e-11f0-8cdb-0c42a112278c,ZRTC20260424025,12,-400.26,-354.21
零售,601488,10021857,12508822,3,HLB-157a5ccd-570e-11f0-8cdb-0c42a112278c,ZRTC20260424025,12,-400.26,-354.21
零售,601488,10021857,12517923,80,HLB-f3008ef3-5896-11f0-8cdb-0c42a112278c,ZRTC20260424025,12,400.26,354.21
零售,601488,10021857,12517923,78,HLB-f2e427b4-5896-11f0-8cdb-0c42a112278c,ZRTC20260424025,12,400.26,354.21
零售,601488,10021857,12517923,76,HLB-f2e42882-5896-11f0-8cdb-0c42a112278c,ZRTC20260424025,12,400.26,354.21
零售,601488,10021857,12517923,75,HLB-f2e426d0-5896-11f0-8cdb-0c42a112278c,ZRTC20260424025,12,400.26,354.21
零售,601488,10021857,12517923,73,HLB-f300900a-5896-11f0-8cdb-0c42a112278c,ZRTC20260424025,12,400.26,354.21
零售,601488,10021857,12517923,72,HLB-f3008fe4-5896-11f0-8cdb-0c42a112278c,ZRTC20260424025,12,400.26,354.21
零售,601488,10021857,12517923,71,HLB-f2e425ab-5896-11f0-8cdb-0c42a112278c,ZRTC20260424025,12,400.26,354.21
零售,601488,10021857,12517923,70,HLB-f2e42858-5896-11f0-8cdb-0c42a112278c,ZRTC20260424025,12,400.26,354.21
零售,601488,10021857,12517923,69,HLB-f2e42729-5896-11f0-8cdb-0c42a112278c,ZRTC20260424025,12,400.26,354.21
零售,601488,10021857,12517923,67,HLB-f3008fbe-5896-11f0-8cdb-0c42a112278c,ZRTC20260424025,12,400.26,354.21
零售,601488,10021857,12517923,66,HLB-f3009081-5896-11f0-8cdb-0c42a112278c,ZRTC20260424025,12,400.26,354.21
零售,601488,10021857,12517923,64,HLB-f2e42822-5896-11f0-8cdb-0c42a112278c,ZRTC20260424025,12,400.26,354.21
零售,601488,10021857,12517923,62,HLB-f2e42934-5896-11f0-8cdb-0c42a112278c,ZRTC20260424025,12,400.26,354.21
零售,601488,10021857,12517923,61,HLB-f2e426fb-5896-11f0-8cdb-0c42a112278c,ZRTC20260424025,12,400.26,354.21
零售,601488,10021857,12517923,60,HLB-f2e429a3-5896-11f0-8cdb-0c42a112278c,ZRTC20260424025,12,400.26,354.21
零售,601488,10021857,12517923,55,HLB-f2e425e3-5896-11f0-8cdb-0c42a112278c,ZRTC20260424025,12,400.26,354.21
零售,601488,10021857,12517923,51,HLB-f2e42578-5896-11f0-8cdb-0c42a112278c,ZRTC20260424025,12,400.26,354.21
零售,601488,10021857,12517923,49,HLB-f3008f97-5896-11f0-8cdb-0c42a112278c,ZRTC20260424025,12,400.26,354.21
零售,601488,10021857,12517923,48,HLB-f2e428af-5896-11f0-8cdb-0c42a112278c,ZRTC20260424025,12,400.26,354.21
零售,601488,10021857,12517923,46,HLB-f2e42960-5896-11f0-8cdb-0c42a112278c,ZRTC20260424025,12,400.26,354.21
零售,601488,10021857,12517923,45,HLB-f3008e46-5896-11f0-8cdb-0c42a112278c,ZRTC20260424025,12,400.26,354.21
零售,601488,10021857,12517923,43,HLB-f2e4269e-5896-11f0-8cdb-0c42a112278c,ZRTC20260424025,12,400.26,354.21
零售,601488,10021857,12517923,42,HLB-f2e42617-5896-11f0-8cdb-0c42a112278c,ZRTC20260424025,12,400.26,354.21
零售,601488,10021857,12517923,36,HLB-f30090a9-5896-11f0-8cdb-0c42a112278c,ZRTC20260424025,12,400.26,354.21
零售,601488,10021857,12517923,33,HLB-f2e427e2-5896-11f0-8cdb-0c42a112278c,ZRTC20260424025,12,400.26,354.21
零售,601488,10021857,12517923,31,HLB-f2e429f4-5896-11f0-8cdb-0c42a112278c,ZRTC20260424025,12,400.26,354.21
零售,601488,10021857,12517923,25,HLB-f2e428dc-5896-11f0-8cdb-0c42a112278c,ZRTC20260424025,12,400.26,354.21
零售,601488,10021857,12517923,22,HLB-f2e4278a-5896-11f0-8cdb-0c42a112278c,ZRTC20260424025,12,400.26,354.21
零售,601488,10021857,12517923,21,HLB-f3009031-5896-11f0-8cdb-0c42a112278c,ZRTC20260424025,12,400.26,354.21
零售,601488,10021857,12517923,19,HLB-f30090ce-5896-11f0-8cdb-0c42a112278c,ZRTC20260424025,12,400.26,354.21
零售,601488,10021857,12517923,17,HLB-f2e42652-5896-11f0-8cdb-0c42a112278c,ZRTC20260424025,12,400.26,354.21
零售,601488,10021857,12517923,14,HLB-f3008f1f-5896-11f0-8cdb-0c42a112278c,ZRTC20260424025,12,400.26,354.21
零售,601488,10021857,12517923,11,HLB-f300905b-5896-11f0-8cdb-0c42a112278c,ZRTC20260424025,12,400.26,354.21
零售,601488,10021857,12517923,9,HLB-f3008eb2-5896-11f0-8cdb-0c42a112278c,ZRTC20260424025,12,400.26,354.21
零售,601488,10021857,12517923,7,HLB-f3008f47-5896-11f0-8cdb-0c42a112278c,ZRTC20260424025,12,400.26,354.21
零售,601488,10021857,12517923,6,HLB-f2e429cc-5896-11f0-8cdb-0c42a112278c,ZRTC20260424025,12,400.26,354.21
零售,601488,10021857,12517923,5,HLB-f3008f6d-5896-11f0-8cdb-0c42a112278c,ZRTC20260424025,12,400.26,354.21
零售,601488,10021857,12517923,4,HLB-f2e42907-5896-11f0-8cdb-0c42a112278c,ZRTC20260424025,12,400.26,354.21
零售,601488,10021857,12517923,2,HLB-f2e4275b-5896-11f0-8cdb-0c42a112278c,ZRTC20260424025,12,400.26,354.21
零售,601488,10021857,12517923,1,HLB-f2e424f2-5896-11f0-8cdb-0c42a112278c,ZRTC20260424025,12,400.26,354.21
零售,601488,10021857,12508833,59,HLB-16a9c10b-570e-11f0-8cdb-0c42a112278c,ZRTC20260424025,12,-400.26,-354.21
零售,601488,10021857,12508833,58,HLB-16a9c071-570e-11f0-8cdb-0c42a112278c,ZRTC20260424025,12,-400.26,-354.21
零售,601488,10021857,12508833,57,HLB-16a9c0f4-570e-11f0-8cdb-0c42a112278c,ZRTC20260424025,12,-400.26,-354.21
零售,601488,10021857,12508833,56,HLB-16a9c1d2-570e-11f0-8cdb-0c42a112278c,ZRTC20260424025,12,-400.26,-354.21
零售,601488,10021857,12508833,54,HLB-16a9c126-570e-11f0-8cdb-0c42a112278c,ZRTC20260424025,12,-400.26,-354.21
零售,601488,10021857,12508833,53,HLB-16a9c0da-570e-11f0-8cdb-0c42a112278c,ZRTC20260424025,12,-400.26,-354.21
零售,601488,10021857,12508833,51,HLB-16a9c246-570e-11f0-8cdb-0c42a112278c,ZRTC20260424025,12,-400.26,-354.21
零售,601488,10021857,12508833,48,HLB-16a9c25c-570e-11f0-8cdb-0c42a112278c,ZRTC20260424025,12,-400.26,-354.21
零售,601488,10021857,12508833,47,HLB-16a9c1e9-570e-11f0-8cdb-0c42a112278c,ZRTC20260424025,12,-400.26,-354.21
零售,601488,10021857,12508833,44,HLB-16a9bfb5-570e-11f0-8cdb-0c42a112278c,ZRTC20260424025,12,-400.26,-354.21
零售,601488,10021857,12508833,42,HLB-16a9c1fd-570e-11f0-8cdb-0c42a112278c,ZRTC20260424025,12,-400.26,-354.21
零售,601488,10021857,12508833,41,HLB-16a9c03b-570e-11f0-8cdb-0c42a112278c,ZRTC20260424025,12,-400.26,-354.21
零售,601488,10021857,12508833,40,HLB-16a9c023-570e-11f0-8cdb-0c42a112278c,ZRTC20260424025,12,-400.26,-354.21
零售,601488,10021857,12508833,38,HLB-16a9c1a2-570e-11f0-8cdb-0c42a112278c,ZRTC20260424025,12,-400.26,-354.21
零售,601488,10021857,12508833,36,HLB-16a9c090-570e-11f0-8cdb-0c42a112278c,ZRTC20260424025,12,-400.26,-354.21
零售,601488,10021857,12508833,33,HLB-16a9c006-570e-11f0-8cdb-0c42a112278c,ZRTC20260424025,12,-400.26,-354.21
零售,601488,10021857,12508833,32,HLB-16a9bf4a-570e-11f0-8cdb-0c42a112278c,ZRTC20260424025,12,-400.26,-354.21
零售,601488,10021857,12508833,29,HLB-16a9c170-570e-11f0-8cdb-0c42a112278c,ZRTC20260424025,12,-400.26,-354.21
零售,601488,10021857,12508833,24,HLB-16a9c22e-570e-11f0-8cdb-0c42a112278c,ZRTC20260424025,12,-400.26,-354.21
零售,601488,10021857,12508833,22,HLB-16a9c188-570e-11f0-8cdb-0c42a112278c,ZRTC20260424025,12,-400.26,-354.21
零售,601488,10021857,12377688,9,HLB-ecec23e4-4f2f-11f0-8cdb-0c42a112278c,ZRTC20260424025,4,-477.32,-422.41
零售,601488,10021857,12377688,8,HLB-ecc7c059-4f2f-11f0-8cdb-0c42a112278c,ZRTC20260424025,4,-477.32,-422.41
零售,601488,10021857,12377688,7,HLB-ecc7c06e-4f2f-11f0-8cdb-0c42a112278c,ZRTC20260424025,4,-477.32,-422.41
零售,601488,10021857,12377688,6,HLB-ecc7bfa2-4f2f-11f0-8cdb-0c42a112278c,ZRTC20260424025,4,-477.32,-422.41
零售,601488,10021857,12377688,5,HLB-ecec2377-4f2f-11f0-8cdb-0c42a112278c,ZRTC20260424025,4,-477.32,-422.41
零售,601488,10021857,12377688,4,HLB-ecc7c084-4f2f-11f0-8cdb-0c42a112278c,ZRTC20260424025,4,-477.32,-422.41
零售,601488,10021857,12377688,3,HLB-ecc7c045-4f2f-11f0-8cdb-0c42a112278c,ZRTC20260424025,4,-477.32,-422.41
零售,601488,10021857,12377688,2,HLB-ecc7c007-4f2f-11f0-8cdb-0c42a112278c,ZRTC20260424025,4,-477.32,-422.41
零售,601488,10021857,12377688,1,HLB-ecec23fc-4f2f-11f0-8cdb-0c42a112278c,ZRTC20260424025,4,-477.32,-422.41
零售,601488,10021857,12654598,59,HLB-0bdf94bb-69e9-11f0-8cdb-0c42a112278c,ZRTC20260424025,4,-477.32,-422.41
零售,601488,10021857,12654598,58,HLB-0bdf94f8-69e9-11f0-8cdb-0c42a112278c,ZRTC20260424025,4,-477.32,-422.41
零售,601488,10021857,12654598,57,HLB-0bdf9389-69e9-11f0-8cdb-0c42a112278c,ZRTC20260424025,4,-477.32,-422.41
零售,601488,10021857,12654598,56,HLB-0bdf94cf-69e9-11f0-8cdb-0c42a112278c,ZRTC20260424025,4,-477.32,-422.41
零售,601488,10021857,12654598,55,HLB-0bdf9339-69e9-11f0-8cdb-0c42a112278c,ZRTC20260424025,4,-477.32,-422.41
零售,601488,10021857,12654598,51,HLB-0bdf94a7-69e9-11f0-8cdb-0c42a112278c,ZRTC20260424025,4,-477.32,-422.41
零售,601488,10021857,12654598,49,HLB-0bdf9553-69e9-11f0-8cdb-0c42a112278c,ZRTC20260424025,4,-477.32,-422.41
零售,601488,10021857,12654598,45,HLB-0bdf9492-69e9-11f0-8cdb-0c42a112278c,ZRTC20260424025,4,-477.32,-422.41
零售,601488,10021857,12654598,41,HLB-0bdf92ec-69e9-11f0-8cdb-0c42a112278c,ZRTC20260424025,4,-477.32,-422.41
零售,601488,10021857,12654598,40,HLB-0bdf9354-69e9-11f0-8cdb-0c42a112278c,ZRTC20260424025,4,-477.32,-422.41
零售,601488,10021857,12654598,38,HLB-0bdf953f-69e9-11f0-8cdb-0c42a112278c,ZRTC20260424025,4,-477.32,-422.41
零售,601488,10021857,12654598,37,HLB-0bdf93b7-69e9-11f0-8cdb-0c42a112278c,ZRTC20260424025,4,-477.32,-422.41
零售,601488,10021857,12654598,36,HLB-0bdf9457-69e9-11f0-8cdb-0c42a112278c,ZRTC20260424025,4,-477.32,-422.41
零售,601488,10021857,12654598,35,HLB-0bdf9516-69e9-11f0-8cdb-0c42a112278c,ZRTC20260424025,4,-477.32,-422.41
零售,601488,10021857,12654598,31,HLB-0bdf946a-69e9-11f0-8cdb-0c42a112278c,ZRTC20260424025,4,-477.32,-422.41
零售,601488,10021857,12654598,30,HLB-0bdf9568-69e9-11f0-8cdb-0c42a112278c,ZRTC20260424025,4,-477.32,-422.41
零售,601488,10021857,12654598,28,HLB-0bdf9427-69e9-11f0-8cdb-0c42a112278c,ZRTC20260424025,4,-477.32,-422.41
零售,601488,10021857,12654598,25,HLB-0bdf929e-69e9-11f0-8cdb-0c42a112278c,ZRTC20260424025,4,-477.32,-422.41
零售,601488,10021857,12654598,24,HLB-0bdf93fc-69e9-11f0-8cdb-0c42a112278c,ZRTC20260424025,4,-477.32,-422.41
零售,601488,10021857,12654598,23,HLB-0bdf93e3-69e9-11f0-8cdb-0c42a112278c,ZRTC20260424025,4,-477.32,-422.41
零售,601488,10021857,12654598,19,HLB-0bdf931f-69e9-11f0-8cdb-0c42a112278c,ZRTC20260424025,4,-477.32,-422.41
零售,601488,10021857,12654598,18,HLB-0bdf9306-69e9-11f0-8cdb-0c42a112278c,ZRTC20260424025,4,-477.32,-422.41
零售,601488,10021857,12654598,15,HLB-0bdf93a1-69e9-11f0-8cdb-0c42a112278c,ZRTC20260424025,4,-477.32,-422.41
零售,601488,10021857,12654598,14,HLB-0bdf9440-69e9-11f0-8cdb-0c42a112278c,ZRTC20260424025,4,-477.32,-422.41
零售,601488,10021857,12654598,13,HLB-0bdf93cb-69e9-11f0-8cdb-0c42a112278c,ZRTC20260424025,4,-477.32,-422.41
零售,601488,10021857,12654598,10,HLB-0bdf940f-69e9-11f0-8cdb-0c42a112278c,ZRTC20260424025,4,-477.32,-422.41
零售,601488,10021857,12654598,8,HLB-0bdf94e4-69e9-11f0-8cdb-0c42a112278c,ZRTC20260424025,4,-477.32,-422.41
零售,601488,10021857,12654598,5,HLB-0bdf952c-69e9-11f0-8cdb-0c42a112278c,ZRTC20260424025,4,-477.32,-422.41
零售,601488,10021857,12654598,4,HLB-0bdf936c-69e9-11f0-8cdb-0c42a112278c,ZRTC20260424025,4,-477.32,-422.41
零售,601488,10021857,12654598,3,HLB-0bdf947e-69e9-11f0-8cdb-0c42a112278c,ZRTC20260424025,4,-477.32,-422.41
零售,601488,10021857,12506578,40,HLB-ab6f768c-56e9-11f0-8cdb-0c42a112278c,ZRTC20260424025,4,-477.32,-422.41
零售,601488,10021857,12506578,39,HLB-ab6f7662-56e9-11f0-8cdb-0c42a112278c,ZRTC20260424025,4,-477.32,-422.41
零售,601488,10021857,12506578,37,HLB-ab6f76a0-56e9-11f0-8cdb-0c42a112278c,ZRTC20260424025,4,-477.32,-422.41
零售,601488,10021857,12506578,35,HLB-ab6f76c8-56e9-11f0-8cdb-0c42a112278c,ZRTC20260424025,4,-477.32,-422.41
零售,601488,10021857,12506578,34,HLB-ab6f76b4-56e9-11f0-8cdb-0c42a112278c,ZRTC20260424025,4,-477.32,-422.41
零售,601488,10021857,12506578,29,HLB-ab6f7626-56e9-11f0-8cdb-0c42a112278c,ZRTC20260424025,4,-477.32,-422.41
零售,601488,10021857,12506578,27,HLB-ab6f76f0-56e9-11f0-8cdb-0c42a112278c,ZRTC20260424025,4,-477.32,-422.41
零售,601488,10021857,12506578,23,HLB-ab6f7747-56e9-11f0-8cdb-0c42a112278c,ZRTC20260424025,4,-477.32,-422.41
零售,601488,10021857,12506578,22,HLB-ab6f7612-56e9-11f0-8cdb-0c42a112278c,ZRTC20260424025,4,-477.32,-422.41
零售,601488,10021857,12506578,20,HLB-ab6f7639-56e9-11f0-8cdb-0c42a112278c,ZRTC20260424025,4,-477.32,-422.41
零售,601488,10021857,12506578,19,HLB-ab6f75fe-56e9-11f0-8cdb-0c42a112278c,ZRTC20260424025,4,-477.32,-422.41
零售,601488,10021857,12506578,18,HLB-ab6f76dc-56e9-11f0-8cdb-0c42a112278c,ZRTC20260424025,4,-477.32,-422.41
零售,601488,10021857,12506578,17,HLB-ab6f75d3-56e9-11f0-8cdb-0c42a112278c,ZRTC20260424025,4,-477.32,-422.41
零售,601488,10021857,12506578,16,HLB-ab6f7763-56e9-11f0-8cdb-0c42a112278c,ZRTC20260424025,4,-477.32,-422.41
零售,601488,10021857,12506578,14,HLB-ab6f75e8-56e9-11f0-8cdb-0c42a112278c,ZRTC20260424025,4,-477.32,-422.41
零售,601488,10021857,12506578,7,HLB-ab6f764e-56e9-11f0-8cdb-0c42a112278c,ZRTC20260424025,4,-477.32,-422.41
零售,601488,10021857,12506578,5,HLB-ab6f75bd-56e9-11f0-8cdb-0c42a112278c,ZRTC20260424025,4,-477.32,-422.41
零售,601488,10021857,12506578,4,HLB-ab6f772b-56e9-11f0-8cdb-0c42a112278c,ZRTC20260424025,4,-477.32,-422.41
零售,601488,10021857,12506578,3,HLB-ab6f7709-56e9-11f0-8cdb-0c42a112278c,ZRTC20260424025,4,-477.32,-422.41
零售,601488,10021857,12508823,60,HLB-159a7340-570e-11f0-8cdb-0c42a112278c,ZRTC20260424025,4,-477.32,-422.41
零售,601488,10021857,12508823,59,HLB-159a71e0-570e-11f0-8cdb-0c42a112278c,ZRTC20260424025,4,-477.32,-422.41
零售,601488,10021857,12508823,57,HLB-159a732b-570e-11f0-8cdb-0c42a112278c,ZRTC20260424025,4,-477.32,-422.41
零售,601488,10021857,12508823,55,HLB-159a7288-570e-11f0-8cdb-0c42a112278c,ZRTC20260424025,4,-477.32,-422.41
零售,601488,10021857,12508823,54,HLB-159a72e3-570e-11f0-8cdb-0c42a112278c,ZRTC20260424025,4,-477.32,-422.41
零售,601488,10021857,12508823,53,HLB-15bef8d3-570e-11f0-8cdb-0c42a112278c,ZRTC20260424025,4,-477.32,-422.41
零售,601488,10021857,12508823,52,HLB-15bef907-570e-11f0-8cdb-0c42a112278c,ZRTC20260424025,4,-477.32,-422.41
零售,601488,10021857,12508823,50,HLB-15bef8eb-570e-11f0-8cdb-0c42a112278c,ZRTC20260424025,4,-477.32,-422.41
零售,601488,10021857,12508823,48,HLB-159a72fd-570e-11f0-8cdb-0c42a112278c,ZRTC20260424025,4,-477.32,-422.41
零售,601488,10021857,12377686,11,HLB-ecc7bd1d-4f2f-11f0-8cdb-0c42a112278c,ZRTC20260424025,4,-477.32,-422.41
零售,601488,10021857,12377686,10,HLB-ecc7bd8e-4f2f-11f0-8cdb-0c42a112278c,ZRTC20260424025,4,-477.32,-422.41
零售,601488,10021857,12506577,18,HLB-ab4d0c1a-56e9-11f0-8cdb-0c42a112278c,ZRTC20260424025,4,-477.32,-422.41
零售,601488,10021857,12506577,15,HLB-ab4d0b7c-56e9-11f0-8cdb-0c42a112278c,ZRTC20260424025,4,-477.32,-422.41
零售,601488,10021857,12506577,9,HLB-ab4d0c05-56e9-11f0-8cdb-0c42a112278c,ZRTC20260424025,4,-477.32,-422.41
零售,601488,10021857,12506577,8,HLB-ab4d0b9a-56e9-11f0-8cdb-0c42a112278c,ZRTC20260424025,4,-477.32,-422.41
零售,601488,10021857,12506577,6,HLB-ab4d0bb5-56e9-11f0-8cdb-0c42a112278c,ZRTC20260424025,4,-477.32,-422.41
零售,601488,10021857,12506577,3,HLB-ab4d0bf2-56e9-11f0-8cdb-0c42a112278c,ZRTC20260424025,4,-477.32,-422.41
零售,601488,10021857,12506577,2,HLB-ab4d0b64-56e9-11f0-8cdb-0c42a112278c,ZRTC20260424025,4,-477.32,-422.41
零售,601488,10021857,12506577,1,HLB-ab4d0bc9-56e9-11f0-8cdb-0c42a112278c,ZRTC20260424025,4,-477.32,-422.41
零售,601488,10021857,12372853,1,HLB-3108ff5e-4f02-11f0-8cdb-0c42a112278c,ZRTC20260424025,3,-470.87,-416.7
零售,601488,10021857,12511201,1,HLB-fe1a2d10-57ab-11f0-8cdb-0c42a112278c,ZRTC20260424025,3,-470.86,-416.69
零售,601488,10021857,12512474,100,HLB-06a08bb3-57bf-11f0-8cdb-0c42a112278c,ZRTC20260424025,2,-339.79,-300.7
零售,601488,10021857,12512474,99,HLB-06a08b9f-57bf-11f0-8cdb-0c42a112278c,ZRTC20260424025,2,-338.62,-299.66
零售,601488,10021857,12512474,97,HLB-06a08bc7-57bf-11f0-8cdb-0c42a112278c,ZRTC20260424025,2,-338.62,-299.66
零售,601488,10021857,12512474,95,HLB-06a08bef-57bf-11f0-8cdb-0c42a112278c,ZRTC20260424025,2,-338.62,-299.66
零售,601488,10021857,12512474,92,HLB-06c38a43-57bf-11f0-8cdb-0c42a112278c,ZRTC20260424025,2,-338.62,-299.66
零售,601488,10021857,12512474,89,HLB-06a08ae5-57bf-11f0-8cdb-0c42a112278c,ZRTC20260424025,2,-338.62,-299.66
零售,601488,10021857,12512474,88,HLB-06c38bd0-57bf-11f0-8cdb-0c42a112278c,ZRTC20260424025,2,-338.62,-299.66
零售,601488,10021857,12512474,87,HLB-06a08aa5-57bf-11f0-8cdb-0c42a112278c,ZRTC20260424025,2,-338.62,-299.66
零售,601488,10021857,12512474,86,HLB-06a08a92-57bf-11f0-8cdb-0c42a112278c,ZRTC20260424025,2,-338.62,-299.66
零售,601488,10021857,12512474,84,HLB-06a08b8a-57bf-11f0-8cdb-0c42a112278c,ZRTC20260424025,2,-338.62,-299.66
零售,601488,10021857,12512474,81,HLB-06c38b29-57bf-11f0-8cdb-0c42a112278c,ZRTC20260424025,2,-338.62,-299.66
零售,601488,10021857,12512474,80,HLB-06c38a5d-57bf-11f0-8cdb-0c42a112278c,ZRTC20260424025,2,-338.62,-299.66
零售,601488,10021857,12512474,78,HLB-06a08986-57bf-11f0-8cdb-0c42a112278c,ZRTC20260424025,2,-338.62,-299.66
零售,601488,10021857,12512474,77,HLB-06a089e4-57bf-11f0-8cdb-0c42a112278c,ZRTC20260424025,2,-338.62,-299.66
零售,601488,10021857,12512474,74,HLB-06a08b61-57bf-11f0-8cdb-0c42a112278c,ZRTC20260424025,2,-338.62,-299.66
零售,601488,10021857,12512474,71,HLB-06a08b23-57bf-11f0-8cdb-0c42a112278c,ZRTC20260424025,2,-338.62,-299.66
零售,601488,10021857,12512474,68,HLB-06a08a40-57bf-11f0-8cdb-0c42a112278c,ZRTC20260424025,2,-338.62,-299.66
零售,601488,10021857,12512474,66,HLB-06c38aff-57bf-11f0-8cdb-0c42a112278c,ZRTC20260424025,2,-338.62,-299.66
零售,601488,10021857,12512474,64,HLB-06a0899e-57bf-11f0-8cdb-0c42a112278c,ZRTC20260424025,2,-338.62,-299.66
零售,601488,10021857,12512474,61,HLB-06c38b69-57bf-11f0-8cdb-0c42a112278c,ZRTC20260424025,2,-338.62,-299.66
零售,601488,10021857,12512474,60,HLB-06c38abe-57bf-11f0-8cdb-0c42a112278c,ZRTC20260424025,2,-338.62,-299.66
零售,601488,10021857,12512474,52,HLB-06a08a55-57bf-11f0-8cdb-0c42a112278c,ZRTC20260424025,2,-338.62,-299.66
零售,601488,10021857,12512474,51,HLB-06c38b54-57bf-11f0-8cdb-0c42a112278c,ZRTC20260424025,2,-338.62,-299.66
零售,601488,10021857,12512474,49,HLB-06c38a72-57bf-11f0-8cdb-0c42a112278c,ZRTC20260424025,2,-338.62,-299.66
零售,601488,10021857,12512474,46,HLB-06c38b14-57bf-11f0-8cdb-0c42a112278c,ZRTC20260424025,2,-338.62,-299.66
零售,601488,10021857,12512474,45,HLB-06a089fa-57bf-11f0-8cdb-0c42a112278c,ZRTC20260424025,2,-338.62,-299.66
零售,601488,10021857,12512474,43,HLB-06a089ce-57bf-11f0-8cdb-0c42a112278c,ZRTC20260424025,2,-338.62,-299.66
零售,601488,10021857,12512474,40,HLB-06c38aa6-57bf-11f0-8cdb-0c42a112278c,ZRTC20260424025,2,-338.62,-299.66
零售,601488,10021857,12512474,38,HLB-06a08a7e-57bf-11f0-8cdb-0c42a112278c,ZRTC20260424025,2,-338.62,-299.66
零售,601488,10021857,12512474,36,HLB-06c38aea-57bf-11f0-8cdb-0c42a112278c,ZRTC20260424025,2,-338.62,-299.66
零售,601488,10021857,12512474,34,HLB-06a08afb-57bf-11f0-8cdb-0c42a112278c,ZRTC20260424025,2,-338.62,-299.66
零售,601488,10021857,12512474,31,HLB-06c38b7c-57bf-11f0-8cdb-0c42a112278c,ZRTC20260424025,2,-338.62,-299.66
零售,601488,10021857,12512474,30,HLB-06a08a69-57bf-11f0-8cdb-0c42a112278c,ZRTC20260424025,2,-338.62,-299.66
零售,601488,10021857,12377686,9,HLB-ecc7bd4a-4f2f-11f0-8cdb-0c42a112278c,ZRTC20260424025,4,-477.32,-422.41
零售,601488,10021857,12377686,8,HLB-ecc7bcb4-4f2f-11f0-8cdb-0c42a112278c,ZRTC20260424025,4,-477.32,-422.41
零售,601488,10021857,12377686,7,HLB-ecc7bbdf-4f2f-11f0-8cdb-0c42a112278c,ZRTC20260424025,4,-477.32,-422.41
零售,601488,10021857,12377686,6,HLB-ecc7bc33-4f2f-11f0-8cdb-0c42a112278c,ZRTC20260424025,4,-477.32,-422.41
零售,601488,10021857,12377686,5,HLB-ecc7bc7e-4f2f-11f0-8cdb-0c42a112278c,ZRTC20260424025,4,-477.32,-422.41
零售,601488,10021857,12377686,4,HLB-ecc7bd07-4f2f-11f0-8cdb-0c42a112278c,ZRTC20260424025,4,-477.32,-422.41
零售,601488,10021857,12377686,3,HLB-ecc7bdea-4f2f-11f0-8cdb-0c42a112278c,ZRTC20260424025,4,-477.32,-422.41
零售,601488,10021857,12377686,2,HLB-ecc7bda6-4f2f-11f0-8cdb-0c42a112278c,ZRTC20260424025,4,-477.32,-422.41
零售,601488,10021857,12506577,20,HLB-ab4d0bdf-56e9-11f0-8cdb-0c42a112278c,ZRTC20260424025,4,-477.32,-422.41
零售,601488,10021857,12508827,48,HLB-16240300-570e-11f0-8cdb-0c42a112278c,ZRTC20260424025,2,-338.62,-299.66
零售,601488,10021857,12508827,43,HLB-162403d6-570e-11f0-8cdb-0c42a112278c,ZRTC20260424025,2,-338.62,-299.66
零售,601488,10021857,12508827,6,HLB-1624047b-570e-11f0-8cdb-0c42a112278c,ZRTC20260424025,2,-338.62,-299.66
零售,601488,10021857,12508827,41,HLB-16240329-570e-11f0-8cdb-0c42a112278c,ZRTC20260424025,2,-338.62,-299.66
零售,601488,10021857,12508827,40,HLB-1600934d-570e-11f0-8cdb-0c42a112278c,ZRTC20260424025,2,-338.62,-299.66
零售,601488,10021857,12508827,38,HLB-162404e4-570e-11f0-8cdb-0c42a112278c,ZRTC20260424025,2,-338.62,-299.66
零售,601488,10021857,12508827,35,HLB-160092e7-570e-11f0-8cdb-0c42a112278c,ZRTC20260424025,2,-338.62,-299.66
零售,601488,10021857,12508827,31,HLB-16240525-570e-11f0-8cdb-0c42a112278c,ZRTC20260424025,2,-338.62,-299.66
零售,601488,10021857,12508827,30,HLB-160092ab-570e-11f0-8cdb-0c42a112278c,ZRTC20260424025,2,-338.62,-299.66
零售,601488,10021857,12508827,27,HLB-16240212-570e-11f0-8cdb-0c42a112278c,ZRTC20260424025,2,-338.62,-299.66
零售,601488,10021857,12508827,25,HLB-162403ea-570e-11f0-8cdb-0c42a112278c,ZRTC20260424025,2,-338.62,-299.66
零售,601488,10021857,12508827,24,HLB-1624019c-570e-11f0-8cdb-0c42a112278c,ZRTC20260424025,2,-338.62,-299.66
零售,601488,10021857,12508827,22,HLB-1624043d-570e-11f0-8cdb-0c42a112278c,ZRTC20260424025,2,-338.62,-299.66
零售,601488,10021857,12508827,19,HLB-16009339-570e-11f0-8cdb-0c42a112278c,ZRTC20260424025,2,-338.62,-299.66
零售,601488,10021857,12508827,18,HLB-162402d5-570e-11f0-8cdb-0c42a112278c,ZRTC20260424025,2,-338.62,-299.66
零售,601488,10021857,12508827,17,HLB-16240260-570e-11f0-8cdb-0c42a112278c,ZRTC20260424025,2,-338.62,-299.66
零售,601488,10021857,12508827,16,HLB-16240413-570e-11f0-8cdb-0c42a112278c,ZRTC20260424025,2,-338.62,-299.66
零售,601488,10021857,12508827,15,HLB-16240381-570e-11f0-8cdb-0c42a112278c,ZRTC20260424025,2,-338.62,-299.66
零售,601488,10021857,12508827,12,HLB-1624050f-570e-11f0-8cdb-0c42a112278c,ZRTC20260424025,2,-338.62,-299.66
零售,601488,10021857,12508827,9,HLB-160092d1-570e-11f0-8cdb-0c42a112278c,ZRTC20260424025,2,-338.62,-299.66
零售,601488,10021857,12464748,1,HLB-0df9e9f7-5482-11f0-8cdb-0c42a112278c,ZRTC20260424025,22,-311.8,-275.93
零售,601488,10021857,12268708,1,HLB-1d5c0809-4982-11f0-8cdb-0c42a112278c,ZRTC20260424025,22,-311.74,-275.88
零售,601488,10021857,12464754,1,HLB-89679a95-5482-11f0-8cdb-0c42a112278c,ZRTC20260424025,22,-311.74,-275.88
零售,601488,10021857,12507413,1,HLB-40f6b5c8-56f5-11f0-8cdb-0c42a112278c,ZRTC20260424025,22,-311.74,-275.88
零售,601488,10021857,12365197,1,HLB-033fbedd-4e65-11f0-8cdb-0c42a112278c,ZRTC20260424025,22,-311.74,-275.88
零售,601488,10021857,12437544,1,HLB-d6bc383d-52f9-11f0-8cdb-0c42a112278c,ZRTC20260424025,22,-311.74,-275.88
零售,601488,10021857,12424974,1,HLB-deb17ba2-5235-11f0-8cdb-0c42a112278c,ZRTC20260424025,22,-311.74,-275.88
零售,601488,10021857,12223260,1,HLB-c0072289-4661-11f0-8cdb-0c42a112278c,ZRTC20260424025,22,-311.74,-275.88
零售,601488,10021857,12471415,1,HLB-5f14ac73-54ba-11f0-8cdb-0c42a112278c,ZRTC20260424025,22,311.74,275.88
零售,601488,10021857,12347791,1,HLB-652feee4-4d71-11f0-8cdb-0c42a112278c,ZRTC20260424025,22,-311.74,-275.88
零售,601488,10021857,12162106,98,HLB-27bc33cf-41de-11f0-8cdb-0c42a112278c,ZRTC20260424025,21,-284.16,-251.47
零售,601488,10021857,12162106,97,HLB-27defd52-41de-11f0-8cdb-0c42a112278c,ZRTC20260424025,21,-282.06,-249.61
零售,601488,10021857,12162106,95,HLB-27bc326f-41de-11f0-8cdb-0c42a112278c,ZRTC20260424025,21,-282.06,-249.61
零售,601488,10021857,12162106,94,HLB-27defe6a-41de-11f0-8cdb-0c42a112278c,ZRTC20260424025,21,-282.06,-249.61
零售,601488,10021857,12162106,93,HLB-27bc32e0-41de-11f0-8cdb-0c42a112278c,ZRTC20260424025,21,-282.06,-249.61
零售,601488,10021857,12162106,89,HLB-27defeb9-41de-11f0-8cdb-0c42a112278c,ZRTC20260424025,21,-282.06,-249.61
零售,601488,10021857,12162106,87,HLB-27defda1-41de-11f0-8cdb-0c42a112278c,ZRTC20260424025,21,-282.06,-249.61
零售,601488,10021857,12162106,86,HLB-27bc3340-41de-11f0-8cdb-0c42a112278c,ZRTC20260424025,21,-282.06,-249.61
零售,601488,10021857,12162106,84,HLB-27bc33a1-41de-11f0-8cdb-0c42a112278c,ZRTC20260424025,21,-282.06,-249.61
零售,601488,10021857,12162106,82,HLB-27bc33fe-41de-11f0-8cdb-0c42a112278c,ZRTC20260424025,21,-282.06,-249.61
零售,601488,10021857,12162106,81,HLB-27defbb7-41de-11f0-8cdb-0c42a112278c,ZRTC20260424025,21,-282.06,-249.61
零售,601488,10021857,12162106,80,HLB-27defdc9-41de-11f0-8cdb-0c42a112278c,ZRTC20260424025,21,-282.06,-249.61
零售,601488,10021857,12162106,77,HLB-27bc315f-41de-11f0-8cdb-0c42a112278c,ZRTC20260424025,21,-282.06,-249.61
零售,601488,10021857,12162106,72,HLB-27defd02-41de-11f0-8cdb-0c42a112278c,ZRTC20260424025,21,-282.06,-249.61
零售,601488,10021857,12162106,70,HLB-27defcb2-41de-11f0-8cdb-0c42a112278c,ZRTC20260424025,21,-282.06,-249.61
零售,601488,10021857,12162106,68,HLB-27defcd9-41de-11f0-8cdb-0c42a112278c,ZRTC20260424025,21,-282.06,-249.61
零售,601488,10021857,12162106,64,HLB-27bc31a8-41de-11f0-8cdb-0c42a112278c,ZRTC20260424025,21,-282.06,-249.61
零售,601488,10021857,12162106,61,HLB-27bc31f4-41de-11f0-8cdb-0c42a112278c,ZRTC20260424025,21,-282.06,-249.61
零售,601488,10021857,12162106,58,HLB-27defb2b-41de-11f0-8cdb-0c42a112278c,ZRTC20260424025,21,-282.06,-249.61
零售,601488,10021857,12162106,54,HLB-27defdf3-41de-11f0-8cdb-0c42a112278c,ZRTC20260424025,21,-282.06,-249.61
零售,601488,10021857,12658730,29,HLB-d5ab0b6f-6a84-11f0-8cdb-0c42a112278c,ZRTC20260424025,20,281.3,248.94
零售,601488,10021857,12658730,28,HLB-d5ab0ae4-6a84-11f0-8cdb-0c42a112278c,ZRTC20260424025,20,281.3,248.94
零售,601488,10021857,12658730,26,HLB-d5ab0afa-6a84-11f0-8cdb-0c42a112278c,ZRTC20260424025,20,281.3,248.94
零售,601488,10021857,12658730,25,HLB-d5ab0b13-6a84-11f0-8cdb-0c42a112278c,ZRTC20260424025,20,281.3,248.94
零售,601488,10021857,12658730,23,HLB-d5ab0c30-6a84-11f0-8cdb-0c42a112278c,ZRTC20260424025,20,281.3,248.94
零售,601488,10021857,12658730,19,HLB-d5ab0c09-6a84-11f0-8cdb-0c42a112278c,ZRTC20260424025,20,281.3,248.94
零售,601488,10021857,12658730,18,HLB-d5ab0b29-6a84-11f0-8cdb-0c42a112278c,ZRTC20260424025,20,281.3,248.94
零售,601488,10021857,12658730,17,HLB-d5ab0bdb-6a84-11f0-8cdb-0c42a112278c,ZRTC20260424025,20,281.3,248.94
零售,601488,10021857,12658730,13,HLB-d5ab0c95-6a84-11f0-8cdb-0c42a112278c,ZRTC20260424025,20,281.3,248.94
零售,601488,10021857,12658730,10,HLB-d5ab0b98-6a84-11f0-8cdb-0c42a112278c,ZRTC20260424025,20,281.3,248.94
零售,601488,10021857,12658730,9,HLB-d5ab0c57-6a84-11f0-8cdb-0c42a112278c,ZRTC20260424025,20,281.3,248.94
零售,601488,10021857,12658730,5,HLB-d5ab0c44-6a84-11f0-8cdb-0c42a112278c,ZRTC20260424025,20,281.3,248.94
零售,601488,10021857,12658730,4,HLB-d5ab0b3f-6a84-11f0-8cdb-0c42a112278c,ZRTC20260424025,20,281.3,248.94
零售,601488,10021857,12658730,3,HLB-d5ab0b83-6a84-11f0-8cdb-0c42a112278c,ZRTC20260424025,20,281.3,248.94
零售,601488,10021857,12658730,2,HLB-d5ab0b59-6a84-11f0-8cdb-0c42a112278c,ZRTC20260424025,20,281.3,248.94
零售,601488,10021857,12508842,2,HLB-17504396-570e-11f0-8cdb-0c42a112278c,ZRTC20260424025,20,-281.3,-248.94
零售,601488,10021857,12506579,39,HLB-ab94d4e0-56e9-11f0-8cdb-0c42a112278c,ZRTC20260424025,20,-281.3,-248.94
零售,601488,10021857,12506579,38,HLB-ab94d3b6-56e9-11f0-8cdb-0c42a112278c,ZRTC20260424025,20,-281.3,-248.94
零售,601488,10021857,12506579,37,HLB-ab94d3f3-56e9-11f0-8cdb-0c42a112278c,ZRTC20260424025,20,-281.3,-248.94
零售,601488,10021857,12506579,36,HLB-ab94d3a3-56e9-11f0-8cdb-0c42a112278c,ZRTC20260424025,20,-281.3,-248.94
零售,601488,10021857,12506579,28,HLB-ab94d41f-56e9-11f0-8cdb-0c42a112278c,ZRTC20260424025,20,-281.3,-248.94
零售,601488,10021857,12506579,26,HLB-ab94d4b6-56e9-11f0-8cdb-0c42a112278c,ZRTC20260424025,20,-281.3,-248.94
零售,601488,10021857,12506579,25,HLB-ab94d466-56e9-11f0-8cdb-0c42a112278c,ZRTC20260424025,20,-281.3,-248.94
零售,601488,10021857,12506579,24,HLB-ab94d3ca-56e9-11f0-8cdb-0c42a112278c,ZRTC20260424025,20,-281.3,-248.94
零售,601488,10021857,12506579,22,HLB-ab94d377-56e9-11f0-8cdb-0c42a112278c,ZRTC20260424025,20,-281.3,-248.94
零售,601488,10021857,12506579,21,HLB-ab94d47a-56e9-11f0-8cdb-0c42a112278c,ZRTC20260424025,20,-281.3,-248.94
零售,601488,10021857,12506579,19,HLB-ab94d4a1-56e9-11f0-8cdb-0c42a112278c,ZRTC20260424025,20,-281.3,-248.94
零售,601488,10021857,12506579,18,HLB-ab94d38c-56e9-11f0-8cdb-0c42a112278c,ZRTC20260424025,20,-281.3,-248.94
零售,601488,10021857,12506579,14,HLB-ab94d44e-56e9-11f0-8cdb-0c42a112278c,ZRTC20260424025,20,-281.3,-248.94
零售,601488,10021857,12506579,13,HLB-ab94d48d-56e9-11f0-8cdb-0c42a112278c,ZRTC20260424025,20,-281.3,-248.94
零售,601488,10021857,12506579,12,HLB-ab94d4ca-56e9-11f0-8cdb-0c42a112278c,ZRTC20260424025,20,-281.3,-248.94
零售,601488,10021857,12506579,10,HLB-ab94d4f4-56e9-11f0-8cdb-0c42a112278c,ZRTC20260424025,20,-281.3,-248.94
零售,601488,10021857,12506579,9,HLB-ab94d3de-56e9-11f0-8cdb-0c42a112278c,ZRTC20260424025,20,-281.3,-248.94
零售,601488,10021857,12506579,8,HLB-ab94d438-56e9-11f0-8cdb-0c42a112278c,ZRTC20260424025,20,-281.3,-248.94
零售,601488,10021857,12506579,6,HLB-ab94d407-56e9-11f0-8cdb-0c42a112278c,ZRTC20260424025,20,-281.3,-248.94
零售,601488,10021857,12506579,3,HLB-ab94d362-56e9-11f0-8cdb-0c42a112278c,ZRTC20260424025,20,-281.3,-248.94
零售,601488,10021857,12506580,39,HLB-abb7cc7f-56e9-11f0-8cdb-0c42a112278c,ZRTC20260424025,20,-281.3,-248.94
零售,601488,10021857,12506580,38,HLB-abb7cdd4-56e9-11f0-8cdb-0c42a112278c,ZRTC20260424025,20,-281.3,-248.94
零售,601488,10021857,12506580,37,HLB-abb7cd1f-56e9-11f0-8cdb-0c42a112278c,ZRTC20260424025,20,-281.3,-248.94
零售,601488,10021857,12506580,34,HLB-abb7cc68-56e9-11f0-8cdb-0c42a112278c,ZRTC20260424025,20,-281.3,-248.94
零售,601488,10021857,12506580,33,HLB-abb7ccdb-56e9-11f0-8cdb-0c42a112278c,ZRTC20260424025,20,-281.3,-248.94
零售,601488,10021857,12506580,29,HLB-abb7cd0a-56e9-11f0-8cdb-0c42a112278c,ZRTC20260424025,20,-281.3,-248.94
零售,601488,10021857,12506580,28,HLB-abb7cc34-56e9-11f0-8cdb-0c42a112278c,ZRTC20260424025,20,-281.3,-248.94
零售,601488,10021857,12506580,22,HLB-abb7ce16-56e9-11f0-8cdb-0c42a112278c,ZRTC20260424025,20,-281.3,-248.94
零售,601488,10021857,12506580,21,HLB-abb7cd81-56e9-11f0-8cdb-0c42a112278c,ZRTC20260424025,20,-281.3,-248.94
零售,601488,10021857,12506580,19,HLB-abb7cd48-56e9-11f0-8cdb-0c42a112278c,ZRTC20260424025,20,-281.3,-248.94
零售,601488,10021857,12506580,18,HLB-abb7cd96-56e9-11f0-8cdb-0c42a112278c,ZRTC20260424025,20,-281.3,-248.94
零售,601488,10021857,12506580,17,HLB-abb7cdc0-56e9-11f0-8cdb-0c42a112278c,ZRTC20260424025,20,-281.3,-248.94
零售,601488,10021857,12506580,16,HLB-abb7cc1f-56e9-11f0-8cdb-0c42a112278c,ZRTC20260424025,20,-281.3,-248.94
零售,601488,10021857,12506580,15,HLB-abb7ccc6-56e9-11f0-8cdb-0c42a112278c,ZRTC20260424025,20,-281.3,-248.94
零售,601488,10021857,12506580,11,HLB-abb7ccf6-56e9-11f0-8cdb-0c42a112278c,ZRTC20260424025,20,-281.3,-248.94
零售,601488,10021857,12506580,7,HLB-abb7cc98-56e9-11f0-8cdb-0c42a112278c,ZRTC20260424025,20,-281.3,-248.94
零售,601488,10021857,12506580,6,HLB-abb7cde8-56e9-11f0-8cdb-0c42a112278c,ZRTC20260424025,20,-281.3,-248.94
零售,601488,10021857,12506580,3,HLB-abb7cda9-56e9-11f0-8cdb-0c42a112278c,ZRTC20260424025,20,-281.3,-248.94
零售,601488,10021857,12506580,2,HLB-abb7cdfe-56e9-11f0-8cdb-0c42a112278c,ZRTC20260424025,20,-281.3,-248.94
零售,601488,10021857,12506580,1,HLB-abb7ccaf-56e9-11f0-8cdb-0c42a112278c,ZRTC20260424025,20,-281.3,-248.94
零售,601488,10021857,12377687,20,HLB-ecc7bf3e-4f2f-11f0-8cdb-0c42a112278c,ZRTC20260424025,20,-281.3,-248.94
零售,601488,10021857,12377687,19,HLB-ecc7bf2a-4f2f-11f0-8cdb-0c42a112278c,ZRTC20260424025,20,-281.3,-248.94
零售,601488,10021857,12377687,18,HLB-ecc7bedb-4f2f-11f0-8cdb-0c42a112278c,ZRTC20260424025,20,-281.3,-248.94
零售,601488,10021857,12377687,17,HLB-ecc7be00-4f2f-11f0-8cdb-0c42a112278c,ZRTC20260424025,20,-281.3,-248.94
零售,601488,10021857,12377687,16,HLB-ecc7be6c-4f2f-11f0-8cdb-0c42a112278c,ZRTC20260424025,20,-281.3,-248.94
零售,601488,10021857,12377687,15,HLB-ecc7bf7b-4f2f-11f0-8cdb-0c42a112278c,ZRTC20260424025,20,-281.3,-248.94
零售,601488,10021857,12377687,14,HLB-ecc7bf51-4f2f-11f0-8cdb-0c42a112278c,ZRTC20260424025,20,-281.3,-248.94
零售,601488,10021857,12377687,13,HLB-ecc7bf04-4f2f-11f0-8cdb-0c42a112278c,ZRTC20260424025,20,-281.3,-248.94
零售,601488,10021857,12377687,12,HLB-ecc7bef0-4f2f-11f0-8cdb-0c42a112278c,ZRTC20260424025,20,-281.3,-248.94
零售,601488,10021857,12377687,11,HLB-ecc7bf8f-4f2f-11f0-8cdb-0c42a112278c,ZRTC20260424025,20,-281.3,-248.94
零售,601488,10021857,12377687,10,HLB-ecc7be81-4f2f-11f0-8cdb-0c42a112278c,ZRTC20260424025,20,-281.3,-248.94
零售,601488,10021857,12377687,9,HLB-ecc7be16-4f2f-11f0-8cdb-0c42a112278c,ZRTC20260424025,20,-281.3,-248.94
零售,601488,10021857,12542815,2,HLB-d4e8a625-5c63-11f0-8cdb-0c42a112278c,ZRTC20260424025,18,-184.56,-163.33
零售,601488,10021857,12508837,17,HLB-170d9e9d-570e-11f0-8cdb-0c42a112278c,ZRTC20260424025,18,-184.56,-163.33
零售,601488,10021857,12508837,16,HLB-170d9eda-570e-11f0-8cdb-0c42a112278c,ZRTC20260424025,18,-184.56,-163.33
零售,601488,10021857,12508837,14,HLB-170d9e5e-570e-11f0-8cdb-0c42a112278c,ZRTC20260424025,18,-184.56,-163.33
零售,601488,10021857,12508837,9,HLB-170d9e8a-570e-11f0-8cdb-0c42a112278c,ZRTC20260424025,18,-184.56,-163.33
零售,601488,10021857,12508837,8,HLB-170d9eb0-570e-11f0-8cdb-0c42a112278c,ZRTC20260424025,18,-184.56,-163.33
零售,601488,10021857,12508837,7,HLB-170d9e76-570e-11f0-8cdb-0c42a112278c,ZRTC20260424025,18,-184.56,-163.33
零售,601488,10021857,12508837,6,HLB-170d9e37-570e-11f0-8cdb-0c42a112278c,ZRTC20260424025,18,-184.56,-163.33
零售,601488,10021857,12508837,5,HLB-170d9e24-570e-11f0-8cdb-0c42a112278c,ZRTC20260424025,18,-184.56,-163.33
零售,601488,10021857,12508837,3,HLB-170d9e4b-570e-11f0-8cdb-0c42a112278c,ZRTC20260424025,18,-184.56,-163.33
零售,601488,10021857,12508837,2,HLB-170d9ec6-570e-11f0-8cdb-0c42a112278c,ZRTC20260424025,18,-184.56,-163.33
零售,601488,10021857,12538556,1,HLB-39ecef2f-5ba8-11f0-8cdb-0c42a112278c,ZRTC20260424025,17,-311.73,-275.87
零售,601488,10021857,12162106,91,HLB-27f4b507-41de-11f0-8cdb-0c42a112278c,ZRTC20260424025,16,-282.3,-249.82
零售,601488,10021857,12162106,90,HLB-27f4b4e0-41de-11f0-8cdb-0c42a112278c,ZRTC20260424025,16,-282.06,-249.61
零售,601488,10021857,12162106,83,HLB-27f4b57d-41de-11f0-8cdb-0c42a112278c,ZRTC20260424025,16,-282.06,-249.61
零售,601488,10021857,12162106,52,HLB-27f4b468-41de-11f0-8cdb-0c42a112278c,ZRTC20260424025,16,-282.06,-249.61
零售,601488,10021857,12162106,43,HLB-27f4b492-41de-11f0-8cdb-0c42a112278c,ZRTC20260424025,16,-282.06,-249.61
零售,601488,10021857,12162106,42,HLB-27f4b43e-41de-11f0-8cdb-0c42a112278c,ZRTC20260424025,16,-282.06,-249.61
零售,601488,10021857,12162106,32,HLB-27f4b52f-41de-11f0-8cdb-0c42a112278c,ZRTC20260424025,16,-282.06,-249.61
零售,601488,10021857,12162106,25,HLB-27f4b4b8-41de-11f0-8cdb-0c42a112278c,ZRTC20260424025,16,-282.06,-249.61
零售,601488,10021857,12162106,15,HLB-27f4b40e-41de-11f0-8cdb-0c42a112278c,ZRTC20260424025,16,-282.06,-249.61
零售,601488,10021857,12162106,10,HLB-27f4b556-41de-11f0-8cdb-0c42a112278c,ZRTC20260424025,16,-282.06,-249.61
零售,601488,10021857,12512473,14,HLB-06a08929-57bf-11f0-8cdb-0c42a112278c,ZRTC20260424025,16,-282.06,-249.61
零售,601488,10021857,12512473,12,HLB-06a0895d-57bf-11f0-8cdb-0c42a112278c,ZRTC20260424025,16,-282.06,-249.61
零售,601488,10021857,12375045,15,HLB-0dead143-4f18-11f0-8cdb-0c42a112278c,ZRTC20260424025,16,-282.06,-249.61
零售,601488,10021857,12375045,14,HLB-0dead157-4f18-11f0-8cdb-0c42a112278c,ZRTC20260424025,16,-282.06,-249.61
零售,601488,10021857,12375045,13,HLB-0dead0b1-4f18-11f0-8cdb-0c42a112278c,ZRTC20260424025,16,-282.06,-249.61
零售,601488,10021857,12375045,12,HLB-0dead196-4f18-11f0-8cdb-0c42a112278c,ZRTC20260424025,16,-282.06,-249.61
零售,601488,10021857,12375045,11,HLB-0dead0f0-4f18-11f0-8cdb-0c42a112278c,ZRTC20260424025,16,-282.06,-249.61
零售,601488,10021857,12375045,10,HLB-0dead119-4f18-11f0-8cdb-0c42a112278c,ZRTC20260424025,16,-282.06,-249.61
零售,601488,10021857,12375045,9,HLB-0dead075-4f18-11f0-8cdb-0c42a112278c,ZRTC20260424025,16,-282.06,-249.61
零售,601488,10021857,12375045,8,HLB-0dead09e-4f18-11f0-8cdb-0c42a112278c,ZRTC20260424025,16,-282.06,-249.61
零售,601488,10021857,12375045,7,HLB-0dead089-4f18-11f0-8cdb-0c42a112278c,ZRTC20260424025,16,-282.06,-249.61
零售,601488,10021857,12375045,6,HLB-0dead0c5-4f18-11f0-8cdb-0c42a112278c,ZRTC20260424025,16,-282.06,-249.61
零售,601488,10021857,12375045,5,HLB-0dead12d-4f18-11f0-8cdb-0c42a112278c,ZRTC20260424025,16,-282.06,-249.61
零售,601488,10021857,12375045,4,HLB-0dead183-4f18-11f0-8cdb-0c42a112278c,ZRTC20260424025,16,-282.06,-249.61
零售,601488,10021857,12375045,3,HLB-0dead0dc-4f18-11f0-8cdb-0c42a112278c,ZRTC20260424025,16,-282.06,-249.61
零售,601488,10021857,12375045,2,HLB-0dead16e-4f18-11f0-8cdb-0c42a112278c,ZRTC20260424025,16,-282.06,-249.61
零售,601488,10021857,12375045,1,HLB-0dead104-4f18-11f0-8cdb-0c42a112278c,ZRTC20260424025,16,-282.06,-249.61
零售,601488,10021857,12517981,30,HLB-04b07d6d-5898-11f0-8cdb-0c42a112278c,ZRTC20260424025,16,-282.06,-249.61
零售,601488,10021857,12517981,29,HLB-04b07aeb-5898-11f0-8cdb-0c42a112278c,ZRTC20260424025,16,-282.06,-249.61
零售,601488,10021857,12517981,28,HLB-04b07d2b-5898-11f0-8cdb-0c42a112278c,ZRTC20260424025,16,-282.06,-249.61
零售,601488,10021857,12517981,27,HLB-04b07c74-5898-11f0-8cdb-0c42a112278c,ZRTC20260424025,16,-282.06,-249.61
零售,601488,10021857,12517981,26,HLB-04b07b95-5898-11f0-8cdb-0c42a112278c,ZRTC20260424025,16,-282.06,-249.61
零售,601488,10021857,12517981,25,HLB-04b07b52-5898-11f0-8cdb-0c42a112278c,ZRTC20260424025,16,-282.06,-249.61
零售,601488,10021857,12517981,24,HLB-04b07cd8-5898-11f0-8cdb-0c42a112278c,ZRTC20260424025,16,-282.06,-249.61
零售,601488,10021857,12517981,23,HLB-04b07c35-5898-11f0-8cdb-0c42a112278c,ZRTC20260424025,16,-282.06,-249.61
零售,601488,10021857,12517981,22,HLB-04b07bf5-5898-11f0-8cdb-0c42a112278c,ZRTC20260424025,16,-282.06,-249.61
零售,601488,10021857,12517981,21,HLB-04b07c5f-5898-11f0-8cdb-0c42a112278c,ZRTC20260424025,16,-282.06,-249.61
零售,601488,10021857,12517981,20,HLB-04b07d17-5898-11f0-8cdb-0c42a112278c,ZRTC20260424025,16,-282.06,-249.61
零售,601488,10021857,12517981,19,HLB-04b07cc2-5898-11f0-8cdb-0c42a112278c,ZRTC20260424025,16,-282.06,-249.61
零售,601488,10021857,12517981,18,HLB-04b07c88-5898-11f0-8cdb-0c42a112278c,ZRTC20260424025,16,-282.06,-249.61
零售,601488,10021857,12517981,17,HLB-04b07c49-5898-11f0-8cdb-0c42a112278c,ZRTC20260424025,16,-282.06,-249.61
零售,601488,10021857,12517981,16,HLB-04b07c0a-5898-11f0-8cdb-0c42a112278c,ZRTC20260424025,16,-282.06,-249.61
零售,601488,10021857,12517981,15,HLB-04b07bb0-5898-11f0-8cdb-0c42a112278c,ZRTC20260424025,16,-282.06,-249.61
零售,601488,10021857,12517981,14,HLB-04b07b37-5898-11f0-8cdb-0c42a112278c,ZRTC20260424025,16,-282.06,-249.61
零售,601488,10021857,12517981,13,HLB-04b07d04-5898-11f0-8cdb-0c42a112278c,ZRTC20260424025,16,-282.06,-249.61
零售,601488,10021857,12517981,12,HLB-04b07c21-5898-11f0-8cdb-0c42a112278c,ZRTC20260424025,16,-282.06,-249.61
零售,601488,10021857,12517981,11,HLB-04b07b68-5898-11f0-8cdb-0c42a112278c,ZRTC20260424025,16,-282.06,-249.61
零售,601488,10021857,12517981,10,HLB-04b07caf-5898-11f0-8cdb-0c42a112278c,ZRTC20260424025,16,-282.06,-249.61
零售,601488,10021857,12517981,9,HLB-04b07bc8-5898-11f0-8cdb-0c42a112278c,ZRTC20260424025,16,-282.06,-249.61
零售,601488,10021857,12517981,8,HLB-04b07d42-5898-11f0-8cdb-0c42a112278c,ZRTC20260424025,16,-282.06,-249.61
零售,601488,10021857,12517981,7,HLB-04b07ced-5898-11f0-8cdb-0c42a112278c,ZRTC20260424025,16,-282.06,-249.61
零售,601488,10021857,12517981,6,HLB-04b07b7f-5898-11f0-8cdb-0c42a112278c,ZRTC20260424025,16,-282.06,-249.61
零售,601488,10021857,12517981,5,HLB-04b07d86-5898-11f0-8cdb-0c42a112278c,ZRTC20260424025,16,-282.06,-249.61
零售,601488,10021857,12517981,4,HLB-04b07bde-5898-11f0-8cdb-0c42a112278c,ZRTC20260424025,16,-282.06,-249.61
零售,601488,10021857,12517981,3,HLB-04b07d9a-5898-11f0-8cdb-0c42a112278c,ZRTC20260424025,16,-282.06,-249.61
零售,601488,10021857,12508833,21,HLB-16a9bfec-570e-11f0-8cdb-0c42a112278c,ZRTC20260424025,12,-400.26,-354.21
零售,601488,10021857,12508833,20,HLB-16a9c1bb-570e-11f0-8cdb-0c42a112278c,ZRTC20260424025,12,-400.26,-354.21
零售,601488,10021857,12508833,19,HLB-16a9c0c0-570e-11f0-8cdb-0c42a112278c,ZRTC20260424025,12,-400.26,-354.21
零售,601488,10021857,12508833,17,HLB-16a9bfcf-570e-11f0-8cdb-0c42a112278c,ZRTC20260424025,12,-400.26,-354.21
零售,601488,10021857,12508833,16,HLB-16a9c158-570e-11f0-8cdb-0c42a112278c,ZRTC20260424025,12,-400.26,-354.21
零售,601488,10021857,12508833,14,HLB-16a9c0ac-570e-11f0-8cdb-0c42a112278c,ZRTC20260424025,12,-400.26,-354.21
零售,601488,10021857,12508833,6,HLB-16a9c216-570e-11f0-8cdb-0c42a112278c,ZRTC20260424025,12,-400.26,-354.21
零售,601488,10021857,12508833,5,HLB-16a9c13f-570e-11f0-8cdb-0c42a112278c,ZRTC20260424025,12,-400.26,-354.21
零售,601488,10021857,12508833,2,HLB-16a9c056-570e-11f0-8cdb-0c42a112278c,ZRTC20260424025,12,-400.26,-354.21
零售,601488,10021857,12508833,1,HLB-16a9bf99-570e-11f0-8cdb-0c42a112278c,ZRTC20260424025,12,-400.26,-354.21
零售,601488,10021857,12544958,1,HLB-bf69c281-5c89-11f0-8cdb-0c42a112278c,ZRTC20260424025,12,-400.26,-354.21
零售,601488,10021857,12544992,1,HLB-2b02a969-5c8a-11f0-8cdb-0c42a112278c,ZRTC20260424025,12,-400.26,-354.21
零售,601488,10021857,12581705,19,HLB-ad5be0d1-615e-11f0-8cdb-0c42a112278c,ZRTC20260424025,12,-400.26,-354.21
零售,601488,10021857,12581705,18,HLB-ad5bdffa-615e-11f0-8cdb-0c42a112278c,ZRTC20260424025,12,-400.26,-354.21
零售,601488,10021857,12581705,15,HLB-ad5be03f-615e-11f0-8cdb-0c42a112278c,ZRTC20260424025,12,-400.26,-354.21
零售,601488,10021857,12581705,14,HLB-ad5be092-615e-11f0-8cdb-0c42a112278c,ZRTC20260424025,12,-400.26,-354.21
零售,601488,10021857,12581705,12,HLB-ad5be0be-615e-11f0-8cdb-0c42a112278c,ZRTC20260424025,12,-400.26,-354.21
零售,601488,10021857,12581705,11,HLB-ad5bdf96-615e-11f0-8cdb-0c42a112278c,ZRTC20260424025,12,-400.26,-354.21
零售,601488,10021857,12581705,10,HLB-ad5be0aa-615e-11f0-8cdb-0c42a112278c,ZRTC20260424025,12,-400.26,-354.21
零售,601488,10021857,12581705,8,HLB-ad5be069-615e-11f0-8cdb-0c42a112278c,ZRTC20260424025,12,-400.26,-354.21
零售,601488,10021857,12581705,3,HLB-ad5be054-615e-11f0-8cdb-0c42a112278c,ZRTC20260424025,12,-400.26,-354.21
零售,601488,10021857,12581705,2,HLB-ad5be07e-615e-11f0-8cdb-0c42a112278c,ZRTC20260424025,12,-400.26,-354.21
零售,601488,10021857,12430186,39,HLB-345430c2-5258-11f0-8cdb-0c42a112278c,ZRTC20260424025,12,-400.26,-354.21
零售,601488,10021857,12430186,38,HLB-34543177-5258-11f0-8cdb-0c42a112278c,ZRTC20260424025,12,-400.26,-354.21
零售,601488,10021857,12430186,37,HLB-345430de-5258-11f0-8cdb-0c42a112278c,ZRTC20260424025,12,-400.26,-354.21
零售,601488,10021857,12430186,36,HLB-345430f3-5258-11f0-8cdb-0c42a112278c,ZRTC20260424025,12,-400.26,-354.21
零售,601488,10021857,12430186,35,HLB-3454310d-5258-11f0-8cdb-0c42a112278c,ZRTC20260424025,12,-400.26,-354.21
零售,601488,10021857,12430186,33,HLB-3454323b-5258-11f0-8cdb-0c42a112278c,ZRTC20260424025,12,-400.26,-354.21
零售,601488,10021857,12430186,32,HLB-34543203-5258-11f0-8cdb-0c42a112278c,ZRTC20260424025,12,-400.26,-354.21
零售,601488,10021857,12430186,31,HLB-345431a3-5258-11f0-8cdb-0c42a112278c,ZRTC20260424025,12,-400.26,-354.21
零售,601488,10021857,12430186,29,HLB-345431bb-5258-11f0-8cdb-0c42a112278c,ZRTC20260424025,12,-400.26,-354.21
零售,601488,10021857,12430186,28,HLB-34543094-5258-11f0-8cdb-0c42a112278c,ZRTC20260424025,12,-400.26,-354.21
零售,601488,10021857,12430186,27,HLB-34542fca-5258-11f0-8cdb-0c42a112278c,ZRTC20260424025,12,-400.26,-354.21
零售,601488,10021857,12430186,26,HLB-34543146-5258-11f0-8cdb-0c42a112278c,ZRTC20260424025,12,-400.26,-354.21
零售,601488,10021857,12430186,18,HLB-345430ae-5258-11f0-8cdb-0c42a112278c,ZRTC20260424025,12,-400.26,-354.21
零售,601488,10021857,12430186,15,HLB-3454315f-5258-11f0-8cdb-0c42a112278c,ZRTC20260424025,12,-400.26,-354.21
零售,601488,10021857,12430186,14,HLB-345431e6-5258-11f0-8cdb-0c42a112278c,ZRTC20260424025,12,-400.26,-354.21
零售,601488,10021857,12430186,13,HLB-34543079-5258-11f0-8cdb-0c42a112278c,ZRTC20260424025,12,-400.26,-354.21
零售,601488,10021857,12430186,12,HLB-345431d1-5258-11f0-8cdb-0c42a112278c,ZRTC20260424025,12,-400.26,-354.21
零售,601488,10021857,12430186,11,HLB-34543253-5258-11f0-8cdb-0c42a112278c,ZRTC20260424025,12,-400.26,-354.21
零售,601488,10021857,12430186,6,HLB-3454318d-5258-11f0-8cdb-0c42a112278c,ZRTC20260424025,12,-400.26,-354.21
零售,601488,10021857,12430186,1,HLB-3454321b-5258-11f0-8cdb-0c42a112278c,ZRTC20260424025,12,-400.26,-354.21
零售,601488,10021857,12518910,38,HLB-edfbea78-58a4-11f0-8cdb-0c42a112278c,ZRTC20260424025,12,-400.26,-354.21
零售,601488,10021857,12518910,37,HLB-ee16a09f-58a4-11f0-8cdb-0c42a112278c,ZRTC20260424025,12,-400.26,-354.21
零售,601488,10021857,12518910,36,HLB-edfbea8b-58a4-11f0-8cdb-0c42a112278c,ZRTC20260424025,12,-400.26,-354.21
零售,601488,10021857,12518910,34,HLB-edfbea29-58a4-11f0-8cdb-0c42a112278c,ZRTC20260424025,12,-400.26,-354.21
零售,601488,10021857,12518910,33,HLB-ee16a0cf-58a4-11f0-8cdb-0c42a112278c,ZRTC20260424025,12,-400.26,-354.21
零售,601488,10021857,12518910,29,HLB-edfbea65-58a4-11f0-8cdb-0c42a112278c,ZRTC20260424025,12,-400.26,-354.21
零售,601488,10021857,12518910,27,HLB-ee16a0fa-58a4-11f0-8cdb-0c42a112278c,ZRTC20260424025,12,-400.26,-354.21
零售,601488,10021857,12518910,26,HLB-edfbeab5-58a4-11f0-8cdb-0c42a112278c,ZRTC20260424025,12,-400.26,-354.21
零售,601488,10021857,12518910,23,HLB-ee16a112-58a4-11f0-8cdb-0c42a112278c,ZRTC20260424025,12,-400.26,-354.21
零售,601488,10021857,12518910,20,HLB-edfbeaa1-58a4-11f0-8cdb-0c42a112278c,ZRTC20260424025,12,-400.26,-354.21
零售,601488,10021857,12518910,17,HLB-edfbeac8-58a4-11f0-8cdb-0c42a112278c,ZRTC20260424025,12,-400.26,-354.21
零售,601488,10021857,12518910,16,HLB-ee16a055-58a4-11f0-8cdb-0c42a112278c,ZRTC20260424025,12,-400.26,-354.21
零售,601488,10021857,12518910,14,HLB-ee169ff8-58a4-11f0-8cdb-0c42a112278c,ZRTC20260424025,12,-400.26,-354.21
零售,601488,10021857,12518910,13,HLB-ee16a06d-58a4-11f0-8cdb-0c42a112278c,ZRTC20260424025,12,-400.26,-354.21
零售,601488,10021857,12518910,10,HLB-ee16a0b8-58a4-11f0-8cdb-0c42a112278c,ZRTC20260424025,12,-400.26,-354.21
零售,601488,10021857,12518910,8,HLB-ee16a083-58a4-11f0-8cdb-0c42a112278c,ZRTC20260424025,12,-400.26,-354.21
零售,601488,10021857,12518910,7,HLB-edfbea3c-58a4-11f0-8cdb-0c42a112278c,ZRTC20260424025,12,-400.26,-354.21
零售,601488,10021857,12518910,4,HLB-edfbe9fe-58a4-11f0-8cdb-0c42a112278c,ZRTC20260424025,12,-400.26,-354.21
零售,601488,10021857,12518910,2,HLB-edfbea14-58a4-11f0-8cdb-0c42a112278c,ZRTC20260424025,12,-400.26,-354.21
零售,601488,10021857,12518910,1,HLB-ee16a0e5-58a4-11f0-8cdb-0c42a112278c,ZRTC20260424025,12,-400.26,-354.21
零售,601488,10021857,12508839,57,HLB-172f7b78-570e-11f0-8cdb-0c42a112278c,ZRTC20260424025,12,-400.26,-354.21
零售,601488,10021857,12508839,54,HLB-172f7c36-570e-11f0-8cdb-0c42a112278c,ZRTC20260424025,12,-400.26,-354.21
零售,601488,10021857,12508839,53,HLB-172f7b4e-570e-11f0-8cdb-0c42a112278c,ZRTC20260424025,12,-400.26,-354.21
零售,601488,10021857,12508839,52,HLB-172f7bce-570e-11f0-8cdb-0c42a112278c,ZRTC20260424025,12,-400.26,-354.21
零售,601488,10021857,12508839,51,HLB-172f7ad0-570e-11f0-8cdb-0c42a112278c,ZRTC20260424025,12,-400.26,-354.21
零售,601488,10021857,12508823,47,HLB-15bef8b7-570e-11f0-8cdb-0c42a112278c,ZRTC20260424025,4,-477.32,-422.41
零售,601488,10021857,12508823,36,HLB-159a7355-570e-11f0-8cdb-0c42a112278c,ZRTC20260424025,4,-477.32,-422.41
零售,601488,10021857,12508823,30,HLB-159a7237-570e-11f0-8cdb-0c42a112278c,ZRTC20260424025,4,-477.32,-422.41
零售,601488,10021857,12508823,27,HLB-159a7275-570e-11f0-8cdb-0c42a112278c,ZRTC20260424025,4,-477.32,-422.41
零售,601488,10021857,12508823,25,HLB-159a7221-570e-11f0-8cdb-0c42a112278c,ZRTC20260424025,4,-477.32,-422.41
零售,601488,10021857,12508823,22,HLB-15bef850-570e-11f0-8cdb-0c42a112278c,ZRTC20260424025,4,-477.32,-422.41
零售,601488,10021857,12508823,21,HLB-159a72b1-570e-11f0-8cdb-0c42a112278c,ZRTC20260424025,4,-477.32,-422.41
零售,601488,10021857,12508823,16,HLB-15bef837-570e-11f0-8cdb-0c42a112278c,ZRTC20260424025,4,-477.32,-422.41
零售,601488,10021857,12508823,15,HLB-159a720c-570e-11f0-8cdb-0c42a112278c,ZRTC20260424025,4,-477.32,-422.41
零售,601488,10021857,12508823,14,HLB-159a724b-570e-11f0-8cdb-0c42a112278c,ZRTC20260424025,4,-477.32,-422.41
零售,601488,10021857,12508823,13,HLB-15bef7eb-570e-11f0-8cdb-0c42a112278c,ZRTC20260424025,4,-477.32,-422.41
零售,601488,10021857,12508823,11,HLB-159a729c-570e-11f0-8cdb-0c42a112278c,ZRTC20260424025,4,-477.32,-422.41
零售,601488,10021857,12508823,9,HLB-159a7261-570e-11f0-8cdb-0c42a112278c,ZRTC20260424025,4,-477.32,-422.41
零售,601488,10021857,12508823,6,HLB-15bef869-570e-11f0-8cdb-0c42a112278c,ZRTC20260424025,4,-477.32,-422.41
零售,601488,10021857,12508823,4,HLB-159a7369-570e-11f0-8cdb-0c42a112278c,ZRTC20260424025,4,-477.32,-422.41
零售,601488,10021857,12508823,3,HLB-159a72c7-570e-11f0-8cdb-0c42a112278c,ZRTC20260424025,4,-477.32,-422.41
零售,601488,10021857,12508823,1,HLB-15bef89c-570e-11f0-8cdb-0c42a112278c,ZRTC20260424025,4,-477.32,-422.41
零售,601488,10021857,12520932,30,HLB-7aaa1416-5935-11f0-8cdb-0c42a112278c,ZRTC20260424025,4,-477.32,-422.41
零售,601488,10021857,12520932,29,HLB-7aaa13d7-5935-11f0-8cdb-0c42a112278c,ZRTC20260424025,4,-477.32,-422.41
零售,601488,10021857,12520932,28,HLB-7aaa12f3-5935-11f0-8cdb-0c42a112278c,ZRTC20260424025,4,-477.32,-422.41
零售,601488,10021857,12520932,27,HLB-7aaa12b9-5935-11f0-8cdb-0c42a112278c,ZRTC20260424025,4,-477.32,-422.41
零售,601488,10021857,12508823,40,HLB-159a7316-570e-11f0-8cdb-0c42a112278c,ZRTC20260424025,4,-477.32,-422.41
零售,601488,10021857,12508823,39,HLB-15bef883-570e-11f0-8cdb-0c42a112278c,ZRTC20260424025,4,-477.32,-422.41
零售,601488,10021857,12508823,38,HLB-159a71cb-570e-11f0-8cdb-0c42a112278c,ZRTC20260424025,4,-477.32,-422.41
零售,601488,10021857,12508823,37,HLB-159a71f5-570e-11f0-8cdb-0c42a112278c,ZRTC20260424025,4,-477.32,-422.41
零售,601488,10021857,12512474,29,HLB-06a08b4c-57bf-11f0-8cdb-0c42a112278c,ZRTC20260424025,2,-338.62,-299.66
零售,601488,10021857,12512474,25,HLB-06c38ad5-57bf-11f0-8cdb-0c42a112278c,ZRTC20260424025,2,-338.62,-299.66
零售,601488,10021857,12512474,24,HLB-06c38b90-57bf-11f0-8cdb-0c42a112278c,ZRTC20260424025,2,-338.62,-299.66
零售,601488,10021857,12512474,23,HLB-06c38a8d-57bf-11f0-8cdb-0c42a112278c,ZRTC20260424025,2,-338.62,-299.66
零售,601488,10021857,12512474,22,HLB-06a08bdb-57bf-11f0-8cdb-0c42a112278c,ZRTC20260424025,2,-338.62,-299.66
零售,601488,10021857,12512474,21,HLB-06a08ad1-57bf-11f0-8cdb-0c42a112278c,ZRTC20260424025,2,-338.62,-299.66
零售,601488,10021857,12512474,16,HLB-06a08b75-57bf-11f0-8cdb-0c42a112278c,ZRTC20260424025,2,-338.62,-299.66
零售,601488,10021857,12512474,15,HLB-06a08a27-57bf-11f0-8cdb-0c42a112278c,ZRTC20260424025,2,-338.62,-299.66
零售,601488,10021857,12512474,14,HLB-06c389e7-57bf-11f0-8cdb-0c42a112278c,ZRTC20260424025,2,-338.62,-299.66
零售,601488,10021857,12512474,13,HLB-06a08a10-57bf-11f0-8cdb-0c42a112278c,ZRTC20260424025,2,-338.62,-299.66
零售,601488,10021857,12512474,12,HLB-06a08b38-57bf-11f0-8cdb-0c42a112278c,ZRTC20260424025,2,-338.62,-299.66
零售,601488,10021857,12512474,7,HLB-06c38bbc-57bf-11f0-8cdb-0c42a112278c,ZRTC20260424025,2,-338.62,-299.66
零售,601488,10021857,12512474,6,HLB-06c38ba5-57bf-11f0-8cdb-0c42a112278c,ZRTC20260424025,2,-338.62,-299.66
零售,601488,10021857,12512474,5,HLB-06a08b0f-57bf-11f0-8cdb-0c42a112278c,ZRTC20260424025,2,-338.62,-299.66
零售,601488,10021857,12512474,3,HLB-06a089b7-57bf-11f0-8cdb-0c42a112278c,ZRTC20260424025,2,-338.62,-299.66
零售,601488,10021857,12512474,2,HLB-06a08abb-57bf-11f0-8cdb-0c42a112278c,ZRTC20260424025,2,-338.62,-299.66
零售,601488,10021857,12512474,1,HLB-06c38b3e-57bf-11f0-8cdb-0c42a112278c,ZRTC20260424025,2,-338.62,-299.66
零售,601488,10021857,12508826,40,HLB-16008f3f-570e-11f0-8cdb-0c42a112278c,ZRTC20260424025,2,-338.62,-299.66
零售,601488,10021857,12508826,33,HLB-16009082-570e-11f0-8cdb-0c42a112278c,ZRTC20260424025,2,-338.62,-299.66
零售,601488,10021857,12508826,32,HLB-1600900f-570e-11f0-8cdb-0c42a112278c,ZRTC20260424025,2,-338.62,-299.66
零售,601488,10021857,12508826,31,HLB-1600906c-570e-11f0-8cdb-0c42a112278c,ZRTC20260424025,2,-338.62,-299.66
零售,601488,10021857,12508826,30,HLB-16009029-570e-11f0-8cdb-0c42a112278c,ZRTC20260424025,2,-338.62,-299.66
零售,601488,10021857,12508826,29,HLB-16008fc7-570e-11f0-8cdb-0c42a112278c,ZRTC20260424025,2,-338.62,-299.66
零售,601488,10021857,12162106,48,HLB-27defe42-41de-11f0-8cdb-0c42a112278c,ZRTC20260424025,21,-282.06,-249.61
零售,601488,10021857,12162106,45,HLB-27bc342c-41de-11f0-8cdb-0c42a112278c,ZRTC20260424025,21,-282.06,-249.61
零售,601488,10021857,12162106,44,HLB-27defd7b-41de-11f0-8cdb-0c42a112278c,ZRTC20260424025,21,-282.06,-249.61
零售,601488,10021857,12162106,41,HLB-27deff04-41de-11f0-8cdb-0c42a112278c,ZRTC20260424025,21,-282.06,-249.61
零售,601488,10021857,12162106,39,HLB-27defc5b-41de-11f0-8cdb-0c42a112278c,ZRTC20260424025,21,-282.06,-249.61
零售,601488,10021857,12162106,36,HLB-27defb88-41de-11f0-8cdb-0c42a112278c,ZRTC20260424025,21,-282.06,-249.61
零售,601488,10021857,12162106,35,HLB-27bc32a6-41de-11f0-8cdb-0c42a112278c,ZRTC20260424025,21,-282.06,-249.61
零售,601488,10021857,12162106,34,HLB-27defc31-41de-11f0-8cdb-0c42a112278c,ZRTC20260424025,21,-282.06,-249.61
零售,601488,10021857,12162106,31,HLB-27defb5a-41de-11f0-8cdb-0c42a112278c,ZRTC20260424025,21,-282.06,-249.61
零售,601488,10021857,12162106,27,HLB-27defc84-41de-11f0-8cdb-0c42a112278c,ZRTC20260424025,21,-282.06,-249.61
零售,601488,10021857,12162106,21,HLB-27defe93-41de-11f0-8cdb-0c42a112278c,ZRTC20260424025,21,-282.06,-249.61
零售,601488,10021857,12162106,20,HLB-27defae0-41de-11f0-8cdb-0c42a112278c,ZRTC20260424025,21,-282.06,-249.61
零售,601488,10021857,12162106,19,HLB-27defd29-41de-11f0-8cdb-0c42a112278c,ZRTC20260424025,21,-282.06,-249.61
零售,601488,10021857,12162106,14,HLB-27bc3459-41de-11f0-8cdb-0c42a112278c,ZRTC20260424025,21,-282.06,-249.61
零售,601488,10021857,12162106,11,HLB-27bc336f-41de-11f0-8cdb-0c42a112278c,ZRTC20260424025,21,-282.06,-249.61
零售,601488,10021857,12162106,9,HLB-27defbdf-41de-11f0-8cdb-0c42a112278c,ZRTC20260424025,21,-282.06,-249.61
零售,601488,10021857,12162106,6,HLB-27defc08-41de-11f0-8cdb-0c42a112278c,ZRTC20260424025,21,-282.06,-249.61
零售,601488,10021857,12162106,4,HLB-27bc323a-41de-11f0-8cdb-0c42a112278c,ZRTC20260424025,21,-282.06,-249.61
零售,601488,10021857,12162106,3,HLB-27defe1b-41de-11f0-8cdb-0c42a112278c,ZRTC20260424025,21,-282.06,-249.61
零售,601488,10021857,12162106,1,HLB-27bc3310-41de-11f0-8cdb-0c42a112278c,ZRTC20260424025,21,-282.06,-249.61
零售,601488,10021857,12516719,79,HLB-2992c49d-5880-11f0-8cdb-0c42a112278c,ZRTC20260424025,21,-282.06,-249.61
零售,601488,10021857,12516719,77,HLB-2992c37a-5880-11f0-8cdb-0c42a112278c,ZRTC20260424025,21,-282.06,-249.61
零售,601488,10021857,12516719,74,HLB-29728865-5880-11f0-8cdb-0c42a112278c,ZRTC20260424025,21,-282.06,-249.61
零售,601488,10021857,12516719,68,HLB-2972870e-5880-11f0-8cdb-0c42a112278c,ZRTC20260424025,21,-282.06,-249.61
零售,601488,10021857,12516719,67,HLB-2992c4f4-5880-11f0-8cdb-0c42a112278c,ZRTC20260424025,21,-282.06,-249.61
零售,601488,10021857,12516719,66,HLB-29728685-5880-11f0-8cdb-0c42a112278c,ZRTC20260424025,21,-282.06,-249.61
零售,601488,10021857,12516719,65,HLB-2992c577-5880-11f0-8cdb-0c42a112278c,ZRTC20260424025,21,-282.06,-249.61
零售,601488,10021857,12516719,64,HLB-2992c4c7-5880-11f0-8cdb-0c42a112278c,ZRTC20260424025,21,-282.06,-249.61
零售,601488,10021857,12516719,63,HLB-2992c413-5880-11f0-8cdb-0c42a112278c,ZRTC20260424025,21,-282.06,-249.61
零售,601488,10021857,12516719,62,HLB-297283c1-5880-11f0-8cdb-0c42a112278c,ZRTC20260424025,21,-282.06,-249.61
零售,601488,10021857,12516719,60,HLB-29728603-5880-11f0-8cdb-0c42a112278c,ZRTC20260424025,21,-282.06,-249.61
零售,601488,10021857,12516719,59,HLB-2992c46e-5880-11f0-8cdb-0c42a112278c,ZRTC20260424025,21,-282.06,-249.61
零售,601488,10021857,12516719,58,HLB-2972854a-5880-11f0-8cdb-0c42a112278c,ZRTC20260424025,21,-282.06,-249.61
零售,601488,10021857,12516719,57,HLB-2992c3e0-5880-11f0-8cdb-0c42a112278c,ZRTC20260424025,21,-282.06,-249.61
零售,601488,10021857,12516719,54,HLB-29728836-5880-11f0-8cdb-0c42a112278c,ZRTC20260424025,21,-282.06,-249.61
零售,601488,10021857,12516719,53,HLB-2992c3ac-5880-11f0-8cdb-0c42a112278c,ZRTC20260424025,21,-282.06,-249.61
零售,601488,10021857,12516719,49,HLB-2972840a-5880-11f0-8cdb-0c42a112278c,ZRTC20260424025,21,-282.06,-249.61
零售,601488,10021857,12516719,48,HLB-2972865b-5880-11f0-8cdb-0c42a112278c,ZRTC20260424025,21,-282.06,-249.61
零售,601488,10021857,12516719,47,HLB-2992c522-5880-11f0-8cdb-0c42a112278c,ZRTC20260424025,21,-282.06,-249.61
零售,601488,10021857,12516719,45,HLB-297284ab-5880-11f0-8cdb-0c42a112278c,ZRTC20260424025,21,-282.06,-249.61
零售,601488,10021857,12516719,40,HLB-29728780-5880-11f0-8cdb-0c42a112278c,ZRTC20260424025,21,-282.06,-249.61
零售,601488,10021857,12516719,33,HLB-2972851a-5880-11f0-8cdb-0c42a112278c,ZRTC20260424025,21,-282.06,-249.61
零售,601488,10021857,12516719,32,HLB-2992c5cc-5880-11f0-8cdb-0c42a112278c,ZRTC20260424025,21,-282.06,-249.61
零售,601488,10021857,12516719,31,HLB-2992c5a3-5880-11f0-8cdb-0c42a112278c,ZRTC20260424025,21,-282.06,-249.61
零售,601488,10021857,12516719,29,HLB-297286b1-5880-11f0-8cdb-0c42a112278c,ZRTC20260424025,21,-282.06,-249.61
零售,601488,10021857,12516719,28,HLB-297284e4-5880-11f0-8cdb-0c42a112278c,ZRTC20260424025,21,-282.06,-249.61
零售,601488,10021857,12516719,27,HLB-29728630-5880-11f0-8cdb-0c42a112278c,ZRTC20260424025,21,-282.06,-249.61
零售,601488,10021857,12516719,26,HLB-29728576-5880-11f0-8cdb-0c42a112278c,ZRTC20260424025,21,-282.06,-249.61
零售,601488,10021857,12516719,24,HLB-2992c54c-5880-11f0-8cdb-0c42a112278c,ZRTC20260424025,21,-282.06,-249.61
零售,601488,10021857,12516719,23,HLB-297287da-5880-11f0-8cdb-0c42a112278c,ZRTC20260424025,21,-282.06,-249.61
零售,601488,10021857,12516719,22,HLB-2992c441-5880-11f0-8cdb-0c42a112278c,ZRTC20260424025,21,-282.06,-249.61
零售,601488,10021857,12516719,20,HLB-297287ab-5880-11f0-8cdb-0c42a112278c,ZRTC20260424025,21,-282.06,-249.61
零售,601488,10021857,12516719,19,HLB-297285d7-5880-11f0-8cdb-0c42a112278c,ZRTC20260424025,21,-282.06,-249.61
零售,601488,10021857,12516719,17,HLB-297286dd-5880-11f0-8cdb-0c42a112278c,ZRTC20260424025,21,-282.06,-249.61
零售,601488,10021857,12516719,15,HLB-29728476-5880-11f0-8cdb-0c42a112278c,ZRTC20260424025,21,-282.06,-249.61
零售,601488,10021857,12516719,13,HLB-29728756-5880-11f0-8cdb-0c42a112278c,ZRTC20260424025,21,-282.06,-249.61
零售,601488,10021857,12516719,9,HLB-2972843e-5880-11f0-8cdb-0c42a112278c,ZRTC20260424025,21,-282.06,-249.61
零售,601488,10021857,12516719,4,HLB-29728809-5880-11f0-8cdb-0c42a112278c,ZRTC20260424025,21,-282.06,-249.61
零售,601488,10021857,12516719,2,HLB-2992c348-5880-11f0-8cdb-0c42a112278c,ZRTC20260424025,21,-282.06,-249.61
零售,601488,10021857,12516719,1,HLB-297285a5-5880-11f0-8cdb-0c42a112278c,ZRTC20260424025,21,-282.06,-249.61
零售,601488,10021857,12517980,40,HLB-0496a8e2-5898-11f0-8cdb-0c42a112278c,ZRTC20260424025,21,-282.06,-249.61
零售,601488,10021857,12517980,37,HLB-0496a9a5-5898-11f0-8cdb-0c42a112278c,ZRTC20260424025,21,-282.06,-249.61
零售,601488,10021857,12517980,35,HLB-0496a91a-5898-11f0-8cdb-0c42a112278c,ZRTC20260424025,21,-282.06,-249.61
零售,601488,10021857,12517980,34,HLB-0496aacd-5898-11f0-8cdb-0c42a112278c,ZRTC20260424025,21,-282.06,-249.61
零售,601488,10021857,12517980,26,HLB-0496a970-5898-11f0-8cdb-0c42a112278c,ZRTC20260424025,21,-282.06,-249.61
零售,601488,10021857,12517980,21,HLB-0496aaa3-5898-11f0-8cdb-0c42a112278c,ZRTC20260424025,21,-282.06,-249.61
零售,601488,10021857,12517980,18,HLB-0496aa72-5898-11f0-8cdb-0c42a112278c,ZRTC20260424025,21,-282.06,-249.61
零售,601488,10021857,12377687,8,HLB-ecc7bf67-4f2f-11f0-8cdb-0c42a112278c,ZRTC20260424025,20,-281.3,-248.94
零售,601488,10021857,12377687,7,HLB-ecc7bec0-4f2f-11f0-8cdb-0c42a112278c,ZRTC20260424025,20,-281.3,-248.94
零售,601488,10021857,12377687,6,HLB-ecc7bf17-4f2f-11f0-8cdb-0c42a112278c,ZRTC20260424025,20,-281.3,-248.94
零售,601488,10021857,12377687,5,HLB-ecc7be2d-4f2f-11f0-8cdb-0c42a112278c,ZRTC20260424025,20,-281.3,-248.94
零售,601488,10021857,12377687,4,HLB-ecc7beac-4f2f-11f0-8cdb-0c42a112278c,ZRTC20260424025,20,-281.3,-248.94
零售,601488,10021857,12377687,3,HLB-ecc7be95-4f2f-11f0-8cdb-0c42a112278c,ZRTC20260424025,20,-281.3,-248.94
零售,601488,10021857,12377687,2,HLB-ecc7be40-4f2f-11f0-8cdb-0c42a112278c,ZRTC20260424025,20,-281.3,-248.94
零售,601488,10021857,12377687,1,HLB-ecc7be53-4f2f-11f0-8cdb-0c42a112278c,ZRTC20260424025,20,-281.3,-248.94
零售,601488,10021857,12549584,10,HLB-6ecc3874-5d4a-11f0-8cdb-0c42a112278c,ZRTC20260424025,20,-281.3,-248.94
零售,601488,10021857,12549584,9,HLB-6ecc385f-5d4a-11f0-8cdb-0c42a112278c,ZRTC20260424025,20,-281.3,-248.94
零售,601488,10021857,12549584,8,HLB-6ecc3838-5d4a-11f0-8cdb-0c42a112278c,ZRTC20260424025,20,-281.3,-248.94
零售,601488,10021857,12549584,6,HLB-6ecc3822-5d4a-11f0-8cdb-0c42a112278c,ZRTC20260424025,20,-281.3,-248.94
零售,601488,10021857,12549584,5,HLB-6ecc384b-5d4a-11f0-8cdb-0c42a112278c,ZRTC20260424025,20,-281.3,-248.94
零售,601488,10021857,12377691,10,HLB-ecec2717-4f2f-11f0-8cdb-0c42a112278c,ZRTC20260424025,20,-281.3,-248.94
零售,601488,10021857,12377691,9,HLB-ecec272c-4f2f-11f0-8cdb-0c42a112278c,ZRTC20260424025,20,-281.3,-248.94
零售,601488,10021857,12377691,8,HLB-ecec2704-4f2f-11f0-8cdb-0c42a112278c,ZRTC20260424025,20,-281.3,-248.94
零售,601488,10021857,12377691,7,HLB-ecec26c4-4f2f-11f0-8cdb-0c42a112278c,ZRTC20260424025,20,-281.3,-248.94
零售,601488,10021857,12377691,6,HLB-ecec26b1-4f2f-11f0-8cdb-0c42a112278c,ZRTC20260424025,20,-281.3,-248.94
零售,601488,10021857,12377691,5,HLB-ecec26ee-4f2f-11f0-8cdb-0c42a112278c,ZRTC20260424025,20,-281.3,-248.94
零售,601488,10021857,12377691,4,HLB-ecec2752-4f2f-11f0-8cdb-0c42a112278c,ZRTC20260424025,20,-281.3,-248.94
零售,601488,10021857,12377691,3,HLB-ecec273f-4f2f-11f0-8cdb-0c42a112278c,ZRTC20260424025,20,-281.3,-248.94
零售,601488,10021857,12377691,2,HLB-ecec26da-4f2f-11f0-8cdb-0c42a112278c,ZRTC20260424025,20,-281.3,-248.94
零售,601488,10021857,12377691,1,HLB-ecec269c-4f2f-11f0-8cdb-0c42a112278c,ZRTC20260424025,20,-281.3,-248.94
零售,601488,10021857,12654598,60,HLB-0bdf9693-69e9-11f0-8cdb-0c42a112278c,ZRTC20260424025,20,-281.3,-248.94
零售,601488,10021857,12654598,54,HLB-0bdf960b-69e9-11f0-8cdb-0c42a112278c,ZRTC20260424025,20,-281.3,-248.94
零售,601488,10021857,12654598,53,HLB-0bf2df81-69e9-11f0-8cdb-0c42a112278c,ZRTC20260424025,20,-281.3,-248.94
零售,601488,10021857,12654598,52,HLB-0bdf95a4-69e9-11f0-8cdb-0c42a112278c,ZRTC20260424025,20,-281.3,-248.94
零售,601488,10021857,12654598,50,HLB-0bf2deaa-69e9-11f0-8cdb-0c42a112278c,ZRTC20260424025,20,-281.3,-248.94
零售,601488,10021857,12654598,48,HLB-0bdf95e2-69e9-11f0-8cdb-0c42a112278c,ZRTC20260424025,20,-281.3,-248.94
零售,601488,10021857,12654598,47,HLB-0bdf966a-69e9-11f0-8cdb-0c42a112278c,ZRTC20260424025,20,-281.3,-248.94
零售,601488,10021857,12654598,46,HLB-0bdf96ba-69e9-11f0-8cdb-0c42a112278c,ZRTC20260424025,20,-281.3,-248.94
零售,601488,10021857,12654598,44,HLB-0bf2df6d-69e9-11f0-8cdb-0c42a112278c,ZRTC20260424025,20,-281.3,-248.94
零售,601488,10021857,12654598,43,HLB-0bf2dfa9-69e9-11f0-8cdb-0c42a112278c,ZRTC20260424025,20,-281.3,-248.94
零售,601488,10021857,12654598,42,HLB-0bdf961e-69e9-11f0-8cdb-0c42a112278c,ZRTC20260424025,20,-281.3,-248.94
零售,601488,10021857,12654598,39,HLB-0bf2df3f-69e9-11f0-8cdb-0c42a112278c,ZRTC20260424025,20,-281.3,-248.94
零售,601488,10021857,12654598,34,HLB-0bdf96cd-69e9-11f0-8cdb-0c42a112278c,ZRTC20260424025,20,-281.3,-248.94
零售,601488,10021857,12654598,33,HLB-0bdf96e0-69e9-11f0-8cdb-0c42a112278c,ZRTC20260424025,20,-281.3,-248.94
零售,601488,10021857,12654598,32,HLB-0bdf95cc-69e9-11f0-8cdb-0c42a112278c,ZRTC20260424025,20,-281.3,-248.94
零售,601488,10021857,12654598,29,HLB-0bf2defb-69e9-11f0-8cdb-0c42a112278c,ZRTC20260424025,20,-281.3,-248.94
零售,601488,10021857,12654598,27,HLB-0bdf9643-69e9-11f0-8cdb-0c42a112278c,ZRTC20260424025,20,-281.3,-248.94
零售,601488,10021857,12654598,26,HLB-0bdf958e-69e9-11f0-8cdb-0c42a112278c,ZRTC20260424025,20,-281.3,-248.94
零售,601488,10021857,12654598,22,HLB-0bdf967f-69e9-11f0-8cdb-0c42a112278c,ZRTC20260424025,20,-281.3,-248.94
零售,601488,10021857,12654598,21,HLB-0bdf96a6-69e9-11f0-8cdb-0c42a112278c,ZRTC20260424025,20,-281.3,-248.94
零售,601488,10021857,12654598,20,HLB-0bdf95f7-69e9-11f0-8cdb-0c42a112278c,ZRTC20260424025,20,-281.3,-248.94
零售,601488,10021857,12654598,17,HLB-0bdf9631-69e9-11f0-8cdb-0c42a112278c,ZRTC20260424025,20,-281.3,-248.94
零售,601488,10021857,12654598,16,HLB-0bf2df95-69e9-11f0-8cdb-0c42a112278c,ZRTC20260424025,20,-281.3,-248.94
零售,601488,10021857,12654598,12,HLB-0bdf9656-69e9-11f0-8cdb-0c42a112278c,ZRTC20260424025,20,-281.3,-248.94
零售,601488,10021857,12654598,11,HLB-0bf2df28-69e9-11f0-8cdb-0c42a112278c,ZRTC20260424025,20,-281.3,-248.94
零售,601488,10021857,12654598,9,HLB-0bdf96f5-69e9-11f0-8cdb-0c42a112278c,ZRTC20260424025,20,-281.3,-248.94
零售,601488,10021857,12654598,7,HLB-0bf2df12-69e9-11f0-8cdb-0c42a112278c,ZRTC20260424025,20,-281.3,-248.94
零售,601488,10021857,12654598,6,HLB-0bdf957b-69e9-11f0-8cdb-0c42a112278c,ZRTC20260424025,20,-281.3,-248.94
零售,601488,10021857,12654598,2,HLB-0bdf95b7-69e9-11f0-8cdb-0c42a112278c,ZRTC20260424025,20,-281.3,-248.94
零售,601488,10021857,12654598,1,HLB-0bf2df54-69e9-11f0-8cdb-0c42a112278c,ZRTC20260424025,20,-281.3,-248.94
零售,601488,10021857,12506578,38,HLB-ab6f78fb-56e9-11f0-8cdb-0c42a112278c,ZRTC20260424025,20,-281.3,-248.94
零售,601488,10021857,12506578,36,HLB-ab6f78a0-56e9-11f0-8cdb-0c42a112278c,ZRTC20260424025,20,-281.3,-248.94
零售,601488,10021857,12506578,33,HLB-ab6f7785-56e9-11f0-8cdb-0c42a112278c,ZRTC20260424025,20,-281.3,-248.94
零售,601488,10021857,12506578,31,HLB-ab6f7911-56e9-11f0-8cdb-0c42a112278c,ZRTC20260424025,20,-281.3,-248.94
零售,601488,10021857,12506578,30,HLB-ab6f7861-56e9-11f0-8cdb-0c42a112278c,ZRTC20260424025,20,-281.3,-248.94
零售,601488,10021857,12506578,28,HLB-ab6f77e7-56e9-11f0-8cdb-0c42a112278c,ZRTC20260424025,20,-281.3,-248.94
零售,601488,10021857,12506578,26,HLB-ab6f78cd-56e9-11f0-8cdb-0c42a112278c,ZRTC20260424025,20,-281.3,-248.94
零售,601488,10021857,12506578,25,HLB-ab6f77fb-56e9-11f0-8cdb-0c42a112278c,ZRTC20260424025,20,-281.3,-248.94
零售,601488,10021857,12506578,24,HLB-ab6f77a8-56e9-11f0-8cdb-0c42a112278c,ZRTC20260424025,20,-281.3,-248.94
零售,601488,10021857,12506578,21,HLB-ab6f7924-56e9-11f0-8cdb-0c42a112278c,ZRTC20260424025,20,-281.3,-248.94
零售,601488,10021857,12506578,15,HLB-ab6f77d4-56e9-11f0-8cdb-0c42a112278c,ZRTC20260424025,20,-281.3,-248.94
零售,601488,10021857,12506578,13,HLB-ab6f78e8-56e9-11f0-8cdb-0c42a112278c,ZRTC20260424025,20,-281.3,-248.94
零售,601488,10021857,12506578,12,HLB-ab6f780f-56e9-11f0-8cdb-0c42a112278c,ZRTC20260424025,20,-281.3,-248.94
零售,601488,10021857,12506578,11,HLB-ab6f7877-56e9-11f0-8cdb-0c42a112278c,ZRTC20260424025,20,-281.3,-248.94
零售,601488,10021857,12517981,2,HLB-04b07c9c-5898-11f0-8cdb-0c42a112278c,ZRTC20260424025,16,-282.06,-249.61
零售,601488,10021857,12517981,1,HLB-04b07d59-5898-11f0-8cdb-0c42a112278c,ZRTC20260424025,16,-282.06,-249.61
零售,601488,10021857,12508842,8,HLB-175043dd-570e-11f0-8cdb-0c42a112278c,ZRTC20260424025,15,-281.31,-248.95
零售,601488,10021857,12508842,7,HLB-175043c3-570e-11f0-8cdb-0c42a112278c,ZRTC20260424025,15,-281.3,-248.94
零售,601488,10021857,12508842,5,HLB-175043ab-570e-11f0-8cdb-0c42a112278c,ZRTC20260424025,15,-281.3,-248.94
零售,601488,10021857,12416211,10,HLB-591fcbae-518b-11f0-8cdb-0c42a112278c,ZRTC20260424025,15,-281.3,-248.94
零售,601488,10021857,12416211,9,HLB-591fcaec-518b-11f0-8cdb-0c42a112278c,ZRTC20260424025,15,-281.3,-248.94
零售,601488,10021857,12416211,8,HLB-591fcb18-518b-11f0-8cdb-0c42a112278c,ZRTC20260424025,15,-281.3,-248.94
零售,601488,10021857,12416211,7,HLB-591fcb2b-518b-11f0-8cdb-0c42a112278c,ZRTC20260424025,15,-281.3,-248.94
零售,601488,10021857,12416211,6,HLB-591fcb95-518b-11f0-8cdb-0c42a112278c,ZRTC20260424025,15,-281.3,-248.94
零售,601488,10021857,12416211,5,HLB-591fcb7e-518b-11f0-8cdb-0c42a112278c,ZRTC20260424025,15,-281.3,-248.94
零售,601488,10021857,12416211,4,HLB-591fcb57-518b-11f0-8cdb-0c42a112278c,ZRTC20260424025,15,-281.3,-248.94
零售,601488,10021857,12416211,3,HLB-591fcb40-518b-11f0-8cdb-0c42a112278c,ZRTC20260424025,15,-281.3,-248.94
零售,601488,10021857,12416211,2,HLB-591fcbc3-518b-11f0-8cdb-0c42a112278c,ZRTC20260424025,15,-281.3,-248.94
零售,601488,10021857,12416211,1,HLB-591fcb6a-518b-11f0-8cdb-0c42a112278c,ZRTC20260424025,15,-281.3,-248.94
零售,601488,10021857,12384616,1,HLB-4fedd37a-4fca-11f0-8cdb-0c42a112278c,ZRTC20260424025,14,-558.06,-493.86
零售,601488,10021857,12410904,1,HLB-001f611a-5168-11f0-8cdb-0c42a112278c,ZRTC20260424025,13,-346.61,-306.73
零售,601488,10021857,12516560,1,HLB-fa5cf9a2-587d-11f0-8cdb-0c42a112278c,ZRTC20260424025,13,-346.61,-306.73
零售,601488,10021857,12162106,100,HLB-27f4b3af-41de-11f0-8cdb-0c42a112278c,ZRTC20260424025,12,-400.92,-354.8
零售,601488,10021857,12162106,99,HLB-27f4b542-41de-11f0-8cdb-0c42a112278c,ZRTC20260424025,12,-400.26,-354.21
零售,601488,10021857,12162106,96,HLB-27f4b428-41de-11f0-8cdb-0c42a112278c,ZRTC20260424025,12,-400.26,-354.21
零售,601488,10021857,12162106,92,HLB-27defb71-41de-11f0-8cdb-0c42a112278c,ZRTC20260424025,12,-400.26,-354.21
零售,601488,10021857,12162106,88,HLB-27defd8e-41de-11f0-8cdb-0c42a112278c,ZRTC20260424025,12,-400.26,-354.21
零售,601488,10021857,12162106,85,HLB-27bc3415-41de-11f0-8cdb-0c42a112278c,ZRTC20260424025,12,-400.26,-354.21
零售,601488,10021857,12162106,79,HLB-27defc97-41de-11f0-8cdb-0c42a112278c,ZRTC20260424025,12,-400.26,-354.21
零售,601488,10021857,12162106,78,HLB-27f4b47c-41de-11f0-8cdb-0c42a112278c,ZRTC20260424025,12,-400.26,-354.21
零售,601488,10021857,12162106,76,HLB-27bc3184-41de-11f0-8cdb-0c42a112278c,ZRTC20260424025,12,-400.26,-354.21
零售,601488,10021857,12162106,75,HLB-27bc33e9-41de-11f0-8cdb-0c42a112278c,ZRTC20260424025,12,-400.26,-354.21
零售,601488,10021857,12162106,74,HLB-27defd3d-41de-11f0-8cdb-0c42a112278c,ZRTC20260424025,12,-400.26,-354.21
零售,601488,10021857,12162106,73,HLB-27bc32c0-41de-11f0-8cdb-0c42a112278c,ZRTC20260424025,12,-400.26,-354.21
零售,601488,10021857,12162106,71,HLB-27defc1d-41de-11f0-8cdb-0c42a112278c,ZRTC20260424025,12,-400.26,-354.21
零售,601488,10021857,12162106,69,HLB-27defdb6-41de-11f0-8cdb-0c42a112278c,ZRTC20260424025,12,-400.26,-354.21
零售,601488,10021857,12162106,67,HLB-27f4b4f4-41de-11f0-8cdb-0c42a112278c,ZRTC20260424025,12,-400.26,-354.21
零售,601488,10021857,12162106,66,HLB-27defb42-41de-11f0-8cdb-0c42a112278c,ZRTC20260424025,12,-400.26,-354.21
零售,601488,10021857,12162106,65,HLB-27f4b56a-41de-11f0-8cdb-0c42a112278c,ZRTC20260424025,12,-400.26,-354.21
零售,601488,10021857,12162106,63,HLB-27bc31d0-41de-11f0-8cdb-0c42a112278c,ZRTC20260424025,12,-400.26,-354.21
零售,601488,10021857,12162106,62,HLB-27defc45-41de-11f0-8cdb-0c42a112278c,ZRTC20260424025,12,-400.26,-354.21
零售,601488,10021857,12162106,60,HLB-27defbca-41de-11f0-8cdb-0c42a112278c,ZRTC20260424025,12,-400.26,-354.21
零售,601488,10021857,12162106,59,HLB-27defdde-41de-11f0-8cdb-0c42a112278c,ZRTC20260424025,12,-400.26,-354.21
零售,601488,10021857,12162106,57,HLB-27defeef-41de-11f0-8cdb-0c42a112278c,ZRTC20260424025,12,-400.26,-354.21
零售,601488,10021857,12162106,56,HLB-27f4b4cc-41de-11f0-8cdb-0c42a112278c,ZRTC20260424025,12,-400.26,-354.21
零售,601488,10021857,12162106,55,HLB-27bc3443-41de-11f0-8cdb-0c42a112278c,ZRTC20260424025,12,-400.26,-354.21
零售,601488,10021857,12162106,53,HLB-27defba0-41de-11f0-8cdb-0c42a112278c,ZRTC20260424025,12,-400.26,-354.21
零售,601488,10021857,12162106,51,HLB-27f4b4a5-41de-11f0-8cdb-0c42a112278c,ZRTC20260424025,12,-400.26,-354.21
零售,601488,10021857,12162106,50,HLB-27defc6f-41de-11f0-8cdb-0c42a112278c,ZRTC20260424025,12,-400.26,-354.21
零售,601488,10021857,12162106,49,HLB-27bc321f-41de-11f0-8cdb-0c42a112278c,ZRTC20260424025,12,-400.26,-354.21
零售,601488,10021857,12162106,47,HLB-27bc3359-41de-11f0-8cdb-0c42a112278c,ZRTC20260424025,12,-400.26,-354.21
零售,601488,10021857,12162106,46,HLB-27defe7f-41de-11f0-8cdb-0c42a112278c,ZRTC20260424025,12,-400.26,-354.21
零售,601488,10021857,12162106,40,HLB-27defe06-41de-11f0-8cdb-0c42a112278c,ZRTC20260424025,12,-400.26,-354.21
零售,601488,10021857,12162106,38,HLB-27defcef-41de-11f0-8cdb-0c42a112278c,ZRTC20260424025,12,-400.26,-354.21
零售,601488,10021857,12162106,37,HLB-27f4b454-41de-11f0-8cdb-0c42a112278c,ZRTC20260424025,12,-400.26,-354.21
零售,601488,10021857,12162106,33,HLB-27defd15-41de-11f0-8cdb-0c42a112278c,ZRTC20260424025,12,-400.26,-354.21
零售,601488,10021857,12162106,30,HLB-27bc338a-41de-11f0-8cdb-0c42a112278c,ZRTC20260424025,12,-400.26,-354.21
零售,601488,10021857,12162106,29,HLB-27defea6-41de-11f0-8cdb-0c42a112278c,ZRTC20260424025,12,-400.26,-354.21
零售,601488,10021857,12162106,28,HLB-27defafa-41de-11f0-8cdb-0c42a112278c,ZRTC20260424025,12,-400.26,-354.21
零售,601488,10021857,12162106,26,HLB-27bc328c-41de-11f0-8cdb-0c42a112278c,ZRTC20260424025,12,-400.26,-354.21
零售,601488,10021857,12162106,24,HLB-27bc32f9-41de-11f0-8cdb-0c42a112278c,ZRTC20260424025,12,-400.26,-354.21
零售,601488,10021857,12162106,23,HLB-27bc313b-41de-11f0-8cdb-0c42a112278c,ZRTC20260424025,12,-400.26,-354.21
零售,601488,10021857,12162106,22,HLB-27defe2e-41de-11f0-8cdb-0c42a112278c,ZRTC20260424025,12,-400.26,-354.21
零售,601488,10021857,12162106,18,HLB-27f4b51a-41de-11f0-8cdb-0c42a112278c,ZRTC20260424025,12,-400.26,-354.21
零售,601488,10021857,12162106,17,HLB-27bc3329-41de-11f0-8cdb-0c42a112278c,ZRTC20260424025,12,-400.26,-354.21
零售,601488,10021857,12162106,16,HLB-27bc3252-41de-11f0-8cdb-0c42a112278c,ZRTC20260424025,12,-400.26,-354.21
零售,601488,10021857,12162106,13,HLB-27defa79-41de-11f0-8cdb-0c42a112278c,ZRTC20260424025,12,-400.26,-354.21
零售,601488,10021857,12162106,12,HLB-27defcc7-41de-11f0-8cdb-0c42a112278c,ZRTC20260424025,12,-400.26,-354.21
零售,601488,10021857,12162106,8,HLB-27bc33b9-41de-11f0-8cdb-0c42a112278c,ZRTC20260424025,12,-400.26,-354.21
零售,601488,10021857,12162106,7,HLB-27defbf4-41de-11f0-8cdb-0c42a112278c,ZRTC20260424025,12,-400.26,-354.21
零售,601488,10021857,12162106,5,HLB-27defe56-41de-11f0-8cdb-0c42a112278c,ZRTC20260424025,12,-400.26,-354.21
零售,601488,10021857,12508839,49,HLB-172f7cfd-570e-11f0-8cdb-0c42a112278c,ZRTC20260424025,12,-400.26,-354.21
零售,601488,10021857,12508839,48,HLB-172f7c78-570e-11f0-8cdb-0c42a112278c,ZRTC20260424025,12,-400.26,-354.21
零售,601488,10021857,12508839,46,HLB-172f7bb8-570e-11f0-8cdb-0c42a112278c,ZRTC20260424025,12,-400.26,-354.21
零售,601488,10021857,12508839,45,HLB-172f7c4e-570e-11f0-8cdb-0c42a112278c,ZRTC20260424025,12,-400.26,-354.21
零售,601488,10021857,12508839,44,HLB-172f7c65-570e-11f0-8cdb-0c42a112278c,ZRTC20260424025,12,-400.26,-354.21
零售,601488,10021857,12508839,40,HLB-172f7cb8-570e-11f0-8cdb-0c42a112278c,ZRTC20260424025,12,-400.26,-354.21
零售,601488,10021857,12508839,37,HLB-172f7b8f-570e-11f0-8cdb-0c42a112278c,ZRTC20260424025,12,-400.26,-354.21
零售,601488,10021857,12508839,36,HLB-172f7b18-570e-11f0-8cdb-0c42a112278c,ZRTC20260424025,12,-400.26,-354.21
零售,601488,10021857,12508839,35,HLB-172f7ccf-570e-11f0-8cdb-0c42a112278c,ZRTC20260424025,12,-400.26,-354.21
零售,601488,10021857,12508839,33,HLB-172f7d14-570e-11f0-8cdb-0c42a112278c,ZRTC20260424025,12,-400.26,-354.21
零售,601488,10021857,12508839,32,HLB-172f7b62-570e-11f0-8cdb-0c42a112278c,ZRTC20260424025,12,-400.26,-354.21
零售,601488,10021857,12508839,31,HLB-172f7a88-570e-11f0-8cdb-0c42a112278c,ZRTC20260424025,12,-400.26,-354.21
零售,601488,10021857,12508839,29,HLB-172f7ab5-570e-11f0-8cdb-0c42a112278c,ZRTC20260424025,12,-400.26,-354.21
零售,601488,10021857,12508839,26,HLB-172f7bf8-570e-11f0-8cdb-0c42a112278c,ZRTC20260424025,12,-400.26,-354.21
零售,601488,10021857,12508839,25,HLB-172f7b30-570e-11f0-8cdb-0c42a112278c,ZRTC20260424025,12,-400.26,-354.21
零售,601488,10021857,12508839,21,HLB-172f7ae7-570e-11f0-8cdb-0c42a112278c,ZRTC20260424025,12,-400.26,-354.21
零售,601488,10021857,12508839,18,HLB-172f7c0d-570e-11f0-8cdb-0c42a112278c,ZRTC20260424025,12,-400.26,-354.21
零售,601488,10021857,12508839,17,HLB-172f7d2d-570e-11f0-8cdb-0c42a112278c,ZRTC20260424025,12,-400.26,-354.21
零售,601488,10021857,12508839,15,HLB-172f7a9d-570e-11f0-8cdb-0c42a112278c,ZRTC20260424025,12,-400.26,-354.21
零售,601488,10021857,12508839,10,HLB-172f7afd-570e-11f0-8cdb-0c42a112278c,ZRTC20260424025,12,-400.26,-354.21
零售,601488,10021857,12508839,9,HLB-172f7c23-570e-11f0-8cdb-0c42a112278c,ZRTC20260424025,12,-400.26,-354.21
零售,601488,10021857,12508839,8,HLB-172f7ba4-570e-11f0-8cdb-0c42a112278c,ZRTC20260424025,12,-400.26,-354.21
零售,601488,10021857,12508839,7,HLB-172f7d42-570e-11f0-8cdb-0c42a112278c,ZRTC20260424025,12,-400.26,-354.21
零售,601488,10021857,12508839,6,HLB-172f7ce4-570e-11f0-8cdb-0c42a112278c,ZRTC20260424025,12,-400.26,-354.21
零售,601488,10021857,12508839,4,HLB-172f7c8d-570e-11f0-8cdb-0c42a112278c,ZRTC20260424025,12,-400.26,-354.21
零售,601488,10021857,12487171,1,HLB-b51b81b5-5565-11f0-8cdb-0c42a112278c,ZRTC20260424025,12,400.26,354.21
零售,601488,10021857,12440163,1,HLB-19591d4f-5308-11f0-8cdb-0c42a112278c,ZRTC20260424025,12,400.26,354.21
零售,601488,10021857,12516720,79,HLB-29b1af95-5880-11f0-8cdb-0c42a112278c,ZRTC20260424025,12,-400.26,-354.21
零售,601488,10021857,12516720,78,HLB-2992c638-5880-11f0-8cdb-0c42a112278c,ZRTC20260424025,12,-400.26,-354.21
零售,601488,10021857,12516720,77,HLB-29b1af1c-5880-11f0-8cdb-0c42a112278c,ZRTC20260424025,12,-400.26,-354.21
零售,601488,10021857,12516720,76,HLB-29d29b6d-5880-11f0-8cdb-0c42a112278c,ZRTC20260424025,12,-400.26,-354.21
零售,601488,10021857,12516720,71,HLB-29b1b03c-5880-11f0-8cdb-0c42a112278c,ZRTC20260424025,12,-400.26,-354.21
零售,601488,10021857,12516720,70,HLB-29b1ae75-5880-11f0-8cdb-0c42a112278c,ZRTC20260424025,12,-400.26,-354.21
零售,601488,10021857,12516720,69,HLB-2992c6b2-5880-11f0-8cdb-0c42a112278c,ZRTC20260424025,12,-400.26,-354.21
零售,601488,10021857,12516720,66,HLB-29b1ae1f-5880-11f0-8cdb-0c42a112278c,ZRTC20260424025,12,-400.26,-354.21
零售,601488,10021857,12516720,65,HLB-29b1aec7-5880-11f0-8cdb-0c42a112278c,ZRTC20260424025,12,-400.26,-354.21
零售,601488,10021857,12516720,62,HLB-29d29c89-5880-11f0-8cdb-0c42a112278c,ZRTC20260424025,12,-400.26,-354.21
零售,601488,10021857,12516720,60,HLB-29b1ad96-5880-11f0-8cdb-0c42a112278c,ZRTC20260424025,12,-400.26,-354.21
零售,601488,10021857,12516720,59,HLB-2992c60c-5880-11f0-8cdb-0c42a112278c,ZRTC20260424025,12,-400.26,-354.21
零售,601488,10021857,12516720,56,HLB-29b1afbe-5880-11f0-8cdb-0c42a112278c,ZRTC20260424025,12,-400.26,-354.21
零售,601488,10021857,12516720,55,HLB-2992c757-5880-11f0-8cdb-0c42a112278c,ZRTC20260424025,12,-400.26,-354.21
零售,601488,10021857,12516720,53,HLB-29b1b08e-5880-11f0-8cdb-0c42a112278c,ZRTC20260424025,12,-400.26,-354.21
零售,601488,10021857,12516720,52,HLB-29b1ac9d-5880-11f0-8cdb-0c42a112278c,ZRTC20260424025,12,-400.26,-354.21
零售,601488,10021857,12516720,48,HLB-2992c6db-5880-11f0-8cdb-0c42a112278c,ZRTC20260424025,12,-400.26,-354.21
零售,601488,10021857,12516720,47,HLB-29b1adc2-5880-11f0-8cdb-0c42a112278c,ZRTC20260424025,12,-400.26,-354.21
零售,601488,10021857,12516720,44,HLB-29b1ad37-5880-11f0-8cdb-0c42a112278c,ZRTC20260424025,12,-400.26,-354.21
零售,601488,10021857,12516720,43,HLB-2992c706-5880-11f0-8cdb-0c42a112278c,ZRTC20260424025,12,-400.26,-354.21
零售,601488,10021857,12516720,41,HLB-29b1af46-5880-11f0-8cdb-0c42a112278c,ZRTC20260424025,12,-400.26,-354.21
零售,601488,10021857,12516720,39,HLB-29b1af6d-5880-11f0-8cdb-0c42a112278c,ZRTC20260424025,12,-400.26,-354.21
零售,601488,10021857,12516720,38,HLB-2992c731-5880-11f0-8cdb-0c42a112278c,ZRTC20260424025,12,-400.26,-354.21
零售,601488,10021857,12516720,36,HLB-29b1ac15-5880-11f0-8cdb-0c42a112278c,ZRTC20260424025,12,-400.26,-354.21
零售,601488,10021857,12516720,35,HLB-29b1b00e-5880-11f0-8cdb-0c42a112278c,ZRTC20260424025,12,-400.26,-354.21
零售,601488,10021857,12516720,30,HLB-29b1b066-5880-11f0-8cdb-0c42a112278c,ZRTC20260424025,12,-400.26,-354.21
零售,601488,10021857,12516720,25,HLB-2992c661-5880-11f0-8cdb-0c42a112278c,ZRTC20260424025,12,-400.26,-354.21
零售,601488,10021857,12516720,24,HLB-29b1ae4d-5880-11f0-8cdb-0c42a112278c,ZRTC20260424025,12,-400.26,-354.21
零售,601488,10021857,12516720,22,HLB-2992c5e1-5880-11f0-8cdb-0c42a112278c,ZRTC20260424025,12,-400.26,-354.21
零售,601488,10021857,12516720,19,HLB-29d29bed-5880-11f0-8cdb-0c42a112278c,ZRTC20260424025,12,-400.26,-354.21
零售,601488,10021857,12516720,16,HLB-29b1afe6-5880-11f0-8cdb-0c42a112278c,ZRTC20260424025,12,-400.26,-354.21
零售,601488,10021857,12516720,14,HLB-29b1acfe-5880-11f0-8cdb-0c42a112278c,ZRTC20260424025,12,-400.26,-354.21
零售,601488,10021857,12516720,12,HLB-29b1adf5-5880-11f0-8cdb-0c42a112278c,ZRTC20260424025,12,-400.26,-354.21
零售,601488,10021857,12516720,11,HLB-29b1aea0-5880-11f0-8cdb-0c42a112278c,ZRTC20260424025,12,-400.26,-354.21
零售,601488,10021857,12516720,9,HLB-29b1acca-5880-11f0-8cdb-0c42a112278c,ZRTC20260424025,12,-400.26,-354.21
零售,601488,10021857,12516720,8,HLB-29d29c1c-5880-11f0-8cdb-0c42a112278c,ZRTC20260424025,12,-400.26,-354.21
零售,601488,10021857,12516720,6,HLB-29b1ad68-5880-11f0-8cdb-0c42a112278c,ZRTC20260424025,12,-400.26,-354.21
零售,601488,10021857,12516720,5,HLB-29b1aef4-5880-11f0-8cdb-0c42a112278c,ZRTC20260424025,12,-400.26,-354.21
零售,601488,10021857,12516720,4,HLB-2992c68a-5880-11f0-8cdb-0c42a112278c,ZRTC20260424025,12,-400.26,-354.21
零售,601488,10021857,12516720,3,HLB-29d29c54-5880-11f0-8cdb-0c42a112278c,ZRTC20260424025,12,-400.26,-354.21
零售,601488,10021857,12508826,25,HLB-16008f93-570e-11f0-8cdb-0c42a112278c,ZRTC20260424025,2,-338.62,-299.66
零售,601488,10021857,12508826,22,HLB-16008ff5-570e-11f0-8cdb-0c42a112278c,ZRTC20260424025,2,-338.62,-299.66
零售,601488,10021857,12508826,20,HLB-16009055-570e-11f0-8cdb-0c42a112278c,ZRTC20260424025,2,-338.62,-299.66
零售,601488,10021857,12508826,19,HLB-16009042-570e-11f0-8cdb-0c42a112278c,ZRTC20260424025,2,-338.62,-299.66
零售,601488,10021857,12508826,28,HLB-16008fdf-570e-11f0-8cdb-0c42a112278c,ZRTC20260424025,2,-338.62,-299.66
零售,601488,10021857,12508826,27,HLB-16008faf-570e-11f0-8cdb-0c42a112278c,ZRTC20260424025,2,-338.62,-299.66
零售,601488,10021857,12508826,11,HLB-160090f1-570e-11f0-8cdb-0c42a112278c,ZRTC20260424025,2,-338.62,-299.66
零售,601488,10021857,12508826,10,HLB-16008f79-570e-11f0-8cdb-0c42a112278c,ZRTC20260424025,2,-338.62,-299.66
零售,601488,10021857,12508826,8,HLB-160090c7-570e-11f0-8cdb-0c42a112278c,ZRTC20260424025,2,-338.62,-299.66
零售,601488,10021857,12508826,7,HLB-160090db-570e-11f0-8cdb-0c42a112278c,ZRTC20260424025,2,-338.62,-299.66
零售,601488,10021857,12508826,6,HLB-160090b1-570e-11f0-8cdb-0c42a112278c,ZRTC20260424025,2,-338.62,-299.66
零售,601488,10021857,12508826,5,HLB-16008eda-570e-11f0-8cdb-0c42a112278c,ZRTC20260424025,2,-338.62,-299.66
零售,601488,10021857,12508826,4,HLB-16009099-570e-11f0-8cdb-0c42a112278c,ZRTC20260424025,2,-338.62,-299.66
零售,601488,10021857,12508826,3,HLB-16008f59-570e-11f0-8cdb-0c42a112278c,ZRTC20260424025,2,-338.62,-299.66
零售,601488,10021857,12508813,19,HLB-14a8fdf0-570e-11f0-8cdb-0c42a112278c,ZRTC20260424025,2,-338.62,-299.66
零售,601488,10021857,12508813,18,HLB-14a8fdda-570e-11f0-8cdb-0c42a112278c,ZRTC20260424025,2,-338.62,-299.66
零售,601488,10021857,12508813,17,HLB-14a8fe05-570e-11f0-8cdb-0c42a112278c,ZRTC20260424025,2,-338.62,-299.66
零售,601488,10021857,12508813,16,HLB-14a8fdc3-570e-11f0-8cdb-0c42a112278c,ZRTC20260424025,2,-338.62,-299.66
零售,601488,10021857,12508813,15,HLB-14a8fe46-570e-11f0-8cdb-0c42a112278c,ZRTC20260424025,2,-338.62,-299.66
零售,601488,10021857,12508813,14,HLB-14a8fe72-570e-11f0-8cdb-0c42a112278c,ZRTC20260424025,2,-338.62,-299.66
零售,601488,10021857,12508813,11,HLB-14a8fe1c-570e-11f0-8cdb-0c42a112278c,ZRTC20260424025,2,-338.62,-299.66
零售,601488,10021857,12508813,9,HLB-14a8fe31-570e-11f0-8cdb-0c42a112278c,ZRTC20260424025,2,-338.62,-299.66
零售,601488,10021857,12508813,3,HLB-14a8fe5a-570e-11f0-8cdb-0c42a112278c,ZRTC20260424025,2,-338.62,-299.66
零售,601488,10021857,12508813,2,HLB-14a8fd91-570e-11f0-8cdb-0c42a112278c,ZRTC20260424025,2,-338.62,-299.66
零售,601488,10021857,12508825,18,HLB-15dfdbd1-570e-11f0-8cdb-0c42a112278c,ZRTC20260424025,2,-338.62,-299.66
零售,601488,10021857,12508825,15,HLB-15dfdc10-570e-11f0-8cdb-0c42a112278c,ZRTC20260424025,2,-338.62,-299.66
零售,601488,10021857,12508825,14,HLB-15dfdb7d-570e-11f0-8cdb-0c42a112278c,ZRTC20260424025,2,-338.62,-299.66
零售,601488,10021857,12508825,13,HLB-15dfdba5-570e-11f0-8cdb-0c42a112278c,ZRTC20260424025,2,-338.62,-299.66
零售,601488,10021857,12508825,7,HLB-15dfdbe6-570e-11f0-8cdb-0c42a112278c,ZRTC20260424025,2,-338.62,-299.66
零售,601488,10021857,12508825,6,HLB-15dfdb90-570e-11f0-8cdb-0c42a112278c,ZRTC20260424025,2,-338.62,-299.66
零售,601488,10021857,12508825,5,HLB-15dfdbfc-570e-11f0-8cdb-0c42a112278c,ZRTC20260424025,2,-338.62,-299.66
零售,601488,10021857,12508825,4,HLB-15dfdb56-570e-11f0-8cdb-0c42a112278c,ZRTC20260424025,2,-338.62,-299.66
零售,601488,10021857,12508825,3,HLB-15dfdbbc-570e-11f0-8cdb-0c42a112278c,ZRTC20260424025,2,-338.62,-299.66
零售,601488,10021857,12508825,1,HLB-15dfdb69-570e-11f0-8cdb-0c42a112278c,ZRTC20260424025,2,-338.62,-299.66
零售,601488,10021857,12508827,99,HLB-16240278-570e-11f0-8cdb-0c42a112278c,ZRTC20260424025,2,-338.62,-299.66
零售,601488,10021857,12508827,98,HLB-162403fe-570e-11f0-8cdb-0c42a112278c,ZRTC20260424025,2,-338.62,-299.66
零售,601488,10021857,12508827,95,HLB-16009298-570e-11f0-8cdb-0c42a112278c,ZRTC20260424025,2,-338.62,-299.66
零售,601488,10021857,12508827,93,HLB-162403c1-570e-11f0-8cdb-0c42a112278c,ZRTC20260424025,2,-338.62,-299.66
零售,601488,10021857,12508827,92,HLB-162404fa-570e-11f0-8cdb-0c42a112278c,ZRTC20260424025,2,-338.62,-299.66
零售,601488,10021857,12508827,91,HLB-16240427-570e-11f0-8cdb-0c42a112278c,ZRTC20260424025,2,-338.62,-299.66
零售,601488,10021857,12508827,88,HLB-160092fc-570e-11f0-8cdb-0c42a112278c,ZRTC20260424025,2,-338.62,-299.66
零售,601488,10021857,12508827,86,HLB-16009310-570e-11f0-8cdb-0c42a112278c,ZRTC20260424025,2,-338.62,-299.66
零售,601488,10021857,12508827,85,HLB-160092bf-570e-11f0-8cdb-0c42a112278c,ZRTC20260424025,2,-338.62,-299.66
零售,601488,10021857,12508827,84,HLB-162404a6-570e-11f0-8cdb-0c42a112278c,ZRTC20260424025,2,-338.62,-299.66
零售,601488,10021857,12508827,83,HLB-1624028e-570e-11f0-8cdb-0c42a112278c,ZRTC20260424025,2,-338.62,-299.66
零售,601488,10021857,12508827,5,HLB-162401fb-570e-11f0-8cdb-0c42a112278c,ZRTC20260424025,2,-338.62,-299.66
零售,601488,10021857,12508827,1,HLB-162402ab-570e-11f0-8cdb-0c42a112278c,ZRTC20260424025,2,-338.62,-299.66
零售,601488,10021857,12542815,20,HLB-d4e8a4c4-5c63-11f0-8cdb-0c42a112278c,ZRTC20260424025,2,-338.62,-299.66
零售,601488,10021857,12542815,19,HLB-d4e8a418-5c63-11f0-8cdb-0c42a112278c,ZRTC20260424025,2,-338.62,-299.66
零售,601488,10021857,12542815,18,HLB-d4e8a485-5c63-11f0-8cdb-0c42a112278c,ZRTC20260424025,2,-338.62,-299.66
零售,601488,10021857,12542815,17,HLB-d4e8a514-5c63-11f0-8cdb-0c42a112278c,ZRTC20260424025,2,-338.62,-299.66
零售,601488,10021857,12542815,14,HLB-d4e8a4ff-5c63-11f0-8cdb-0c42a112278c,ZRTC20260424025,2,-338.62,-299.66
零售,601488,10021857,12542815,12,HLB-d4e8a499-5c63-11f0-8cdb-0c42a112278c,ZRTC20260424025,2,-338.62,-299.66
零售,601488,10021857,12542815,10,HLB-d4e8a53f-5c63-11f0-8cdb-0c42a112278c,ZRTC20260424025,2,-338.62,-299.66
零售,601488,10021857,12542815,7,HLB-d4e8a470-5c63-11f0-8cdb-0c42a112278c,ZRTC20260424025,2,-338.62,-299.66
零售,601488,10021857,12542815,3,HLB-d4e8a52a-5c63-11f0-8cdb-0c42a112278c,ZRTC20260424025,2,-338.62,-299.66
零售,601488,10021857,12542815,1,HLB-d4e8a4ad-5c63-11f0-8cdb-0c42a112278c,ZRTC20260424025,2,-338.62,-299.66
零售,601488,10021857,12508837,20,HLB-170d9dfa-570e-11f0-8cdb-0c42a112278c,ZRTC20260424025,2,-338.62,-299.66
零售,601488,10021857,12508837,19,HLB-170d9d6b-570e-11f0-8cdb-0c42a112278c,ZRTC20260424025,2,-338.62,-299.66
零售,601488,10021857,12508837,18,HLB-170d9d80-570e-11f0-8cdb-0c42a112278c,ZRTC20260424025,2,-338.62,-299.66
零售,601488,10021857,12508837,15,HLB-170d9e10-570e-11f0-8cdb-0c42a112278c,ZRTC20260424025,2,-338.62,-299.66
零售,601488,10021857,12508837,13,HLB-170d9dbe-570e-11f0-8cdb-0c42a112278c,ZRTC20260424025,2,-338.62,-299.66
零售,601488,10021857,12508837,12,HLB-170d9da8-570e-11f0-8cdb-0c42a112278c,ZRTC20260424025,2,-338.62,-299.66
零售,601488,10021857,12508837,11,HLB-170d9de7-570e-11f0-8cdb-0c42a112278c,ZRTC20260424025,2,-338.62,-299.66
零售,601488,10021857,12508837,10,HLB-170d9d94-570e-11f0-8cdb-0c42a112278c,ZRTC20260424025,2,-338.62,-299.66
零售,601488,10021857,12508837,4,HLB-170d9dd2-570e-11f0-8cdb-0c42a112278c,ZRTC20260424025,2,-338.62,-299.66
零售,601488,10021857,12508837,1,HLB-170d9d57-570e-11f0-8cdb-0c42a112278c,ZRTC20260424025,2,-338.62,-299.66
零售,601488,10021857,12520970,1,HLB-39411a6b-593a-11f0-8cdb-0c42a112278c,ZRTC20260424025,1,-669.24,-592.25
零售,601488,10021857,12517980,17,HLB-0496aa13-5898-11f0-8cdb-0c42a112278c,ZRTC20260424025,21,-282.06,-249.61
零售,601488,10021857,12517980,8,HLB-0496aa43-5898-11f0-8cdb-0c42a112278c,ZRTC20260424025,21,-282.06,-249.61
零售,601488,10021857,12517980,2,HLB-0496a9dd-5898-11f0-8cdb-0c42a112278c,ZRTC20260424025,21,-282.06,-249.61
零售,601488,10021857,12512473,17,HLB-06a08768-57bf-11f0-8cdb-0c42a112278c,ZRTC20260424025,21,-282.06,-249.61
零售,601488,10021857,12512473,16,HLB-06a088a2-57bf-11f0-8cdb-0c42a112278c,ZRTC20260424025,21,-282.06,-249.61
零售,601488,10021857,12512473,15,HLB-06a088cc-57bf-11f0-8cdb-0c42a112278c,ZRTC20260424025,21,-282.06,-249.61
零售,601488,10021857,12512473,10,HLB-06a088fe-57bf-11f0-8cdb-0c42a112278c,ZRTC20260424025,21,-282.06,-249.61
零售,601488,10021857,12512473,8,HLB-06a08841-57bf-11f0-8cdb-0c42a112278c,ZRTC20260424025,21,-282.06,-249.61
零售,601488,10021857,12512473,5,HLB-06a08873-57bf-11f0-8cdb-0c42a112278c,ZRTC20260424025,21,-282.06,-249.61
零售,601488,10021857,12512473,2,HLB-06a0880f-57bf-11f0-8cdb-0c42a112278c,ZRTC20260424025,21,-282.06,-249.61
零售,601488,10021857,12512473,1,HLB-06a087bb-57bf-11f0-8cdb-0c42a112278c,ZRTC20260424025,21,-282.06,-249.61
零售,601488,10021857,12508821,99,HLB-1559383c-570e-11f0-8cdb-0c42a112278c,ZRTC20260424025,21,-282.06,-249.61
零售,601488,10021857,12508821,98,HLB-15593822-570e-11f0-8cdb-0c42a112278c,ZRTC20260424025,21,-282.06,-249.61
零售,601488,10021857,12508821,97,HLB-1534b8e3-570e-11f0-8cdb-0c42a112278c,ZRTC20260424025,21,-282.06,-249.61
零售,601488,10021857,12508821,96,HLB-15593804-570e-11f0-8cdb-0c42a112278c,ZRTC20260424025,21,-282.06,-249.61
零售,601488,10021857,12508821,91,HLB-15593772-570e-11f0-8cdb-0c42a112278c,ZRTC20260424025,21,-282.06,-249.61
零售,601488,10021857,12508821,86,HLB-155938c7-570e-11f0-8cdb-0c42a112278c,ZRTC20260424025,21,-282.06,-249.61
零售,601488,10021857,12508821,85,HLB-15593899-570e-11f0-8cdb-0c42a112278c,ZRTC20260424025,21,-282.06,-249.61
零售,601488,10021857,12508821,84,HLB-1534ba59-570e-11f0-8cdb-0c42a112278c,ZRTC20260424025,21,-282.06,-249.61
零售,601488,10021857,12508821,83,HLB-1534ba6d-570e-11f0-8cdb-0c42a112278c,ZRTC20260424025,21,-282.06,-249.61
零售,601488,10021857,12508821,81,HLB-1534ba17-570e-11f0-8cdb-0c42a112278c,ZRTC20260424025,21,-282.06,-249.61
零售,601488,10021857,12508821,80,HLB-15593919-570e-11f0-8cdb-0c42a112278c,ZRTC20260424025,21,-282.06,-249.61
零售,601488,10021857,12508821,76,HLB-155938f0-570e-11f0-8cdb-0c42a112278c,ZRTC20260424025,21,-282.06,-249.61
零售,601488,10021857,12508821,73,HLB-155939c7-570e-11f0-8cdb-0c42a112278c,ZRTC20260424025,21,-282.06,-249.61
零售,601488,10021857,12508821,72,HLB-155937d3-570e-11f0-8cdb-0c42a112278c,ZRTC20260424025,21,-282.06,-249.61
零售,601488,10021857,12508821,70,HLB-15593937-570e-11f0-8cdb-0c42a112278c,ZRTC20260424025,21,-282.06,-249.61
零售,601488,10021857,12508821,69,HLB-155939b1-570e-11f0-8cdb-0c42a112278c,ZRTC20260424025,21,-282.06,-249.61
零售,601488,10021857,12508821,68,HLB-15593975-570e-11f0-8cdb-0c42a112278c,ZRTC20260424025,21,-282.06,-249.61
零售,601488,10021857,12508821,66,HLB-1534ba2e-570e-11f0-8cdb-0c42a112278c,ZRTC20260424025,21,-282.06,-249.61
零售,601488,10021857,12508821,65,HLB-1534b991-570e-11f0-8cdb-0c42a112278c,ZRTC20260424025,21,-282.06,-249.61
零售,601488,10021857,12508821,63,HLB-1534b979-570e-11f0-8cdb-0c42a112278c,ZRTC20260424025,21,-282.06,-249.61
零售,601488,10021857,12508821,60,HLB-1534b950-570e-11f0-8cdb-0c42a112278c,ZRTC20260424025,21,-282.06,-249.61
零售,601488,10021857,12508821,56,HLB-1534b966-570e-11f0-8cdb-0c42a112278c,ZRTC20260424025,21,-282.06,-249.61
零售,601488,10021857,12508821,55,HLB-15593883-570e-11f0-8cdb-0c42a112278c,ZRTC20260424025,21,-282.06,-249.61
零售,601488,10021857,12508821,54,HLB-1559394d-570e-11f0-8cdb-0c42a112278c,ZRTC20260424025,21,-282.06,-249.61
零售,601488,10021857,12508821,51,HLB-15593904-570e-11f0-8cdb-0c42a112278c,ZRTC20260424025,21,-282.06,-249.61
零售,601488,10021857,12508821,50,HLB-15593989-570e-11f0-8cdb-0c42a112278c,ZRTC20260424025,21,-282.06,-249.61
零售,601488,10021857,12508821,48,HLB-15593a42-570e-11f0-8cdb-0c42a112278c,ZRTC20260424025,21,-282.06,-249.61
零售,601488,10021857,12508821,43,HLB-155937ea-570e-11f0-8cdb-0c42a112278c,ZRTC20260424025,21,-282.06,-249.61
零售,601488,10021857,12508821,40,HLB-1534ba00-570e-11f0-8cdb-0c42a112278c,ZRTC20260424025,21,-282.06,-249.61
零售,601488,10021857,12508821,38,HLB-1534b926-570e-11f0-8cdb-0c42a112278c,ZRTC20260424025,21,-282.06,-249.61
零售,601488,10021857,12508821,37,HLB-155938b2-570e-11f0-8cdb-0c42a112278c,ZRTC20260424025,21,-282.06,-249.61
零售,601488,10021857,12508821,36,HLB-15593961-570e-11f0-8cdb-0c42a112278c,ZRTC20260424025,21,-282.06,-249.61
零售,601488,10021857,12508821,35,HLB-1534b8cf-570e-11f0-8cdb-0c42a112278c,ZRTC20260424025,21,-282.06,-249.61
零售,601488,10021857,12508821,34,HLB-1559399c-570e-11f0-8cdb-0c42a112278c,ZRTC20260424025,21,-282.06,-249.61
零售,601488,10021857,12508821,29,HLB-1534b9a8-570e-11f0-8cdb-0c42a112278c,ZRTC20260424025,21,-282.06,-249.61
零售,601488,10021857,12508821,28,HLB-155939f0-570e-11f0-8cdb-0c42a112278c,ZRTC20260424025,21,-282.06,-249.61
零售,601488,10021857,12508821,26,HLB-1534b9be-570e-11f0-8cdb-0c42a112278c,ZRTC20260424025,21,-282.06,-249.61
零售,601488,10021857,12508821,24,HLB-1559386d-570e-11f0-8cdb-0c42a112278c,ZRTC20260424025,21,-282.06,-249.61
零售,601488,10021857,12508821,20,HLB-1534ba83-570e-11f0-8cdb-0c42a112278c,ZRTC20260424025,21,-282.06,-249.61
零售,601488,10021857,12508821,19,HLB-1534b9d5-570e-11f0-8cdb-0c42a112278c,ZRTC20260424025,21,-282.06,-249.61
零售,601488,10021857,12508821,17,HLB-15593853-570e-11f0-8cdb-0c42a112278c,ZRTC20260424025,21,-282.06,-249.61
零售,601488,10021857,12508821,15,HLB-15593a19-570e-11f0-8cdb-0c42a112278c,ZRTC20260424025,21,-282.06,-249.61
零售,601488,10021857,12508821,14,HLB-15593a2e-570e-11f0-8cdb-0c42a112278c,ZRTC20260424025,21,-282.06,-249.61
零售,601488,10021857,12508821,11,HLB-155938da-570e-11f0-8cdb-0c42a112278c,ZRTC20260424025,21,-282.06,-249.61
零售,601488,10021857,12508821,10,HLB-1534b93b-570e-11f0-8cdb-0c42a112278c,ZRTC20260424025,21,-282.06,-249.61
零售,601488,10021857,12508821,7,HLB-15593a06-570e-11f0-8cdb-0c42a112278c,ZRTC20260424025,21,-282.06,-249.61
零售,601488,10021857,12508821,5,HLB-1534ba99-570e-11f0-8cdb-0c42a112278c,ZRTC20260424025,21,-282.06,-249.61
零售,601488,10021857,12508821,4,HLB-155939dc-570e-11f0-8cdb-0c42a112278c,ZRTC20260424025,21,-282.06,-249.61
零售,601488,10021857,12508821,2,HLB-1534ba46-570e-11f0-8cdb-0c42a112278c,ZRTC20260424025,21,-282.06,-249.61
零售,601488,10021857,12508821,1,HLB-1534b9eb-570e-11f0-8cdb-0c42a112278c,ZRTC20260424025,21,-282.06,-249.61
零售,601488,10021857,12508834,20,HLB-16ca64d1-570e-11f0-8cdb-0c42a112278c,ZRTC20260424025,21,-282.06,-249.61
零售,601488,10021857,12508834,18,HLB-16ca6463-570e-11f0-8cdb-0c42a112278c,ZRTC20260424025,21,-282.06,-249.61
零售,601488,10021857,12508834,14,HLB-16ca6420-570e-11f0-8cdb-0c42a112278c,ZRTC20260424025,21,-282.06,-249.61
零售,601488,10021857,12508834,12,HLB-16ca6438-570e-11f0-8cdb-0c42a112278c,ZRTC20260424025,21,-282.06,-249.61
零售,601488,10021857,12508834,11,HLB-16ca64bb-570e-11f0-8cdb-0c42a112278c,ZRTC20260424025,21,-282.06,-249.61
零售,601488,10021857,12508834,10,HLB-16ca6477-570e-11f0-8cdb-0c42a112278c,ZRTC20260424025,21,-282.06,-249.61
零售,601488,10021857,12506578,10,HLB-ab6f784c-56e9-11f0-8cdb-0c42a112278c,ZRTC20260424025,20,-281.3,-248.94
零售,601488,10021857,12506578,9,HLB-ab6f78b7-56e9-11f0-8cdb-0c42a112278c,ZRTC20260424025,20,-281.3,-248.94
零售,601488,10021857,12506578,8,HLB-ab6f77c0-56e9-11f0-8cdb-0c42a112278c,ZRTC20260424025,20,-281.3,-248.94
零售,601488,10021857,12506578,6,HLB-ab6f7838-56e9-11f0-8cdb-0c42a112278c,ZRTC20260424025,20,-281.3,-248.94
零售,601488,10021857,12506578,2,HLB-ab6f7824-56e9-11f0-8cdb-0c42a112278c,ZRTC20260424025,20,-281.3,-248.94
零售,601488,10021857,12506578,1,HLB-ab6f788b-56e9-11f0-8cdb-0c42a112278c,ZRTC20260424025,20,-281.3,-248.94
零售,601488,10021857,12508823,58,HLB-15bef91e-570e-11f0-8cdb-0c42a112278c,ZRTC20260424025,20,-281.3,-248.94
零售,601488,10021857,12508823,56,HLB-15bef9ce-570e-11f0-8cdb-0c42a112278c,ZRTC20260424025,20,-281.3,-248.94
零售,601488,10021857,12508823,51,HLB-15bef960-570e-11f0-8cdb-0c42a112278c,ZRTC20260424025,20,-281.3,-248.94
零售,601488,10021857,12508823,49,HLB-15befa13-570e-11f0-8cdb-0c42a112278c,ZRTC20260424025,20,-281.3,-248.94
零售,601488,10021857,12508823,46,HLB-15befade-570e-11f0-8cdb-0c42a112278c,ZRTC20260424025,20,-281.3,-248.94
零售,601488,10021857,12508823,45,HLB-15befac9-570e-11f0-8cdb-0c42a112278c,ZRTC20260424025,20,-281.3,-248.94
零售,601488,10021857,12508823,44,HLB-15befb36-570e-11f0-8cdb-0c42a112278c,ZRTC20260424025,20,-281.3,-248.94
零售,601488,10021857,12508823,43,HLB-15bef9e4-570e-11f0-8cdb-0c42a112278c,ZRTC20260424025,20,-281.3,-248.94
零售,601488,10021857,12508823,42,HLB-15befb89-570e-11f0-8cdb-0c42a112278c,ZRTC20260424025,20,-281.3,-248.94
零售,601488,10021857,12508823,41,HLB-15befa45-570e-11f0-8cdb-0c42a112278c,ZRTC20260424025,20,-281.3,-248.94
零售,601488,10021857,12508823,35,HLB-15befa2b-570e-11f0-8cdb-0c42a112278c,ZRTC20260424025,20,-281.3,-248.94
零售,601488,10021857,12508823,34,HLB-15befb0d-570e-11f0-8cdb-0c42a112278c,ZRTC20260424025,20,-281.3,-248.94
零售,601488,10021857,12508823,33,HLB-15bef949-570e-11f0-8cdb-0c42a112278c,ZRTC20260424025,20,-281.3,-248.94
零售,601488,10021857,12508823,32,HLB-15befa5b-570e-11f0-8cdb-0c42a112278c,ZRTC20260424025,20,-281.3,-248.94
零售,601488,10021857,12508823,31,HLB-15befa88-570e-11f0-8cdb-0c42a112278c,ZRTC20260424025,20,-281.3,-248.94
零售,601488,10021857,12508823,29,HLB-15befb4d-570e-11f0-8cdb-0c42a112278c,ZRTC20260424025,20,-281.3,-248.94
零售,601488,10021857,12508823,28,HLB-15bef975-570e-11f0-8cdb-0c42a112278c,ZRTC20260424025,20,-281.3,-248.94
零售,601488,10021857,12508823,26,HLB-15bef98a-570e-11f0-8cdb-0c42a112278c,ZRTC20260424025,20,-281.3,-248.94
零售,601488,10021857,12508823,24,HLB-15befb21-570e-11f0-8cdb-0c42a112278c,ZRTC20260424025,20,-281.3,-248.94
零售,601488,10021857,12508823,23,HLB-15befb76-570e-11f0-8cdb-0c42a112278c,ZRTC20260424025,20,-281.3,-248.94
零售,601488,10021857,12508823,20,HLB-15befb60-570e-11f0-8cdb-0c42a112278c,ZRTC20260424025,20,-281.3,-248.94
零售,601488,10021857,12508823,19,HLB-15befb9d-570e-11f0-8cdb-0c42a112278c,ZRTC20260424025,20,-281.3,-248.94
零售,601488,10021857,12508823,18,HLB-15bef9a2-570e-11f0-8cdb-0c42a112278c,ZRTC20260424025,20,-281.3,-248.94
零售,601488,10021857,12508823,17,HLB-15befa72-570e-11f0-8cdb-0c42a112278c,ZRTC20260424025,20,-281.3,-248.94
零售,601488,10021857,12508823,12,HLB-15bef936-570e-11f0-8cdb-0c42a112278c,ZRTC20260424025,20,-281.3,-248.94
零售,601488,10021857,12508823,10,HLB-15befaf4-570e-11f0-8cdb-0c42a112278c,ZRTC20260424025,20,-281.3,-248.94
零售,601488,10021857,12508823,8,HLB-15befa9b-570e-11f0-8cdb-0c42a112278c,ZRTC20260424025,20,-281.3,-248.94
零售,601488,10021857,12508823,7,HLB-15bef9fd-570e-11f0-8cdb-0c42a112278c,ZRTC20260424025,20,-281.3,-248.94
零售,601488,10021857,12508823,5,HLB-15befab0-570e-11f0-8cdb-0c42a112278c,ZRTC20260424025,20,-281.3,-248.94
零售,601488,10021857,12508823,2,HLB-15bef9b8-570e-11f0-8cdb-0c42a112278c,ZRTC20260424025,20,-281.3,-248.94
零售,601488,10021857,12508831,39,HLB-1688d592-570e-11f0-8cdb-0c42a112278c,ZRTC20260424025,20,-281.3,-248.94
零售,601488,10021857,12508831,37,HLB-1688d5bb-570e-11f0-8cdb-0c42a112278c,ZRTC20260424025,20,-281.3,-248.94
零售,601488,10021857,12508831,36,HLB-1688d522-570e-11f0-8cdb-0c42a112278c,ZRTC20260424025,20,-281.3,-248.94
零售,601488,10021857,12508831,34,HLB-1688d4b6-570e-11f0-8cdb-0c42a112278c,ZRTC20260424025,20,-281.3,-248.94
零售,601488,10021857,12508831,31,HLB-1688d536-570e-11f0-8cdb-0c42a112278c,ZRTC20260424025,20,-281.3,-248.94
零售,601488,10021857,12508831,24,HLB-1688d565-570e-11f0-8cdb-0c42a112278c,ZRTC20260424025,20,-281.3,-248.94
零售,601488,10021857,12508831,21,HLB-1688d57e-570e-11f0-8cdb-0c42a112278c,ZRTC20260424025,20,-281.3,-248.94
零售,601488,10021857,12508831,20,HLB-1688d476-570e-11f0-8cdb-0c42a112278c,ZRTC20260424025,20,-281.3,-248.94
零售,601488,10021857,12508831,18,HLB-1688d5f5-570e-11f0-8cdb-0c42a112278c,ZRTC20260424025,20,-281.3,-248.94
零售,601488,10021857,12508831,17,HLB-1688d54c-570e-11f0-8cdb-0c42a112278c,ZRTC20260424025,20,-281.3,-248.94
零售,601488,10021857,12508831,16,HLB-1688d4f9-570e-11f0-8cdb-0c42a112278c,ZRTC20260424025,20,-281.3,-248.94
零售,601488,10021857,12508831,15,HLB-1688d5a7-570e-11f0-8cdb-0c42a112278c,ZRTC20260424025,20,-281.3,-248.94
零售,601488,10021857,12508831,13,HLB-1688d50c-570e-11f0-8cdb-0c42a112278c,ZRTC20260424025,20,-281.3,-248.94
零售,601488,10021857,12508831,11,HLB-1688d5e1-570e-11f0-8cdb-0c42a112278c,ZRTC20260424025,20,-281.3,-248.94
零售,601488,10021857,12508831,10,HLB-1688d5ce-570e-11f0-8cdb-0c42a112278c,ZRTC20260424025,20,-281.3,-248.94
零售,601488,10021857,12508831,9,HLB-1688d4a0-570e-11f0-8cdb-0c42a112278c,ZRTC20260424025,20,-281.3,-248.94
零售,601488,10021857,12508831,7,HLB-1688d45e-570e-11f0-8cdb-0c42a112278c,ZRTC20260424025,20,-281.3,-248.94
零售,601488,10021857,12508831,5,HLB-1688d4e0-570e-11f0-8cdb-0c42a112278c,ZRTC20260424025,20,-281.3,-248.94
零售,601488,10021857,12508831,4,HLB-1688d489-570e-11f0-8cdb-0c42a112278c,ZRTC20260424025,20,-281.3,-248.94
零售,601488,10021857,12508831,1,HLB-1688d4c9-570e-11f0-8cdb-0c42a112278c,ZRTC20260424025,20,-281.3,-248.94
零售,601488,10021857,12377685,10,HLB-eca5a0e4-4f2f-11f0-8cdb-0c42a112278c,ZRTC20260424025,20,-281.3,-248.94
零售,601488,10021857,12377685,9,HLB-eca5a10f-4f2f-11f0-8cdb-0c42a112278c,ZRTC20260424025,20,-281.3,-248.94
零售,601488,10021857,12377685,8,HLB-eca5a0f8-4f2f-11f0-8cdb-0c42a112278c,ZRTC20260424025,20,-281.3,-248.94
零售,601488,10021857,12377685,7,HLB-eca5a136-4f2f-11f0-8cdb-0c42a112278c,ZRTC20260424025,20,-281.3,-248.94
零售,601488,10021857,12377685,6,HLB-eca5a122-4f2f-11f0-8cdb-0c42a112278c,ZRTC20260424025,20,-281.3,-248.94
零售,601488,10021857,12377685,5,HLB-eca5a0ce-4f2f-11f0-8cdb-0c42a112278c,ZRTC20260424025,20,-281.3,-248.94
零售,601488,10021857,12377685,4,HLB-eca5a149-4f2f-11f0-8cdb-0c42a112278c,ZRTC20260424025,20,-281.3,-248.94
零售,601488,10021857,12377685,3,HLB-eca5a0ba-4f2f-11f0-8cdb-0c42a112278c,ZRTC20260424025,20,-281.3,-248.94
零售,601488,10021857,12377685,2,HLB-eca5a093-4f2f-11f0-8cdb-0c42a112278c,ZRTC20260424025,20,-281.3,-248.94
零售,601488,10021857,12377685,1,HLB-eca5a0a6-4f2f-11f0-8cdb-0c42a112278c,ZRTC20260424025,20,-281.3,-248.94
零售,601488,10021857,12501316,20,HLB-55a31269-561d-11f0-8cdb-0c42a112278c,ZRTC20260424025,20,-281.3,-248.94
零售,601488,10021857,12162106,2,HLB-27defd68-41de-11f0-8cdb-0c42a112278c,ZRTC20260424025,12,-400.26,-354.21
零售,601488,10021857,12516719,80,HLB-2992c4b2-5880-11f0-8cdb-0c42a112278c,ZRTC20260424025,12,-400.26,-354.21
零售,601488,10021857,12516719,78,HLB-2972845b-5880-11f0-8cdb-0c42a112278c,ZRTC20260424025,12,-400.26,-354.21
零售,601488,10021857,12516719,76,HLB-29728671-5880-11f0-8cdb-0c42a112278c,ZRTC20260424025,12,-400.26,-354.21
零售,601488,10021857,12516719,75,HLB-2972869c-5880-11f0-8cdb-0c42a112278c,ZRTC20260424025,12,-400.26,-354.21
零售,601488,10021857,12516719,73,HLB-2992c486-5880-11f0-8cdb-0c42a112278c,ZRTC20260424025,12,-400.26,-354.21
零售,601488,10021857,12516719,72,HLB-2992c394-5880-11f0-8cdb-0c42a112278c,ZRTC20260424025,12,-400.26,-354.21
零售,601488,10021857,12516719,71,HLB-297285c0-5880-11f0-8cdb-0c42a112278c,ZRTC20260424025,12,-400.26,-354.21
零售,601488,10021857,12516719,70,HLB-2992c3c8-5880-11f0-8cdb-0c42a112278c,ZRTC20260424025,12,-400.26,-354.21
零售,601488,10021857,12516719,69,HLB-297284c4-5880-11f0-8cdb-0c42a112278c,ZRTC20260424025,12,-400.26,-354.21
零售,601488,10021857,12516719,61,HLB-2992c50c-5880-11f0-8cdb-0c42a112278c,ZRTC20260424025,12,-400.26,-354.21
零售,601488,10021857,12516719,56,HLB-297286fa-5880-11f0-8cdb-0c42a112278c,ZRTC20260424025,12,-400.26,-354.21
零售,601488,10021857,12516719,55,HLB-29728561-5880-11f0-8cdb-0c42a112278c,ZRTC20260424025,12,-400.26,-354.21
零售,601488,10021857,12516719,52,HLB-297284ff-5880-11f0-8cdb-0c42a112278c,ZRTC20260424025,12,-400.26,-354.21
零售,601488,10021857,12516719,51,HLB-2972876c-5880-11f0-8cdb-0c42a112278c,ZRTC20260424025,12,-400.26,-354.21
零售,601488,10021857,12516719,50,HLB-2992c42a-5880-11f0-8cdb-0c42a112278c,ZRTC20260424025,12,-400.26,-354.21
零售,601488,10021857,12516719,46,HLB-29728821-5880-11f0-8cdb-0c42a112278c,ZRTC20260424025,12,-400.26,-354.21
零售,601488,10021857,12516719,44,HLB-29728646-5880-11f0-8cdb-0c42a112278c,ZRTC20260424025,12,-400.26,-354.21
零售,601488,10021857,12516719,43,HLB-2992c562-5880-11f0-8cdb-0c42a112278c,ZRTC20260424025,12,-400.26,-354.21
零售,601488,10021857,12516719,42,HLB-29728348-5880-11f0-8cdb-0c42a112278c,ZRTC20260424025,12,-400.26,-354.21
零售,601488,10021857,12516719,41,HLB-29728795-5880-11f0-8cdb-0c42a112278c,ZRTC20260424025,12,-400.26,-354.21
零售,601488,10021857,12516719,39,HLB-2992c2dd-5880-11f0-8cdb-0c42a112278c,ZRTC20260424025,12,-400.26,-354.21
零售,601488,10021857,12516719,38,HLB-297286c9-5880-11f0-8cdb-0c42a112278c,ZRTC20260424025,12,-400.26,-354.21
零售,601488,10021857,12516719,37,HLB-2972861a-5880-11f0-8cdb-0c42a112278c,ZRTC20260424025,12,-400.26,-354.21
零售,601488,10021857,12516719,36,HLB-297287f5-5880-11f0-8cdb-0c42a112278c,ZRTC20260424025,12,-400.26,-354.21
零售,601488,10021857,12516719,35,HLB-297287c2-5880-11f0-8cdb-0c42a112278c,ZRTC20260424025,12,-400.26,-354.21
零售,601488,10021857,12516719,34,HLB-2992c459-5880-11f0-8cdb-0c42a112278c,ZRTC20260424025,12,-400.26,-354.21
零售,601488,10021857,12516719,30,HLB-2992c58b-5880-11f0-8cdb-0c42a112278c,ZRTC20260424025,12,-400.26,-354.21
零售,601488,10021857,12516719,25,HLB-2992c365-5880-11f0-8cdb-0c42a112278c,ZRTC20260424025,12,-400.26,-354.21
零售,601488,10021857,12516719,21,HLB-2972848e-5880-11f0-8cdb-0c42a112278c,ZRTC20260424025,12,-400.26,-354.21
零售,601488,10021857,12516719,18,HLB-29728851-5880-11f0-8cdb-0c42a112278c,ZRTC20260424025,12,-400.26,-354.21
零售,601488,10021857,12516719,16,HLB-29728723-5880-11f0-8cdb-0c42a112278c,ZRTC20260424025,12,-400.26,-354.21
零售,601488,10021857,12516719,14,HLB-2992c3fb-5880-11f0-8cdb-0c42a112278c,ZRTC20260424025,12,-400.26,-354.21
零售,601488,10021857,12516719,12,HLB-297285ef-5880-11f0-8cdb-0c42a112278c,ZRTC20260424025,12,-400.26,-354.21
零售,601488,10021857,12516719,11,HLB-2992c5b8-5880-11f0-8cdb-0c42a112278c,ZRTC20260424025,12,-400.26,-354.21
零售,601488,10021857,12516719,10,HLB-2992c537-5880-11f0-8cdb-0c42a112278c,ZRTC20260424025,12,-400.26,-354.21
零售,601488,10021857,12516719,8,HLB-2972858e-5880-11f0-8cdb-0c42a112278c,ZRTC20260424025,12,-400.26,-354.21
零售,601488,10021857,12516719,7,HLB-29728534-5880-11f0-8cdb-0c42a112278c,ZRTC20260424025,12,-400.26,-354.21
零售,601488,10021857,12516719,6,HLB-29728423-5880-11f0-8cdb-0c42a112278c,ZRTC20260424025,12,-400.26,-354.21
零售,601488,10021857,12516719,5,HLB-2992c4de-5880-11f0-8cdb-0c42a112278c,ZRTC20260424025,12,-400.26,-354.21
零售,601488,10021857,12516719,3,HLB-297283f1-5880-11f0-8cdb-0c42a112278c,ZRTC20260424025,12,-400.26,-354.21
零售,601488,10021857,12517980,50,HLB-0496ada3-5898-11f0-8cdb-0c42a112278c,ZRTC20260424025,12,-400.26,-354.21
零售,601488,10021857,12517980,49,HLB-0496ab97-5898-11f0-8cdb-0c42a112278c,ZRTC20260424025,12,-400.26,-354.21
零售,601488,10021857,12517980,48,HLB-0496ab80-5898-11f0-8cdb-0c42a112278c,ZRTC20260424025,12,-400.26,-354.21
零售,601488,10021857,12517980,47,HLB-0496ac34-5898-11f0-8cdb-0c42a112278c,ZRTC20260424025,12,-400.26,-354.21
零售,601488,10021857,12517980,46,HLB-0496acd8-5898-11f0-8cdb-0c42a112278c,ZRTC20260424025,12,-400.26,-354.21
零售,601488,10021857,12517980,45,HLB-0496ad40-5898-11f0-8cdb-0c42a112278c,ZRTC20260424025,12,-400.26,-354.21
零售,601488,10021857,12517980,44,HLB-0496acaf-5898-11f0-8cdb-0c42a112278c,ZRTC20260424025,12,-400.26,-354.21
零售,601488,10021857,12517980,43,HLB-0496ad2b-5898-11f0-8cdb-0c42a112278c,ZRTC20260424025,12,-400.26,-354.21
零售,601488,10021857,12517980,42,HLB-0496adca-5898-11f0-8cdb-0c42a112278c,ZRTC20260424025,12,-400.26,-354.21
零售,601488,10021857,12517980,41,HLB-0496a935-5898-11f0-8cdb-0c42a112278c,ZRTC20260424025,12,-400.26,-354.21
零售,601488,10021857,12517980,39,HLB-0496ac82-5898-11f0-8cdb-0c42a112278c,ZRTC20260424025,12,-400.26,-354.21
零售,601488,10021857,12517980,38,HLB-0496ac6d-5898-11f0-8cdb-0c42a112278c,ZRTC20260424025,12,-400.26,-354.21
零售,601488,10021857,12517980,36,HLB-0496ab66-5898-11f0-8cdb-0c42a112278c,ZRTC20260424025,12,-400.26,-354.21
零售,601488,10021857,12517980,33,HLB-0496ad90-5898-11f0-8cdb-0c42a112278c,ZRTC20260424025,12,-400.26,-354.21
零售,601488,10021857,12517980,32,HLB-0496a98c-5898-11f0-8cdb-0c42a112278c,ZRTC20260424025,12,-400.26,-354.21
零售,601488,10021857,12517980,31,HLB-0496ad18-5898-11f0-8cdb-0c42a112278c,ZRTC20260424025,12,-400.26,-354.21
零售,601488,10021857,12517980,30,HLB-0496abf8-5898-11f0-8cdb-0c42a112278c,ZRTC20260424025,12,-400.26,-354.21
零售,601488,10021857,12517980,29,HLB-0496aafb-5898-11f0-8cdb-0c42a112278c,ZRTC20260424025,12,-400.26,-354.21
零售,601488,10021857,12517980,28,HLB-0496aced-5898-11f0-8cdb-0c42a112278c,ZRTC20260424025,12,-400.26,-354.21
零售,601488,10021857,12517980,27,HLB-0496ab15-5898-11f0-8cdb-0c42a112278c,ZRTC20260424025,12,-400.26,-354.21
零售,601488,10021857,12517980,25,HLB-0496ab51-5898-11f0-8cdb-0c42a112278c,ZRTC20260424025,12,-400.26,-354.21
零售,601488,10021857,12517980,24,HLB-0496a901-5898-11f0-8cdb-0c42a112278c,ZRTC20260424025,12,-400.26,-354.21
零售,601488,10021857,12517980,23,HLB-0496ac0c-5898-11f0-8cdb-0c42a112278c,ZRTC20260424025,12,-400.26,-354.21
零售,601488,10021857,12517980,22,HLB-0496adb6-5898-11f0-8cdb-0c42a112278c,ZRTC20260424025,12,-400.26,-354.21
零售,601488,10021857,12517980,20,HLB-0496aa59-5898-11f0-8cdb-0c42a112278c,ZRTC20260424025,12,-400.26,-354.21
零售,601488,10021857,12517980,19,HLB-0496ad68-5898-11f0-8cdb-0c42a112278c,ZRTC20260424025,12,-400.26,-354.21
零售,601488,10021857,12431432,39,HLB-d8f33865-525d-11f0-8cdb-0c42a112278c,ZRTC20260424025,12,-400.26,-354.21
零售,601488,10021857,12431432,38,HLB-d8f338fb-525d-11f0-8cdb-0c42a112278c,ZRTC20260424025,12,-400.26,-354.21
零售,601488,10021857,12431432,36,HLB-d8f3384e-525d-11f0-8cdb-0c42a112278c,ZRTC20260424025,12,-400.26,-354.21
零售,601488,10021857,12431432,32,HLB-d8f3388f-525d-11f0-8cdb-0c42a112278c,ZRTC20260424025,12,-400.26,-354.21
零售,601488,10021857,12431432,29,HLB-d8f33911-525d-11f0-8cdb-0c42a112278c,ZRTC20260424025,12,-400.26,-354.21
零售,601488,10021857,12431432,28,HLB-d8f33839-525d-11f0-8cdb-0c42a112278c,ZRTC20260424025,12,-400.26,-354.21
零售,601488,10021857,12431432,26,HLB-d8f33822-525d-11f0-8cdb-0c42a112278c,ZRTC20260424025,12,-400.26,-354.21
零售,601488,10021857,12431432,22,HLB-d8f3380b-525d-11f0-8cdb-0c42a112278c,ZRTC20260424025,12,-400.26,-354.21
零售,601488,10021857,12431432,21,HLB-d8f338e5-525d-11f0-8cdb-0c42a112278c,ZRTC20260424025,12,-400.26,-354.21
零售,601488,10021857,12431432,20,HLB-d8f338ce-525d-11f0-8cdb-0c42a112278c,ZRTC20260424025,12,-400.26,-354.21
零售,601488,10021857,12431432,19,HLB-d8f33979-525d-11f0-8cdb-0c42a112278c,ZRTC20260424025,12,-400.26,-354.21
零售,601488,10021857,12431432,18,HLB-d8f338b8-525d-11f0-8cdb-0c42a112278c,ZRTC20260424025,12,-400.26,-354.21
零售,601488,10021857,12431432,17,HLB-d8f33926-525d-11f0-8cdb-0c42a112278c,ZRTC20260424025,12,-400.26,-354.21
零售,601488,10021857,12431432,14,HLB-d8f33797-525d-11f0-8cdb-0c42a112278c,ZRTC20260424025,12,-400.26,-354.21
零售,601488,10021857,12431432,12,HLB-d8f338a3-525d-11f0-8cdb-0c42a112278c,ZRTC20260424025,12,-400.26,-354.21
零售,601488,10021857,12431432,10,HLB-d8f337e6-525d-11f0-8cdb-0c42a112278c,ZRTC20260424025,12,-400.26,-354.21
零售,601488,10021857,12431432,9,HLB-d8f3394f-525d-11f0-8cdb-0c42a112278c,ZRTC20260424025,12,-400.26,-354.21
零售,601488,10021857,12431432,8,HLB-d8f3387a-525d-11f0-8cdb-0c42a112278c,ZRTC20260424025,12,-400.26,-354.21
零售,601488,10021857,12431432,6,HLB-d8f3393b-525d-11f0-8cdb-0c42a112278c,ZRTC20260424025,12,-400.26,-354.21
零售,601488,10021857,12431432,3,HLB-d8f33965-525d-11f0-8cdb-0c42a112278c,ZRTC20260424025,12,-400.26,-354.21
零售,601488,10021857,12508817,19,HLB-14ccfebe-570e-11f0-8cdb-0c42a112278c,ZRTC20260424025,12,-400.26,-354.21
零售,601488,10021857,12508817,17,HLB-14ccfe59-570e-11f0-8cdb-0c42a112278c,ZRTC20260424025,12,-400.26,-354.21
零售,601488,10021857,12508817,13,HLB-14ccfe45-570e-11f0-8cdb-0c42a112278c,ZRTC20260424025,12,-400.26,-354.21
零售,601488,10021857,12508817,8,HLB-14ccfe1b-570e-11f0-8cdb-0c42a112278c,ZRTC20260424025,12,-400.26,-354.21
零售,601488,10021857,12508817,7,HLB-14ccfe96-570e-11f0-8cdb-0c42a112278c,ZRTC20260424025,12,-400.26,-354.21
零售,601488,10021857,12508817,5,HLB-14ccfe07-570e-11f0-8cdb-0c42a112278c,ZRTC20260424025,12,-400.26,-354.21
零售,601488,10021857,12508817,4,HLB-14ccfe6d-570e-11f0-8cdb-0c42a112278c,ZRTC20260424025,12,-400.26,-354.21
零售,601488,10021857,12508817,3,HLB-14ccfe2f-570e-11f0-8cdb-0c42a112278c,ZRTC20260424025,12,-400.26,-354.21
零售,601488,10021857,12508817,2,HLB-14ccfeaa-570e-11f0-8cdb-0c42a112278c,ZRTC20260424025,12,-400.26,-354.21
零售,601488,10021857,12508817,1,HLB-14ccfe81-570e-11f0-8cdb-0c42a112278c,ZRTC20260424025,12,-400.26,-354.21
零售,601488,10021857,12401204,1,HLB-d009c207-50b4-11f0-8cdb-0c42a112278c,ZRTC20260424025,12,400.26,354.21
零售,601488,10021857,12375044,12,HLB-0deacf59-4f18-11f0-8cdb-0c42a112278c,ZRTC20260424025,11,-400.25,-354.2
零售,601488,10021857,12375047,50,HLB-0e2ef8c9-4f18-11f0-8cdb-0c42a112278c,ZRTC20260424025,10,-568.51,-503.11
零售,601488,10021857,12375047,49,HLB-0e2efc2a-4f18-11f0-8cdb-0c42a112278c,ZRTC20260424025,10,-566.78,-501.58
零售,601488,10021857,12375047,48,HLB-0e2ef9d4-4f18-11f0-8cdb-0c42a112278c,ZRTC20260424025,10,-566.78,-501.58
零售,601488,10021857,12375047,47,HLB-0e2efb57-4f18-11f0-8cdb-0c42a112278c,ZRTC20260424025,10,-566.78,-501.58
零售,601488,10021857,12375047,46,HLB-0e2ef999-4f18-11f0-8cdb-0c42a112278c,ZRTC20260424025,10,-566.78,-501.58
零售,601488,10021857,12375047,45,HLB-0e0bae90-4f18-11f0-8cdb-0c42a112278c,ZRTC20260424025,10,-566.78,-501.58
零售,601488,10021857,12375047,44,HLB-0e2ef8ae-4f18-11f0-8cdb-0c42a112278c,ZRTC20260424025,10,-566.78,-501.58
零售,601488,10021857,12375047,43,HLB-0e2efb2f-4f18-11f0-8cdb-0c42a112278c,ZRTC20260424025,10,-566.78,-501.58
零售,601488,10021857,12375047,42,HLB-0e0baf0b-4f18-11f0-8cdb-0c42a112278c,ZRTC20260424025,10,-566.78,-501.58
零售,601488,10021857,12375047,41,HLB-0e2ef95b-4f18-11f0-8cdb-0c42a112278c,ZRTC20260424025,10,-566.78,-501.58
零售,601488,10021857,12375047,40,HLB-0e2ef8f9-4f18-11f0-8cdb-0c42a112278c,ZRTC20260424025,10,-566.78,-501.58
零售,601488,10021857,12375047,39,HLB-0e2efa3d-4f18-11f0-8cdb-0c42a112278c,ZRTC20260424025,10,-566.78,-501.58
零售,601488,10021857,12375047,38,HLB-0e2efc15-4f18-11f0-8cdb-0c42a112278c,ZRTC20260424025,10,-566.78,-501.58
零售,601488,10021857,12375047,37,HLB-0e2efa54-4f18-11f0-8cdb-0c42a112278c,ZRTC20260424025,10,-566.78,-501.58
零售,601488,10021857,12375047,36,HLB-0e2efc01-4f18-11f0-8cdb-0c42a112278c,ZRTC20260424025,10,-566.78,-501.58
零售,601488,10021857,12375047,35,HLB-0e2efb6c-4f18-11f0-8cdb-0c42a112278c,ZRTC20260424025,10,-566.78,-501.58
零售,601488,10021857,12375047,34,HLB-0e2efb95-4f18-11f0-8cdb-0c42a112278c,ZRTC20260424025,10,-566.78,-501.58
零售,601488,10021857,12375047,33,HLB-0e2efb81-4f18-11f0-8cdb-0c42a112278c,ZRTC20260424025,10,-566.78,-501.58
零售,601488,10021857,12375047,32,HLB-0e2efadd-4f18-11f0-8cdb-0c42a112278c,ZRTC20260424025,10,-566.78,-501.58
零售,601488,10021857,12375047,31,HLB-0e0baecf-4f18-11f0-8cdb-0c42a112278c,ZRTC20260424025,10,-566.78,-501.58
零售,601488,10021857,12375047,30,HLB-0e0baee4-4f18-11f0-8cdb-0c42a112278c,ZRTC20260424025,10,-566.78,-501.58
零售,601488,10021857,12375047,29,HLB-0e0baf32-4f18-11f0-8cdb-0c42a112278c,ZRTC20260424025,10,-566.78,-501.58
零售,601488,10021857,12375047,28,HLB-0e2efab1-4f18-11f0-8cdb-0c42a112278c,ZRTC20260424025,10,-566.78,-501.58
零售,601488,10021857,12375047,27,HLB-0e2ef926-4f18-11f0-8cdb-0c42a112278c,ZRTC20260424025,10,-566.78,-501.58
零售,601488,10021857,12375047,26,HLB-0e2efb43-4f18-11f0-8cdb-0c42a112278c,ZRTC20260424025,10,-566.78,-501.58
零售,601488,10021857,12375047,25,HLB-0e2ef893-4f18-11f0-8cdb-0c42a112278c,ZRTC20260424025,10,-566.78,-501.58
零售,601488,10021857,12375047,24,HLB-0e2ef9f9-4f18-11f0-8cdb-0c42a112278c,ZRTC20260424025,10,-566.78,-501.58
零售,601488,10021857,12375047,23,HLB-0e0baeb9-4f18-11f0-8cdb-0c42a112278c,ZRTC20260424025,10,-566.78,-501.58
零售,601488,10021857,12375047,22,HLB-0e2ef816-4f18-11f0-8cdb-0c42a112278c,ZRTC20260424025,10,-566.78,-501.58
零售,601488,10021857,12375047,21,HLB-0e2efaf3-4f18-11f0-8cdb-0c42a112278c,ZRTC20260424025,10,-566.78,-501.58
零售,601488,10021857,12375047,20,HLB-0e2efa84-4f18-11f0-8cdb-0c42a112278c,ZRTC20260424025,10,-566.78,-501.58
零售,601488,10021857,12375047,19,HLB-0e0baea5-4f18-11f0-8cdb-0c42a112278c,ZRTC20260424025,10,-566.78,-501.58
零售,601488,10021857,12375047,18,HLB-0e0baef7-4f18-11f0-8cdb-0c42a112278c,ZRTC20260424025,10,-566.78,-501.58
零售,601488,10021857,12375047,17,HLB-0e2efbaa-4f18-11f0-8cdb-0c42a112278c,ZRTC20260424025,10,-566.78,-501.58
零售,601488,10021857,12375047,16,HLB-0e2efb1c-4f18-11f0-8cdb-0c42a112278c,ZRTC20260424025,10,-566.78,-501.58
零售,601488,10021857,12520932,26,HLB-7aaa1391-5935-11f0-8cdb-0c42a112278c,ZRTC20260424025,4,-477.32,-422.41
零售,601488,10021857,12520932,25,HLB-7aaa1455-5935-11f0-8cdb-0c42a112278c,ZRTC20260424025,4,-477.32,-422.41
零售,601488,10021857,12520932,24,HLB-7aaa12a1-5935-11f0-8cdb-0c42a112278c,ZRTC20260424025,4,-477.32,-422.41
零售,601488,10021857,12520932,23,HLB-7aaa146b-5935-11f0-8cdb-0c42a112278c,ZRTC20260424025,4,-477.32,-422.41
零售,601488,10021857,12520932,22,HLB-7aaa14d0-5935-11f0-8cdb-0c42a112278c,ZRTC20260424025,4,-477.32,-422.41
零售,601488,10021857,12520932,21,HLB-7aaa1287-5935-11f0-8cdb-0c42a112278c,ZRTC20260424025,4,-477.32,-422.41
零售,601488,10021857,12520932,20,HLB-7aaa1440-5935-11f0-8cdb-0c42a112278c,ZRTC20260424025,4,-477.32,-422.41
零售,601488,10021857,12520932,19,HLB-7aaa14bd-5935-11f0-8cdb-0c42a112278c,ZRTC20260424025,4,-477.32,-422.41
零售,601488,10021857,12520932,18,HLB-7aaa121d-5935-11f0-8cdb-0c42a112278c,ZRTC20260424025,4,-477.32,-422.41
零售,601488,10021857,12520932,17,HLB-7aaa1308-5935-11f0-8cdb-0c42a112278c,ZRTC20260424025,4,-477.32,-422.41
零售,601488,10021857,12520932,16,HLB-7aaa137d-5935-11f0-8cdb-0c42a112278c,ZRTC20260424025,4,-477.32,-422.41
零售,601488,10021857,12520932,15,HLB-7aaa1402-5935-11f0-8cdb-0c42a112278c,ZRTC20260424025,4,-477.32,-422.41
零售,601488,10021857,12520932,14,HLB-7aaa13a9-5935-11f0-8cdb-0c42a112278c,ZRTC20260424025,4,-477.32,-422.41
零售,601488,10021857,12520932,13,HLB-7aaa14a7-5935-11f0-8cdb-0c42a112278c,ZRTC20260424025,4,-477.32,-422.41
零售,601488,10021857,12520932,12,HLB-7aaa1522-5935-11f0-8cdb-0c42a112278c,ZRTC20260424025,4,-477.32,-422.41
零售,601488,10021857,12520932,11,HLB-7aaa1367-5935-11f0-8cdb-0c42a112278c,ZRTC20260424025,4,-477.32,-422.41
零售,601488,10021857,12520932,10,HLB-7aaa14f7-5935-11f0-8cdb-0c42a112278c,ZRTC20260424025,4,-477.32,-422.41
零售,601488,10021857,12520932,9,HLB-7aaa13ed-5935-11f0-8cdb-0c42a112278c,ZRTC20260424025,4,-477.32,-422.41
零售,601488,10021857,12520932,8,HLB-7aaa142b-5935-11f0-8cdb-0c42a112278c,ZRTC20260424025,4,-477.32,-422.41
零售,601488,10021857,12520932,7,HLB-7aaa1352-5935-11f0-8cdb-0c42a112278c,ZRTC20260424025,4,-477.32,-422.41
零售,601488,10021857,12520932,6,HLB-7aaa1494-5935-11f0-8cdb-0c42a112278c,ZRTC20260424025,4,-477.32,-422.41
零售,601488,10021857,12520932,5,HLB-7aaa14e3-5935-11f0-8cdb-0c42a112278c,ZRTC20260424025,4,-477.32,-422.41
零售,601488,10021857,12520932,4,HLB-7aaa1480-5935-11f0-8cdb-0c42a112278c,ZRTC20260424025,4,-477.32,-422.41
零售,601488,10021857,12520932,3,HLB-7aaa12d0-5935-11f0-8cdb-0c42a112278c,ZRTC20260424025,4,-477.32,-422.41
零售,601488,10021857,12520932,2,HLB-7aaa1336-5935-11f0-8cdb-0c42a112278c,ZRTC20260424025,4,-477.32,-422.41
零售,601488,10021857,12520932,1,HLB-7aaa131f-5935-11f0-8cdb-0c42a112278c,ZRTC20260424025,4,-477.32,-422.41
零售,601488,10021857,12508831,40,HLB-16653496-570e-11f0-8cdb-0c42a112278c,ZRTC20260424025,4,-477.32,-422.41
零售,601488,10021857,12508831,38,HLB-16653482-570e-11f0-8cdb-0c42a112278c,ZRTC20260424025,4,-477.32,-422.41
零售,601488,10021857,12508831,35,HLB-1688d328-570e-11f0-8cdb-0c42a112278c,ZRTC20260424025,4,-477.32,-422.41
零售,601488,10021857,12508831,33,HLB-166534be-570e-11f0-8cdb-0c42a112278c,ZRTC20260424025,4,-477.32,-422.41
零售,601488,10021857,12508831,32,HLB-1688d415-570e-11f0-8cdb-0c42a112278c,ZRTC20260424025,4,-477.32,-422.41
零售,601488,10021857,12508831,30,HLB-16653440-570e-11f0-8cdb-0c42a112278c,ZRTC20260424025,4,-477.32,-422.41
零售,601488,10021857,12508831,29,HLB-1688d394-570e-11f0-8cdb-0c42a112278c,ZRTC20260424025,4,-477.32,-422.41
零售,601488,10021857,12508831,28,HLB-1688d3ad-570e-11f0-8cdb-0c42a112278c,ZRTC20260424025,4,-477.32,-422.41
零售,601488,10021857,12508831,27,HLB-1688d42c-570e-11f0-8cdb-0c42a112278c,ZRTC20260424025,4,-477.32,-422.41
零售,601488,10021857,12508831,26,HLB-1665341a-570e-11f0-8cdb-0c42a112278c,ZRTC20260424025,4,-477.32,-422.41
零售,601488,10021857,12508831,25,HLB-1665342e-570e-11f0-8cdb-0c42a112278c,ZRTC20260424025,4,-477.32,-422.41
零售,601488,10021857,12508831,23,HLB-1688d447-570e-11f0-8cdb-0c42a112278c,ZRTC20260424025,4,-477.32,-422.41
零售,601488,10021857,12508831,22,HLB-166534d1-570e-11f0-8cdb-0c42a112278c,ZRTC20260424025,4,-477.32,-422.41
零售,601488,10021857,12508831,19,HLB-1665346e-570e-11f0-8cdb-0c42a112278c,ZRTC20260424025,4,-477.32,-422.41
零售,601488,10021857,12508831,14,HLB-1688d3c8-570e-11f0-8cdb-0c42a112278c,ZRTC20260424025,4,-477.32,-422.41
零售,601488,10021857,12508831,12,HLB-1688d3fc-570e-11f0-8cdb-0c42a112278c,ZRTC20260424025,4,-477.32,-422.41
零售,601488,10021857,12508831,8,HLB-1665345a-570e-11f0-8cdb-0c42a112278c,ZRTC20260424025,4,-477.32,-422.41
零售,601488,10021857,12508831,6,HLB-166534aa-570e-11f0-8cdb-0c42a112278c,ZRTC20260424025,4,-477.32,-422.41
零售,601488,10021857,12508831,3,HLB-1688d377-570e-11f0-8cdb-0c42a112278c,ZRTC20260424025,4,-477.32,-422.41
零售,601488,10021857,12508831,2,HLB-1688d3e1-570e-11f0-8cdb-0c42a112278c,ZRTC20260424025,4,-477.32,-422.41
零售,601488,10021857,12287986,20,HLB-7fc89070-4a68-11f0-8cdb-0c42a112278c,ZRTC20260424025,4,-477.32,-422.41
零售,601488,10021857,12287986,19,HLB-7fc88fa1-4a68-11f0-8cdb-0c42a112278c,ZRTC20260424025,4,-477.32,-422.41
零售,601488,10021857,12287986,18,HLB-7fc890b5-4a68-11f0-8cdb-0c42a112278c,ZRTC20260424025,4,-477.32,-422.41
零售,601488,10021857,12287986,17,HLB-7fc890d0-4a68-11f0-8cdb-0c42a112278c,ZRTC20260424025,4,-477.32,-422.41
零售,601488,10021857,12287986,16,HLB-7fc88ee4-4a68-11f0-8cdb-0c42a112278c,ZRTC20260424025,4,-477.32,-422.41
零售,601488,10021857,12287986,15,HLB-7fc89029-4a68-11f0-8cdb-0c42a112278c,ZRTC20260424025,4,-477.32,-422.41
零售,601488,10021857,12287986,14,HLB-7fc8908c-4a68-11f0-8cdb-0c42a112278c,ZRTC20260424025,4,-477.32,-422.41
零售,601488,10021857,12287986,13,HLB-7fc890a0-4a68-11f0-8cdb-0c42a112278c,ZRTC20260424025,4,-477.32,-422.41
零售,601488,10021857,12287986,11,HLB-7fc89120-4a68-11f0-8cdb-0c42a112278c,ZRTC20260424025,4,-477.32,-422.41
零售,601488,10021857,12287986,10,HLB-7fc88ff0-4a68-11f0-8cdb-0c42a112278c,ZRTC20260424025,4,-477.32,-422.41
零售,601488,10021857,12287986,9,HLB-7fc8903f-4a68-11f0-8cdb-0c42a112278c,ZRTC20260424025,4,-477.32,-422.41
零售,601488,10021857,12287986,8,HLB-7fc88fd6-4a68-11f0-8cdb-0c42a112278c,ZRTC20260424025,4,-477.32,-422.41
零售,601488,10021857,12287986,7,HLB-7fc89107-4a68-11f0-8cdb-0c42a112278c,ZRTC20260424025,4,-477.32,-422.41
零售,601488,10021857,12287986,6,HLB-7fc8913c-4a68-11f0-8cdb-0c42a112278c,ZRTC20260424025,4,-477.32,-422.41
零售,601488,10021857,12287986,5,HLB-7fc89054-4a68-11f0-8cdb-0c42a112278c,ZRTC20260424025,4,-477.32,-422.41
零售,601488,10021857,12287986,4,HLB-7fc88fbb-4a68-11f0-8cdb-0c42a112278c,ZRTC20260424025,4,-477.32,-422.41
零售,601488,10021857,12287986,3,HLB-7fc88f81-4a68-11f0-8cdb-0c42a112278c,ZRTC20260424025,4,-477.32,-422.41
零售,601488,10021857,12287986,2,HLB-7fc890ea-4a68-11f0-8cdb-0c42a112278c,ZRTC20260424025,4,-477.32,-422.41
零售,601488,10021857,12287986,1,HLB-7fc89014-4a68-11f0-8cdb-0c42a112278c,ZRTC20260424025,4,-477.32,-422.41
零售,601488,10021857,12571660,20,HLB-b979a208-605f-11f0-8cdb-0c42a112278c,ZRTC20260424025,4,-477.32,-422.41
零售,601488,10021857,12571660,18,HLB-b979a1f1-605f-11f0-8cdb-0c42a112278c,ZRTC20260424025,4,-477.32,-422.41
零售,601488,10021857,12508834,9,HLB-16ca648f-570e-11f0-8cdb-0c42a112278c,ZRTC20260424025,21,-282.06,-249.61
零售,601488,10021857,12508834,3,HLB-16ca644d-570e-11f0-8cdb-0c42a112278c,ZRTC20260424025,21,-282.06,-249.61
零售,601488,10021857,12508834,2,HLB-16ca6409-570e-11f0-8cdb-0c42a112278c,ZRTC20260424025,21,-282.06,-249.61
零售,601488,10021857,12508834,1,HLB-16ca64a6-570e-11f0-8cdb-0c42a112278c,ZRTC20260424025,21,-282.06,-249.61
零售,601488,10021857,12521725,19,HLB-9ae2b6a7-5949-11f0-8cdb-0c42a112278c,ZRTC20260424025,21,-282.06,-249.61
零售,601488,10021857,12521725,18,HLB-9ae2b67f-5949-11f0-8cdb-0c42a112278c,ZRTC20260424025,21,-282.06,-249.61
零售,601488,10021857,12521725,17,HLB-9ae2b62e-5949-11f0-8cdb-0c42a112278c,ZRTC20260424025,21,-282.06,-249.61
零售,601488,10021857,12521725,15,HLB-9ae2b61a-5949-11f0-8cdb-0c42a112278c,ZRTC20260424025,21,-282.06,-249.61
零售,601488,10021857,12521725,13,HLB-9ae2b644-5949-11f0-8cdb-0c42a112278c,ZRTC20260424025,21,-282.06,-249.61
零售,601488,10021857,12521725,12,HLB-9ae2b692-5949-11f0-8cdb-0c42a112278c,ZRTC20260424025,21,-282.06,-249.61
零售,601488,10021857,12521725,11,HLB-9ae2b656-5949-11f0-8cdb-0c42a112278c,ZRTC20260424025,21,-282.06,-249.61
零售,601488,10021857,12521725,8,HLB-9ae2b66a-5949-11f0-8cdb-0c42a112278c,ZRTC20260424025,21,-282.06,-249.61
零售,601488,10021857,12521725,6,HLB-9ae2b5f1-5949-11f0-8cdb-0c42a112278c,ZRTC20260424025,21,-282.06,-249.61
零售,601488,10021857,12521725,5,HLB-9ae2b605-5949-11f0-8cdb-0c42a112278c,ZRTC20260424025,21,-282.06,-249.61
零售,601488,10021857,12375043,35,HLB-0dc87579-4f18-11f0-8cdb-0c42a112278c,ZRTC20260424025,21,-282.06,-249.61
零售,601488,10021857,12375043,34,HLB-0dc873e1-4f18-11f0-8cdb-0c42a112278c,ZRTC20260424025,21,-282.06,-249.61
零售,601488,10021857,12375043,33,HLB-0deacd8d-4f18-11f0-8cdb-0c42a112278c,ZRTC20260424025,21,-282.06,-249.61
零售,601488,10021857,12375043,32,HLB-0dc875cb-4f18-11f0-8cdb-0c42a112278c,ZRTC20260424025,21,-282.06,-249.61
零售,601488,10021857,12375043,31,HLB-0deacea9-4f18-11f0-8cdb-0c42a112278c,ZRTC20260424025,21,-282.06,-249.61
零售,601488,10021857,12375043,30,HLB-0deace93-4f18-11f0-8cdb-0c42a112278c,ZRTC20260424025,21,-282.06,-249.61
零售,601488,10021857,12375043,29,HLB-0dc874fa-4f18-11f0-8cdb-0c42a112278c,ZRTC20260424025,21,-282.06,-249.61
零售,601488,10021857,12375043,28,HLB-0dc8750f-4f18-11f0-8cdb-0c42a112278c,ZRTC20260424025,21,-282.06,-249.61
零售,601488,10021857,12375043,27,HLB-0dc87497-4f18-11f0-8cdb-0c42a112278c,ZRTC20260424025,21,-282.06,-249.61
零售,601488,10021857,12375043,26,HLB-0dc8761c-4f18-11f0-8cdb-0c42a112278c,ZRTC20260424025,21,-282.06,-249.61
零售,601488,10021857,12375043,25,HLB-0dc874b0-4f18-11f0-8cdb-0c42a112278c,ZRTC20260424025,21,-282.06,-249.61
零售,601488,10021857,12375043,24,HLB-0deace61-4f18-11f0-8cdb-0c42a112278c,ZRTC20260424025,21,-282.06,-249.61
零售,601488,10021857,12375043,23,HLB-0dc87658-4f18-11f0-8cdb-0c42a112278c,ZRTC20260424025,21,-282.06,-249.61
零售,601488,10021857,12375043,22,HLB-0dc87424-4f18-11f0-8cdb-0c42a112278c,ZRTC20260424025,21,-282.06,-249.61
零售,601488,10021857,12375043,21,HLB-0dc875b6-4f18-11f0-8cdb-0c42a112278c,ZRTC20260424025,21,-282.06,-249.61
零售,601488,10021857,12375043,20,HLB-0dc87565-4f18-11f0-8cdb-0c42a112278c,ZRTC20260424025,21,-282.06,-249.61
零售,601488,10021857,12375043,19,HLB-0dc8758d-4f18-11f0-8cdb-0c42a112278c,ZRTC20260424025,21,-282.06,-249.61
零售,601488,10021857,12375043,18,HLB-0dc87525-4f18-11f0-8cdb-0c42a112278c,ZRTC20260424025,21,-282.06,-249.61
零售,601488,10021857,12375043,17,HLB-0dc87630-4f18-11f0-8cdb-0c42a112278c,ZRTC20260424025,21,-282.06,-249.61
零售,601488,10021857,12375043,16,HLB-0dc87644-4f18-11f0-8cdb-0c42a112278c,ZRTC20260424025,21,-282.06,-249.61
零售,601488,10021857,12375043,15,HLB-0dc874c8-4f18-11f0-8cdb-0c42a112278c,ZRTC20260424025,21,-282.06,-249.61
零售,601488,10021857,12375043,14,HLB-0deacde2-4f18-11f0-8cdb-0c42a112278c,ZRTC20260424025,21,-282.06,-249.61
零售,601488,10021857,12375043,13,HLB-0deacdf9-4f18-11f0-8cdb-0c42a112278c,ZRTC20260424025,21,-282.06,-249.61
零售,601488,10021857,12375043,12,HLB-0dc874e0-4f18-11f0-8cdb-0c42a112278c,ZRTC20260424025,21,-282.06,-249.61
零售,601488,10021857,12375043,11,HLB-0dc8766c-4f18-11f0-8cdb-0c42a112278c,ZRTC20260424025,21,-282.06,-249.61
零售,601488,10021857,12375043,10,HLB-0deace16-4f18-11f0-8cdb-0c42a112278c,ZRTC20260424025,21,-282.06,-249.61
零售,601488,10021857,12375043,9,HLB-0dc875f5-4f18-11f0-8cdb-0c42a112278c,ZRTC20260424025,21,-282.06,-249.61
零售,601488,10021857,12375043,8,HLB-0deace7b-4f18-11f0-8cdb-0c42a112278c,ZRTC20260424025,21,-282.06,-249.61
零售,601488,10021857,12375043,7,HLB-0deace2c-4f18-11f0-8cdb-0c42a112278c,ZRTC20260424025,21,-282.06,-249.61
零售,601488,10021857,12375043,6,HLB-0dc875a2-4f18-11f0-8cdb-0c42a112278c,ZRTC20260424025,21,-282.06,-249.61
零售,601488,10021857,12375043,5,HLB-0deace49-4f18-11f0-8cdb-0c42a112278c,ZRTC20260424025,21,-282.06,-249.61
零售,601488,10021857,12375043,4,HLB-0dc87551-4f18-11f0-8cdb-0c42a112278c,ZRTC20260424025,21,-282.06,-249.61
零售,601488,10021857,12375043,3,HLB-0dc873f7-4f18-11f0-8cdb-0c42a112278c,ZRTC20260424025,21,-282.06,-249.61
零售,601488,10021857,12375043,2,HLB-0dc87410-4f18-11f0-8cdb-0c42a112278c,ZRTC20260424025,21,-282.06,-249.61
零售,601488,10021857,12375043,1,HLB-0dc8753a-4f18-11f0-8cdb-0c42a112278c,ZRTC20260424025,21,-282.06,-249.61
零售,601488,10021857,12561327,20,HLB-52bb5140-5eeb-11f0-8cdb-0c42a112278c,ZRTC20260424025,21,-282.06,-249.61
零售,601488,10021857,12561327,18,HLB-52bb5179-5eeb-11f0-8cdb-0c42a112278c,ZRTC20260424025,21,-282.06,-249.61
零售,601488,10021857,12561327,17,HLB-52bb5153-5eeb-11f0-8cdb-0c42a112278c,ZRTC20260424025,21,-282.06,-249.61
零售,601488,10021857,12561327,14,HLB-52bb5105-5eeb-11f0-8cdb-0c42a112278c,ZRTC20260424025,21,-282.06,-249.61
零售,601488,10021857,12561327,12,HLB-52bb50d6-5eeb-11f0-8cdb-0c42a112278c,ZRTC20260424025,21,-282.06,-249.61
零售,601488,10021857,12561327,10,HLB-52bb511a-5eeb-11f0-8cdb-0c42a112278c,ZRTC20260424025,21,-282.06,-249.61
零售,601488,10021857,12561327,9,HLB-52bb50c1-5eeb-11f0-8cdb-0c42a112278c,ZRTC20260424025,21,-282.06,-249.61
零售,601488,10021857,12561327,8,HLB-52bb50ea-5eeb-11f0-8cdb-0c42a112278c,ZRTC20260424025,21,-282.06,-249.61
零售,601488,10021857,12561327,3,HLB-52bb512d-5eeb-11f0-8cdb-0c42a112278c,ZRTC20260424025,21,-282.06,-249.61
零售,601488,10021857,12561327,1,HLB-52bb5166-5eeb-11f0-8cdb-0c42a112278c,ZRTC20260424025,21,-282.06,-249.61
零售,601488,10021857,12549578,19,HLB-316cff1a-5d4a-11f0-8cdb-0c42a112278c,ZRTC20260424025,21,-282.06,-249.61
零售,601488,10021857,12549578,18,HLB-316cfdf8-5d4a-11f0-8cdb-0c42a112278c,ZRTC20260424025,21,-282.06,-249.61
零售,601488,10021857,12549578,12,HLB-316cfea3-5d4a-11f0-8cdb-0c42a112278c,ZRTC20260424025,21,-282.06,-249.61
零售,601488,10021857,12549578,11,HLB-316cfe53-5d4a-11f0-8cdb-0c42a112278c,ZRTC20260424025,21,-282.06,-249.61
零售,601488,10021857,12549578,10,HLB-316cfe27-5d4a-11f0-8cdb-0c42a112278c,ZRTC20260424025,21,-282.06,-249.61
零售,601488,10021857,12549578,8,HLB-316cfecb-5d4a-11f0-8cdb-0c42a112278c,ZRTC20260424025,21,-282.06,-249.61
零售,601488,10021857,12549578,7,HLB-316cfef2-5d4a-11f0-8cdb-0c42a112278c,ZRTC20260424025,21,-282.06,-249.61
零售,601488,10021857,12549578,5,HLB-316cfd96-5d4a-11f0-8cdb-0c42a112278c,ZRTC20260424025,21,-282.06,-249.61
零售,601488,10021857,12501316,19,HLB-55a31281-561d-11f0-8cdb-0c42a112278c,ZRTC20260424025,20,-281.3,-248.94
零售,601488,10021857,12501316,18,HLB-55a312cd-561d-11f0-8cdb-0c42a112278c,ZRTC20260424025,20,-281.3,-248.94
零售,601488,10021857,12501316,17,HLB-55a31188-561d-11f0-8cdb-0c42a112278c,ZRTC20260424025,20,-281.3,-248.94
零售,601488,10021857,12501316,16,HLB-55a31119-561d-11f0-8cdb-0c42a112278c,ZRTC20260424025,20,-281.3,-248.94
零售,601488,10021857,12501316,15,HLB-55a310d5-561d-11f0-8cdb-0c42a112278c,ZRTC20260424025,20,-281.3,-248.94
零售,601488,10021857,12501316,14,HLB-55a3129b-561d-11f0-8cdb-0c42a112278c,ZRTC20260424025,20,-281.3,-248.94
零售,601488,10021857,12501316,13,HLB-55a3115b-561d-11f0-8cdb-0c42a112278c,ZRTC20260424025,20,-281.3,-248.94
零售,601488,10021857,12501316,12,HLB-55a311d4-561d-11f0-8cdb-0c42a112278c,ZRTC20260424025,20,-281.3,-248.94
零售,601488,10021857,12501316,11,HLB-55a311be-561d-11f0-8cdb-0c42a112278c,ZRTC20260424025,20,-281.3,-248.94
零售,601488,10021857,12501316,10,HLB-55a31250-561d-11f0-8cdb-0c42a112278c,ZRTC20260424025,20,-281.3,-248.94
零售,601488,10021857,12501316,9,HLB-55a312b5-561d-11f0-8cdb-0c42a112278c,ZRTC20260424025,20,-281.3,-248.94
零售,601488,10021857,12501316,8,HLB-55a3113d-561d-11f0-8cdb-0c42a112278c,ZRTC20260424025,20,-281.3,-248.94
零售,601488,10021857,12501316,7,HLB-55a310b3-561d-11f0-8cdb-0c42a112278c,ZRTC20260424025,20,-281.3,-248.94
零售,601488,10021857,12501316,6,HLB-55a311a2-561d-11f0-8cdb-0c42a112278c,ZRTC20260424025,20,-281.3,-248.94
零售,601488,10021857,12501316,5,HLB-55a310f3-561d-11f0-8cdb-0c42a112278c,ZRTC20260424025,20,-281.3,-248.94
零售,601488,10021857,12501316,4,HLB-55a31201-561d-11f0-8cdb-0c42a112278c,ZRTC20260424025,20,-281.3,-248.94
零售,601488,10021857,12501316,3,HLB-55a31234-561d-11f0-8cdb-0c42a112278c,ZRTC20260424025,20,-281.3,-248.94
零售,601488,10021857,12501316,2,HLB-55a31171-561d-11f0-8cdb-0c42a112278c,ZRTC20260424025,20,-281.3,-248.94
零售,601488,10021857,12501316,1,HLB-55a311e9-561d-11f0-8cdb-0c42a112278c,ZRTC20260424025,20,-281.3,-248.94
零售,601488,10021857,12501318,20,HLB-55b93b8a-561d-11f0-8cdb-0c42a112278c,ZRTC20260424025,20,-281.3,-248.94
零售,601488,10021857,12501318,19,HLB-55b93ad6-561d-11f0-8cdb-0c42a112278c,ZRTC20260424025,20,-281.3,-248.94
零售,601488,10021857,12501318,18,HLB-55b93ac1-561d-11f0-8cdb-0c42a112278c,ZRTC20260424025,20,-281.3,-248.94
零售,601488,10021857,12501318,17,HLB-55b93b9e-561d-11f0-8cdb-0c42a112278c,ZRTC20260424025,20,-281.3,-248.94
零售,601488,10021857,12501318,16,HLB-55b93b50-561d-11f0-8cdb-0c42a112278c,ZRTC20260424025,20,-281.3,-248.94
零售,601488,10021857,12501318,15,HLB-55b93a57-561d-11f0-8cdb-0c42a112278c,ZRTC20260424025,20,-281.3,-248.94
零售,601488,10021857,12501318,14,HLB-55b93b77-561d-11f0-8cdb-0c42a112278c,ZRTC20260424025,20,-281.3,-248.94
零售,601488,10021857,12501318,13,HLB-55b93b3c-561d-11f0-8cdb-0c42a112278c,ZRTC20260424025,20,-281.3,-248.94
零售,601488,10021857,12501318,12,HLB-55b93aa7-561d-11f0-8cdb-0c42a112278c,ZRTC20260424025,20,-281.3,-248.94
零售,601488,10021857,12501318,11,HLB-55b93c02-561d-11f0-8cdb-0c42a112278c,ZRTC20260424025,20,-281.3,-248.94
零售,601488,10021857,12501318,10,HLB-55b93b64-561d-11f0-8cdb-0c42a112278c,ZRTC20260424025,20,-281.3,-248.94
零售,601488,10021857,12501318,9,HLB-55b93bed-561d-11f0-8cdb-0c42a112278c,ZRTC20260424025,20,-281.3,-248.94
零售,601488,10021857,12501318,8,HLB-55b93b29-561d-11f0-8cdb-0c42a112278c,ZRTC20260424025,20,-281.3,-248.94
零售,601488,10021857,12501318,7,HLB-55b93aeb-561d-11f0-8cdb-0c42a112278c,ZRTC20260424025,20,-281.3,-248.94
零售,601488,10021857,12501318,6,HLB-55b93bc6-561d-11f0-8cdb-0c42a112278c,ZRTC20260424025,20,-281.3,-248.94
零售,601488,10021857,12501318,5,HLB-55b93bb2-561d-11f0-8cdb-0c42a112278c,ZRTC20260424025,20,-281.3,-248.94
零售,601488,10021857,12501318,4,HLB-55b93c27-561d-11f0-8cdb-0c42a112278c,ZRTC20260424025,20,-281.3,-248.94
零售,601488,10021857,12501318,3,HLB-55b93b14-561d-11f0-8cdb-0c42a112278c,ZRTC20260424025,20,-281.3,-248.94
零售,601488,10021857,12501318,2,HLB-55b93bda-561d-11f0-8cdb-0c42a112278c,ZRTC20260424025,20,-281.3,-248.94
零售,601488,10021857,12501318,1,HLB-55b93b00-561d-11f0-8cdb-0c42a112278c,ZRTC20260424025,20,-281.3,-248.94
零售,601488,10021857,12416210,20,HLB-591fca26-518b-11f0-8cdb-0c42a112278c,ZRTC20260424025,20,-281.3,-248.94
零售,601488,10021857,12416210,19,HLB-591fca13-518b-11f0-8cdb-0c42a112278c,ZRTC20260424025,20,-281.3,-248.94
零售,601488,10021857,12416210,18,HLB-591fc9fc-518b-11f0-8cdb-0c42a112278c,ZRTC20260424025,20,-281.3,-248.94
零售,601488,10021857,12416210,17,HLB-591fc910-518b-11f0-8cdb-0c42a112278c,ZRTC20260424025,20,-281.3,-248.94
零售,601488,10021857,12416210,16,HLB-591fc9e6-518b-11f0-8cdb-0c42a112278c,ZRTC20260424025,20,-281.3,-248.94
零售,601488,10021857,12416210,15,HLB-591fc991-518b-11f0-8cdb-0c42a112278c,ZRTC20260424025,20,-281.3,-248.94
零售,601488,10021857,12416210,14,HLB-591fc8b9-518b-11f0-8cdb-0c42a112278c,ZRTC20260424025,20,-281.3,-248.94
零售,601488,10021857,12416210,13,HLB-591fcad5-518b-11f0-8cdb-0c42a112278c,ZRTC20260424025,20,-281.3,-248.94
零售,601488,10021857,12416210,12,HLB-591fc9bc-518b-11f0-8cdb-0c42a112278c,ZRTC20260424025,20,-281.3,-248.94
零售,601488,10021857,12416210,11,HLB-591fc978-518b-11f0-8cdb-0c42a112278c,ZRTC20260424025,20,-281.3,-248.94
零售,601488,10021857,12416210,10,HLB-591fca6b-518b-11f0-8cdb-0c42a112278c,ZRTC20260424025,20,-281.3,-248.94
零售,601488,10021857,12416210,9,HLB-591fc961-518b-11f0-8cdb-0c42a112278c,ZRTC20260424025,20,-281.3,-248.94
零售,601488,10021857,12416210,8,HLB-591fca3c-518b-11f0-8cdb-0c42a112278c,ZRTC20260424025,20,-281.3,-248.94
零售,601488,10021857,12416210,7,HLB-591fc9a5-518b-11f0-8cdb-0c42a112278c,ZRTC20260424025,20,-281.3,-248.94
零售,601488,10021857,12416210,6,HLB-591fc9d1-518b-11f0-8cdb-0c42a112278c,ZRTC20260424025,20,-281.3,-248.94
零售,601488,10021857,12416210,5,HLB-591fc941-518b-11f0-8cdb-0c42a112278c,ZRTC20260424025,20,-281.3,-248.94
零售,601488,10021857,12416210,4,HLB-591fcaaa-518b-11f0-8cdb-0c42a112278c,ZRTC20260424025,20,-281.3,-248.94
零售,601488,10021857,12416210,3,HLB-591fcabe-518b-11f0-8cdb-0c42a112278c,ZRTC20260424025,20,-281.3,-248.94
零售,601488,10021857,12416210,2,HLB-591fca81-518b-11f0-8cdb-0c42a112278c,ZRTC20260424025,20,-281.3,-248.94
零售,601488,10021857,12416210,1,HLB-591fca54-518b-11f0-8cdb-0c42a112278c,ZRTC20260424025,20,-281.3,-248.94
零售,601488,10021857,12501315,10,HLB-55a3106d-561d-11f0-8cdb-0c42a112278c,ZRTC20260424025,20,-281.3,-248.94
零售,601488,10021857,12501315,9,HLB-55a30fb3-561d-11f0-8cdb-0c42a112278c,ZRTC20260424025,20,-281.3,-248.94
零售,601488,10021857,12501315,8,HLB-55a30f99-561d-11f0-8cdb-0c42a112278c,ZRTC20260424025,20,-281.3,-248.94
零售,601488,10021857,12501315,7,HLB-55a30edf-561d-11f0-8cdb-0c42a112278c,ZRTC20260424025,20,-281.3,-248.94
零售,601488,10021857,12501315,6,HLB-55a31028-561d-11f0-8cdb-0c42a112278c,ZRTC20260424025,20,-281.3,-248.94
零售,601488,10021857,12501315,5,HLB-55a31005-561d-11f0-8cdb-0c42a112278c,ZRTC20260424025,20,-281.3,-248.94
零售,601488,10021857,12501315,4,HLB-55a30f30-561d-11f0-8cdb-0c42a112278c,ZRTC20260424025,20,-281.3,-248.94
零售,601488,10021857,12501315,3,HLB-55a30fca-561d-11f0-8cdb-0c42a112278c,ZRTC20260424025,20,-281.3,-248.94
零售,601488,10021857,12517980,16,HLB-0496ac59-5898-11f0-8cdb-0c42a112278c,ZRTC20260424025,12,-400.26,-354.21
零售,601488,10021857,12517980,15,HLB-0496aa8b-5898-11f0-8cdb-0c42a112278c,ZRTC20260424025,12,-400.26,-354.21
零售,601488,10021857,12517980,14,HLB-0496abad-5898-11f0-8cdb-0c42a112278c,ZRTC20260424025,12,-400.26,-354.21
零售,601488,10021857,12517980,13,HLB-0496abe0-5898-11f0-8cdb-0c42a112278c,ZRTC20260424025,12,-400.26,-354.21
零售,601488,10021857,12517980,12,HLB-0496aab7-5898-11f0-8cdb-0c42a112278c,ZRTC20260424025,12,-400.26,-354.21
零售,601488,10021857,12517980,11,HLB-0496a9be-5898-11f0-8cdb-0c42a112278c,ZRTC20260424025,12,-400.26,-354.21
零售,601488,10021857,12517980,10,HLB-0496aa2a-5898-11f0-8cdb-0c42a112278c,ZRTC20260424025,12,-400.26,-354.21
零售,601488,10021857,12517980,9,HLB-0496a9f8-5898-11f0-8cdb-0c42a112278c,ZRTC20260424025,12,-400.26,-354.21
零售,601488,10021857,12517980,7,HLB-0496ad7b-5898-11f0-8cdb-0c42a112278c,ZRTC20260424025,12,-400.26,-354.21
零售,601488,10021857,12517980,6,HLB-0496ad02-5898-11f0-8cdb-0c42a112278c,ZRTC20260424025,12,-400.26,-354.21
零售,601488,10021857,12517980,5,HLB-0496ac21-5898-11f0-8cdb-0c42a112278c,ZRTC20260424025,12,-400.26,-354.21
零售,601488,10021857,12517980,4,HLB-0496a88d-5898-11f0-8cdb-0c42a112278c,ZRTC20260424025,12,-400.26,-354.21
零售,601488,10021857,12517980,3,HLB-0496acc4-5898-11f0-8cdb-0c42a112278c,ZRTC20260424025,12,-400.26,-354.21
零售,601488,10021857,12517980,1,HLB-0496abc3-5898-11f0-8cdb-0c42a112278c,ZRTC20260424025,12,-400.26,-354.21
零售,601488,10021857,12512473,20,HLB-06a08915-57bf-11f0-8cdb-0c42a112278c,ZRTC20260424025,12,-400.26,-354.21
零售,601488,10021857,12512473,19,HLB-06a088b7-57bf-11f0-8cdb-0c42a112278c,ZRTC20260424025,12,-400.26,-354.21
零售,601488,10021857,12512473,18,HLB-06a0888c-57bf-11f0-8cdb-0c42a112278c,ZRTC20260424025,12,-400.26,-354.21
零售,601488,10021857,12512473,13,HLB-06a08859-57bf-11f0-8cdb-0c42a112278c,ZRTC20260424025,12,-400.26,-354.21
零售,601488,10021857,12512473,11,HLB-06a086fb-57bf-11f0-8cdb-0c42a112278c,ZRTC20260424025,12,-400.26,-354.21
零售,601488,10021857,12512473,9,HLB-06a088e8-57bf-11f0-8cdb-0c42a112278c,ZRTC20260424025,12,-400.26,-354.21
零售,601488,10021857,12512473,7,HLB-06a08944-57bf-11f0-8cdb-0c42a112278c,ZRTC20260424025,12,-400.26,-354.21
零售,601488,10021857,12512473,6,HLB-06a0879f-57bf-11f0-8cdb-0c42a112278c,ZRTC20260424025,12,-400.26,-354.21
零售,601488,10021857,12512473,4,HLB-06a087f1-57bf-11f0-8cdb-0c42a112278c,ZRTC20260424025,12,-400.26,-354.21
零售,601488,10021857,12512473,3,HLB-06a0882a-57bf-11f0-8cdb-0c42a112278c,ZRTC20260424025,12,-400.26,-354.21
零售,601488,10021857,12508821,100,HLB-1534b838-570e-11f0-8cdb-0c42a112278c,ZRTC20260424025,12,-400.26,-354.21
零售,601488,10021857,12508821,95,HLB-1513722d-570e-11f0-8cdb-0c42a112278c,ZRTC20260424025,12,-400.26,-354.21
零售,601488,10021857,12508821,94,HLB-151372a6-570e-11f0-8cdb-0c42a112278c,ZRTC20260424025,12,-400.26,-354.21
零售,601488,10021857,12508821,93,HLB-151372be-570e-11f0-8cdb-0c42a112278c,ZRTC20260424025,12,-400.26,-354.21
零售,601488,10021857,12508821,92,HLB-1534b7c9-570e-11f0-8cdb-0c42a112278c,ZRTC20260424025,12,-400.26,-354.21
零售,601488,10021857,12508821,90,HLB-15137219-570e-11f0-8cdb-0c42a112278c,ZRTC20260424025,12,-400.26,-354.21
零售,601488,10021857,12508821,89,HLB-1534b6de-570e-11f0-8cdb-0c42a112278c,ZRTC20260424025,12,-400.26,-354.21
零售,601488,10021857,12508821,88,HLB-1534b87b-570e-11f0-8cdb-0c42a112278c,ZRTC20260424025,12,-400.26,-354.21
零售,601488,10021857,12508821,87,HLB-151371db-570e-11f0-8cdb-0c42a112278c,ZRTC20260424025,12,-400.26,-354.21
零售,601488,10021857,12508821,82,HLB-15137290-570e-11f0-8cdb-0c42a112278c,ZRTC20260424025,12,-400.26,-354.21
零售,601488,10021857,12508821,79,HLB-1534b80a-570e-11f0-8cdb-0c42a112278c,ZRTC20260424025,12,-400.26,-354.21
零售,601488,10021857,12508821,78,HLB-151371b1-570e-11f0-8cdb-0c42a112278c,ZRTC20260424025,12,-400.26,-354.21
零售,601488,10021857,12508821,77,HLB-1534b7de-570e-11f0-8cdb-0c42a112278c,ZRTC20260424025,12,-400.26,-354.21
零售,601488,10021857,12508821,75,HLB-1513719e-570e-11f0-8cdb-0c42a112278c,ZRTC20260424025,12,-400.26,-354.21
零售,601488,10021857,12508821,74,HLB-151372d3-570e-11f0-8cdb-0c42a112278c,ZRTC20260424025,12,-400.26,-354.21
零售,601488,10021857,12508821,71,HLB-1534b60e-570e-11f0-8cdb-0c42a112278c,ZRTC20260424025,12,-400.26,-354.21
零售,601488,10021857,12508821,67,HLB-15137204-570e-11f0-8cdb-0c42a112278c,ZRTC20260424025,12,-400.26,-354.21
零售,601488,10021857,12508821,64,HLB-1534b62c-570e-11f0-8cdb-0c42a112278c,ZRTC20260424025,12,-400.26,-354.21
零售,601488,10021857,12508821,62,HLB-1513727d-570e-11f0-8cdb-0c42a112278c,ZRTC20260424025,12,-400.26,-354.21
零售,601488,10021857,12508821,61,HLB-1534b667-570e-11f0-8cdb-0c42a112278c,ZRTC20260424025,12,-400.26,-354.21
零售,601488,10021857,12508821,59,HLB-1534b710-570e-11f0-8cdb-0c42a112278c,ZRTC20260424025,12,-400.26,-354.21
零售,601488,10021857,12508821,58,HLB-1534b727-570e-11f0-8cdb-0c42a112278c,ZRTC20260424025,12,-400.26,-354.21
零售,601488,10021857,12508821,57,HLB-1534b6c6-570e-11f0-8cdb-0c42a112278c,ZRTC20260424025,12,-400.26,-354.21
零售,601488,10021857,12508821,53,HLB-1534b6f8-570e-11f0-8cdb-0c42a112278c,ZRTC20260424025,12,-400.26,-354.21
零售,601488,10021857,12508821,52,HLB-1534b77f-570e-11f0-8cdb-0c42a112278c,ZRTC20260424025,12,-400.26,-354.21
零售,601488,10021857,12508821,49,HLB-1534b5af-570e-11f0-8cdb-0c42a112278c,ZRTC20260424025,12,-400.26,-354.21
零售,601488,10021857,12508821,47,HLB-15137255-570e-11f0-8cdb-0c42a112278c,ZRTC20260424025,12,-400.26,-354.21
零售,601488,10021857,12508821,46,HLB-1534b8a6-570e-11f0-8cdb-0c42a112278c,ZRTC20260424025,12,-400.26,-354.21
零售,601488,10021857,12508821,45,HLB-1534b753-570e-11f0-8cdb-0c42a112278c,ZRTC20260424025,12,-400.26,-354.21
零售,601488,10021857,12508821,44,HLB-1534b7f3-570e-11f0-8cdb-0c42a112278c,ZRTC20260424025,12,-400.26,-354.21
零售,601488,10021857,12508821,42,HLB-1534b79d-570e-11f0-8cdb-0c42a112278c,ZRTC20260424025,12,-400.26,-354.21
零售,601488,10021857,12508821,41,HLB-151371c5-570e-11f0-8cdb-0c42a112278c,ZRTC20260424025,12,-400.26,-354.21
零售,601488,10021857,12508821,39,HLB-151371f0-570e-11f0-8cdb-0c42a112278c,ZRTC20260424025,12,-400.26,-354.21
零售,601488,10021857,12508821,33,HLB-1513718a-570e-11f0-8cdb-0c42a112278c,ZRTC20260424025,12,-400.26,-354.21
零售,601488,10021857,12508821,32,HLB-1534b7b5-570e-11f0-8cdb-0c42a112278c,ZRTC20260424025,12,-400.26,-354.21
零售,601488,10021857,12508821,31,HLB-1534b684-570e-11f0-8cdb-0c42a112278c,ZRTC20260424025,12,-400.26,-354.21
零售,601488,10021857,12508821,30,HLB-1534b8ba-570e-11f0-8cdb-0c42a112278c,ZRTC20260424025,12,-400.26,-354.21
零售,601488,10021857,12508821,27,HLB-1534b865-570e-11f0-8cdb-0c42a112278c,ZRTC20260424025,12,-400.26,-354.21
零售,601488,10021857,12508821,25,HLB-1534b73d-570e-11f0-8cdb-0c42a112278c,ZRTC20260424025,12,-400.26,-354.21
零售,601488,10021857,12508821,23,HLB-1534b648-570e-11f0-8cdb-0c42a112278c,ZRTC20260424025,12,-400.26,-354.21
零售,601488,10021857,12508821,22,HLB-1534b88f-570e-11f0-8cdb-0c42a112278c,ZRTC20260424025,12,-400.26,-354.21
零售,601488,10021857,12508821,21,HLB-1534b820-570e-11f0-8cdb-0c42a112278c,ZRTC20260424025,12,-400.26,-354.21
零售,601488,10021857,12508821,18,HLB-151372e6-570e-11f0-8cdb-0c42a112278c,ZRTC20260424025,12,-400.26,-354.21
零售,601488,10021857,12375047,15,HLB-0e2efa6c-4f18-11f0-8cdb-0c42a112278c,ZRTC20260424025,10,-566.78,-501.58
零售,601488,10021857,12375047,14,HLB-0e2ef978-4f18-11f0-8cdb-0c42a112278c,ZRTC20260424025,10,-566.78,-501.58
零售,601488,10021857,12375047,13,HLB-0e2efbd4-4f18-11f0-8cdb-0c42a112278c,ZRTC20260424025,10,-566.78,-501.58
零售,601488,10021857,12375047,12,HLB-0e0bae78-4f18-11f0-8cdb-0c42a112278c,ZRTC20260424025,10,-566.78,-501.58
零售,601488,10021857,12375047,11,HLB-0e2efbea-4f18-11f0-8cdb-0c42a112278c,ZRTC20260424025,10,-566.78,-501.58
零售,601488,10021857,12375047,10,HLB-0e2ef90f-4f18-11f0-8cdb-0c42a112278c,ZRTC20260424025,10,-566.78,-501.58
零售,601488,10021857,12375047,9,HLB-0e2ef9b6-4f18-11f0-8cdb-0c42a112278c,ZRTC20260424025,10,-566.78,-501.58
零售,601488,10021857,12375047,8,HLB-0e2efb07-4f18-11f0-8cdb-0c42a112278c,ZRTC20260424025,10,-566.78,-501.58
零售,601488,10021857,12375047,7,HLB-0e2efa98-4f18-11f0-8cdb-0c42a112278c,ZRTC20260424025,10,-566.78,-501.58
零售,601488,10021857,12375047,6,HLB-0e0baf1e-4f18-11f0-8cdb-0c42a112278c,ZRTC20260424025,10,-566.78,-501.58
零售,601488,10021857,12375047,5,HLB-0e2efa1d-4f18-11f0-8cdb-0c42a112278c,ZRTC20260424025,10,-566.78,-501.58
零售,601488,10021857,12375047,4,HLB-0e2ef8e0-4f18-11f0-8cdb-0c42a112278c,ZRTC20260424025,10,-566.78,-501.58
零售,601488,10021857,12375047,3,HLB-0e2efbbf-4f18-11f0-8cdb-0c42a112278c,ZRTC20260424025,10,-566.78,-501.58
零售,601488,10021857,12375047,2,HLB-0e2ef941-4f18-11f0-8cdb-0c42a112278c,ZRTC20260424025,10,-566.78,-501.58
零售,601488,10021857,12375047,1,HLB-0e2efac8-4f18-11f0-8cdb-0c42a112278c,ZRTC20260424025,10,-566.78,-501.58
零售,601488,10021857,12451540,1,HLB-95d9fe09-53b7-11f0-8cdb-0c42a112278c,ZRTC20260424025,10,-566.78,-501.58
零售,601488,10021857,12508840,2,HLB-1750422e-570e-11f0-8cdb-0c42a112278c,ZRTC20260424025,10,-566.78,-501.58
零售,601488,10021857,12508840,1,HLB-17504245-570e-11f0-8cdb-0c42a112278c,ZRTC20260424025,10,-566.78,-501.58
零售,601488,10021857,12539798,10,HLB-45c975d4-5bc1-11f0-8cdb-0c42a112278c,ZRTC20260424025,10,-566.78,-501.58
零售,601488,10021857,12539798,9,HLB-45c97635-5bc1-11f0-8cdb-0c42a112278c,ZRTC20260424025,10,-566.78,-501.58
零售,601488,10021857,12539798,8,HLB-45c9758d-5bc1-11f0-8cdb-0c42a112278c,ZRTC20260424025,10,-566.78,-501.58
零售,601488,10021857,12539798,7,HLB-45c975a4-5bc1-11f0-8cdb-0c42a112278c,ZRTC20260424025,10,-566.78,-501.58
零售,601488,10021857,12539798,6,HLB-45c975b9-5bc1-11f0-8cdb-0c42a112278c,ZRTC20260424025,10,-566.78,-501.58
零售,601488,10021857,12539798,5,HLB-45c97615-5bc1-11f0-8cdb-0c42a112278c,ZRTC20260424025,10,-566.78,-501.58
零售,601488,10021857,12539798,4,HLB-45c975f3-5bc1-11f0-8cdb-0c42a112278c,ZRTC20260424025,10,-566.78,-501.58
零售,601488,10021857,12539798,3,HLB-45c974ef-5bc1-11f0-8cdb-0c42a112278c,ZRTC20260424025,10,-566.78,-501.58
零售,601488,10021857,12539798,2,HLB-45c97577-5bc1-11f0-8cdb-0c42a112278c,ZRTC20260424025,10,-566.78,-501.58
零售,601488,10021857,12539798,1,HLB-45c9754e-5bc1-11f0-8cdb-0c42a112278c,ZRTC20260424025,10,-566.78,-501.58
零售,601488,10021857,12376747,1,HLB-e2040ad1-4f28-11f0-8cdb-0c42a112278c,ZRTC20260424025,10,-566.78,-501.58
零售,601488,10021857,12496896,10,HLB-968e0485-5594-11f0-8cdb-0c42a112278c,ZRTC20260424025,10,-566.78,-501.58
零售,601488,10021857,12496896,9,HLB-968e0529-5594-11f0-8cdb-0c42a112278c,ZRTC20260424025,10,-566.78,-501.58
零售,601488,10021857,12496896,8,HLB-968e04c4-5594-11f0-8cdb-0c42a112278c,ZRTC20260424025,10,-566.78,-501.58
零售,601488,10021857,12496896,7,HLB-968e04af-5594-11f0-8cdb-0c42a112278c,ZRTC20260424025,10,-566.78,-501.58
零售,601488,10021857,12496896,6,HLB-968e0540-5594-11f0-8cdb-0c42a112278c,ZRTC20260424025,10,-566.78,-501.58
零售,601488,10021857,12496896,5,HLB-968e0501-5594-11f0-8cdb-0c42a112278c,ZRTC20260424025,10,-566.78,-501.58
零售,601488,10021857,12496896,4,HLB-968e0515-5594-11f0-8cdb-0c42a112278c,ZRTC20260424025,10,-566.78,-501.58
零售,601488,10021857,12496896,3,HLB-968e04d8-5594-11f0-8cdb-0c42a112278c,ZRTC20260424025,10,-566.78,-501.58
零售,601488,10021857,12496896,2,HLB-968e049b-5594-11f0-8cdb-0c42a112278c,ZRTC20260424025,10,-566.78,-501.58
零售,601488,10021857,12496896,1,HLB-968e04ed-5594-11f0-8cdb-0c42a112278c,ZRTC20260424025,10,-566.78,-501.58
零售,601488,10021857,12539773,10,HLB-f8cbdcb9-5bc0-11f0-8cdb-0c42a112278c,ZRTC20260424025,10,566.78,501.58
零售,601488,10021857,12539773,9,HLB-f8cbdd01-5bc0-11f0-8cdb-0c42a112278c,ZRTC20260424025,10,566.78,501.58
零售,601488,10021857,12539773,8,HLB-f8cbdcd6-5bc0-11f0-8cdb-0c42a112278c,ZRTC20260424025,10,566.78,501.58
零售,601488,10021857,12539773,7,HLB-f8cbdcec-5bc0-11f0-8cdb-0c42a112278c,ZRTC20260424025,10,566.78,501.58
零售,601488,10021857,12539773,6,HLB-f8cbdd66-5bc0-11f0-8cdb-0c42a112278c,ZRTC20260424025,10,566.78,501.58
零售,601488,10021857,12539773,5,HLB-f8cbdd16-5bc0-11f0-8cdb-0c42a112278c,ZRTC20260424025,10,566.78,501.58
零售,601488,10021857,12539773,4,HLB-f8cbdd52-5bc0-11f0-8cdb-0c42a112278c,ZRTC20260424025,10,566.78,501.58
零售,601488,10021857,12539773,3,HLB-f8cbdd3e-5bc0-11f0-8cdb-0c42a112278c,ZRTC20260424025,10,566.78,501.58
零售,601488,10021857,12539773,2,HLB-f8cbdd2a-5bc0-11f0-8cdb-0c42a112278c,ZRTC20260424025,10,566.78,501.58
零售,601488,10021857,12539773,1,HLB-f8cbdc41-5bc0-11f0-8cdb-0c42a112278c,ZRTC20260424025,10,566.78,501.58
零售,601488,10021857,12376704,1,HLB-68a7742e-4f28-11f0-8cdb-0c42a112278c,ZRTC20260424025,10,-566.78,-501.58
零售,601488,10021857,12332297,1,HLB-946dfd3a-4ca7-11f0-8cdb-0c42a112278c,ZRTC20260424025,10,-566.78,-501.58
零售,601488,10021857,12488441,1,HLB-2508cccd-556f-11f0-8cdb-0c42a112278c,ZRTC20260424025,10,-566.78,-501.58
零售,601488,10021857,12556052,8,HLB-93a0dd15-5e23-11f0-8cdb-0c42a112278c,ZRTC20260424025,10,-566.78,-501.58
零售,601488,10021857,12556052,7,HLB-93a0dd29-5e23-11f0-8cdb-0c42a112278c,ZRTC20260424025,10,-566.78,-501.58
零售,601488,10021857,12556052,6,HLB-93a0dc9d-5e23-11f0-8cdb-0c42a112278c,ZRTC20260424025,10,-566.78,-501.58
零售,601488,10021857,12556052,5,HLB-93a0dce9-5e23-11f0-8cdb-0c42a112278c,ZRTC20260424025,10,-566.78,-501.58
零售,601488,10021857,12556052,4,HLB-93a0dc53-5e23-11f0-8cdb-0c42a112278c,ZRTC20260424025,10,-566.78,-501.58
零售,601488,10021857,12556052,3,HLB-93a0dcfe-5e23-11f0-8cdb-0c42a112278c,ZRTC20260424025,10,-566.78,-501.58
零售,601488,10021857,12556052,2,HLB-93a0dcd0-5e23-11f0-8cdb-0c42a112278c,ZRTC20260424025,10,-566.78,-501.58
零售,601488,10021857,12556052,1,HLB-93a0dcbb-5e23-11f0-8cdb-0c42a112278c,ZRTC20260424025,10,-566.78,-501.58
零售,601488,10021857,12376726,1,HLB-b47023c3-4f28-11f0-8cdb-0c42a112278c,ZRTC20260424025,10,-566.78,-501.58
零售,601488,10021857,12402385,10,HLB-635c031e-50be-11f0-8cdb-0c42a112278c,ZRTC20260424025,10,-566.78,-501.58
零售,601488,10021857,12402385,9,HLB-635c03d4-50be-11f0-8cdb-0c42a112278c,ZRTC20260424025,10,-566.78,-501.58
零售,601488,10021857,12402385,8,HLB-635c03e9-50be-11f0-8cdb-0c42a112278c,ZRTC20260424025,10,-566.78,-501.58
零售,601488,10021857,12402385,7,HLB-635c0337-50be-11f0-8cdb-0c42a112278c,ZRTC20260424025,10,-566.78,-501.58
零售,601488,10021857,12402385,6,HLB-635c03a7-50be-11f0-8cdb-0c42a112278c,ZRTC20260424025,10,-566.78,-501.58
零售,601488,10021857,12402385,5,HLB-635c0370-50be-11f0-8cdb-0c42a112278c,ZRTC20260424025,10,-566.78,-501.58
零售,601488,10021857,12571660,15,HLB-b979a25e-605f-11f0-8cdb-0c42a112278c,ZRTC20260424025,4,-477.32,-422.41
零售,601488,10021857,12571660,12,HLB-b979a1dd-605f-11f0-8cdb-0c42a112278c,ZRTC20260424025,4,-477.32,-422.41
零售,601488,10021857,12571660,9,HLB-b979a14e-605f-11f0-8cdb-0c42a112278c,ZRTC20260424025,4,-477.32,-422.41
零售,601488,10021857,12571660,7,HLB-b979a234-605f-11f0-8cdb-0c42a112278c,ZRTC20260424025,4,-477.32,-422.41
零售,601488,10021857,12571660,5,HLB-b979a249-605f-11f0-8cdb-0c42a112278c,ZRTC20260424025,4,-477.32,-422.41
零售,601488,10021857,12571660,3,HLB-b979a21d-605f-11f0-8cdb-0c42a112278c,ZRTC20260424025,4,-477.32,-422.41
零售,601488,10021857,12571660,2,HLB-b979a1b8-605f-11f0-8cdb-0c42a112278c,ZRTC20260424025,4,-477.32,-422.41
零售,601488,10021857,12571660,1,HLB-b979a1a1-605f-11f0-8cdb-0c42a112278c,ZRTC20260424025,4,-477.32,-422.41
零售,601488,10021857,12571648,38,HLB-974888f4-605f-11f0-8cdb-0c42a112278c,ZRTC20260424025,4,-477.32,-422.41
零售,601488,10021857,12571648,37,HLB-9748893f-605f-11f0-8cdb-0c42a112278c,ZRTC20260424025,4,-477.32,-422.41
零售,601488,10021857,12571648,36,HLB-974888cd-605f-11f0-8cdb-0c42a112278c,ZRTC20260424025,4,-477.32,-422.41
零售,601488,10021857,12571648,33,HLB-9748896d-605f-11f0-8cdb-0c42a112278c,ZRTC20260424025,4,-477.32,-422.41
零售,601488,10021857,12571648,28,HLB-97488a44-605f-11f0-8cdb-0c42a112278c,ZRTC20260424025,4,-477.32,-422.41
零售,601488,10021857,12571648,24,HLB-97488a08-605f-11f0-8cdb-0c42a112278c,ZRTC20260424025,4,-477.32,-422.41
零售,601488,10021857,12571648,23,HLB-97488956-605f-11f0-8cdb-0c42a112278c,ZRTC20260424025,4,-477.32,-422.41
零售,601488,10021857,12571648,21,HLB-97488983-605f-11f0-8cdb-0c42a112278c,ZRTC20260424025,4,-477.32,-422.41
零售,601488,10021857,12571648,20,HLB-974889df-605f-11f0-8cdb-0c42a112278c,ZRTC20260424025,4,-477.32,-422.41
零售,601488,10021857,12571648,19,HLB-9748885f-605f-11f0-8cdb-0c42a112278c,ZRTC20260424025,4,-477.32,-422.41
零售,601488,10021857,12571648,18,HLB-97488999-605f-11f0-8cdb-0c42a112278c,ZRTC20260424025,4,-477.32,-422.41
零售,601488,10021857,12571648,16,HLB-97488a70-605f-11f0-8cdb-0c42a112278c,ZRTC20260424025,4,-477.32,-422.41
零售,601488,10021857,12571648,15,HLB-974889c8-605f-11f0-8cdb-0c42a112278c,ZRTC20260424025,4,-477.32,-422.41
零售,601488,10021857,12571648,11,HLB-97488a2f-605f-11f0-8cdb-0c42a112278c,ZRTC20260424025,4,-477.32,-422.41
零售,601488,10021857,12571648,10,HLB-97488a1b-605f-11f0-8cdb-0c42a112278c,ZRTC20260424025,4,-477.32,-422.41
零售,601488,10021857,12571648,8,HLB-97488a58-605f-11f0-8cdb-0c42a112278c,ZRTC20260424025,4,-477.32,-422.41
零售,601488,10021857,12571648,7,HLB-9748890a-605f-11f0-8cdb-0c42a112278c,ZRTC20260424025,4,-477.32,-422.41
零售,601488,10021857,12571648,6,HLB-974889f3-605f-11f0-8cdb-0c42a112278c,ZRTC20260424025,4,-477.32,-422.41
零售,601488,10021857,12571648,3,HLB-974889ae-605f-11f0-8cdb-0c42a112278c,ZRTC20260424025,4,-477.32,-422.41
零售,601488,10021857,12571648,1,HLB-97488924-605f-11f0-8cdb-0c42a112278c,ZRTC20260424025,4,-477.32,-422.41
零售,601488,10021857,12377692,10,HLB-ed0dd98e-4f2f-11f0-8cdb-0c42a112278c,ZRTC20260424025,4,-477.32,-422.41
零售,601488,10021857,12377692,9,HLB-ed0dd92a-4f2f-11f0-8cdb-0c42a112278c,ZRTC20260424025,4,-477.32,-422.41
零售,601488,10021857,12377692,8,HLB-ed0dd942-4f2f-11f0-8cdb-0c42a112278c,ZRTC20260424025,4,-477.32,-422.41
零售,601488,10021857,12377692,7,HLB-ed0dd8e2-4f2f-11f0-8cdb-0c42a112278c,ZRTC20260424025,4,-477.32,-422.41
零售,601488,10021857,12377692,6,HLB-ed0dd8c9-4f2f-11f0-8cdb-0c42a112278c,ZRTC20260424025,4,-477.32,-422.41
零售,601488,10021857,12377692,5,HLB-ed0dd912-4f2f-11f0-8cdb-0c42a112278c,ZRTC20260424025,4,-477.32,-422.41
零售,601488,10021857,12377692,4,HLB-ed0dd979-4f2f-11f0-8cdb-0c42a112278c,ZRTC20260424025,4,-477.32,-422.41
零售,601488,10021857,12377692,3,HLB-ed0dd95c-4f2f-11f0-8cdb-0c42a112278c,ZRTC20260424025,4,-477.32,-422.41
零售,601488,10021857,12377692,2,HLB-ed0dd868-4f2f-11f0-8cdb-0c42a112278c,ZRTC20260424025,4,-477.32,-422.41
零售,601488,10021857,12377692,1,HLB-ed0dd8fb-4f2f-11f0-8cdb-0c42a112278c,ZRTC20260424025,4,-477.32,-422.41
零售,601488,10021857,12658722,39,HLB-518bebc9-6a84-11f0-8cdb-0c42a112278c,ZRTC20260424025,4,-477.32,-422.41
零售,601488,10021857,12658722,38,HLB-518bec62-6a84-11f0-8cdb-0c42a112278c,ZRTC20260424025,4,-477.32,-422.41
零售,601488,10021857,12658722,35,HLB-518bec7c-6a84-11f0-8cdb-0c42a112278c,ZRTC20260424025,4,-477.32,-422.41
零售,601488,10021857,12658722,31,HLB-518bec49-6a84-11f0-8cdb-0c42a112278c,ZRTC20260424025,4,-477.32,-422.41
零售,601488,10021857,12658722,28,HLB-518becaa-6a84-11f0-8cdb-0c42a112278c,ZRTC20260424025,4,-477.32,-422.41
零售,601488,10021857,12658722,26,HLB-518beaf0-6a84-11f0-8cdb-0c42a112278c,ZRTC20260424025,4,-477.32,-422.41
零售,601488,10021857,12658722,24,HLB-518beaae-6a84-11f0-8cdb-0c42a112278c,ZRTC20260424025,4,-477.32,-422.41
零售,601488,10021857,12658722,23,HLB-518beb3a-6a84-11f0-8cdb-0c42a112278c,ZRTC20260424025,4,-477.32,-422.41
零售,601488,10021857,12658722,22,HLB-518bea2a-6a84-11f0-8cdb-0c42a112278c,ZRTC20260424025,4,-477.32,-422.41
零售,601488,10021857,12658722,21,HLB-518bead8-6a84-11f0-8cdb-0c42a112278c,ZRTC20260424025,4,-477.32,-422.41
零售,601488,10021857,12658722,20,HLB-518beb90-6a84-11f0-8cdb-0c42a112278c,ZRTC20260424025,4,-477.32,-422.41
零售,601488,10021857,12658722,17,HLB-518bebb0-6a84-11f0-8cdb-0c42a112278c,ZRTC20260424025,4,-477.32,-422.41
零售,601488,10021857,12658722,14,HLB-518bebe4-6a84-11f0-8cdb-0c42a112278c,ZRTC20260424025,4,-477.32,-422.41
零售,601488,10021857,12658722,13,HLB-518bec92-6a84-11f0-8cdb-0c42a112278c,ZRTC20260424025,4,-477.32,-422.41
零售,601488,10021857,12658722,11,HLB-518beb09-6a84-11f0-8cdb-0c42a112278c,ZRTC20260424025,4,-477.32,-422.41
零售,601488,10021857,12658722,9,HLB-518bec2d-6a84-11f0-8cdb-0c42a112278c,ZRTC20260424025,4,-477.32,-422.41
零售,601488,10021857,12658722,8,HLB-518bea93-6a84-11f0-8cdb-0c42a112278c,ZRTC20260424025,4,-477.32,-422.41
零售,601488,10021857,12658722,6,HLB-518bec15-6a84-11f0-8cdb-0c42a112278c,ZRTC20260424025,4,-477.32,-422.41
零售,601488,10021857,12658722,5,HLB-518bebfa-6a84-11f0-8cdb-0c42a112278c,ZRTC20260424025,4,-477.32,-422.41
零售,601488,10021857,12658722,2,HLB-518beb21-6a84-11f0-8cdb-0c42a112278c,ZRTC20260424025,4,-477.32,-422.41
零售,601488,10021857,12508836,60,HLB-16ed7973-570e-11f0-8cdb-0c42a112278c,ZRTC20260424025,4,-477.32,-422.41
零售,601488,10021857,12508836,59,HLB-16ed78a1-570e-11f0-8cdb-0c42a112278c,ZRTC20260424025,4,-477.32,-422.41
零售,601488,10021857,12508836,58,HLB-16ed7a13-570e-11f0-8cdb-0c42a112278c,ZRTC20260424025,4,-477.32,-422.41
零售,601488,10021857,12508836,56,HLB-16ed7a29-570e-11f0-8cdb-0c42a112278c,ZRTC20260424025,4,-477.32,-422.41
零售,601488,10021857,12508836,54,HLB-16ed7874-570e-11f0-8cdb-0c42a112278c,ZRTC20260424025,4,-477.32,-422.41
零售,601488,10021857,12508836,53,HLB-16ed79bf-570e-11f0-8cdb-0c42a112278c,ZRTC20260424025,4,-477.32,-422.41
零售,601488,10021857,12508836,52,HLB-16ed7a66-570e-11f0-8cdb-0c42a112278c,ZRTC20260424025,4,-477.32,-422.41
零售,601488,10021857,12508836,51,HLB-16ed78cb-570e-11f0-8cdb-0c42a112278c,ZRTC20260424025,4,-477.32,-422.41
零售,601488,10021857,12508836,49,HLB-16ed795e-570e-11f0-8cdb-0c42a112278c,ZRTC20260424025,4,-477.32,-422.41
零售,601488,10021857,12549578,4,HLB-316cfe7b-5d4a-11f0-8cdb-0c42a112278c,ZRTC20260424025,21,-282.06,-249.61
零售,601488,10021857,12549578,1,HLB-316cfdcc-5d4a-11f0-8cdb-0c42a112278c,ZRTC20260424025,21,-282.06,-249.61
零售,601488,10021857,12516721,36,HLB-29d29f24-5880-11f0-8cdb-0c42a112278c,ZRTC20260424025,21,-282.06,-249.61
零售,601488,10021857,12516721,34,HLB-29d29fed-5880-11f0-8cdb-0c42a112278c,ZRTC20260424025,21,-282.06,-249.61
零售,601488,10021857,12516721,33,HLB-29d29f9d-5880-11f0-8cdb-0c42a112278c,ZRTC20260424025,21,-282.06,-249.61
零售,601488,10021857,12516721,32,HLB-29d29e07-5880-11f0-8cdb-0c42a112278c,ZRTC20260424025,21,-282.06,-249.61
零售,601488,10021857,12516721,31,HLB-29d29fc6-5880-11f0-8cdb-0c42a112278c,ZRTC20260424025,21,-282.06,-249.61
零售,601488,10021857,12516721,29,HLB-29d29f74-5880-11f0-8cdb-0c42a112278c,ZRTC20260424025,21,-282.06,-249.61
零售,601488,10021857,12516721,28,HLB-29d29d2c-5880-11f0-8cdb-0c42a112278c,ZRTC20260424025,21,-282.06,-249.61
零售,601488,10021857,12516721,27,HLB-29d29d54-5880-11f0-8cdb-0c42a112278c,ZRTC20260424025,21,-282.06,-249.61
零售,601488,10021857,12516721,26,HLB-29d29e5b-5880-11f0-8cdb-0c42a112278c,ZRTC20260424025,21,-282.06,-249.61
零售,601488,10021857,12516721,25,HLB-29d29f4b-5880-11f0-8cdb-0c42a112278c,ZRTC20260424025,21,-282.06,-249.61
零售,601488,10021857,12516721,24,HLB-29d29ed4-5880-11f0-8cdb-0c42a112278c,ZRTC20260424025,21,-282.06,-249.61
零售,601488,10021857,12516721,20,HLB-29d29db2-5880-11f0-8cdb-0c42a112278c,ZRTC20260424025,21,-282.06,-249.61
零售,601488,10021857,12516721,18,HLB-29d29efd-5880-11f0-8cdb-0c42a112278c,ZRTC20260424025,21,-282.06,-249.61
零售,601488,10021857,12516721,15,HLB-29d29cff-5880-11f0-8cdb-0c42a112278c,ZRTC20260424025,21,-282.06,-249.61
零售,601488,10021857,12516721,13,HLB-29d29ddc-5880-11f0-8cdb-0c42a112278c,ZRTC20260424025,21,-282.06,-249.61
零售,601488,10021857,12516721,12,HLB-29d29e30-5880-11f0-8cdb-0c42a112278c,ZRTC20260424025,21,-282.06,-249.61
零售,601488,10021857,12516721,11,HLB-29d29e82-5880-11f0-8cdb-0c42a112278c,ZRTC20260424025,21,-282.06,-249.61
零售,601488,10021857,12516721,8,HLB-29d29eab-5880-11f0-8cdb-0c42a112278c,ZRTC20260424025,21,-282.06,-249.61
零售,601488,10021857,12516721,6,HLB-29d29d87-5880-11f0-8cdb-0c42a112278c,ZRTC20260424025,21,-282.06,-249.61
零售,601488,10021857,12516721,1,HLB-29d29cd5-5880-11f0-8cdb-0c42a112278c,ZRTC20260424025,21,-282.06,-249.61
零售,601488,10021857,12508835,40,HLB-16ed777b-570e-11f0-8cdb-0c42a112278c,ZRTC20260424025,21,-282.06,-249.61
零售,601488,10021857,12508835,38,HLB-16ed75d5-570e-11f0-8cdb-0c42a112278c,ZRTC20260424025,21,-282.06,-249.61
零售,601488,10021857,12508835,37,HLB-16ed7570-570e-11f0-8cdb-0c42a112278c,ZRTC20260424025,21,-282.06,-249.61
零售,601488,10021857,12508835,36,HLB-16ed77ef-570e-11f0-8cdb-0c42a112278c,ZRTC20260424025,21,-282.06,-249.61
零售,601488,10021857,12508835,34,HLB-16ed7724-570e-11f0-8cdb-0c42a112278c,ZRTC20260424025,21,-282.06,-249.61
零售,601488,10021857,12508835,33,HLB-16ed759f-570e-11f0-8cdb-0c42a112278c,ZRTC20260424025,21,-282.06,-249.61
零售,601488,10021857,12508835,32,HLB-16ed752e-570e-11f0-8cdb-0c42a112278c,ZRTC20260424025,21,-282.06,-249.61
零售,601488,10021857,12508835,30,HLB-16ed7602-570e-11f0-8cdb-0c42a112278c,ZRTC20260424025,21,-282.06,-249.61
零售,601488,10021857,12508835,27,HLB-16ed77ba-570e-11f0-8cdb-0c42a112278c,ZRTC20260424025,21,-282.06,-249.61
零售,601488,10021857,12508835,24,HLB-16ed7742-570e-11f0-8cdb-0c42a112278c,ZRTC20260424025,21,-282.06,-249.61
零售,601488,10021857,12508835,23,HLB-16ed779f-570e-11f0-8cdb-0c42a112278c,ZRTC20260424025,21,-282.06,-249.61
零售,601488,10021857,12508835,21,HLB-16ed767e-570e-11f0-8cdb-0c42a112278c,ZRTC20260424025,21,-282.06,-249.61
零售,601488,10021857,12508835,20,HLB-16ed761a-570e-11f0-8cdb-0c42a112278c,ZRTC20260424025,21,-282.06,-249.61
零售,601488,10021857,12508835,15,HLB-16ed7665-570e-11f0-8cdb-0c42a112278c,ZRTC20260424025,21,-282.06,-249.61
零售,601488,10021857,12508835,13,HLB-16ed775e-570e-11f0-8cdb-0c42a112278c,ZRTC20260424025,21,-282.06,-249.61
零售,601488,10021857,12508835,12,HLB-16ed77d4-570e-11f0-8cdb-0c42a112278c,ZRTC20260424025,21,-282.06,-249.61
零售,601488,10021857,12508835,9,HLB-16ed764f-570e-11f0-8cdb-0c42a112278c,ZRTC20260424025,21,-282.06,-249.61
零售,601488,10021857,12508835,7,HLB-16ed750d-570e-11f0-8cdb-0c42a112278c,ZRTC20260424025,21,-282.06,-249.61
零售,601488,10021857,12508835,5,HLB-16ed7495-570e-11f0-8cdb-0c42a112278c,ZRTC20260424025,21,-282.06,-249.61
零售,601488,10021857,12508835,3,HLB-16ed75bb-570e-11f0-8cdb-0c42a112278c,ZRTC20260424025,21,-282.06,-249.61
零售,601488,10021857,12508819,39,HLB-14f17388-570e-11f0-8cdb-0c42a112278c,ZRTC20260424025,21,-282.06,-249.61
零售,601488,10021857,12508819,37,HLB-15136fda-570e-11f0-8cdb-0c42a112278c,ZRTC20260424025,21,-282.06,-249.61
零售,601488,10021857,12508819,34,HLB-14f172f5-570e-11f0-8cdb-0c42a112278c,ZRTC20260424025,21,-282.06,-249.61
零售,601488,10021857,12508819,32,HLB-15136f83-570e-11f0-8cdb-0c42a112278c,ZRTC20260424025,21,-282.06,-249.61
零售,601488,10021857,12508819,31,HLB-15136f50-570e-11f0-8cdb-0c42a112278c,ZRTC20260424025,21,-282.06,-249.61
零售,601488,10021857,12508819,30,HLB-14f172df-570e-11f0-8cdb-0c42a112278c,ZRTC20260424025,21,-282.06,-249.61
零售,601488,10021857,12508819,28,HLB-15136fb0-570e-11f0-8cdb-0c42a112278c,ZRTC20260424025,21,-282.06,-249.61
零售,601488,10021857,12508819,26,HLB-14f17308-570e-11f0-8cdb-0c42a112278c,ZRTC20260424025,21,-282.06,-249.61
零售,601488,10021857,12508819,25,HLB-15136f99-570e-11f0-8cdb-0c42a112278c,ZRTC20260424025,21,-282.06,-249.61
零售,601488,10021857,12508819,24,HLB-14f17375-570e-11f0-8cdb-0c42a112278c,ZRTC20260424025,21,-282.06,-249.61
零售,601488,10021857,12508819,23,HLB-14f1734a-570e-11f0-8cdb-0c42a112278c,ZRTC20260424025,21,-282.06,-249.61
零售,601488,10021857,12508819,20,HLB-14f173af-570e-11f0-8cdb-0c42a112278c,ZRTC20260424025,21,-282.06,-249.61
零售,601488,10021857,12508819,18,HLB-14f17361-570e-11f0-8cdb-0c42a112278c,ZRTC20260424025,21,-282.06,-249.61
零售,601488,10021857,12508819,15,HLB-15136ec9-570e-11f0-8cdb-0c42a112278c,ZRTC20260424025,21,-282.06,-249.61
零售,601488,10021857,12508819,14,HLB-14f1739b-570e-11f0-8cdb-0c42a112278c,ZRTC20260424025,21,-282.06,-249.61
零售,601488,10021857,12508819,8,HLB-15136fc5-570e-11f0-8cdb-0c42a112278c,ZRTC20260424025,21,-282.06,-249.61
零售,601488,10021857,12508819,6,HLB-15136f1b-570e-11f0-8cdb-0c42a112278c,ZRTC20260424025,21,-282.06,-249.61
零售,601488,10021857,12508819,4,HLB-14f1731e-570e-11f0-8cdb-0c42a112278c,ZRTC20260424025,21,-282.06,-249.61
零售,601488,10021857,12508819,3,HLB-15136f6c-570e-11f0-8cdb-0c42a112278c,ZRTC20260424025,21,-282.06,-249.61
零售,601488,10021857,12508819,1,HLB-15136f32-570e-11f0-8cdb-0c42a112278c,ZRTC20260424025,21,-282.06,-249.61
零售,601488,10021857,12508818,20,HLB-14f1706c-570e-11f0-8cdb-0c42a112278c,ZRTC20260424025,21,-282.06,-249.61
零售,601488,10021857,12508818,18,HLB-14f1703c-570e-11f0-8cdb-0c42a112278c,ZRTC20260424025,21,-282.06,-249.61
零售,601488,10021857,12508818,16,HLB-14f170b9-570e-11f0-8cdb-0c42a112278c,ZRTC20260424025,21,-282.06,-249.61
零售,601488,10021857,12508818,14,HLB-14f17087-570e-11f0-8cdb-0c42a112278c,ZRTC20260424025,21,-282.06,-249.61
零售,601488,10021857,12508818,12,HLB-14f170e9-570e-11f0-8cdb-0c42a112278c,ZRTC20260424025,21,-282.06,-249.61
零售,601488,10021857,12501315,2,HLB-55a31050-561d-11f0-8cdb-0c42a112278c,ZRTC20260424025,20,-281.3,-248.94
零售,601488,10021857,12501315,1,HLB-55a31094-561d-11f0-8cdb-0c42a112278c,ZRTC20260424025,20,-281.3,-248.94
零售,601488,10021857,12571660,19,HLB-b979a294-605f-11f0-8cdb-0c42a112278c,ZRTC20260424025,20,-281.3,-248.94
零售,601488,10021857,12571660,17,HLB-b979a2d5-605f-11f0-8cdb-0c42a112278c,ZRTC20260424025,20,-281.3,-248.94
零售,601488,10021857,12571660,16,HLB-b979a324-605f-11f0-8cdb-0c42a112278c,ZRTC20260424025,20,-281.3,-248.94
零售,601488,10021857,12571660,14,HLB-b979a2a9-605f-11f0-8cdb-0c42a112278c,ZRTC20260424025,20,-281.3,-248.94
零售,601488,10021857,12571660,13,HLB-b979a273-605f-11f0-8cdb-0c42a112278c,ZRTC20260424025,20,-281.3,-248.94
零售,601488,10021857,12571660,11,HLB-b979a33b-605f-11f0-8cdb-0c42a112278c,ZRTC20260424025,20,-281.3,-248.94
零售,601488,10021857,12571660,10,HLB-b979a2c0-605f-11f0-8cdb-0c42a112278c,ZRTC20260424025,20,-281.3,-248.94
零售,601488,10021857,12571660,8,HLB-b979a2fd-605f-11f0-8cdb-0c42a112278c,ZRTC20260424025,20,-281.3,-248.94
零售,601488,10021857,12571660,6,HLB-b979a311-605f-11f0-8cdb-0c42a112278c,ZRTC20260424025,20,-281.3,-248.94
零售,601488,10021857,12571660,4,HLB-b979a2e9-605f-11f0-8cdb-0c42a112278c,ZRTC20260424025,20,-281.3,-248.94
零售,601488,10021857,12571648,40,HLB-97488a85-605f-11f0-8cdb-0c42a112278c,ZRTC20260424025,20,-281.3,-248.94
零售,601488,10021857,12571648,39,HLB-97488af3-605f-11f0-8cdb-0c42a112278c,ZRTC20260424025,20,-281.3,-248.94
零售,601488,10021857,12571648,35,HLB-97488ade-605f-11f0-8cdb-0c42a112278c,ZRTC20260424025,20,-281.3,-248.94
零售,601488,10021857,12571648,34,HLB-97488c03-605f-11f0-8cdb-0c42a112278c,ZRTC20260424025,20,-281.3,-248.94
零售,601488,10021857,12571648,32,HLB-97488c19-605f-11f0-8cdb-0c42a112278c,ZRTC20260424025,20,-281.3,-248.94
零售,601488,10021857,12571648,31,HLB-97488aca-605f-11f0-8cdb-0c42a112278c,ZRTC20260424025,20,-281.3,-248.94
零售,601488,10021857,12571648,30,HLB-97488b99-605f-11f0-8cdb-0c42a112278c,ZRTC20260424025,20,-281.3,-248.94
零售,601488,10021857,12571648,29,HLB-97488bee-605f-11f0-8cdb-0c42a112278c,ZRTC20260424025,20,-281.3,-248.94
零售,601488,10021857,12571648,27,HLB-97488b70-605f-11f0-8cdb-0c42a112278c,ZRTC20260424025,20,-281.3,-248.94
零售,601488,10021857,12571648,26,HLB-97488bae-605f-11f0-8cdb-0c42a112278c,ZRTC20260424025,20,-281.3,-248.94
零售,601488,10021857,12571648,25,HLB-97488b32-605f-11f0-8cdb-0c42a112278c,ZRTC20260424025,20,-281.3,-248.94
零售,601488,10021857,12571648,22,HLB-97488b1a-605f-11f0-8cdb-0c42a112278c,ZRTC20260424025,20,-281.3,-248.94
零售,601488,10021857,12571648,17,HLB-97488b5c-605f-11f0-8cdb-0c42a112278c,ZRTC20260424025,20,-281.3,-248.94
零售,601488,10021857,12571648,14,HLB-97488bc2-605f-11f0-8cdb-0c42a112278c,ZRTC20260424025,20,-281.3,-248.94
零售,601488,10021857,12571648,13,HLB-97488b07-605f-11f0-8cdb-0c42a112278c,ZRTC20260424025,20,-281.3,-248.94
零售,601488,10021857,12571648,12,HLB-97488ab5-605f-11f0-8cdb-0c42a112278c,ZRTC20260424025,20,-281.3,-248.94
零售,601488,10021857,12571648,9,HLB-97488bd8-605f-11f0-8cdb-0c42a112278c,ZRTC20260424025,20,-281.3,-248.94
零售,601488,10021857,12571648,5,HLB-97488b84-605f-11f0-8cdb-0c42a112278c,ZRTC20260424025,20,-281.3,-248.94
零售,601488,10021857,12571648,4,HLB-97488a9a-605f-11f0-8cdb-0c42a112278c,ZRTC20260424025,20,-281.3,-248.94
零售,601488,10021857,12571648,2,HLB-97488b46-605f-11f0-8cdb-0c42a112278c,ZRTC20260424025,20,-281.3,-248.94
零售,601488,10021857,12490347,30,HLB-ef4e6f0f-5578-11f0-8cdb-0c42a112278c,ZRTC20260424025,20,-281.3,-248.94
零售,601488,10021857,12490347,29,HLB-ef4e6e68-5578-11f0-8cdb-0c42a112278c,ZRTC20260424025,20,-281.3,-248.94
零售,601488,10021857,12490347,28,HLB-ef4e6f66-5578-11f0-8cdb-0c42a112278c,ZRTC20260424025,20,-281.3,-248.94
零售,601488,10021857,12490347,27,HLB-ef4e6e9d-5578-11f0-8cdb-0c42a112278c,ZRTC20260424025,20,-281.3,-248.94
零售,601488,10021857,12490347,26,HLB-ef4e7072-5578-11f0-8cdb-0c42a112278c,ZRTC20260424025,20,-281.3,-248.94
零售,601488,10021857,12490347,25,HLB-ef4e702e-5578-11f0-8cdb-0c42a112278c,ZRTC20260424025,20,-281.3,-248.94
零售,601488,10021857,12490347,24,HLB-ef4e6f52-5578-11f0-8cdb-0c42a112278c,ZRTC20260424025,20,-281.3,-248.94
零售,601488,10021857,12490347,23,HLB-ef4e705a-5578-11f0-8cdb-0c42a112278c,ZRTC20260424025,20,-281.3,-248.94
零售,601488,10021857,12490347,22,HLB-ef4e6ee0-5578-11f0-8cdb-0c42a112278c,ZRTC20260424025,20,-281.3,-248.94
零售,601488,10021857,12490347,21,HLB-ef4e6fbe-5578-11f0-8cdb-0c42a112278c,ZRTC20260424025,20,-281.3,-248.94
零售,601488,10021857,12490347,20,HLB-ef4e6e3d-5578-11f0-8cdb-0c42a112278c,ZRTC20260424025,20,-281.3,-248.94
零售,601488,10021857,12490347,19,HLB-ef4e6f28-5578-11f0-8cdb-0c42a112278c,ZRTC20260424025,20,-281.3,-248.94
零售,601488,10021857,12490347,18,HLB-ef4e6e25-5578-11f0-8cdb-0c42a112278c,ZRTC20260424025,20,-281.3,-248.94
零售,601488,10021857,12490347,17,HLB-ef4e6faa-5578-11f0-8cdb-0c42a112278c,ZRTC20260424025,20,-281.3,-248.94
零售,601488,10021857,12490347,16,HLB-ef4e6e05-5578-11f0-8cdb-0c42a112278c,ZRTC20260424025,20,-281.3,-248.94
零售,601488,10021857,12490347,15,HLB-ef4e7043-5578-11f0-8cdb-0c42a112278c,ZRTC20260424025,20,-281.3,-248.94
零售,601488,10021857,12490347,14,HLB-ef4e6eca-5578-11f0-8cdb-0c42a112278c,ZRTC20260424025,20,-281.3,-248.94
零售,601488,10021857,12490347,13,HLB-ef4e70b5-5578-11f0-8cdb-0c42a112278c,ZRTC20260424025,20,-281.3,-248.94
零售,601488,10021857,12490347,12,HLB-ef4e70e0-5578-11f0-8cdb-0c42a112278c,ZRTC20260424025,20,-281.3,-248.94
零售,601488,10021857,12490347,11,HLB-ef4e70cb-5578-11f0-8cdb-0c42a112278c,ZRTC20260424025,20,-281.3,-248.94
零售,601488,10021857,12490347,10,HLB-ef4e709e-5578-11f0-8cdb-0c42a112278c,ZRTC20260424025,20,-281.3,-248.94
零售,601488,10021857,12490347,9,HLB-ef4e6fd3-5578-11f0-8cdb-0c42a112278c,ZRTC20260424025,20,-281.3,-248.94
零售,601488,10021857,12490347,8,HLB-ef4e6f94-5578-11f0-8cdb-0c42a112278c,ZRTC20260424025,20,-281.3,-248.94
零售,601488,10021857,12490347,7,HLB-ef4e6f81-5578-11f0-8cdb-0c42a112278c,ZRTC20260424025,20,-281.3,-248.94
零售,601488,10021857,12490347,6,HLB-ef4e6e53-5578-11f0-8cdb-0c42a112278c,ZRTC20260424025,20,-281.3,-248.94
零售,601488,10021857,12490347,5,HLB-ef4e6e85-5578-11f0-8cdb-0c42a112278c,ZRTC20260424025,20,-281.3,-248.94
零售,601488,10021857,12490347,4,HLB-ef4e6f3c-5578-11f0-8cdb-0c42a112278c,ZRTC20260424025,20,-281.3,-248.94
零售,601488,10021857,12490347,3,HLB-ef4e7088-5578-11f0-8cdb-0c42a112278c,ZRTC20260424025,20,-281.3,-248.94
零售,601488,10021857,12490347,2,HLB-ef4e6ef6-5578-11f0-8cdb-0c42a112278c,ZRTC20260424025,20,-281.3,-248.94
零售,601488,10021857,12490347,1,HLB-ef4e6eb4-5578-11f0-8cdb-0c42a112278c,ZRTC20260424025,20,-281.3,-248.94
零售,601488,10021857,12658722,40,HLB-518beeca-6a84-11f0-8cdb-0c42a112278c,ZRTC20260424025,20,-281.3,-248.94
零售,601488,10021857,12658722,37,HLB-518beef5-6a84-11f0-8cdb-0c42a112278c,ZRTC20260424025,20,-281.3,-248.94
零售,601488,10021857,12658722,36,HLB-518bed54-6a84-11f0-8cdb-0c42a112278c,ZRTC20260424025,20,-281.3,-248.94
零售,601488,10021857,12658722,34,HLB-518becd5-6a84-11f0-8cdb-0c42a112278c,ZRTC20260424025,20,-281.3,-248.94
零售,601488,10021857,12658722,33,HLB-518bee72-6a84-11f0-8cdb-0c42a112278c,ZRTC20260424025,20,-281.3,-248.94
零售,601488,10021857,12508821,16,HLB-151372fa-570e-11f0-8cdb-0c42a112278c,ZRTC20260424025,12,-400.26,-354.21
零售,601488,10021857,12508821,13,HLB-1534b6a6-570e-11f0-8cdb-0c42a112278c,ZRTC20260424025,12,-400.26,-354.21
零售,601488,10021857,12508821,12,HLB-15137242-570e-11f0-8cdb-0c42a112278c,ZRTC20260424025,12,-400.26,-354.21
零售,601488,10021857,12508821,9,HLB-1513730e-570e-11f0-8cdb-0c42a112278c,ZRTC20260424025,12,-400.26,-354.21
零售,601488,10021857,12508821,8,HLB-15137269-570e-11f0-8cdb-0c42a112278c,ZRTC20260424025,12,-400.26,-354.21
零售,601488,10021857,12508821,6,HLB-1534b767-570e-11f0-8cdb-0c42a112278c,ZRTC20260424025,12,-400.26,-354.21
零售,601488,10021857,12508821,3,HLB-1534b84e-570e-11f0-8cdb-0c42a112278c,ZRTC20260424025,12,-400.26,-354.21
零售,601488,10021857,12508834,19,HLB-16ca63db-570e-11f0-8cdb-0c42a112278c,ZRTC20260424025,12,-400.26,-354.21
零售,601488,10021857,12508834,17,HLB-16ca62e3-570e-11f0-8cdb-0c42a112278c,ZRTC20260424025,12,-400.26,-354.21
零售,601488,10021857,12508834,16,HLB-16ca6337-570e-11f0-8cdb-0c42a112278c,ZRTC20260424025,12,-400.26,-354.21
零售,601488,10021857,12508834,15,HLB-16ca6321-570e-11f0-8cdb-0c42a112278c,ZRTC20260424025,12,-400.26,-354.21
零售,601488,10021857,12508834,13,HLB-16ca63a9-570e-11f0-8cdb-0c42a112278c,ZRTC20260424025,12,-400.26,-354.21
零售,601488,10021857,12508834,8,HLB-16ca63f2-570e-11f0-8cdb-0c42a112278c,ZRTC20260424025,12,-400.26,-354.21
零售,601488,10021857,12508834,7,HLB-16ca63c4-570e-11f0-8cdb-0c42a112278c,ZRTC20260424025,12,-400.26,-354.21
零售,601488,10021857,12508834,6,HLB-16ca6353-570e-11f0-8cdb-0c42a112278c,ZRTC20260424025,12,-400.26,-354.21
零售,601488,10021857,12508834,5,HLB-16ca636d-570e-11f0-8cdb-0c42a112278c,ZRTC20260424025,12,-400.26,-354.21
零售,601488,10021857,12508834,4,HLB-16ca6387-570e-11f0-8cdb-0c42a112278c,ZRTC20260424025,12,-400.26,-354.21
零售,601488,10021857,12521725,20,HLB-9ae2b568-5949-11f0-8cdb-0c42a112278c,ZRTC20260424025,12,-400.26,-354.21
零售,601488,10021857,12521725,16,HLB-9ae2b554-5949-11f0-8cdb-0c42a112278c,ZRTC20260424025,12,-400.26,-354.21
零售,601488,10021857,12521725,14,HLB-9ae2b5a4-5949-11f0-8cdb-0c42a112278c,ZRTC20260424025,12,-400.26,-354.21
零售,601488,10021857,12521725,10,HLB-9ae2b529-5949-11f0-8cdb-0c42a112278c,ZRTC20260424025,12,-400.26,-354.21
零售,601488,10021857,12521725,9,HLB-9ae2b5cc-5949-11f0-8cdb-0c42a112278c,ZRTC20260424025,12,-400.26,-354.21
零售,601488,10021857,12521725,7,HLB-9ae2b53e-5949-11f0-8cdb-0c42a112278c,ZRTC20260424025,12,-400.26,-354.21
零售,601488,10021857,12521725,4,HLB-9ae2b590-5949-11f0-8cdb-0c42a112278c,ZRTC20260424025,12,-400.26,-354.21
零售,601488,10021857,12521725,3,HLB-9ae2b57c-5949-11f0-8cdb-0c42a112278c,ZRTC20260424025,12,-400.26,-354.21
零售,601488,10021857,12521725,2,HLB-9ae2b5df-5949-11f0-8cdb-0c42a112278c,ZRTC20260424025,12,-400.26,-354.21
零售,601488,10021857,12521725,1,HLB-9ae2b5b9-5949-11f0-8cdb-0c42a112278c,ZRTC20260424025,12,-400.26,-354.21
零售,601488,10021857,12508661,1,HLB-2d48184d-570c-11f0-8cdb-0c42a112278c,ZRTC20260424025,12,-400.26,-354.21
零售,601488,10021857,12561327,19,HLB-52bb5099-5eeb-11f0-8cdb-0c42a112278c,ZRTC20260424025,12,-400.26,-354.21
零售,601488,10021857,12561327,16,HLB-52bb504b-5eeb-11f0-8cdb-0c42a112278c,ZRTC20260424025,12,-400.26,-354.21
零售,601488,10021857,12561327,15,HLB-52bb5022-5eeb-11f0-8cdb-0c42a112278c,ZRTC20260424025,12,-400.26,-354.21
零售,601488,10021857,12561327,13,HLB-52bb5060-5eeb-11f0-8cdb-0c42a112278c,ZRTC20260424025,12,-400.26,-354.21
零售,601488,10021857,12561327,11,HLB-52bb50ae-5eeb-11f0-8cdb-0c42a112278c,ZRTC20260424025,12,-400.26,-354.21
零售,601488,10021857,12561327,7,HLB-52bb4f80-5eeb-11f0-8cdb-0c42a112278c,ZRTC20260424025,12,-400.26,-354.21
零售,601488,10021857,12561327,6,HLB-52bb5084-5eeb-11f0-8cdb-0c42a112278c,ZRTC20260424025,12,-400.26,-354.21
零售,601488,10021857,12561327,5,HLB-52bb500a-5eeb-11f0-8cdb-0c42a112278c,ZRTC20260424025,12,-400.26,-354.21
零售,601488,10021857,12561327,4,HLB-52bb5036-5eeb-11f0-8cdb-0c42a112278c,ZRTC20260424025,12,-400.26,-354.21
零售,601488,10021857,12561327,2,HLB-52bb4fd0-5eeb-11f0-8cdb-0c42a112278c,ZRTC20260424025,12,-400.26,-354.21
零售,601488,10021857,12549578,20,HLB-316cfede-5d4a-11f0-8cdb-0c42a112278c,ZRTC20260424025,12,-400.26,-354.21
零售,601488,10021857,12549578,17,HLB-316cfe10-5d4a-11f0-8cdb-0c42a112278c,ZRTC20260424025,12,-400.26,-354.21
零售,601488,10021857,12549578,16,HLB-316cfe8e-5d4a-11f0-8cdb-0c42a112278c,ZRTC20260424025,12,-400.26,-354.21
零售,601488,10021857,12549578,15,HLB-316cfeb7-5d4a-11f0-8cdb-0c42a112278c,ZRTC20260424025,12,-400.26,-354.21
零售,601488,10021857,12549578,14,HLB-316cfde1-5d4a-11f0-8cdb-0c42a112278c,ZRTC20260424025,12,-400.26,-354.21
零售,601488,10021857,12402385,4,HLB-635c03bd-50be-11f0-8cdb-0c42a112278c,ZRTC20260424025,10,-566.78,-501.58
零售,601488,10021857,12402385,3,HLB-635c02ab-50be-11f0-8cdb-0c42a112278c,ZRTC20260424025,10,-566.78,-501.58
零售,601488,10021857,12402385,2,HLB-635c0353-50be-11f0-8cdb-0c42a112278c,ZRTC20260424025,10,-566.78,-501.58
零售,601488,10021857,12402385,1,HLB-635c038b-50be-11f0-8cdb-0c42a112278c,ZRTC20260424025,10,-566.78,-501.58
零售,601488,10021857,12464760,1,HLB-c0b631cd-5482-11f0-8cdb-0c42a112278c,ZRTC20260424025,10,-566.78,-501.58
零售,601488,10021857,12496901,10,HLB-97640ca5-5594-11f0-8cdb-0c42a112278c,ZRTC20260424025,10,-566.78,-501.58
零售,601488,10021857,12496901,9,HLB-97640ce3-5594-11f0-8cdb-0c42a112278c,ZRTC20260424025,10,-566.78,-501.58
零售,601488,10021857,12496901,8,HLB-97640c90-5594-11f0-8cdb-0c42a112278c,ZRTC20260424025,10,-566.78,-501.58
零售,601488,10021857,12496901,7,HLB-97640cb9-5594-11f0-8cdb-0c42a112278c,ZRTC20260424025,10,-566.78,-501.58
零售,601488,10021857,12496901,6,HLB-97640d22-5594-11f0-8cdb-0c42a112278c,ZRTC20260424025,10,-566.78,-501.58
零售,601488,10021857,12496901,5,HLB-97640d4b-5594-11f0-8cdb-0c42a112278c,ZRTC20260424025,10,-566.78,-501.58
零售,601488,10021857,12496901,4,HLB-97640d36-5594-11f0-8cdb-0c42a112278c,ZRTC20260424025,10,-566.78,-501.58
零售,601488,10021857,12496901,3,HLB-97640cf6-5594-11f0-8cdb-0c42a112278c,ZRTC20260424025,10,-566.78,-501.58
零售,601488,10021857,12496901,2,HLB-97640d0c-5594-11f0-8cdb-0c42a112278c,ZRTC20260424025,10,-566.78,-501.58
零售,601488,10021857,12496901,1,HLB-97640cce-5594-11f0-8cdb-0c42a112278c,ZRTC20260424025,10,-566.78,-501.58
零售,601488,10021857,12375046,50,HLB-0e0babbd-4f18-11f0-8cdb-0c42a112278c,ZRTC20260424025,10,-566.78,-501.58
零售,601488,10021857,12375046,49,HLB-0e0bad81-4f18-11f0-8cdb-0c42a112278c,ZRTC20260424025,10,-566.78,-501.58
零售,601488,10021857,12375046,48,HLB-0e0bac00-4f18-11f0-8cdb-0c42a112278c,ZRTC20260424025,10,-566.78,-501.58
零售,601488,10021857,12375046,47,HLB-0e0bac89-4f18-11f0-8cdb-0c42a112278c,ZRTC20260424025,10,-566.78,-501.58
零售,601488,10021857,12375046,46,HLB-0dead1c0-4f18-11f0-8cdb-0c42a112278c,ZRTC20260424025,10,-566.78,-501.58
零售,601488,10021857,12375046,45,HLB-0e0bae10-4f18-11f0-8cdb-0c42a112278c,ZRTC20260424025,10,-566.78,-501.58
零售,601488,10021857,12375046,44,HLB-0e0bac9d-4f18-11f0-8cdb-0c42a112278c,ZRTC20260424025,10,-566.78,-501.58
零售,601488,10021857,12375046,43,HLB-0e0bad6d-4f18-11f0-8cdb-0c42a112278c,ZRTC20260424025,10,-566.78,-501.58
零售,601488,10021857,12375046,42,HLB-0dead1d4-4f18-11f0-8cdb-0c42a112278c,ZRTC20260424025,10,-566.78,-501.58
零售,601488,10021857,12375046,41,HLB-0dead288-4f18-11f0-8cdb-0c42a112278c,ZRTC20260424025,10,-566.78,-501.58
零售,601488,10021857,12375046,40,HLB-0dead1eb-4f18-11f0-8cdb-0c42a112278c,ZRTC20260424025,10,-566.78,-501.58
零售,601488,10021857,12375046,39,HLB-0e0bae3a-4f18-11f0-8cdb-0c42a112278c,ZRTC20260424025,10,-566.78,-501.58
零售,601488,10021857,12375046,38,HLB-0e0badc0-4f18-11f0-8cdb-0c42a112278c,ZRTC20260424025,10,-566.78,-501.58
零售,601488,10021857,12375046,37,HLB-0e0bad59-4f18-11f0-8cdb-0c42a112278c,ZRTC20260424025,10,-566.78,-501.58
零售,601488,10021857,12375046,36,HLB-0dead26a-4f18-11f0-8cdb-0c42a112278c,ZRTC20260424025,10,-566.78,-501.58
零售,601488,10021857,12375046,35,HLB-0e0bab35-4f18-11f0-8cdb-0c42a112278c,ZRTC20260424025,10,-566.78,-501.58
零售,601488,10021857,12375046,34,HLB-0e0bab9e-4f18-11f0-8cdb-0c42a112278c,ZRTC20260424025,10,-566.78,-501.58
零售,601488,10021857,12375046,33,HLB-0e0bae25-4f18-11f0-8cdb-0c42a112278c,ZRTC20260424025,10,-566.78,-501.58
零售,601488,10021857,12375046,32,HLB-0dead22d-4f18-11f0-8cdb-0c42a112278c,ZRTC20260424025,10,-566.78,-501.58
零售,601488,10021857,12375046,31,HLB-0dead1a9-4f18-11f0-8cdb-0c42a112278c,ZRTC20260424025,10,-566.78,-501.58
零售,601488,10021857,12375046,30,HLB-0e0baa90-4f18-11f0-8cdb-0c42a112278c,ZRTC20260424025,10,-566.78,-501.58
零售,601488,10021857,12375046,29,HLB-0e0babd5-4f18-11f0-8cdb-0c42a112278c,ZRTC20260424025,10,-566.78,-501.58
零售,601488,10021857,12375046,28,HLB-0dead20f-4f18-11f0-8cdb-0c42a112278c,ZRTC20260424025,10,-566.78,-501.58
零售,601488,10021857,12375046,27,HLB-0e0bade6-4f18-11f0-8cdb-0c42a112278c,ZRTC20260424025,10,-566.78,-501.58
零售,601488,10021857,12375046,26,HLB-0e0bae64-4f18-11f0-8cdb-0c42a112278c,ZRTC20260424025,10,-566.78,-501.58
零售,601488,10021857,12375046,25,HLB-0e0bac5b-4f18-11f0-8cdb-0c42a112278c,ZRTC20260424025,10,-566.78,-501.58
零售,601488,10021857,12375046,24,HLB-0e0badfc-4f18-11f0-8cdb-0c42a112278c,ZRTC20260424025,10,-566.78,-501.58
零售,601488,10021857,12375046,23,HLB-0e0bac44-4f18-11f0-8cdb-0c42a112278c,ZRTC20260424025,10,-566.78,-501.58
零售,601488,10021857,12375046,22,HLB-0e0babea-4f18-11f0-8cdb-0c42a112278c,ZRTC20260424025,10,-566.78,-501.58
零售,601488,10021857,12375046,21,HLB-0e0bab13-4f18-11f0-8cdb-0c42a112278c,ZRTC20260424025,10,-566.78,-501.58
零售,601488,10021857,12375046,20,HLB-0e0bad44-4f18-11f0-8cdb-0c42a112278c,ZRTC20260424025,10,-566.78,-501.58
零售,601488,10021857,12375046,19,HLB-0e0bad31-4f18-11f0-8cdb-0c42a112278c,ZRTC20260424025,10,-566.78,-501.58
零售,601488,10021857,12375046,18,HLB-0e0bae4f-4f18-11f0-8cdb-0c42a112278c,ZRTC20260424025,10,-566.78,-501.58
零售,601488,10021857,12375046,17,HLB-0e0bacb2-4f18-11f0-8cdb-0c42a112278c,ZRTC20260424025,10,-566.78,-501.58
零售,601488,10021857,12375046,16,HLB-0e0baaf3-4f18-11f0-8cdb-0c42a112278c,ZRTC20260424025,10,-566.78,-501.58
零售,601488,10021857,12375046,15,HLB-0e0bac72-4f18-11f0-8cdb-0c42a112278c,ZRTC20260424025,10,-566.78,-501.58
零售,601488,10021857,12375046,14,HLB-0e0bab5a-4f18-11f0-8cdb-0c42a112278c,ZRTC20260424025,10,-566.78,-501.58
零售,601488,10021857,12375046,13,HLB-0dead2a2-4f18-11f0-8cdb-0c42a112278c,ZRTC20260424025,10,-566.78,-501.58
零售,601488,10021857,12375046,12,HLB-0e0badd3-4f18-11f0-8cdb-0c42a112278c,ZRTC20260424025,10,-566.78,-501.58
零售,601488,10021857,12375046,11,HLB-0e0bac2c-4f18-11f0-8cdb-0c42a112278c,ZRTC20260424025,10,-566.78,-501.58
零售,601488,10021857,12375046,10,HLB-0e0bad09-4f18-11f0-8cdb-0c42a112278c,ZRTC20260424025,10,-566.78,-501.58
零售,601488,10021857,12375046,9,HLB-0e0bacf4-4f18-11f0-8cdb-0c42a112278c,ZRTC20260424025,10,-566.78,-501.58
零售,601488,10021857,12375046,8,HLB-0e0bac16-4f18-11f0-8cdb-0c42a112278c,ZRTC20260424025,10,-566.78,-501.58
零售,601488,10021857,12375046,7,HLB-0e0bacdf-4f18-11f0-8cdb-0c42a112278c,ZRTC20260424025,10,-566.78,-501.58
零售,601488,10021857,12375046,6,HLB-0e0bab7b-4f18-11f0-8cdb-0c42a112278c,ZRTC20260424025,10,-566.78,-501.58
零售,601488,10021857,12375046,5,HLB-0e0bad98-4f18-11f0-8cdb-0c42a112278c,ZRTC20260424025,10,-566.78,-501.58
零售,601488,10021857,12375046,4,HLB-0e0bad1d-4f18-11f0-8cdb-0c42a112278c,ZRTC20260424025,10,-566.78,-501.58
零售,601488,10021857,12375046,3,HLB-0e0baccc-4f18-11f0-8cdb-0c42a112278c,ZRTC20260424025,10,-566.78,-501.58
零售,601488,10021857,12375046,2,HLB-0e0badac-4f18-11f0-8cdb-0c42a112278c,ZRTC20260424025,10,-566.78,-501.58
零售,601488,10021857,12375046,1,HLB-0dead24a-4f18-11f0-8cdb-0c42a112278c,ZRTC20260424025,10,-566.78,-501.58
零售,601488,10021857,12496900,10,HLB-97640b68-5594-11f0-8cdb-0c42a112278c,ZRTC20260424025,10,-566.78,-501.58
零售,601488,10021857,12496900,9,HLB-97640bea-5594-11f0-8cdb-0c42a112278c,ZRTC20260424025,10,-566.78,-501.58
零售,601488,10021857,12508836,47,HLB-16ed7847-570e-11f0-8cdb-0c42a112278c,ZRTC20260424025,4,-477.32,-422.41
零售,601488,10021857,12508836,45,HLB-16ed7991-570e-11f0-8cdb-0c42a112278c,ZRTC20260424025,4,-477.32,-422.41
零售,601488,10021857,12508836,43,HLB-16ed785e-570e-11f0-8cdb-0c42a112278c,ZRTC20260424025,4,-477.32,-422.41
零售,601488,10021857,12508836,41,HLB-16ed7830-570e-11f0-8cdb-0c42a112278c,ZRTC20260424025,4,-477.32,-422.41
零售,601488,10021857,12508836,40,HLB-16ed7921-570e-11f0-8cdb-0c42a112278c,ZRTC20260424025,4,-477.32,-422.41
零售,601488,10021857,12508836,37,HLB-16ed79a7-570e-11f0-8cdb-0c42a112278c,ZRTC20260424025,4,-477.32,-422.41
零售,601488,10021857,12508836,34,HLB-16ed78f7-570e-11f0-8cdb-0c42a112278c,ZRTC20260424025,4,-477.32,-422.41
零售,601488,10021857,12508836,31,HLB-16ed7819-570e-11f0-8cdb-0c42a112278c,ZRTC20260424025,4,-477.32,-422.41
零售,601488,10021857,12508836,25,HLB-16ed78e0-570e-11f0-8cdb-0c42a112278c,ZRTC20260424025,4,-477.32,-422.41
零售,601488,10021857,12508836,19,HLB-16ed79e6-570e-11f0-8cdb-0c42a112278c,ZRTC20260424025,4,-477.32,-422.41
零售,601488,10021857,12508836,18,HLB-16ed79fb-570e-11f0-8cdb-0c42a112278c,ZRTC20260424025,4,-477.32,-422.41
零售,601488,10021857,12508836,15,HLB-16ed7889-570e-11f0-8cdb-0c42a112278c,ZRTC20260424025,4,-477.32,-422.41
零售,601488,10021857,12508836,14,HLB-16ed78b5-570e-11f0-8cdb-0c42a112278c,ZRTC20260424025,4,-477.32,-422.41
零售,601488,10021857,12508836,13,HLB-16ed7a7b-570e-11f0-8cdb-0c42a112278c,ZRTC20260424025,4,-477.32,-422.41
零售,601488,10021857,12508836,12,HLB-16ed7a52-570e-11f0-8cdb-0c42a112278c,ZRTC20260424025,4,-477.32,-422.41
零售,601488,10021857,12508836,11,HLB-16ed790d-570e-11f0-8cdb-0c42a112278c,ZRTC20260424025,4,-477.32,-422.41
零售,601488,10021857,12508836,10,HLB-16ed79d3-570e-11f0-8cdb-0c42a112278c,ZRTC20260424025,4,-477.32,-422.41
零售,601488,10021857,12508836,7,HLB-16ed7803-570e-11f0-8cdb-0c42a112278c,ZRTC20260424025,4,-477.32,-422.41
零售,601488,10021857,12508836,5,HLB-16ed794b-570e-11f0-8cdb-0c42a112278c,ZRTC20260424025,4,-477.32,-422.41
零售,601488,10021857,12508836,4,HLB-16ed7935-570e-11f0-8cdb-0c42a112278c,ZRTC20260424025,4,-477.32,-422.41
零售,601488,10021857,12508836,2,HLB-16ed7a3e-570e-11f0-8cdb-0c42a112278c,ZRTC20260424025,4,-477.32,-422.41
零售,601488,10021857,12287988,20,HLB-7fe93351-4a68-11f0-8cdb-0c42a112278c,ZRTC20260424025,4,-477.32,-422.41
零售,604425,10021858,14200290,38,HLB-c172ff89-fcd4-11f0-8cdb-0c42a112278c,TCL202604170005,6,1260.0,1115.04
零售,604425,10021858,14200290,35,HLB-c15c032e-fcd4-11f0-8cdb-0c42a112278c,TCL202604170005,6,1260.0,1115.04
零售,604425,10021858,14200290,36,HLB-c172ff23-fcd4-11f0-8cdb-0c42a112278c,TCL202604170005,6,1260.0,1115.04
零售,604425,10021858,14200290,33,HLB-c15c0303-fcd4-11f0-8cdb-0c42a112278c,TCL202604170005,6,1260.0,1115.04
零售,604425,10021858,14200290,31,HLB-c15c02d8-fcd4-11f0-8cdb-0c42a112278c,TCL202604170005,6,1260.0,1115.04
零售,604425,10021858,14200290,43,HLB-c1730004-fcd4-11f0-8cdb-0c42a112278c,TCL202604170005,6,1260.0,1115.04
零售,604425,10021858,14200290,32,HLB-c15c02ef-fcd4-11f0-8cdb-0c42a112278c,TCL202604170005,6,1260.0,1115.04
零售,604425,10021858,14200290,50,HLB-c173009d-fcd4-11f0-8cdb-0c42a112278c,TCL202604170005,6,1260.0,1115.04
零售,604425,10021858,14200290,48,HLB-c1730072-fcd4-11f0-8cdb-0c42a112278c,TCL202604170005,6,1260.0,1115.04
零售,604425,10021858,14200290,49,HLB-c1730086-fcd4-11f0-8cdb-0c42a112278c,TCL202604170005,6,1260.0,1115.04
零售,604425,10021858,14200290,46,HLB-c1730049-fcd4-11f0-8cdb-0c42a112278c,TCL202604170005,6,1260.0,1115.04
零售,604425,10021858,14200290,47,HLB-c173005e-fcd4-11f0-8cdb-0c42a112278c,TCL202604170005,6,1260.0,1115.04
零售,604425,10021858,14200290,44,HLB-c1730019-fcd4-11f0-8cdb-0c42a112278c,TCL202604170005,6,1260.0,1115.04
零售,604425,10021858,14200290,45,HLB-c1730030-fcd4-11f0-8cdb-0c42a112278c,TCL202604170005,6,1260.0,1115.04
零售,604425,10021858,14200290,34,HLB-c15c0319-fcd4-11f0-8cdb-0c42a112278c,TCL202604170005,6,1260.0,1115.04
零售,604425,10021858,14200290,29,HLB-c15c02af-fcd4-11f0-8cdb-0c42a112278c,TCL202604170005,6,1260.0,1115.04
零售,604425,10021858,14200290,41,HLB-c172ffd6-fcd4-11f0-8cdb-0c42a112278c,TCL202604170005,6,1260.0,1115.04
零售,604425,10021858,14200290,30,HLB-c15c02c3-fcd4-11f0-8cdb-0c42a112278c,TCL202604170005,6,1260.0,1115.04
零售,604425,10021858,14200290,42,HLB-c172ffed-fcd4-11f0-8cdb-0c42a112278c,TCL202604170005,6,1260.0,1115.04
零售,604425,10021858,14200290,27,HLB-c15c0287-fcd4-11f0-8cdb-0c42a112278c,TCL202604170005,6,1260.0,1115.04
零售,604425,10021858,14200290,39,HLB-c172ffa1-fcd4-11f0-8cdb-0c42a112278c,TCL202604170005,6,1260.0,1115.04
零售,604425,10021858,14200290,28,HLB-c15c029c-fcd4-11f0-8cdb-0c42a112278c,TCL202604170005,6,1260.0,1115.04
零售,604425,10021858,14200290,40,HLB-c172ffbc-fcd4-11f0-8cdb-0c42a112278c,TCL202604170005,6,1260.0,1115.04
零售,604425,10021858,14200290,37,HLB-c172ff6e-fcd4-11f0-8cdb-0c42a112278c,TCL202604170005,6,1260.0,1115.04
零售,604425,10021858,14200290,26,HLB-c15c025d-fcd4-11f0-8cdb-0c42a112278c,TCL202604170005,6,1260.0,1115.04
零售,604425,10021858,14102924,8,HLB-c011820f-f2bc-11f0-8cdb-0c42a112278c,TCL202604170005,5,1870.0,1654.87
零售,604425,10021858,14047612,2,HLB-b08dbca8-ed03-11f0-8cdb-0c42a112278c,TCL202604170005,5,1870.0,1654.87
零售,604425,10021858,14047612,3,HLB-b08dbcbd-ed03-11f0-8cdb-0c42a112278c,TCL202604170005,5,1870.0,1654.87
零售,604425,10021858,14047612,1,HLB-b08dbc8c-ed03-11f0-8cdb-0c42a112278c,TCL202604170005,5,1870.0,1654.87
零售,604425,10021858,14047612,4,HLB-b08dbcd4-ed03-11f0-8cdb-0c42a112278c,TCL202604170005,5,1870.0,1654.87
零售,604425,10021858,14047612,5,HLB-b08dbceb-ed03-11f0-8cdb-0c42a112278c,TCL202604170005,5,1870.0,1654.87
零售,604425,10021858,14102924,30,HLB-c026f62d-f2bc-11f0-8cdb-0c42a112278c,TCL202604170005,5,1870.0,1654.87
零售,604425,10021858,14102924,21,HLB-c026f530-f2bc-11f0-8cdb-0c42a112278c,TCL202604170005,5,1870.0,1654.87
零售,604425,10021858,14102924,20,HLB-c011831d-f2bc-11f0-8cdb-0c42a112278c,TCL202604170005,5,1870.0,1654.87
零售,604425,10021858,14102924,19,HLB-c0118307-f2bc-11f0-8cdb-0c42a112278c,TCL202604170005,5,1870.0,1654.87
零售,604425,10021858,14102924,29,HLB-c026f61a-f2bc-11f0-8cdb-0c42a112278c,TCL202604170005,5,1870.0,1654.87
零售,604425,10021858,14102924,28,HLB-c026f606-f2bc-11f0-8cdb-0c42a112278c,TCL202604170005,5,1870.0,1654.87
零售,604425,10021858,14102924,27,HLB-c026f5f1-f2bc-11f0-8cdb-0c42a112278c,TCL202604170005,5,1870.0,1654.87
零售,604425,10021858,14102924,26,HLB-c026f5de-f2bc-11f0-8cdb-0c42a112278c,TCL202604170005,5,1870.0,1654.87
零售,604425,10021858,14102924,25,HLB-c026f5c9-f2bc-11f0-8cdb-0c42a112278c,TCL202604170005,5,1870.0,1654.87
零售,604425,10021858,14102924,24,HLB-c026f5b5-f2bc-11f0-8cdb-0c42a112278c,TCL202604170005,5,1870.0,1654.87
零售,604425,10021858,14102924,23,HLB-c026f5a0-f2bc-11f0-8cdb-0c42a112278c,TCL202604170005,5,1870.0,1654.87
零售,604425,10021858,14102924,22,HLB-c026f58a-f2bc-11f0-8cdb-0c42a112278c,TCL202604170005,5,1870.0,1654.87
零售,604425,10021858,14102924,12,HLB-c011827d-f2bc-11f0-8cdb-0c42a112278c,TCL202604170005,5,1870.0,1654.87
零售,604425,10021858,14102924,11,HLB-c0118266-f2bc-11f0-8cdb-0c42a112278c,TCL202604170005,5,1870.0,1654.87
零售,604425,10021858,14102924,10,HLB-c0118239-f2bc-11f0-8cdb-0c42a112278c,TCL202604170005,5,1870.0,1654.87
零售,604425,10021858,14102924,9,HLB-c0118224-f2bc-11f0-8cdb-0c42a112278c,TCL202604170005,5,1870.0,1654.87
零售,604425,10021858,14200986,23,HLB-45c72b2c-fcda-11f0-8cdb-0c42a112278c,TCL202604170005,5,1870.0,1654.87
零售,604425,10021858,14102924,13,HLB-c0118291-f2bc-11f0-8cdb-0c42a112278c,TCL202604170005,5,1870.0,1654.87
零售,604425,10021858,14089668,3,HLB-7f34a1e7-f1b0-11f0-8cdb-0c42a112278c,TCL202604170005,5,1870.0,1654.87
零售,604425,10021858,14089668,2,HLB-7f34a1cc-f1b0-11f0-8cdb-0c42a112278c,TCL202604170005,5,1870.0,1654.87
零售,604425,10021858,14089668,1,HLB-7f34a16a-f1b0-11f0-8cdb-0c42a112278c,TCL202604170005,5,1870.0,1654.87
零售,604425,10021858,14089668,7,HLB-7f34a256-f1b0-11f0-8cdb-0c42a112278c,TCL202604170005,5,1870.0,1654.87
零售,604425,10021858,14089668,6,HLB-7f34a239-f1b0-11f0-8cdb-0c42a112278c,TCL202604170005,5,1870.0,1654.87
零售,604425,10021858,14089668,5,HLB-7f34a21d-f1b0-11f0-8cdb-0c42a112278c,TCL202604170005,5,1870.0,1654.87
零售,604425,10021858,14089668,4,HLB-7f34a202-f1b0-11f0-8cdb-0c42a112278c,TCL202604170005,5,1870.0,1654.87
零售,604425,10021858,14089668,23,HLB-7f34a3e1-f1b0-11f0-8cdb-0c42a112278c,TCL202604170005,5,1870.0,1654.87
零售,604425,10021858,14089668,11,HLB-7f34a2c0-f1b0-11f0-8cdb-0c42a112278c,TCL202604170005,5,1870.0,1654.87
零售,604425,10021858,14089668,22,HLB-7f34a3c8-f1b0-11f0-8cdb-0c42a112278c,TCL202604170005,5,1870.0,1654.87
零售,604425,10021858,14089668,10,HLB-7f34a2a6-f1b0-11f0-8cdb-0c42a112278c,TCL202604170005,5,1870.0,1654.87
零售,604425,10021858,14089668,21,HLB-7f34a3b5-f1b0-11f0-8cdb-0c42a112278c,TCL202604170005,5,1870.0,1654.87
零售,604425,10021858,14089668,9,HLB-7f34a289-f1b0-11f0-8cdb-0c42a112278c,TCL202604170005,5,1870.0,1654.87
零售,604425,10021858,14089668,20,HLB-7f34a39d-f1b0-11f0-8cdb-0c42a112278c,TCL202604170005,5,1870.0,1654.87
零售,604425,10021858,14089668,8,HLB-7f34a26d-f1b0-11f0-8cdb-0c42a112278c,TCL202604170005,5,1870.0,1654.87
零售,604425,10021858,14089668,15,HLB-7f34a329-f1b0-11f0-8cdb-0c42a112278c,TCL202604170005,5,1870.0,1654.87
零售,604425,10021858,14089668,14,HLB-7f34a313-f1b0-11f0-8cdb-0c42a112278c,TCL202604170005,5,1870.0,1654.87
零售,604425,10021858,14089668,25,HLB-7f34a40f-f1b0-11f0-8cdb-0c42a112278c,TCL202604170005,5,1870.0,1654.87
零售,604425,10021858,14089668,13,HLB-7f34a2f8-f1b0-11f0-8cdb-0c42a112278c,TCL202604170005,5,1870.0,1654.87
零售,604425,10021858,14089668,24,HLB-7f34a3f7-f1b0-11f0-8cdb-0c42a112278c,TCL202604170005,5,1870.0,1654.87
零售,604425,10021858,14089668,12,HLB-7f34a2de-f1b0-11f0-8cdb-0c42a112278c,TCL202604170005,5,1870.0,1654.87
零售,604425,10021858,14089668,19,HLB-7f34a385-f1b0-11f0-8cdb-0c42a112278c,TCL202604170005,5,1870.0,1654.87
零售,604425,10021858,14089668,18,HLB-7f34a36e-f1b0-11f0-8cdb-0c42a112278c,TCL202604170005,5,1870.0,1654.87
零售,604425,10021858,14089668,17,HLB-7f34a355-f1b0-11f0-8cdb-0c42a112278c,TCL202604170005,5,1870.0,1654.87
零售,604425,10021858,14089668,16,HLB-7f34a340-f1b0-11f0-8cdb-0c42a112278c,TCL202604170005,5,1870.0,1654.87
零售,604425,10021858,14200986,19,HLB-45c72abe-fcda-11f0-8cdb-0c42a112278c,TCL202604170005,5,1870.0,1654.87
零售,604425,10021858,14200986,20,HLB-45c72ad6-fcda-11f0-8cdb-0c42a112278c,TCL202604170005,5,1870.0,1654.87
零售,604425,10021858,14200986,17,HLB-45c72a8c-fcda-11f0-8cdb-0c42a112278c,TCL202604170005,5,1870.0,1654.87
零售,604425,10021858,14200986,18,HLB-45c72aa5-fcda-11f0-8cdb-0c42a112278c,TCL202604170005,5,1870.0,1654.87
零售,604425,10021858,14200986,15,HLB-45c72a5d-fcda-11f0-8cdb-0c42a112278c,TCL202604170005,5,1870.0,1654.87
零售,604425,10021858,14200986,16,HLB-45c72a75-fcda-11f0-8cdb-0c42a112278c,TCL202604170005,5,1870.0,1654.87
零售,604425,10021858,14200986,14,HLB-45c72a3f-fcda-11f0-8cdb-0c42a112278c,TCL202604170005,5,1870.0,1654.87
零售,604425,10021858,14181826,3,HLB-ee53fcce-fb29-11f0-8cdb-0c42a112278c,TCL202604170005,5,1870.0,1654.87
零售,604425,10021858,14200986,21,HLB-45c72aee-fcda-11f0-8cdb-0c42a112278c,TCL202604170005,5,1870.0,1654.87
零售,604425,10021858,14200986,22,HLB-45c72b05-fcda-11f0-8cdb-0c42a112278c,TCL202604170005,5,1870.0,1654.87
零售,604425,10021858,14058479,8,HLB-56e95180-edf9-11f0-8cdb-0c42a112278c,TCL202604170005,5,1870.0,1654.87
零售,604425,10021858,14058479,9,HLB-56e95194-edf9-11f0-8cdb-0c42a112278c,TCL202604170005,5,1870.0,1654.87
零售,604425,10021858,14058479,7,HLB-56e9516b-edf9-11f0-8cdb-0c42a112278c,TCL202604170005,5,1870.0,1654.87
零售,604425,10021858,14058479,10,HLB-56e951a9-edf9-11f0-8cdb-0c42a112278c,TCL202604170005,5,1870.0,1654.87
零售,604425,10021858,14058479,3,HLB-56e950fc-edf9-11f0-8cdb-0c42a112278c,TCL202604170005,5,1870.0,1654.87
零售,604425,10021858,14058479,4,HLB-56e95129-edf9-11f0-8cdb-0c42a112278c,TCL202604170005,5,1870.0,1654.87
零售,604425,10021858,14058479,1,HLB-56e95083-edf9-11f0-8cdb-0c42a112278c,TCL202604170005,5,1870.0,1654.87
零售,604425,10021858,14058479,2,HLB-56e950e4-edf9-11f0-8cdb-0c42a112278c,TCL202604170005,5,1870.0,1654.87
零售,604425,10021858,14058479,5,HLB-56e95141-edf9-11f0-8cdb-0c42a112278c,TCL202604170005,5,1870.0,1654.87
零售,604425,10021858,14058479,6,HLB-56e95156-edf9-11f0-8cdb-0c42a112278c,TCL202604170005,5,1870.0,1654.87
零售,604425,10021858,14200986,10,HLB-45c729db-fcda-11f0-8cdb-0c42a112278c,TCL202604170005,5,1870.0,1654.87
零售,604425,10021858,14200986,11,HLB-45c729f4-fcda-11f0-8cdb-0c42a112278c,TCL202604170005,5,1870.0,1654.87
零售,604425,10021858,14200986,8,HLB-45c729a4-fcda-11f0-8cdb-0c42a112278c,TCL202604170005,5,1870.0,1654.87
零售,604425,10021858,14200986,9,HLB-45c729c0-fcda-11f0-8cdb-0c42a112278c,TCL202604170005,5,1870.0,1654.87
零售,604425,10021858,14200986,6,HLB-45c7296d-fcda-11f0-8cdb-0c42a112278c,TCL202604170005,5,1870.0,1654.87
零售,604425,10021858,14200986,7,HLB-45c72986-fcda-11f0-8cdb-0c42a112278c,TCL202604170005,5,1870.0,1654.87
零售,604425,10021858,14200986,4,HLB-45c72932-fcda-11f0-8cdb-0c42a112278c,TCL202604170005,5,1870.0,1654.87
零售,604425,10021858,14200986,5,HLB-45c7294f-fcda-11f0-8cdb-0c42a112278c,TCL202604170005,5,1870.0,1654.87
零售,604425,10021858,14200986,12,HLB-45c72a0e-fcda-11f0-8cdb-0c42a112278c,TCL202604170005,5,1870.0,1654.87
零售,604425,10021858,14200986,13,HLB-45c72a28-fcda-11f0-8cdb-0c42a112278c,TCL202604170005,5,1870.0,1654.87
零售,604425,10021858,14200986,2,HLB-45c728eb-fcda-11f0-8cdb-0c42a112278c,TCL202604170005,5,1870.0,1654.87
零售,604425,10021858,14200986,3,HLB-45c72909-fcda-11f0-8cdb-0c42a112278c,TCL202604170005,5,1870.0,1654.87
零售,604425,10021858,14200986,1,HLB-45c72889-fcda-11f0-8cdb-0c42a112278c,TCL202604170005,5,1870.0,1654.87
零售,604425,10021858,14353730,1,HLB-f6937a1b-1c29-11f1-8cdb-0c42a112278c,TCL202604170005,5,1870.0,1654.87
零售,604425,10021858,14047617,8,HLB-b16b0f6e-ed03-11f0-8cdb-0c42a112278c,TCL202604170005,5,1870.0,1654.87
零售,604425,10021858,14047617,1,HLB-b16b0e50-ed03-11f0-8cdb-0c42a112278c,TCL202604170005,5,1870.0,1654.87
零售,604425,10021858,14047617,2,HLB-b16b0eb9-ed03-11f0-8cdb-0c42a112278c,TCL202604170005,5,1870.0,1654.87
零售,604425,10021858,14047617,9,HLB-b16b0f8b-ed03-11f0-8cdb-0c42a112278c,TCL202604170005,5,1870.0,1654.87
零售,604425,10021858,14047617,12,HLB-b16b0fd7-ed03-11f0-8cdb-0c42a112278c,TCL202604170005,5,1870.0,1654.87
零售,604425,10021858,14047617,13,HLB-b16b0fef-ed03-11f0-8cdb-0c42a112278c,TCL202604170005,5,1870.0,1654.87
零售,604425,10021858,14047617,10,HLB-b16b0fa4-ed03-11f0-8cdb-0c42a112278c,TCL202604170005,5,1870.0,1654.87
零售,604425,10021858,14047617,11,HLB-b16b0fc0-ed03-11f0-8cdb-0c42a112278c,TCL202604170005,5,1870.0,1654.87
零售,604425,10021858,14047617,5,HLB-b16b0f14-ed03-11f0-8cdb-0c42a112278c,TCL202604170005,5,1870.0,1654.87
零售,604425,10021858,14181826,7,HLB-ee53fd42-fb29-11f0-8cdb-0c42a112278c,TCL202604170005,5,1870.0,1654.87
零售,604425,10021858,14181826,19,HLB-ee53fe5b-fb29-11f0-8cdb-0c42a112278c,TCL202604170005,5,1870.0,1654.87
零售,604425,10021858,14047617,6,HLB-b16b0f31-ed03-11f0-8cdb-0c42a112278c,TCL202604170005,5,1870.0,1654.87
零售,604425,10021858,14181826,6,HLB-ee53fd29-fb29-11f0-8cdb-0c42a112278c,TCL202604170005,5,1870.0,1654.87
零售,604425,10021858,14181826,18,HLB-ee53fe45-fb29-11f0-8cdb-0c42a112278c,TCL202604170005,5,1870.0,1654.87
零售,604425,10021858,14047617,3,HLB-b16b0ed4-ed03-11f0-8cdb-0c42a112278c,TCL202604170005,5,1870.0,1654.87
零售,604425,10021858,14181826,5,HLB-ee53fd07-fb29-11f0-8cdb-0c42a112278c,TCL202604170005,5,1870.0,1654.87
零售,604425,10021858,14047617,4,HLB-b16b0ef7-ed03-11f0-8cdb-0c42a112278c,TCL202604170005,5,1870.0,1654.87
零售,604425,10021858,14181826,4,HLB-ee53fce7-fb29-11f0-8cdb-0c42a112278c,TCL202604170005,5,1870.0,1654.87
零售,604425,10021858,14047617,24,HLB-b16b10fc-ed03-11f0-8cdb-0c42a112278c,TCL202604170005,5,1870.0,1654.87
零售,604425,10021858,14181826,15,HLB-ee53fe06-fb29-11f0-8cdb-0c42a112278c,TCL202604170005,5,1870.0,1654.87
零售,604425,10021858,14047617,25,HLB-b16b1113-ed03-11f0-8cdb-0c42a112278c,TCL202604170005,5,1870.0,1654.87
零售,604425,10021858,14181826,14,HLB-ee53fdef-fb29-11f0-8cdb-0c42a112278c,TCL202604170005,5,1870.0,1654.87
零售,604425,10021858,14047617,22,HLB-b16b10cd-ed03-11f0-8cdb-0c42a112278c,TCL202604170005,5,1870.0,1654.87
零售,604425,10021858,14181826,13,HLB-ee53fdd7-fb29-11f0-8cdb-0c42a112278c,TCL202604170005,5,1870.0,1654.87
零售,604425,10021858,14181826,25,HLB-ee53fee4-fb29-11f0-8cdb-0c42a112278c,TCL202604170005,5,1870.0,1654.87
零售,604425,10021858,14047617,23,HLB-b16b10e3-ed03-11f0-8cdb-0c42a112278c,TCL202604170005,5,1870.0,1654.87
零售,604425,10021858,14181826,12,HLB-ee53fdc0-fb29-11f0-8cdb-0c42a112278c,TCL202604170005,5,1870.0,1654.87
零售,604425,10021858,14181826,24,HLB-ee53fece-fb29-11f0-8cdb-0c42a112278c,TCL202604170005,5,1870.0,1654.87
零售,604425,10021858,14047617,28,HLB-b16b1159-ed03-11f0-8cdb-0c42a112278c,TCL202604170005,5,1870.0,1654.87
零售,604425,10021858,14181826,11,HLB-ee53fda5-fb29-11f0-8cdb-0c42a112278c,TCL202604170005,5,1870.0,1654.87
零售,604425,10021858,14181826,23,HLB-ee53feb8-fb29-11f0-8cdb-0c42a112278c,TCL202604170005,5,1870.0,1654.87
零售,604425,10021858,14047617,29,HLB-b16b116f-ed03-11f0-8cdb-0c42a112278c,TCL202604170005,5,1870.0,1654.87
零售,604425,10021858,14181826,10,HLB-ee53fd8e-fb29-11f0-8cdb-0c42a112278c,TCL202604170005,5,1870.0,1654.87
零售,604425,10021858,14181826,22,HLB-ee53fea2-fb29-11f0-8cdb-0c42a112278c,TCL202604170005,5,1870.0,1654.87
零售,604425,10021858,14047617,26,HLB-b16b1128-ed03-11f0-8cdb-0c42a112278c,TCL202604170005,5,1870.0,1654.87
零售,604425,10021858,14181826,9,HLB-ee53fd74-fb29-11f0-8cdb-0c42a112278c,TCL202604170005,5,1870.0,1654.87
零售,604425,10021858,14181826,21,HLB-ee53fe87-fb29-11f0-8cdb-0c42a112278c,TCL202604170005,5,1870.0,1654.87
零售,604425,10021858,14047617,27,HLB-b16b1140-ed03-11f0-8cdb-0c42a112278c,TCL202604170005,5,1870.0,1654.87
零售,604425,10021858,14181826,8,HLB-ee53fd5c-fb29-11f0-8cdb-0c42a112278c,TCL202604170005,5,1870.0,1654.87
零售,604425,10021858,14181826,20,HLB-ee53fe70-fb29-11f0-8cdb-0c42a112278c,TCL202604170005,5,1870.0,1654.87
零售,604425,10021858,14047617,16,HLB-b16b103a-ed03-11f0-8cdb-0c42a112278c,TCL202604170005,5,1870.0,1654.87
零售,604425,10021858,14047617,17,HLB-b16b1054-ed03-11f0-8cdb-0c42a112278c,TCL202604170005,5,1870.0,1654.87
零售,604425,10021858,14047617,14,HLB-b16b100e-ed03-11f0-8cdb-0c42a112278c,TCL202604170005,5,1870.0,1654.87
零售,604425,10021858,14047617,15,HLB-b16b1026-ed03-11f0-8cdb-0c42a112278c,TCL202604170005,5,1870.0,1654.87
零售,604425,10021858,14047617,20,HLB-b16b109e-ed03-11f0-8cdb-0c42a112278c,TCL202604170005,5,1870.0,1654.87
零售,604425,10021858,14047617,21,HLB-b16b10b5-ed03-11f0-8cdb-0c42a112278c,TCL202604170005,5,1870.0,1654.87
零售,604425,10021858,14047617,18,HLB-b16b106a-ed03-11f0-8cdb-0c42a112278c,TCL202604170005,5,1870.0,1654.87
零售,604425,10021858,14181826,17,HLB-ee53fe30-fb29-11f0-8cdb-0c42a112278c,TCL202604170005,5,1870.0,1654.87
零售,604425,10021858,14047617,19,HLB-b16b1087-ed03-11f0-8cdb-0c42a112278c,TCL202604170005,5,1870.0,1654.87
零售,604425,10021858,14181826,16,HLB-ee53fe1b-fb29-11f0-8cdb-0c42a112278c,TCL202604170005,5,1870.0,1654.87
零售,604425,10021858,14047617,30,HLB-b16b1186-ed03-11f0-8cdb-0c42a112278c,TCL202604170005,5,1870.0,1654.87
零售,604425,10021858,14102893,15,HLB-6decf729-f2bc-11f0-8cdb-0c42a112278c,TCL202604170005,5,1870.0,1654.87
零售,604425,10021858,14102893,14,HLB-6decf715-f2bc-11f0-8cdb-0c42a112278c,TCL202604170005,5,1870.0,1654.87
零售,604425,10021858,14102893,13,HLB-6decf6ff-f2bc-11f0-8cdb-0c42a112278c,TCL202604170005,5,1870.0,1654.87
零售,604425,10021858,14102893,12,HLB-6decf6ea-f2bc-11f0-8cdb-0c42a112278c,TCL202604170005,5,1870.0,1654.87
零售,604425,10021858,14102893,11,HLB-6decf6d2-f2bc-11f0-8cdb-0c42a112278c,TCL202604170005,5,1870.0,1654.87
零售,604425,10021858,14102893,10,HLB-6decf6b8-f2bc-11f0-8cdb-0c42a112278c,TCL202604170005,5,1870.0,1654.87
零售,604425,10021858,14102893,9,HLB-6decf68a-f2bc-11f0-8cdb-0c42a112278c,TCL202604170005,5,1870.0,1654.87
零售,604425,10021858,14102893,8,HLB-6decf672-f2bc-11f0-8cdb-0c42a112278c,TCL202604170005,5,1870.0,1654.87
零售,604425,10021858,14102893,20,HLB-6decf7b9-f2bc-11f0-8cdb-0c42a112278c,TCL202604170005,5,1870.0,1654.87
零售,604425,10021858,14181826,2,HLB-ee53fcb5-fb29-11f0-8cdb-0c42a112278c,TCL202604170005,5,1870.0,1654.87
零售,604425,10021858,14047617,7,HLB-b16b0f51-ed03-11f0-8cdb-0c42a112278c,TCL202604170005,5,1870.0,1654.87
零售,604425,10021858,14181826,1,HLB-ee53fc59-fb29-11f0-8cdb-0c42a112278c,TCL202604170005,5,1870.0,1654.87
零售,604425,10021858,14102893,19,HLB-6decf7a2-f2bc-11f0-8cdb-0c42a112278c,TCL202604170005,5,1870.0,1654.87
零售,604425,10021858,14102893,18,HLB-6decf78d-f2bc-11f0-8cdb-0c42a112278c,TCL202604170005,5,1870.0,1654.87
零售,604425,10021858,14102893,17,HLB-6decf777-f2bc-11f0-8cdb-0c42a112278c,TCL202604170005,5,1870.0,1654.87
零售,604425,10021858,14102893,16,HLB-6decf73e-f2bc-11f0-8cdb-0c42a112278c,TCL202604170005,5,1870.0,1654.87
零售,604425,10021858,14102893,6,HLB-6decf640-f2bc-11f0-8cdb-0c42a112278c,TCL202604170005,5,1870.0,1654.87
零售,604425,10021858,14102893,5,HLB-6decf626-f2bc-11f0-8cdb-0c42a112278c,TCL202604170005,5,1870.0,1654.87
零售,604425,10021858,14102893,4,HLB-6decf60e-f2bc-11f0-8cdb-0c42a112278c,TCL202604170005,5,1870.0,1654.87
零售,604425,10021858,14102893,3,HLB-6decf5f6-f2bc-11f0-8cdb-0c42a112278c,TCL202604170005,5,1870.0,1654.87
零售,604425,10021858,14102893,2,HLB-6decf5d9-f2bc-11f0-8cdb-0c42a112278c,TCL202604170005,5,1870.0,1654.87
零售,604425,10021858,14102893,1,HLB-6decf573-f2bc-11f0-8cdb-0c42a112278c,TCL202604170005,5,1870.0,1654.87
零售,604425,10021858,14102893,7,HLB-6decf657-f2bc-11f0-8cdb-0c42a112278c,TCL202604170005,5,1870.0,1654.87
零售,604425,10021858,14353859,1,HLB-97fe2fdc-1c2b-11f1-8cdb-0c42a112278c,TCL202604170005,5,1870.0,1654.87
零售,604425,10021858,14047614,1,HLB-b0bd29fb-ed03-11f0-8cdb-0c42a112278c,TCL202604170005,5,1870.0,1654.87
零售,604425,10021858,14047614,30,HLB-b0bd2cd0-ed03-11f0-8cdb-0c42a112278c,TCL202604170005,5,1870.0,1654.87
零售,604425,10021858,14047614,28,HLB-b0bd2ca3-ed03-11f0-8cdb-0c42a112278c,TCL202604170005,5,1870.0,1654.87
零售,604425,10021858,14102924,7,HLB-c01181fb-f2bc-11f0-8cdb-0c42a112278c,TCL202604170005,5,1870.0,1654.87
零售,604425,10021858,14102924,6,HLB-c01181e6-f2bc-11f0-8cdb-0c42a112278c,TCL202604170005,5,1870.0,1654.87
零售,604425,10021858,14102924,18,HLB-c01182f4-f2bc-11f0-8cdb-0c42a112278c,TCL202604170005,5,1870.0,1654.87
零售,604425,10021858,14102924,1,HLB-c011817e-f2bc-11f0-8cdb-0c42a112278c,TCL202604170005,5,1870.0,1654.87
零售,604425,10021858,14102924,5,HLB-c01181d2-f2bc-11f0-8cdb-0c42a112278c,TCL202604170005,5,1870.0,1654.87
零售,604425,10021858,14102924,17,HLB-c01182e0-f2bc-11f0-8cdb-0c42a112278c,TCL202604170005,5,1870.0,1654.87
零售,604425,10021858,14102924,4,HLB-c01181bf-f2bc-11f0-8cdb-0c42a112278c,TCL202604170005,5,1870.0,1654.87
零售,604425,10021858,14102924,16,HLB-c01182cd-f2bc-11f0-8cdb-0c42a112278c,TCL202604170005,5,1870.0,1654.87
零售,604425,10021858,14102924,3,HLB-c01181aa-f2bc-11f0-8cdb-0c42a112278c,TCL202604170005,5,1870.0,1654.87
零售,604425,10021858,14102924,15,HLB-c01182b9-f2bc-11f0-8cdb-0c42a112278c,TCL202604170005,5,1870.0,1654.87
零售,604425,10021858,14102924,2,HLB-c0118194-f2bc-11f0-8cdb-0c42a112278c,TCL202604170005,5,1870.0,1654.87
零售,604425,10021858,14102924,14,HLB-c01182a5-f2bc-11f0-8cdb-0c42a112278c,TCL202604170005,5,1870.0,1654.87
零售,604425,10021858,14047614,29,HLB-b0bd2cbb-ed03-11f0-8cdb-0c42a112278c,TCL202604170005,5,1870.0,1654.87
零售,604425,10021858,14047614,26,HLB-b0bd2c78-ed03-11f0-8cdb-0c42a112278c,TCL202604170005,5,1870.0,1654.87
零售,604425,10021858,14047614,27,HLB-b0bd2c8e-ed03-11f0-8cdb-0c42a112278c,TCL202604170005,5,1870.0,1654.87
零售,604425,10021858,14047614,24,HLB-b0bd2c4c-ed03-11f0-8cdb-0c42a112278c,TCL202604170005,5,1870.0,1654.87
零售,604425,10021858,14047614,25,HLB-b0bd2c65-ed03-11f0-8cdb-0c42a112278c,TCL202604170005,5,1870.0,1654.87
零售,604425,10021858,14047615,13,HLB-b0e83fc9-ed03-11f0-8cdb-0c42a112278c,TCL202604170005,5,1870.0,1654.87
零售,604425,10021858,14047615,1,HLB-b0e83ecc-ed03-11f0-8cdb-0c42a112278c,TCL202604170005,5,1870.0,1654.87
零售,604425,10021858,14047615,14,HLB-b0e83fdf-ed03-11f0-8cdb-0c42a112278c,TCL202604170005,5,1870.0,1654.87
零售,604425,10021858,14047615,2,HLB-b0e83ee1-ed03-11f0-8cdb-0c42a112278c,TCL202604170005,5,1870.0,1654.87
零售,604425,10021858,14102894,1,HLB-6decf7d0-f2bc-11f0-8cdb-0c42a112278c,TCL202604170005,5,1870.0,1654.87
零售,604425,10021858,14102894,2,HLB-6decf7e5-f2bc-11f0-8cdb-0c42a112278c,TCL202604170005,5,1870.0,1654.87
零售,604425,10021858,14047615,11,HLB-b0e83f9f-ed03-11f0-8cdb-0c42a112278c,TCL202604170005,5,1870.0,1654.87
零售,604425,10021858,14047615,12,HLB-b0e83fb3-ed03-11f0-8cdb-0c42a112278c,TCL202604170005,5,1870.0,1654.87
零售,604425,10021858,14047615,23,HLB-b1130ef3-ed03-11f0-8cdb-0c42a112278c,TCL202604170005,5,1870.0,1654.87
零售,604425,10021858,14047615,17,HLB-b0e8401c-ed03-11f0-8cdb-0c42a112278c,TCL202604170005,5,1870.0,1654.87
零售,604425,10021858,14047615,5,HLB-b0e83f22-ed03-11f0-8cdb-0c42a112278c,TCL202604170005,5,1870.0,1654.87
零售,604425,10021858,14047615,6,HLB-b0e83f39-ed03-11f0-8cdb-0c42a112278c,TCL202604170005,5,1870.0,1654.87
零售,604425,10021858,14047615,18,HLB-b0e84031-ed03-11f0-8cdb-0c42a112278c,TCL202604170005,5,1870.0,1654.87
零售,604425,10021858,14047615,3,HLB-b0e83ef7-ed03-11f0-8cdb-0c42a112278c,TCL202604170005,5,1870.0,1654.87
零售,604425,10021858,14047615,15,HLB-b0e83ff4-ed03-11f0-8cdb-0c42a112278c,TCL202604170005,5,1870.0,1654.87
零售,604425,10021858,14047615,4,HLB-b0e83f0d-ed03-11f0-8cdb-0c42a112278c,TCL202604170005,5,1870.0,1654.87
零售,604425,10021858,14047615,16,HLB-b0e84009-ed03-11f0-8cdb-0c42a112278c,TCL202604170005,5,1870.0,1654.87
零售,604425,10021858,14047615,9,HLB-b0e83f78-ed03-11f0-8cdb-0c42a112278c,TCL202604170005,5,1870.0,1654.87
零售,604425,10021858,14047615,21,HLB-b1130e70-ed03-11f0-8cdb-0c42a112278c,TCL202604170005,5,1870.0,1654.87
零售,604425,10021858,14047615,10,HLB-b0e83f8b-ed03-11f0-8cdb-0c42a112278c,TCL202604170005,5,1870.0,1654.87
零售,604425,10021858,14047615,22,HLB-b1130ed8-ed03-11f0-8cdb-0c42a112278c,TCL202604170005,5,1870.0,1654.87
零售,604425,10021858,14047615,7,HLB-b0e83f4e-ed03-11f0-8cdb-0c42a112278c,TCL202604170005,5,1870.0,1654.87
零售,604425,10021858,14047615,19,HLB-b0e84044-ed03-11f0-8cdb-0c42a112278c,TCL202604170005,5,1870.0,1654.87
零售,604425,10021858,14047615,8,HLB-b0e83f64-ed03-11f0-8cdb-0c42a112278c,TCL202604170005,5,1870.0,1654.87
零售,604425,10021858,14047615,20,HLB-b0e84059-ed03-11f0-8cdb-0c42a112278c,TCL202604170005,5,1870.0,1654.87
零售,604425,10021858,14047615,26,HLB-b1130f51-ed03-11f0-8cdb-0c42a112278c,TCL202604170005,5,1870.0,1654.87
零售,604425,10021858,14047615,27,HLB-b1130f6e-ed03-11f0-8cdb-0c42a112278c,TCL202604170005,5,1870.0,1654.87
零售,604425,10021858,14047615,24,HLB-b1130f13-ed03-11f0-8cdb-0c42a112278c,TCL202604170005,5,1870.0,1654.87
零售,604425,10021858,14047615,25,HLB-b1130f32-ed03-11f0-8cdb-0c42a112278c,TCL202604170005,5,1870.0,1654.87
零售,604425,10021858,14047615,30,HLB-b1130fb8-ed03-11f0-8cdb-0c42a112278c,TCL202604170005,5,1870.0,1654.87
零售,604425,10021858,14047615,28,HLB-b1130f88-ed03-11f0-8cdb-0c42a112278c,TCL202604170005,5,1870.0,1654.87
零售,604425,10021858,14047615,29,HLB-b1130fa1-ed03-11f0-8cdb-0c42a112278c,TCL202604170005,5,1870.0,1654.87
零售,604425,10021858,14200820,25,HLB-d2e519bf-fcd8-11f0-8cdb-0c42a112278c,TCL202604170005,5,1870.0,1654.87
零售,604425,10021858,14200820,24,HLB-d2e519ab-fcd8-11f0-8cdb-0c42a112278c,TCL202604170005,5,1870.0,1654.87
零售,604425,10021858,14317975,12,HLB-c221a2c7-178e-11f1-8cdb-0c42a112278c,TCL202604170005,5,1870.0,1654.87
零售,604425,10021858,14317975,24,HLB-c221a3ce-178e-11f1-8cdb-0c42a112278c,TCL202604170005,5,1870.0,1654.87
零售,604425,10021858,14317975,11,HLB-c221a2b0-178e-11f1-8cdb-0c42a112278c,TCL202604170005,5,1870.0,1654.87
零售,604425,10021858,14317975,23,HLB-c221a3b8-178e-11f1-8cdb-0c42a112278c,TCL202604170005,5,1870.0,1654.87
零售,604425,10021858,14317975,14,HLB-c221a2f3-178e-11f1-8cdb-0c42a112278c,TCL202604170005,5,1870.0,1654.87
零售,604425,10021858,14317975,13,HLB-c221a2dc-178e-11f1-8cdb-0c42a112278c,TCL202604170005,5,1870.0,1654.87
零售,604425,10021858,14317975,25,HLB-c221a3e2-178e-11f1-8cdb-0c42a112278c,TCL202604170005,5,1870.0,1654.87
零售,604425,10021858,14317975,15,HLB-c221a308-178e-11f1-8cdb-0c42a112278c,TCL202604170005,5,1870.0,1654.87
零售,604425,10021858,14317975,4,HLB-c221a20d-178e-11f1-8cdb-0c42a112278c,TCL202604170005,5,1870.0,1654.87
零售,604425,10021858,14317975,16,HLB-c221a31e-178e-11f1-8cdb-0c42a112278c,TCL202604170005,5,1870.0,1654.87
零售,604425,10021858,14317975,3,HLB-c221a1f6-178e-11f1-8cdb-0c42a112278c,TCL202604170005,5,1870.0,1654.87
零售,604425,10021858,14317975,6,HLB-c221a23f-178e-11f1-8cdb-0c42a112278c,TCL202604170005,5,1870.0,1654.87
零售,604425,10021858,14317975,18,HLB-c221a34c-178e-11f1-8cdb-0c42a112278c,TCL202604170005,5,1870.0,1654.87
零售,604425,10021858,14317975,5,HLB-c221a227-178e-11f1-8cdb-0c42a112278c,TCL202604170005,5,1870.0,1654.87
零售,604425,10021858,14317975,17,HLB-c221a334-178e-11f1-8cdb-0c42a112278c,TCL202604170005,5,1870.0,1654.87
零售,604425,10021858,14317975,8,HLB-c221a26d-178e-11f1-8cdb-0c42a112278c,TCL202604170005,5,1870.0,1654.87
零售,604425,10021858,14317975,20,HLB-c221a376-178e-11f1-8cdb-0c42a112278c,TCL202604170005,5,1870.0,1654.87
零售,604425,10021858,14317975,7,HLB-c221a256-178e-11f1-8cdb-0c42a112278c,TCL202604170005,5,1870.0,1654.87
零售,604425,10021858,14317975,19,HLB-c221a361-178e-11f1-8cdb-0c42a112278c,TCL202604170005,5,1870.0,1654.87
零售,604425,10021858,14317975,10,HLB-c221a298-178e-11f1-8cdb-0c42a112278c,TCL202604170005,5,1870.0,1654.87
零售,604425,10021858,14317975,22,HLB-c221a3a1-178e-11f1-8cdb-0c42a112278c,TCL202604170005,5,1870.0,1654.87
零售,604425,10021858,14317975,9,HLB-c221a283-178e-11f1-8cdb-0c42a112278c,TCL202604170005,5,1870.0,1654.87
零售,604425,10021858,14317975,21,HLB-c221a38b-178e-11f1-8cdb-0c42a112278c,TCL202604170005,5,1870.0,1654.87
零售,604425,10021858,14317975,2,HLB-c221a1dc-178e-11f1-8cdb-0c42a112278c,TCL202604170005,5,1870.0,1654.87
零售,604425,10021858,14317975,1,HLB-c221a1bf-178e-11f1-8cdb-0c42a112278c,TCL202604170005,5,1870.0,1654.87
零售,604425,10021858,14200820,14,HLB-d2e518ad-fcd8-11f0-8cdb-0c42a112278c,TCL202604170005,5,1870.0,1654.87
零售,604425,10021858,14200820,2,HLB-d2e5175d-fcd8-11f0-8cdb-0c42a112278c,TCL202604170005,5,1870.0,1654.87
零售,604425,10021858,14200820,1,HLB-d2e516ef-fcd8-11f0-8cdb-0c42a112278c,TCL202604170005,5,1870.0,1654.87
零售,604425,10021858,14200820,13,HLB-d2e51896-fcd8-11f0-8cdb-0c42a112278c,TCL202604170005,5,1870.0,1654.87
零售,604425,10021858,14200820,12,HLB-d2e51882-fcd8-11f0-8cdb-0c42a112278c,TCL202604170005,5,1870.0,1654.87
零售,604425,10021858,14200820,11,HLB-d2e5186d-fcd8-11f0-8cdb-0c42a112278c,TCL202604170005,5,1870.0,1654.87
零售,604425,10021858,14200820,10,HLB-d2e51856-fcd8-11f0-8cdb-0c42a112278c,TCL202604170005,5,1870.0,1654.87
零售,604425,10021858,14200820,9,HLB-d2e5183e-fcd8-11f0-8cdb-0c42a112278c,TCL202604170005,5,1870.0,1654.87
零售,604425,10021858,14200820,8,HLB-d2e51826-fcd8-11f0-8cdb-0c42a112278c,TCL202604170005,5,1870.0,1654.87
零售,604425,10021858,14200820,7,HLB-d2e517f0-fcd8-11f0-8cdb-0c42a112278c,TCL202604170005,5,1870.0,1654.87
零售,604425,10021858,14200820,6,HLB-d2e517d8-fcd8-11f0-8cdb-0c42a112278c,TCL202604170005,5,1870.0,1654.87
零售,604425,10021858,14200820,18,HLB-d2e51905-fcd8-11f0-8cdb-0c42a112278c,TCL202604170005,5,1870.0,1654.87
零售,604425,10021858,14200820,5,HLB-d2e517b9-fcd8-11f0-8cdb-0c42a112278c,TCL202604170005,5,1870.0,1654.87
零售,604425,10021858,14200820,17,HLB-d2e518ee-fcd8-11f0-8cdb-0c42a112278c,TCL202604170005,5,1870.0,1654.87
零售,604425,10021858,14200820,4,HLB-d2e5179d-fcd8-11f0-8cdb-0c42a112278c,TCL202604170005,5,1870.0,1654.87
零售,604425,10021858,14200820,16,HLB-d2e518db-fcd8-11f0-8cdb-0c42a112278c,TCL202604170005,5,1870.0,1654.87
零售,604425,10021858,14200820,3,HLB-d2e5177e-fcd8-11f0-8cdb-0c42a112278c,TCL202604170005,5,1870.0,1654.87
零售,604425,10021858,14200820,15,HLB-d2e518c3-fcd8-11f0-8cdb-0c42a112278c,TCL202604170005,5,1870.0,1654.87
零售,604425,10021858,14200820,23,HLB-d2e51994-fcd8-11f0-8cdb-0c42a112278c,TCL202604170005,5,1870.0,1654.87
零售,604425,10021858,14200820,22,HLB-d2e5196f-fcd8-11f0-8cdb-0c42a112278c,TCL202604170005,5,1870.0,1654.87
零售,604425,10021858,14200820,21,HLB-d2e51958-fcd8-11f0-8cdb-0c42a112278c,TCL202604170005,5,1870.0,1654.87
零售,604425,10021858,14200820,20,HLB-d2e51940-fcd8-11f0-8cdb-0c42a112278c,TCL202604170005,5,1870.0,1654.87
零售,604425,10021858,14200820,19,HLB-d2e5192a-fcd8-11f0-8cdb-0c42a112278c,TCL202604170005,5,1870.0,1654.87
零售,604425,10021858,14200795,6,HLB-a009b256-fcd8-11f0-8cdb-0c42a112278c,TCL202604170005,5,1870.0,1654.87
零售,604425,10021858,14200795,5,HLB-a009b23d-fcd8-11f0-8cdb-0c42a112278c,TCL202604170005,5,1870.0,1654.87
零售,604425,10021858,14200795,4,HLB-a009b220-fcd8-11f0-8cdb-0c42a112278c,TCL202604170005,5,1870.0,1654.87
零售,604425,10021858,14200795,3,HLB-a009b207-fcd8-11f0-8cdb-0c42a112278c,TCL202604170005,5,1870.0,1654.87
零售,604425,10021858,14200795,2,HLB-a009b1e9-fcd8-11f0-8cdb-0c42a112278c,TCL202604170005,5,1870.0,1654.87
零售,604425,10021858,14200795,1,HLB-a009b199-fcd8-11f0-8cdb-0c42a112278c,TCL202604170005,5,1870.0,1654.87
零售,604425,10021858,14200795,14,HLB-a009b346-fcd8-11f0-8cdb-0c42a112278c,TCL202604170005,5,1870.0,1654.87
零售,604425,10021858,14200795,13,HLB-a009b325-fcd8-11f0-8cdb-0c42a112278c,TCL202604170005,5,1870.0,1654.87
零售,604425,10021858,14200795,25,HLB-a009b492-fcd8-11f0-8cdb-0c42a112278c,TCL202604170005,5,1870.0,1654.87
零售,604425,10021858,14200795,12,HLB-a009b302-fcd8-11f0-8cdb-0c42a112278c,TCL202604170005,5,1870.0,1654.87
零售,604425,10021858,14200795,24,HLB-a009b47b-fcd8-11f0-8cdb-0c42a112278c,TCL202604170005,5,1870.0,1654.87
零售,604425,10021858,14200795,11,HLB-a009b2e0-fcd8-11f0-8cdb-0c42a112278c,TCL202604170005,5,1870.0,1654.87
零售,604425,10021858,14200795,23,HLB-a009b463-fcd8-11f0-8cdb-0c42a112278c,TCL202604170005,5,1870.0,1654.87
零售,604425,10021858,14200795,10,HLB-a009b2c9-fcd8-11f0-8cdb-0c42a112278c,TCL202604170005,5,1870.0,1654.87
零售,604425,10021858,14200795,9,HLB-a009b2b3-fcd8-11f0-8cdb-0c42a112278c,TCL202604170005,5,1870.0,1654.87
零售,604425,10021858,14200795,8,HLB-a009b297-fcd8-11f0-8cdb-0c42a112278c,TCL202604170005,5,1870.0,1654.87
零售,604425,10021858,14200795,7,HLB-a009b27f-fcd8-11f0-8cdb-0c42a112278c,TCL202604170005,5,1870.0,1654.87
零售,604425,10021858,14200795,22,HLB-a009b42c-fcd8-11f0-8cdb-0c42a112278c,TCL202604170005,5,1870.0,1654.87
零售,604425,10021858,14200795,21,HLB-a009b413-fcd8-11f0-8cdb-0c42a112278c,TCL202604170005,5,1870.0,1654.87
零售,604425,10021858,14200795,20,HLB-a009b3fc-fcd8-11f0-8cdb-0c42a112278c,TCL202604170005,5,1870.0,1654.87
零售,604425,10021858,14200795,19,HLB-a009b3e4-fcd8-11f0-8cdb-0c42a112278c,TCL202604170005,5,1870.0,1654.87
零售,604425,10021858,14200795,18,HLB-a009b3c8-fcd8-11f0-8cdb-0c42a112278c,TCL202604170005,5,1870.0,1654.87
零售,604425,10021858,14200795,17,HLB-a009b3ae-fcd8-11f0-8cdb-0c42a112278c,TCL202604170005,5,1870.0,1654.87
零售,604425,10021858,14200795,16,HLB-a009b393-fcd8-11f0-8cdb-0c42a112278c,TCL202604170005,5,1870.0,1654.87
零售,604425,10021858,14200795,15,HLB-a009b36b-fcd8-11f0-8cdb-0c42a112278c,TCL202604170005,5,1870.0,1654.87
零售,604425,10021858,14102923,7,HLB-c0117e8f-f2bc-11f0-8cdb-0c42a112278c,TCL202604170005,5,1870.0,1654.87
零售,604425,10021858,14102923,1,HLB-c0117d91-f2bc-11f0-8cdb-0c42a112278c,TCL202604170005,5,1870.0,1654.87
零售,604425,10021858,14102923,2,HLB-c0117dfb-f2bc-11f0-8cdb-0c42a112278c,TCL202604170005,5,1870.0,1654.87
零售,604425,10021858,14102923,5,HLB-c0117e55-f2bc-11f0-8cdb-0c42a112278c,TCL202604170005,5,1870.0,1654.87
零售,604425,10021858,14102923,3,HLB-c0117e17-f2bc-11f0-8cdb-0c42a112278c,TCL202604170005,5,1870.0,1654.87
零售,604425,10021858,14102923,6,HLB-c0117e70-f2bc-11f0-8cdb-0c42a112278c,TCL202604170005,5,1870.0,1654.87
零售,604425,10021858,14102923,4,HLB-c0117e32-f2bc-11f0-8cdb-0c42a112278c,TCL202604170005,5,1870.0,1654.87
零售,604425,10021858,14102894,9,HLB-6decf881-f2bc-11f0-8cdb-0c42a112278c,TCL202604170005,5,1870.0,1654.87
零售,604425,10021858,14102894,21,HLB-6decf9a5-f2bc-11f0-8cdb-0c42a112278c,TCL202604170005,5,1870.0,1654.87
零售,604425,10021858,14102894,10,HLB-6decf895-f2bc-11f0-8cdb-0c42a112278c,TCL202604170005,5,1870.0,1654.87
零售,604425,10021858,14102894,22,HLB-6decf9bb-f2bc-11f0-8cdb-0c42a112278c,TCL202604170005,5,1870.0,1654.87
零售,604425,10021858,14102894,11,HLB-6decf8aa-f2bc-11f0-8cdb-0c42a112278c,TCL202604170005,5,1870.0,1654.87
零售,604425,10021858,14102894,23,HLB-6decf9d1-f2bc-11f0-8cdb-0c42a112278c,TCL202604170005,5,1870.0,1654.87
零售,604425,10021858,14102894,24,HLB-6decf9e5-f2bc-11f0-8cdb-0c42a112278c,TCL202604170005,5,1870.0,1654.87
零售,604425,10021858,14102894,12,HLB-6decf8bf-f2bc-11f0-8cdb-0c42a112278c,TCL202604170005,5,1870.0,1654.87
零售,604425,10021858,14102894,13,HLB-6decf8e9-f2bc-11f0-8cdb-0c42a112278c,TCL202604170005,5,1870.0,1654.87
零售,604425,10021858,14102894,25,HLB-6decf9fa-f2bc-11f0-8cdb-0c42a112278c,TCL202604170005,5,1870.0,1654.87
零售,604425,10021858,14102894,14,HLB-6decf912-f2bc-11f0-8cdb-0c42a112278c,TCL202604170005,5,1870.0,1654.87
零售,604425,10021858,14102894,15,HLB-6decf927-f2bc-11f0-8cdb-0c42a112278c,TCL202604170005,5,1870.0,1654.87
零售,604425,10021858,14102894,3,HLB-6decf7f9-f2bc-11f0-8cdb-0c42a112278c,TCL202604170005,5,1870.0,1654.87
零售,604425,10021858,14102894,4,HLB-6decf80e-f2bc-11f0-8cdb-0c42a112278c,TCL202604170005,5,1870.0,1654.87
零售,604425,10021858,14102894,16,HLB-6decf93b-f2bc-11f0-8cdb-0c42a112278c,TCL202604170005,5,1870.0,1654.87
零售,604425,10021858,14102894,5,HLB-6decf822-f2bc-11f0-8cdb-0c42a112278c,TCL202604170005,5,1870.0,1654.87
零售,604425,10021858,14102894,17,HLB-6decf953-f2bc-11f0-8cdb-0c42a112278c,TCL202604170005,5,1870.0,1654.87
零售,604425,10021858,14102894,6,HLB-6decf83d-f2bc-11f0-8cdb-0c42a112278c,TCL202604170005,5,1870.0,1654.87
零售,604425,10021858,14102894,18,HLB-6decf967-f2bc-11f0-8cdb-0c42a112278c,TCL202604170005,5,1870.0,1654.87
零售,604425,10021858,14102894,7,HLB-6decf853-f2bc-11f0-8cdb-0c42a112278c,TCL202604170005,5,1870.0,1654.87
零售,604425,10021858,14102894,19,HLB-6decf97c-f2bc-11f0-8cdb-0c42a112278c,TCL202604170005,5,1870.0,1654.87
零售,604425,10021858,14102894,8,HLB-6decf868-f2bc-11f0-8cdb-0c42a112278c,TCL202604170005,5,1870.0,1654.87
零售,604425,10021858,14102894,20,HLB-6decf98f-f2bc-11f0-8cdb-0c42a112278c,TCL202604170005,5,1870.0,1654.87
零售,604425,10021858,14200922,7,HLB-a856e376-fcd9-11f0-8cdb-0c42a112278c,TCL202604170005,5,1870.0,1654.87
零售,604425,10021858,14200922,8,HLB-a856e395-fcd9-11f0-8cdb-0c42a112278c,TCL202604170005,5,1870.0,1654.87
零售,604425,10021858,14200922,5,HLB-a856e345-fcd9-11f0-8cdb-0c42a112278c,TCL202604170005,5,1870.0,1654.87
零售,604425,10021858,14200922,6,HLB-a856e35d-fcd9-11f0-8cdb-0c42a112278c,TCL202604170005,5,1870.0,1654.87
零售,604425,10021858,14200922,4,HLB-a856e32c-fcd9-11f0-8cdb-0c42a112278c,TCL202604170005,5,1870.0,1654.87
零售,604425,10021858,14200922,3,HLB-a856e305-fcd9-11f0-8cdb-0c42a112278c,TCL202604170005,5,1870.0,1654.87
零售,604425,10021858,14200922,1,HLB-a856e278-fcd9-11f0-8cdb-0c42a112278c,TCL202604170005,5,1870.0,1654.87
零售,604425,10021858,14200922,13,HLB-a856e412-fcd9-11f0-8cdb-0c42a112278c,TCL202604170005,5,1870.0,1654.87
零售,604425,10021858,14200922,2,HLB-a856e2e8-fcd9-11f0-8cdb-0c42a112278c,TCL202604170005,5,1870.0,1654.87
零售,604425,10021858,14200922,11,HLB-a856e3e3-fcd9-11f0-8cdb-0c42a112278c,TCL202604170005,5,1870.0,1654.87
零售,604425,10021858,14200922,12,HLB-a856e3fb-fcd9-11f0-8cdb-0c42a112278c,TCL202604170005,5,1870.0,1654.87
零售,604425,10021858,14200922,9,HLB-a856e3b2-fcd9-11f0-8cdb-0c42a112278c,TCL202604170005,5,1870.0,1654.87
零售,604425,10021858,14200922,10,HLB-a856e3cd-fcd9-11f0-8cdb-0c42a112278c,TCL202604170005,5,1870.0,1654.87
零售,604425,10021858,14047612,7,HLB-b08dbd1d-ed03-11f0-8cdb-0c42a112278c,TCL202604170005,5,1870.0,1654.87
零售,604425,10021858,14102894,30,HLB-6decfa72-f2bc-11f0-8cdb-0c42a112278c,TCL202604170005,5,1870.0,1654.87
零售,604425,10021858,14200922,16,HLB-a856e45b-fcd9-11f0-8cdb-0c42a112278c,TCL202604170005,5,1870.0,1654.87
零售,604425,10021858,14047612,8,HLB-b08dbd33-ed03-11f0-8cdb-0c42a112278c,TCL202604170005,5,1870.0,1654.87
零售,604425,10021858,14200922,17,HLB-a856e470-fcd9-11f0-8cdb-0c42a112278c,TCL202604170005,5,1870.0,1654.87
零售,604425,10021858,14200922,14,HLB-a856e42c-fcd9-11f0-8cdb-0c42a112278c,TCL202604170005,5,1870.0,1654.87
零售,604425,10021858,14047612,6,HLB-b08dbd03-ed03-11f0-8cdb-0c42a112278c,TCL202604170005,5,1870.0,1654.87
零售,604425,10021858,14200922,15,HLB-a856e441-fcd9-11f0-8cdb-0c42a112278c,TCL202604170005,5,1870.0,1654.87
零售,604425,10021858,14047612,11,HLB-b08dbd75-ed03-11f0-8cdb-0c42a112278c,TCL202604170005,5,1870.0,1654.87
零售,604425,10021858,14047612,12,HLB-b08dbd8a-ed03-11f0-8cdb-0c42a112278c,TCL202604170005,5,1870.0,1654.87
零售,604425,10021858,14047612,9,HLB-b08dbd48-ed03-11f0-8cdb-0c42a112278c,TCL202604170005,5,1870.0,1654.87
零售,604425,10021858,14047612,10,HLB-b08dbd5e-ed03-11f0-8cdb-0c42a112278c,TCL202604170005,5,1870.0,1654.87
零售,604425,10021858,14200922,24,HLB-a856e527-fcd9-11f0-8cdb-0c42a112278c,TCL202604170005,5,1870.0,1654.87
零售,604425,10021858,14200922,25,HLB-a856e540-fcd9-11f0-8cdb-0c42a112278c,TCL202604170005,5,1870.0,1654.87
零售,604425,10021858,14200922,22,HLB-a856e4e4-fcd9-11f0-8cdb-0c42a112278c,TCL202604170005,5,1870.0,1654.87
零售,604425,10021858,14200922,23,HLB-a856e50c-fcd9-11f0-8cdb-0c42a112278c,TCL202604170005,5,1870.0,1654.87
零售,604425,10021858,14047612,15,HLB-b08dbdca-ed03-11f0-8cdb-0c42a112278c,TCL202604170005,5,1870.0,1654.87
零售,604425,10021858,14102894,26,HLB-6decfa0d-f2bc-11f0-8cdb-0c42a112278c,TCL202604170005,5,1870.0,1654.87
零售,604425,10021858,14200922,20,HLB-a856e4b7-fcd9-11f0-8cdb-0c42a112278c,TCL202604170005,5,1870.0,1654.87
零售,604425,10021858,14102894,27,HLB-6decfa20-f2bc-11f0-8cdb-0c42a112278c,TCL202604170005,5,1870.0,1654.87
零售,604425,10021858,14200922,21,HLB-a856e4ce-fcd9-11f0-8cdb-0c42a112278c,TCL202604170005,5,1870.0,1654.87
零售,604425,10021858,14102894,28,HLB-6decfa4a-f2bc-11f0-8cdb-0c42a112278c,TCL202604170005,5,1870.0,1654.87
零售,604425,10021858,14200922,18,HLB-a856e485-fcd9-11f0-8cdb-0c42a112278c,TCL202604170005,5,1870.0,1654.87
零售,604425,10021858,14102894,29,HLB-6decfa5e-f2bc-11f0-8cdb-0c42a112278c,TCL202604170005,5,1870.0,1654.87
零售,604425,10021858,14200922,19,HLB-a856e49f-fcd9-11f0-8cdb-0c42a112278c,TCL202604170005,5,1870.0,1654.87
零售,604425,10021858,14047612,16,HLB-b08dbde3-ed03-11f0-8cdb-0c42a112278c,TCL202604170005,5,1870.0,1654.87
零售,604425,10021858,14047612,17,HLB-b08dbdf8-ed03-11f0-8cdb-0c42a112278c,TCL202604170005,5,1870.0,1654.87
零售,604425,10021858,14047612,13,HLB-b08dbda0-ed03-11f0-8cdb-0c42a112278c,TCL202604170005,5,1870.0,1654.87
零售,604425,10021858,14047612,14,HLB-b08dbdb5-ed03-11f0-8cdb-0c42a112278c,TCL202604170005,5,1870.0,1654.87
零售,604425,10021858,14047612,28,HLB-b08dbf06-ed03-11f0-8cdb-0c42a112278c,TCL202604170005,5,1870.0,1654.87
零售,604425,10021858,14047612,29,HLB-b08dbf24-ed03-11f0-8cdb-0c42a112278c,TCL202604170005,5,1870.0,1654.87
零售,604425,10021858,14047612,26,HLB-b08dbec5-ed03-11f0-8cdb-0c42a112278c,TCL202604170005,5,1870.0,1654.87
零售,604425,10021858,14047612,27,HLB-b08dbee6-ed03-11f0-8cdb-0c42a112278c,TCL202604170005,5,1870.0,1654.87
零售,604425,10021858,14047612,30,HLB-b08dbf47-ed03-11f0-8cdb-0c42a112278c,TCL202604170005,5,1870.0,1654.87
零售,604425,10021858,14047612,20,HLB-b08dbe3b-ed03-11f0-8cdb-0c42a112278c,TCL202604170005,5,1870.0,1654.87
零售,604425,10021858,14047612,21,HLB-b08dbe4f-ed03-11f0-8cdb-0c42a112278c,TCL202604170005,5,1870.0,1654.87
零售,604425,10021858,14047612,18,HLB-b08dbe0e-ed03-11f0-8cdb-0c42a112278c,TCL202604170005,5,1870.0,1654.87
零售,604425,10021858,14047612,19,HLB-b08dbe23-ed03-11f0-8cdb-0c42a112278c,TCL202604170005,5,1870.0,1654.87
零售,604425,10021858,14047612,24,HLB-b08dbe8f-ed03-11f0-8cdb-0c42a112278c,TCL202604170005,5,1870.0,1654.87
零售,604425,10021858,14047612,25,HLB-b08dbea5-ed03-11f0-8cdb-0c42a112278c,TCL202604170005,5,1870.0,1654.87
零售,604425,10021858,14047612,22,HLB-b08dbe65-ed03-11f0-8cdb-0c42a112278c,TCL202604170005,5,1870.0,1654.87
零售,604425,10021858,14047612,23,HLB-b08dbe7b-ed03-11f0-8cdb-0c42a112278c,TCL202604170005,5,1870.0,1654.87
零售,604425,10021858,14102923,24,HLB-c01180cd-f2bc-11f0-8cdb-0c42a112278c,TCL202604170005,5,1870.0,1654.87
零售,604425,10021858,14102923,25,HLB-c01180e7-f2bc-11f0-8cdb-0c42a112278c,TCL202604170005,5,1870.0,1654.87
零售,604425,10021858,14102923,26,HLB-c0118112-f2bc-11f0-8cdb-0c42a112278c,TCL202604170005,5,1870.0,1654.87
零售,604425,10021858,14102923,27,HLB-c0118128-f2bc-11f0-8cdb-0c42a112278c,TCL202604170005,5,1870.0,1654.87
零售,604425,10021858,14102923,28,HLB-c011813d-f2bc-11f0-8cdb-0c42a112278c,TCL202604170005,5,1870.0,1654.87
零售,604425,10021858,14102923,29,HLB-c0118151-f2bc-11f0-8cdb-0c42a112278c,TCL202604170005,5,1870.0,1654.87
零售,604425,10021858,14102923,30,HLB-c0118165-f2bc-11f0-8cdb-0c42a112278c,TCL202604170005,5,1870.0,1654.87
零售,604425,10021858,14102923,16,HLB-c0118001-f2bc-11f0-8cdb-0c42a112278c,TCL202604170005,5,1870.0,1654.87
零售,604425,10021858,14102923,17,HLB-c0118019-f2bc-11f0-8cdb-0c42a112278c,TCL202604170005,5,1870.0,1654.87
零售,604425,10021858,14102923,18,HLB-c0118034-f2bc-11f0-8cdb-0c42a112278c,TCL202604170005,5,1870.0,1654.87
零售,604425,10021858,14102923,19,HLB-c0118053-f2bc-11f0-8cdb-0c42a112278c,TCL202604170005,5,1870.0,1654.87
零售,604425,10021858,14102923,20,HLB-c0118069-f2bc-11f0-8cdb-0c42a112278c,TCL202604170005,5,1870.0,1654.87
零售,604425,10021858,14102923,21,HLB-c0118081-f2bc-11f0-8cdb-0c42a112278c,TCL202604170005,5,1870.0,1654.87
零售,604425,10021858,14102923,22,HLB-c011809c-f2bc-11f0-8cdb-0c42a112278c,TCL202604170005,5,1870.0,1654.87
零售,604425,10021858,14102923,23,HLB-c01180b0-f2bc-11f0-8cdb-0c42a112278c,TCL202604170005,5,1870.0,1654.87
零售,604425,10021858,14102923,8,HLB-c0117eab-f2bc-11f0-8cdb-0c42a112278c,TCL202604170005,5,1870.0,1654.87
零售,604425,10021858,14102923,9,HLB-c0117f19-f2bc-11f0-8cdb-0c42a112278c,TCL202604170005,5,1870.0,1654.87
零售,604425,10021858,14102923,10,HLB-c0117f55-f2bc-11f0-8cdb-0c42a112278c,TCL202604170005,5,1870.0,1654.87
零售,604425,10021858,14102923,11,HLB-c0117f73-f2bc-11f0-8cdb-0c42a112278c,TCL202604170005,5,1870.0,1654.87
零售,604425,10021858,14102923,12,HLB-c0117f95-f2bc-11f0-8cdb-0c42a112278c,TCL202604170005,5,1870.0,1654.87
零售,604425,10021858,14102923,13,HLB-c0117fb1-f2bc-11f0-8cdb-0c42a112278c,TCL202604170005,5,1870.0,1654.87
零售,604425,10021858,14102923,14,HLB-c0117fcc-f2bc-11f0-8cdb-0c42a112278c,TCL202604170005,5,1870.0,1654.87
零售,604425,10021858,14102923,15,HLB-c0117fe6-f2bc-11f0-8cdb-0c42a112278c,TCL202604170005,5,1870.0,1654.87
零售,604425,10021858,14062741,35,HLB-f488bd8e-eeaa-11f0-8cdb-0c42a112278c,TCL202604170005,4,1260.0,1115.04
零售,604425,10021858,14062741,34,HLB-f488bd77-eeaa-11f0-8cdb-0c42a112278c,TCL202604170005,4,1260.0,1115.04
零售,604425,10021858,14062741,31,HLB-f488bd37-eeaa-11f0-8cdb-0c42a112278c,TCL202604170005,4,1260.0,1115.04
零售,604425,10021858,14116622,4,HLB-49217a86-f447-11f0-8cdb-0c42a112278c,TCL202604170005,4,1260.0,1115.04
零售,604425,10021858,14116622,5,HLB-49217a9f-f447-11f0-8cdb-0c42a112278c,TCL202604170005,4,1260.0,1115.04
零售,604425,10021858,14116622,1,HLB-492179c4-f447-11f0-8cdb-0c42a112278c,TCL202604170005,4,1260.0,1115.04
零售,604425,10021858,14116622,2,HLB-49217a26-f447-11f0-8cdb-0c42a112278c,TCL202604170005,4,1260.0,1115.04
零售,604425,10021858,14116622,3,HLB-49217a70-f447-11f0-8cdb-0c42a112278c,TCL202604170005,4,1260.0,1115.04
零售,604425,10021858,14313757,11,HLB-0f7c4484-16bb-11f1-8cdb-0c42a112278c,TCL202604170005,4,1260.0,1115.04
零售,604425,10021858,14313757,12,HLB-0f7c449b-16bb-11f1-8cdb-0c42a112278c,TCL202604170005,4,1260.0,1115.04
零售,604425,10021858,14313757,15,HLB-0f7c44da-16bb-11f1-8cdb-0c42a112278c,TCL202604170005,4,1260.0,1115.04
零售,604425,10021858,14313757,16,HLB-0f7c44ee-16bb-11f1-8cdb-0c42a112278c,TCL202604170005,4,1260.0,1115.04
零售,604425,10021858,14313757,13,HLB-0f7c44af-16bb-11f1-8cdb-0c42a112278c,TCL202604170005,4,1260.0,1115.04
零售,604425,10021858,14313757,14,HLB-0f7c44c4-16bb-11f1-8cdb-0c42a112278c,TCL202604170005,4,1260.0,1115.04
零售,604425,10021858,14313757,10,HLB-0f7c446e-16bb-11f1-8cdb-0c42a112278c,TCL202604170005,4,1260.0,1115.04
零售,604425,10021858,14313757,8,HLB-0f7c4443-16bb-11f1-8cdb-0c42a112278c,TCL202604170005,4,1260.0,1115.04
零售,604425,10021858,14313757,9,HLB-0f7c445a-16bb-11f1-8cdb-0c42a112278c,TCL202604170005,4,1260.0,1115.04
零售,604425,10021858,14313757,2,HLB-0f7c43c7-16bb-11f1-8cdb-0c42a112278c,TCL202604170005,4,1260.0,1115.04
零售,604425,10021858,14313757,3,HLB-0f7c43dc-16bb-11f1-8cdb-0c42a112278c,TCL202604170005,4,1260.0,1115.04
零售,604425,10021858,14313757,1,HLB-0f7c43b3-16bb-11f1-8cdb-0c42a112278c,TCL202604170005,4,1260.0,1115.04
零售,604425,10021858,14313757,6,HLB-0f7c441b-16bb-11f1-8cdb-0c42a112278c,TCL202604170005,4,1260.0,1115.04
零售,604425,10021858,14313757,7,HLB-0f7c4430-16bb-11f1-8cdb-0c42a112278c,TCL202604170005,4,1260.0,1115.04
零售,604425,10021858,14313757,4,HLB-0f7c43f3-16bb-11f1-8cdb-0c42a112278c,TCL202604170005,4,1260.0,1115.04
零售,604425,10021858,14313757,5,HLB-0f7c4407-16bb-11f1-8cdb-0c42a112278c,TCL202604170005,4,1260.0,1115.04
零售,604425,10021858,14062741,48,HLB-f4b058dd-eeaa-11f0-8cdb-0c42a112278c,TCL202604170005,4,1260.0,1115.04
零售,604425,10021858,14062741,47,HLB-f4b058c5-eeaa-11f0-8cdb-0c42a112278c,TCL202604170005,4,1260.0,1115.04
零售,604425,10021858,14062741,50,HLB-f4b0590e-eeaa-11f0-8cdb-0c42a112278c,TCL202604170005,4,1260.0,1115.04
零售,604425,10021858,14062741,49,HLB-f4b058f2-eeaa-11f0-8cdb-0c42a112278c,TCL202604170005,4,1260.0,1115.04
零售,604425,10021858,14313757,27,HLB-0f7c45c5-16bb-11f1-8cdb-0c42a112278c,TCL202604170005,4,1260.0,1115.04
零售,604425,10021858,14313757,28,HLB-0f7c45d8-16bb-11f1-8cdb-0c42a112278c,TCL202604170005,4,1260.0,1115.04
零售,604425,10021858,14313757,25,HLB-0f7c459f-16bb-11f1-8cdb-0c42a112278c,TCL202604170005,4,1260.0,1115.04
零售,604425,10021858,14313757,26,HLB-0f7c45b2-16bb-11f1-8cdb-0c42a112278c,TCL202604170005,4,1260.0,1115.04
零售,604425,10021858,14313757,29,HLB-0f7c45eb-16bb-11f1-8cdb-0c42a112278c,TCL202604170005,4,1260.0,1115.04
零售,604425,10021858,14313757,30,HLB-0f7c461d-16bb-11f1-8cdb-0c42a112278c,TCL202604170005,4,1260.0,1115.04
零售,604425,10021858,14313757,19,HLB-0f7c4528-16bb-11f1-8cdb-0c42a112278c,TCL202604170005,4,1260.0,1115.04
零售,604425,10021858,14313757,20,HLB-0f7c453c-16bb-11f1-8cdb-0c42a112278c,TCL202604170005,4,1260.0,1115.04
零售,604425,10021858,14313757,17,HLB-0f7c4501-16bb-11f1-8cdb-0c42a112278c,TCL202604170005,4,1260.0,1115.04
零售,604425,10021858,14313757,18,HLB-0f7c4515-16bb-11f1-8cdb-0c42a112278c,TCL202604170005,4,1260.0,1115.04
零售,604425,10021858,14313757,23,HLB-0f7c4577-16bb-11f1-8cdb-0c42a112278c,TCL202604170005,4,1260.0,1115.04
零售,604425,10021858,14313757,24,HLB-0f7c458b-16bb-11f1-8cdb-0c42a112278c,TCL202604170005,4,1260.0,1115.04
零售,604425,10021858,14313757,21,HLB-0f7c4551-16bb-11f1-8cdb-0c42a112278c,TCL202604170005,4,1260.0,1115.04
零售,604425,10021858,14313757,22,HLB-0f7c4563-16bb-11f1-8cdb-0c42a112278c,TCL202604170005,4,1260.0,1115.04
零售,604425,10021858,14319074,26,HLB-669479e7-179e-11f1-8cdb-0c42a112278c,TCL202604170005,4,1260.0,1115.04
零售,604425,10021858,14313755,29,HLB-0f64e35f-16bb-11f1-8cdb-0c42a112278c,TCL202604170005,4,1260.0,1115.04
零售,604425,10021858,14313755,30,HLB-0f64e375-16bb-11f1-8cdb-0c42a112278c,TCL202604170005,4,1260.0,1115.04
零售,604425,10021858,14313755,28,HLB-0f64e329-16bb-11f1-8cdb-0c42a112278c,TCL202604170005,4,1260.0,1115.04
零售,604425,10021858,14313755,16,HLB-0f64e203-16bb-11f1-8cdb-0c42a112278c,TCL202604170005,4,1260.0,1115.04
零售,604425,10021858,14313755,17,HLB-0f64e21c-16bb-11f1-8cdb-0c42a112278c,TCL202604170005,4,1260.0,1115.04
零售,604425,10021858,14313755,14,HLB-0f64e1cf-16bb-11f1-8cdb-0c42a112278c,TCL202604170005,4,1260.0,1115.04
零售,604425,10021858,14313755,26,HLB-0f64e2fc-16bb-11f1-8cdb-0c42a112278c,TCL202604170005,4,1260.0,1115.04
零售,604425,10021858,14313755,15,HLB-0f64e1eb-16bb-11f1-8cdb-0c42a112278c,TCL202604170005,4,1260.0,1115.04
零售,604425,10021858,14313755,27,HLB-0f64e311-16bb-11f1-8cdb-0c42a112278c,TCL202604170005,4,1260.0,1115.04
零售,604425,10021858,14313755,8,HLB-0f64e136-16bb-11f1-8cdb-0c42a112278c,TCL202604170005,4,1260.0,1115.04
零售,604425,10021858,14313755,20,HLB-0f64e270-16bb-11f1-8cdb-0c42a112278c,TCL202604170005,4,1260.0,1115.04
零售,604425,10021858,14313755,9,HLB-0f64e14c-16bb-11f1-8cdb-0c42a112278c,TCL202604170005,4,1260.0,1115.04
零售,604425,10021858,14313755,21,HLB-0f64e288-16bb-11f1-8cdb-0c42a112278c,TCL202604170005,4,1260.0,1115.04
零售,604425,10021858,14313755,6,HLB-0f64e100-16bb-11f1-8cdb-0c42a112278c,TCL202604170005,4,1260.0,1115.04
零售,604425,10021858,14313755,18,HLB-0f64e237-16bb-11f1-8cdb-0c42a112278c,TCL202604170005,4,1260.0,1115.04
零售,604425,10021858,14313755,7,HLB-0f64e11c-16bb-11f1-8cdb-0c42a112278c,TCL202604170005,4,1260.0,1115.04
零售,604425,10021858,14313755,19,HLB-0f64e25a-16bb-11f1-8cdb-0c42a112278c,TCL202604170005,4,1260.0,1115.04
零售,604425,10021858,14313755,12,HLB-0f64e19b-16bb-11f1-8cdb-0c42a112278c,TCL202604170005,4,1260.0,1115.04
零售,604425,10021858,14313755,24,HLB-0f64e2cf-16bb-11f1-8cdb-0c42a112278c,TCL202604170005,4,1260.0,1115.04
零售,604425,10021858,14313755,13,HLB-0f64e1b5-16bb-11f1-8cdb-0c42a112278c,TCL202604170005,4,1260.0,1115.04
零售,604425,10021858,14313755,25,HLB-0f64e2e7-16bb-11f1-8cdb-0c42a112278c,TCL202604170005,4,1260.0,1115.04
零售,604425,10021858,14313755,10,HLB-0f64e168-16bb-11f1-8cdb-0c42a112278c,TCL202604170005,4,1260.0,1115.04
零售,604425,10021858,14313755,22,HLB-0f64e29d-16bb-11f1-8cdb-0c42a112278c,TCL202604170005,4,1260.0,1115.04
零售,604425,10021858,14313755,11,HLB-0f64e180-16bb-11f1-8cdb-0c42a112278c,TCL202604170005,4,1260.0,1115.04
零售,604425,10021858,14313755,23,HLB-0f64e2b8-16bb-11f1-8cdb-0c42a112278c,TCL202604170005,4,1260.0,1115.04
零售,604425,10021858,14313755,1,HLB-0f64dff8-16bb-11f1-8cdb-0c42a112278c,TCL202604170005,4,1260.0,1115.04
零售,604425,10021858,14313755,4,HLB-0f64e0c8-16bb-11f1-8cdb-0c42a112278c,TCL202604170005,4,1260.0,1115.04
零售,604425,10021858,14313755,5,HLB-0f64e0e2-16bb-11f1-8cdb-0c42a112278c,TCL202604170005,4,1260.0,1115.04
零售,604425,10021858,14313755,2,HLB-0f64e070-16bb-11f1-8cdb-0c42a112278c,TCL202604170005,4,1260.0,1115.04
零售,604425,10021858,14313755,3,HLB-0f64e0b1-16bb-11f1-8cdb-0c42a112278c,TCL202604170005,4,1260.0,1115.04
零售,604425,10021858,14319074,50,HLB-66947c3f-179e-11f1-8cdb-0c42a112278c,TCL202604170005,4,1260.0,1115.04
零售,604425,10021858,14319074,36,HLB-66947b07-179e-11f1-8cdb-0c42a112278c,TCL202604170005,4,1260.0,1115.04
零售,604425,10021858,14319074,37,HLB-66947b20-179e-11f1-8cdb-0c42a112278c,TCL202604170005,4,1260.0,1115.04
零售,604425,10021858,14319074,38,HLB-66947b37-179e-11f1-8cdb-0c42a112278c,TCL202604170005,4,1260.0,1115.04
零售,604425,10021858,14319074,39,HLB-66947b4d-179e-11f1-8cdb-0c42a112278c,TCL202604170005,4,1260.0,1115.04
零售,604425,10021858,14319074,40,HLB-66947b62-179e-11f1-8cdb-0c42a112278c,TCL202604170005,4,1260.0,1115.04
零售,604425,10021858,14319074,41,HLB-66947b75-179e-11f1-8cdb-0c42a112278c,TCL202604170005,4,1260.0,1115.04
零售,604425,10021858,14319074,42,HLB-66947b8b-179e-11f1-8cdb-0c42a112278c,TCL202604170005,4,1260.0,1115.04
零售,604425,10021858,14319074,35,HLB-66947ae5-179e-11f1-8cdb-0c42a112278c,TCL202604170005,4,1260.0,1115.04
零售,604425,10021858,14319074,27,HLB-66947a08-179e-11f1-8cdb-0c42a112278c,TCL202604170005,4,1260.0,1115.04
零售,604425,10021858,14319074,28,HLB-66947a21-179e-11f1-8cdb-0c42a112278c,TCL202604170005,4,1260.0,1115.04
零售,604425,10021858,14319074,29,HLB-66947a34-179e-11f1-8cdb-0c42a112278c,TCL202604170005,4,1260.0,1115.04
零售,604425,10021858,14319074,30,HLB-66947a50-179e-11f1-8cdb-0c42a112278c,TCL202604170005,4,1260.0,1115.04
零售,604425,10021858,14319074,31,HLB-66947a6d-179e-11f1-8cdb-0c42a112278c,TCL202604170005,4,1260.0,1115.04
零售,604425,10021858,14319074,32,HLB-66947a88-179e-11f1-8cdb-0c42a112278c,TCL202604170005,4,1260.0,1115.04
零售,604425,10021858,14319074,33,HLB-66947aa6-179e-11f1-8cdb-0c42a112278c,TCL202604170005,4,1260.0,1115.04
零售,604425,10021858,14319074,34,HLB-66947ac5-179e-11f1-8cdb-0c42a112278c,TCL202604170005,4,1260.0,1115.04
零售,604425,10021858,14087152,26,HLB-904f9ec1-f11b-11f0-8cdb-0c42a112278c,TCL202604170005,4,1260.0,1115.04
零售,604425,10021858,14062741,45,HLB-f4b0588e-eeaa-11f0-8cdb-0c42a112278c,TCL202604170005,4,1260.0,1115.04
零售,604425,10021858,14062741,44,HLB-f4b05879-eeaa-11f0-8cdb-0c42a112278c,TCL202604170005,4,1260.0,1115.04
零售,604425,10021858,14062741,46,HLB-f4b058a4-eeaa-11f0-8cdb-0c42a112278c,TCL202604170005,4,1260.0,1115.04
零售,604425,10021858,14062741,41,HLB-f4b0582c-eeaa-11f0-8cdb-0c42a112278c,TCL202604170005,4,1260.0,1115.04
零售,604425,10021858,14062741,40,HLB-f4b057f1-eeaa-11f0-8cdb-0c42a112278c,TCL202604170005,4,1260.0,1115.04
零售,604425,10021858,14062741,43,HLB-f4b0585f-eeaa-11f0-8cdb-0c42a112278c,TCL202604170005,4,1260.0,1115.04
零售,604425,10021858,14062741,42,HLB-f4b0584a-eeaa-11f0-8cdb-0c42a112278c,TCL202604170005,4,1260.0,1115.04
零售,604425,10021858,14062741,37,HLB-f4b057a0-eeaa-11f0-8cdb-0c42a112278c,TCL202604170005,4,1260.0,1115.04
零售,604425,10021858,14062741,36,HLB-f4b05735-eeaa-11f0-8cdb-0c42a112278c,TCL202604170005,4,1260.0,1115.04
零售,604425,10021858,14062741,39,HLB-f4b057da-eeaa-11f0-8cdb-0c42a112278c,TCL202604170005,4,1260.0,1115.04
零售,604425,10021858,14062741,38,HLB-f4b057be-eeaa-11f0-8cdb-0c42a112278c,TCL202604170005,4,1260.0,1115.04
零售,604425,10021858,14062741,33,HLB-f488bd63-eeaa-11f0-8cdb-0c42a112278c,TCL202604170005,4,1260.0,1115.04
零售,604425,10021858,14062741,32,HLB-f488bd4d-eeaa-11f0-8cdb-0c42a112278c,TCL202604170005,4,1260.0,1115.04
零售,604425,10021858,14252948,1,HLB-ff7b47da-0253-11f1-8cdb-0c42a112278c,TCL202604170005,3,2220.0,1964.6
零售,604425,10021858,14252948,2,HLB-ff7b4821-0253-11f1-8cdb-0c42a112278c,TCL202604170005,3,2220.0,1964.6
零售,604425,10021858,14087152,1,HLB-904f9e10-f11b-11f0-8cdb-0c42a112278c,TCL202604170005,3,2220.0,1964.6
零售,604425,10021858,14087152,3,HLB-904f9e81-f11b-11f0-8cdb-0c42a112278c,TCL202604170005,3,2220.0,1964.6
零售,604425,10021858,14087152,2,HLB-904f9e5d-f11b-11f0-8cdb-0c42a112278c,TCL202604170005,3,2220.0,1964.6
零售,604425,10021858,14087152,5,HLB-904f9eac-f11b-11f0-8cdb-0c42a112278c,TCL202604170005,3,2220.0,1964.6
零售,604425,10021858,14087152,4,HLB-904f9e96-f11b-11f0-8cdb-0c42a112278c,TCL202604170005,3,2220.0,1964.6
零售,604425,10021858,14266514,1,HLB-cc7fbf9d-03ff-11f1-8cdb-0c42a112278c,TCL202604170005,3,2220.0,1964.6
零售,604425,10021858,14266514,2,HLB-cc7fc001-03ff-11f1-8cdb-0c42a112278c,TCL202604170005,3,2220.0,1964.6
零售,604425,10021858,14266514,3,HLB-cc7fc08d-03ff-11f1-8cdb-0c42a112278c,TCL202604170005,3,2220.0,1964.6
零售,604425,10021858,14266514,4,HLB-cc7fc0a2-03ff-11f1-8cdb-0c42a112278c,TCL202604170005,3,2220.0,1964.6
零售,604425,10021858,14266514,5,HLB-cc7fc0b6-03ff-11f1-8cdb-0c42a112278c,TCL202604170005,3,2220.0,1964.6
零售,604425,10021858,14062741,12,HLB-f488bb87-eeaa-11f0-8cdb-0c42a112278c,TCL202604170005,3,2220.0,1964.6
零售,604425,10021858,14062741,11,HLB-f488bb6f-eeaa-11f0-8cdb-0c42a112278c,TCL202604170005,3,2220.0,1964.6
零售,604425,10021858,14062741,14,HLB-f488bbaf-eeaa-11f0-8cdb-0c42a112278c,TCL202604170005,3,2220.0,1964.6
零售,604425,10021858,14062741,2,HLB-f488ba86-eeaa-11f0-8cdb-0c42a112278c,TCL202604170005,3,2220.0,1964.6
零售,604425,10021858,14062741,13,HLB-f488bb9c-eeaa-11f0-8cdb-0c42a112278c,TCL202604170005,3,2220.0,1964.6
零售,604425,10021858,14062741,1,HLB-f488ba5f-eeaa-11f0-8cdb-0c42a112278c,TCL202604170005,3,2220.0,1964.6
零售,604425,10021858,14062741,25,HLB-f488bcb0-eeaa-11f0-8cdb-0c42a112278c,TCL202604170005,3,2220.0,1964.6
零售,604425,10021858,14062741,24,HLB-f488bc94-eeaa-11f0-8cdb-0c42a112278c,TCL202604170005,3,2220.0,1964.6
零售,604425,10021858,14062741,23,HLB-f488bc7f-eeaa-11f0-8cdb-0c42a112278c,TCL202604170005,3,2220.0,1964.6
零售,604425,10021858,14266523,6,HLB-db50a147-03ff-11f1-8cdb-0c42a112278c,TCL202604170005,3,2220.0,1964.6
零售,604425,10021858,14266523,7,HLB-db50a19f-03ff-11f1-8cdb-0c42a112278c,TCL202604170005,3,2220.0,1964.6
零售,604425,10021858,14266523,8,HLB-db50a1c3-03ff-11f1-8cdb-0c42a112278c,TCL202604170005,3,2220.0,1964.6
零售,604425,10021858,14266523,9,HLB-db50a1db-03ff-11f1-8cdb-0c42a112278c,TCL202604170005,3,2220.0,1964.6
零售,604425,10021858,14266523,10,HLB-db50a203-03ff-11f1-8cdb-0c42a112278c,TCL202604170005,3,2220.0,1964.6
零售,604425,10021858,14266523,11,HLB-db50a21e-03ff-11f1-8cdb-0c42a112278c,TCL202604170005,3,2220.0,1964.6
零售,604425,10021858,14266523,23,HLB-db50a337-03ff-11f1-8cdb-0c42a112278c,TCL202604170005,3,2220.0,1964.6
零售,604425,10021858,14266523,24,HLB-db50a34d-03ff-11f1-8cdb-0c42a112278c,TCL202604170005,3,2220.0,1964.6
零售,604425,10021858,14266523,12,HLB-db50a238-03ff-11f1-8cdb-0c42a112278c,TCL202604170005,3,2220.0,1964.6
零售,604425,10021858,14266523,25,HLB-db50a367-03ff-11f1-8cdb-0c42a112278c,TCL202604170005,3,2220.0,1964.6
零售,604425,10021858,14266523,13,HLB-db50a254-03ff-11f1-8cdb-0c42a112278c,TCL202604170005,3,2220.0,1964.6
零售,604425,10021858,14062741,8,HLB-f488bb23-eeaa-11f0-8cdb-0c42a112278c,TCL202604170005,3,2220.0,1964.6
零售,604425,10021858,14062741,20,HLB-f488bc3b-eeaa-11f0-8cdb-0c42a112278c,TCL202604170005,3,2220.0,1964.6
零售,604425,10021858,14062741,7,HLB-f488bb0c-eeaa-11f0-8cdb-0c42a112278c,TCL202604170005,3,2220.0,1964.6
零售,604425,10021858,14062741,19,HLB-f488bc21-eeaa-11f0-8cdb-0c42a112278c,TCL202604170005,3,2220.0,1964.6
零售,604425,10021858,14062741,10,HLB-f488bb58-eeaa-11f0-8cdb-0c42a112278c,TCL202604170005,3,2220.0,1964.6
零售,604425,10021858,14062741,9,HLB-f488bb3c-eeaa-11f0-8cdb-0c42a112278c,TCL202604170005,3,2220.0,1964.6
零售,604425,10021858,14062741,16,HLB-f488bbdd-eeaa-11f0-8cdb-0c42a112278c,TCL202604170005,3,2220.0,1964.6
零售,604425,10021858,14062741,4,HLB-f488bac5-eeaa-11f0-8cdb-0c42a112278c,TCL202604170005,3,2220.0,1964.6
零售,604425,10021858,14062741,3,HLB-f488baa9-eeaa-11f0-8cdb-0c42a112278c,TCL202604170005,3,2220.0,1964.6
零售,604425,10021858,14062741,15,HLB-f488bbc6-eeaa-11f0-8cdb-0c42a112278c,TCL202604170005,3,2220.0,1964.6
零售,604425,10021858,14062741,6,HLB-f488baf5-eeaa-11f0-8cdb-0c42a112278c,TCL202604170005,3,2220.0,1964.6
零售,604425,10021858,14062741,18,HLB-f488bc09-eeaa-11f0-8cdb-0c42a112278c,TCL202604170005,3,2220.0,1964.6
零售,604425,10021858,14062741,5,HLB-f488badc-eeaa-11f0-8cdb-0c42a112278c,TCL202604170005,3,2220.0,1964.6
零售,604425,10021858,14062741,17,HLB-f488bbf2-eeaa-11f0-8cdb-0c42a112278c,TCL202604170005,3,2220.0,1964.6
零售,604425,10021858,14266523,15,HLB-db50a283-03ff-11f1-8cdb-0c42a112278c,TCL202604170005,3,2220.0,1964.6
零售,604425,10021858,14266523,16,HLB-db50a29c-03ff-11f1-8cdb-0c42a112278c,TCL202604170005,3,2220.0,1964.6
零售,604425,10021858,14266523,17,HLB-db50a2b3-03ff-11f1-8cdb-0c42a112278c,TCL202604170005,3,2220.0,1964.6
零售,604425,10021858,14266523,18,HLB-db50a2cc-03ff-11f1-8cdb-0c42a112278c,TCL202604170005,3,2220.0,1964.6
零售,604425,10021858,14266523,19,HLB-db50a2e2-03ff-11f1-8cdb-0c42a112278c,TCL202604170005,3,2220.0,1964.6
零售,604425,10021858,14266523,20,HLB-db50a2fb-03ff-11f1-8cdb-0c42a112278c,TCL202604170005,3,2220.0,1964.6
零售,604425,10021858,14266523,21,HLB-db50a30f-03ff-11f1-8cdb-0c42a112278c,TCL202604170005,3,2220.0,1964.6
零售,604425,10021858,14266523,22,HLB-db50a323-03ff-11f1-8cdb-0c42a112278c,TCL202604170005,3,2220.0,1964.6
零售,604425,10021858,14085653,6,HLB-f8ee3551-f10c-11f0-8cdb-0c42a112278c,TCL202604170005,3,2220.0,1964.6
零售,604425,10021858,14085653,5,HLB-f8ee350e-f10c-11f0-8cdb-0c42a112278c,TCL202604170005,3,2220.0,1964.6
零售,604425,10021858,14085653,8,HLB-f8ee359c-f10c-11f0-8cdb-0c42a112278c,TCL202604170005,3,2220.0,1964.6
零售,604425,10021858,14085653,7,HLB-f8ee3576-f10c-11f0-8cdb-0c42a112278c,TCL202604170005,3,2220.0,1964.6
零售,604425,10021858,14085653,4,HLB-f8ee34e8-f10c-11f0-8cdb-0c42a112278c,TCL202604170005,3,2220.0,1964.6
零售,604425,10021858,14085653,19,HLB-f8ee36b6-f10c-11f0-8cdb-0c42a112278c,TCL202604170005,3,2220.0,1964.6
零售,604425,10021858,14085653,18,HLB-f8ee36a1-f10c-11f0-8cdb-0c42a112278c,TCL202604170005,3,2220.0,1964.6
零售,604425,10021858,14085653,20,HLB-f8ee36cb-f10c-11f0-8cdb-0c42a112278c,TCL202604170005,3,2220.0,1964.6
零售,604425,10021858,14085653,2,HLB-f8ee34b1-f10c-11f0-8cdb-0c42a112278c,TCL202604170005,3,2220.0,1964.6
零售,604425,10021858,14085653,13,HLB-f8ee3630-f10c-11f0-8cdb-0c42a112278c,TCL202604170005,3,2220.0,1964.6
零售,604425,10021858,14266523,14,HLB-db50a26e-03ff-11f1-8cdb-0c42a112278c,TCL202604170005,3,2220.0,1964.6
零售,604425,10021858,14085653,1,HLB-f8ee3496-f10c-11f0-8cdb-0c42a112278c,TCL202604170005,3,2220.0,1964.6
零售,604425,10021858,14085653,3,HLB-f8ee34cc-f10c-11f0-8cdb-0c42a112278c,TCL202604170005,3,2220.0,1964.6
零售,604425,10021858,14085653,10,HLB-f8ee35ec-f10c-11f0-8cdb-0c42a112278c,TCL202604170005,3,2220.0,1964.6
零售,604425,10021858,14085653,9,HLB-f8ee35c2-f10c-11f0-8cdb-0c42a112278c,TCL202604170005,3,2220.0,1964.6
零售,604425,10021858,14085653,12,HLB-f8ee361b-f10c-11f0-8cdb-0c42a112278c,TCL202604170005,3,2220.0,1964.6
零售,604425,10021858,14085653,11,HLB-f8ee3604-f10c-11f0-8cdb-0c42a112278c,TCL202604170005,3,2220.0,1964.6
零售,604425,10021858,14085653,15,HLB-f8ee365b-f10c-11f0-8cdb-0c42a112278c,TCL202604170005,3,2220.0,1964.6
零售,604425,10021858,14085653,14,HLB-f8ee3646-f10c-11f0-8cdb-0c42a112278c,TCL202604170005,3,2220.0,1964.6
零售,604425,10021858,14085653,17,HLB-f8ee3689-f10c-11f0-8cdb-0c42a112278c,TCL202604170005,3,2220.0,1964.6
零售,604425,10021858,14085653,16,HLB-f8ee3670-f10c-11f0-8cdb-0c42a112278c,TCL202604170005,3,2220.0,1964.6
零售,604425,10021858,14200290,4,HLB-c15c0053-fcd4-11f0-8cdb-0c42a112278c,TCL202604170005,2,1710.0,1513.27
零售,604425,10021858,14200290,5,HLB-c15c0097-fcd4-11f0-8cdb-0c42a112278c,TCL202604170005,2,1710.0,1513.27
零售,604425,10021858,14200290,2,HLB-c15c0029-fcd4-11f0-8cdb-0c42a112278c,TCL202604170005,2,1710.0,1513.27
零售,604425,10021858,14200290,3,HLB-c15c003d-fcd4-11f0-8cdb-0c42a112278c,TCL202604170005,2,1710.0,1513.27
零售,604425,10021858,14200290,1,HLB-c15c0011-fcd4-11f0-8cdb-0c42a112278c,TCL202604170005,2,1710.0,1513.27
零售,604425,10021858,14200290,6,HLB-c15c00b2-fcd4-11f0-8cdb-0c42a112278c,TCL202604170005,2,1710.0,1513.27
零售,604425,10021858,14200290,7,HLB-c15c00c7-fcd4-11f0-8cdb-0c42a112278c,TCL202604170005,2,1710.0,1513.27
零售,604425,10021858,14200290,13,HLB-c15c0153-fcd4-11f0-8cdb-0c42a112278c,TCL202604170005,2,1710.0,1513.27
零售,604425,10021858,14200290,14,HLB-c15c0169-fcd4-11f0-8cdb-0c42a112278c,TCL202604170005,2,1710.0,1513.27
零售,604425,10021858,14200290,11,HLB-c15c0126-fcd4-11f0-8cdb-0c42a112278c,TCL202604170005,2,1710.0,1513.27
零售,604425,10021858,14200290,12,HLB-c15c013d-fcd4-11f0-8cdb-0c42a112278c,TCL202604170005,2,1710.0,1513.27
零售,604425,10021858,14200290,9,HLB-c15c00f9-fcd4-11f0-8cdb-0c42a112278c,TCL202604170005,2,1710.0,1513.27
零售,604425,10021858,14200290,10,HLB-c15c010f-fcd4-11f0-8cdb-0c42a112278c,TCL202604170005,2,1710.0,1513.27
零售,604425,10021858,14200290,8,HLB-c15c00df-fcd4-11f0-8cdb-0c42a112278c,TCL202604170005,2,1710.0,1513.27
零售,604425,10021858,14200290,21,HLB-c15c01f8-fcd4-11f0-8cdb-0c42a112278c,TCL202604170005,2,1710.0,1513.27
零售,604425,10021858,14200290,22,HLB-c15c020c-fcd4-11f0-8cdb-0c42a112278c,TCL202604170005,2,1710.0,1513.27
零售,604425,10021858,14200290,19,HLB-c15c01cf-fcd4-11f0-8cdb-0c42a112278c,TCL202604170005,2,1710.0,1513.27
零售,604425,10021858,14200290,20,HLB-c15c01e4-fcd4-11f0-8cdb-0c42a112278c,TCL202604170005,2,1710.0,1513.27
零售,604425,10021858,14200290,17,HLB-c15c01a8-fcd4-11f0-8cdb-0c42a112278c,TCL202604170005,2,1710.0,1513.27
零售,604425,10021858,14200290,18,HLB-c15c01bc-fcd4-11f0-8cdb-0c42a112278c,TCL202604170005,2,1710.0,1513.27
零售,604425,10021858,14200290,15,HLB-c15c017d-fcd4-11f0-8cdb-0c42a112278c,TCL202604170005,2,1710.0,1513.27
零售,604425,10021858,14200290,16,HLB-c15c0193-fcd4-11f0-8cdb-0c42a112278c,TCL202604170005,2,1710.0,1513.27
零售,604425,10021858,14200290,25,HLB-c15c0249-fcd4-11f0-8cdb-0c42a112278c,TCL202604170005,2,1710.0,1513.27
零售,604425,10021858,14200290,23,HLB-c15c021f-fcd4-11f0-8cdb-0c42a112278c,TCL202604170005,2,1710.0,1513.27
零售,604425,10021858,14200290,24,HLB-c15c0235-fcd4-11f0-8cdb-0c42a112278c,TCL202604170005,2,1710.0,1513.27
零售,604425,10021858,14047619,45,HLB-b1eee5aa-ed03-11f0-8cdb-0c42a112278c,TCL202604170005,1,1260.0,1115.04
零售,604425,10021858,14047619,57,HLB-b1eee6a4-ed03-11f0-8cdb-0c42a112278c,TCL202604170005,1,1260.0,1115.04
零售,604425,10021858,14047619,44,HLB-b1eee595-ed03-11f0-8cdb-0c42a112278c,TCL202604170005,1,1260.0,1115.04
零售,604425,10021858,14047619,56,HLB-b1eee690-ed03-11f0-8cdb-0c42a112278c,TCL202604170005,1,1260.0,1115.04
零售,604425,10021858,14047619,60,HLB-b1eee6df-ed03-11f0-8cdb-0c42a112278c,TCL202604170005,1,1260.0,1115.04
零售,604425,10021858,14047619,59,HLB-b1eee6cb-ed03-11f0-8cdb-0c42a112278c,TCL202604170005,1,1260.0,1115.04
零售,604425,10021858,14047619,58,HLB-b1eee6b7-ed03-11f0-8cdb-0c42a112278c,TCL202604170005,1,1260.0,1115.04
零售,604425,10021858,14181826,27,HLB-ee53ff11-fb29-11f0-8cdb-0c42a112278c,TCL202604170005,1,1260.0,1115.04
零售,604425,10021858,14181826,26,HLB-ee53fefa-fb29-11f0-8cdb-0c42a112278c,TCL202604170005,1,1260.0,1115.04
零售,604425,10021858,14181826,28,HLB-ee53ff27-fb29-11f0-8cdb-0c42a112278c,TCL202604170005,1,1260.0,1115.04
零售,604425,10021858,14200820,49,HLB-d2e51bac-fcd8-11f0-8cdb-0c42a112278c,TCL202604170005,1,1260.0,1115.04
零售,604425,10021858,14200820,48,HLB-d2e51b98-fcd8-11f0-8cdb-0c42a112278c,TCL202604170005,1,1260.0,1115.04
零售,604425,10021858,14200820,47,HLB-d2e51b84-fcd8-11f0-8cdb-0c42a112278c,TCL202604170005,1,1260.0,1115.04
零售,604425,10021858,14200820,45,HLB-d2e51b5d-fcd8-11f0-8cdb-0c42a112278c,TCL202604170005,1,1260.0,1115.04
零售,604425,10021858,14047620,39,HLB-b21d2aab-ed03-11f0-8cdb-0c42a112278c,TCL202604170005,1,1260.0,1115.04
零售,604425,10021858,14047620,44,HLB-b21d2b4c-ed03-11f0-8cdb-0c42a112278c,TCL202604170005,1,1260.0,1115.04
零售,604425,10021858,14047620,45,HLB-b21d2b61-ed03-11f0-8cdb-0c42a112278c,TCL202604170005,1,1260.0,1115.04
零售,604425,10021858,14047620,46,HLB-b21d2b9c-ed03-11f0-8cdb-0c42a112278c,TCL202604170005,1,1260.0,1115.04
零售,604425,10021858,14047620,47,HLB-b21d2bb9-ed03-11f0-8cdb-0c42a112278c,TCL202604170005,1,1260.0,1115.04
零售,604425,10021858,14047620,40,HLB-b21d2ac1-ed03-11f0-8cdb-0c42a112278c,TCL202604170005,1,1260.0,1115.04
零售,604425,10021858,14047620,41,HLB-b21d2b07-ed03-11f0-8cdb-0c42a112278c,TCL202604170005,1,1260.0,1115.04
零售,604425,10021858,14047620,42,HLB-b21d2b23-ed03-11f0-8cdb-0c42a112278c,TCL202604170005,1,1260.0,1115.04
零售,604425,10021858,14047620,43,HLB-b21d2b38-ed03-11f0-8cdb-0c42a112278c,TCL202604170005,1,1260.0,1115.04
零售,604425,10021858,14047620,52,HLB-b21d2c26-ed03-11f0-8cdb-0c42a112278c,TCL202604170005,1,1260.0,1115.04
零售,604425,10021858,14047620,53,HLB-b21d2c3b-ed03-11f0-8cdb-0c42a112278c,TCL202604170005,1,1260.0,1115.04
零售,604425,10021858,14047620,54,HLB-b21d2c4f-ed03-11f0-8cdb-0c42a112278c,TCL202604170005,1,1260.0,1115.04
零售,604425,10021858,14047620,55,HLB-b21d2c64-ed03-11f0-8cdb-0c42a112278c,TCL202604170005,1,1260.0,1115.04
零售,604425,10021858,14047620,48,HLB-b21d2bcd-ed03-11f0-8cdb-0c42a112278c,TCL202604170005,1,1260.0,1115.04
零售,604425,10021858,14047620,49,HLB-b21d2be5-ed03-11f0-8cdb-0c42a112278c,TCL202604170005,1,1260.0,1115.04
零售,604425,10021858,14047620,50,HLB-b21d2bfb-ed03-11f0-8cdb-0c42a112278c,TCL202604170005,1,1260.0,1115.04
零售,604425,10021858,14047620,51,HLB-b21d2c10-ed03-11f0-8cdb-0c42a112278c,TCL202604170005,1,1260.0,1115.04
零售,604425,10021858,14047620,60,HLB-b21d2cd0-ed03-11f0-8cdb-0c42a112278c,TCL202604170005,1,1260.0,1115.04
零售,604425,10021858,14047620,56,HLB-b21d2c79-ed03-11f0-8cdb-0c42a112278c,TCL202604170005,1,1260.0,1115.04
零售,604425,10021858,14047620,57,HLB-b21d2c8f-ed03-11f0-8cdb-0c42a112278c,TCL202604170005,1,1260.0,1115.04
零售,604425,10021858,14047620,58,HLB-b21d2ca7-ed03-11f0-8cdb-0c42a112278c,TCL202604170005,1,1260.0,1115.04
零售,604425,10021858,14047620,59,HLB-b21d2cbc-ed03-11f0-8cdb-0c42a112278c,TCL202604170005,1,1260.0,1115.04
零售,604425,10021858,14047620,35,HLB-b21d2a47-ed03-11f0-8cdb-0c42a112278c,TCL202604170005,1,1260.0,1115.04
零售,604425,10021858,14047620,36,HLB-b21d2a61-ed03-11f0-8cdb-0c42a112278c,TCL202604170005,1,1260.0,1115.04
零售,604425,10021858,14047620,37,HLB-b21d2a7a-ed03-11f0-8cdb-0c42a112278c,TCL202604170005,1,1260.0,1115.04
零售,604425,10021858,14047620,38,HLB-b21d2a92-ed03-11f0-8cdb-0c42a112278c,TCL202604170005,1,1260.0,1115.04
零售,604425,10021858,14047620,31,HLB-b21d29cd-ed03-11f0-8cdb-0c42a112278c,TCL202604170005,1,1260.0,1115.04
零售,604425,10021858,14047620,32,HLB-b21d29e9-ed03-11f0-8cdb-0c42a112278c,TCL202604170005,1,1260.0,1115.04
零售,604425,10021858,14047620,33,HLB-b21d2a09-ed03-11f0-8cdb-0c42a112278c,TCL202604170005,1,1260.0,1115.04
零售,604425,10021858,14047620,34,HLB-b21d2a2b-ed03-11f0-8cdb-0c42a112278c,TCL202604170005,1,1260.0,1115.04
零售,604425,10021858,14200922,32,HLB-a856e5dc-fcd9-11f0-8cdb-0c42a112278c,TCL202604170005,1,1260.0,1115.04
零售,604425,10021858,14200922,44,HLB-a856e6df-fcd9-11f0-8cdb-0c42a112278c,TCL202604170005,1,1260.0,1115.04
零售,604425,10021858,14200922,33,HLB-a856e5f2-fcd9-11f0-8cdb-0c42a112278c,TCL202604170005,1,1260.0,1115.04
零售,604425,10021858,14200922,45,HLB-a856e6f4-fcd9-11f0-8cdb-0c42a112278c,TCL202604170005,1,1260.0,1115.04
零售,604425,10021858,14200922,30,HLB-a856e5b3-fcd9-11f0-8cdb-0c42a112278c,TCL202604170005,1,1260.0,1115.04
零售,604425,10021858,14200922,42,HLB-a856e6b6-fcd9-11f0-8cdb-0c42a112278c,TCL202604170005,1,1260.0,1115.04
零售,604425,10021858,14200922,31,HLB-a856e5c8-fcd9-11f0-8cdb-0c42a112278c,TCL202604170005,1,1260.0,1115.04
零售,604425,10021858,14200922,43,HLB-a856e6ca-fcd9-11f0-8cdb-0c42a112278c,TCL202604170005,1,1260.0,1115.04
零售,604425,10021858,14200922,28,HLB-a856e586-fcd9-11f0-8cdb-0c42a112278c,TCL202604170005,1,1260.0,1115.04
零售,604425,10021858,14200922,40,HLB-a856e68c-fcd9-11f0-8cdb-0c42a112278c,TCL202604170005,1,1260.0,1115.04
零售,604425,10021858,14200922,29,HLB-a856e59f-fcd9-11f0-8cdb-0c42a112278c,TCL202604170005,1,1260.0,1115.04
零售,604425,10021858,14200922,41,HLB-a856e6a1-fcd9-11f0-8cdb-0c42a112278c,TCL202604170005,1,1260.0,1115.04
零售,604425,10021858,14200922,26,HLB-a856e556-fcd9-11f0-8cdb-0c42a112278c,TCL202604170005,1,1260.0,1115.04
零售,604425,10021858,14200922,27,HLB-a856e56c-fcd9-11f0-8cdb-0c42a112278c,TCL202604170005,1,1260.0,1115.04
零售,604425,10021858,14200922,38,HLB-a856e662-fcd9-11f0-8cdb-0c42a112278c,TCL202604170005,1,1260.0,1115.04
零售,604425,10021858,14200922,39,HLB-a856e676-fcd9-11f0-8cdb-0c42a112278c,TCL202604170005,1,1260.0,1115.04
零售,604425,10021858,14200922,36,HLB-a856e632-fcd9-11f0-8cdb-0c42a112278c,TCL202604170005,1,1260.0,1115.04
零售,604425,10021858,14200922,48,HLB-a856e731-fcd9-11f0-8cdb-0c42a112278c,TCL202604170005,1,1260.0,1115.04
零售,604425,10021858,14200922,37,HLB-a856e649-fcd9-11f0-8cdb-0c42a112278c,TCL202604170005,1,1260.0,1115.04
零售,604425,10021858,14200922,49,HLB-a856e744-fcd9-11f0-8cdb-0c42a112278c,TCL202604170005,1,1260.0,1115.04
零售,604425,10021858,14200922,34,HLB-a856e606-fcd9-11f0-8cdb-0c42a112278c,TCL202604170005,1,1260.0,1115.04
零售,604425,10021858,14200922,46,HLB-a856e707-fcd9-11f0-8cdb-0c42a112278c,TCL202604170005,1,1260.0,1115.04
零售,604425,10021858,14181826,36,HLB-ee53ffd1-fb29-11f0-8cdb-0c42a112278c,TCL202604170005,1,1260.0,1115.04
零售,604425,10021858,14200922,35,HLB-a856e61c-fcd9-11f0-8cdb-0c42a112278c,TCL202604170005,1,1260.0,1115.04
零售,604425,10021858,14200922,47,HLB-a856e71c-fcd9-11f0-8cdb-0c42a112278c,TCL202604170005,1,1260.0,1115.04
零售,604425,10021858,14200795,26,HLB-a009b4a8-fcd8-11f0-8cdb-0c42a112278c,TCL202604170005,1,1260.0,1115.04
零售,604425,10021858,14200922,50,HLB-a856e75a-fcd9-11f0-8cdb-0c42a112278c,TCL202604170005,1,1260.0,1115.04
零售,604425,10021858,14200795,32,HLB-a009b534-fcd8-11f0-8cdb-0c42a112278c,TCL202604170005,1,1260.0,1115.04
零售,604425,10021858,14200795,31,HLB-a009b51d-fcd8-11f0-8cdb-0c42a112278c,TCL202604170005,1,1260.0,1115.04
零售,604425,10021858,14200795,30,HLB-a009b506-fcd8-11f0-8cdb-0c42a112278c,TCL202604170005,1,1260.0,1115.04
零售,604425,10021858,14200795,29,HLB-a009b4ee-fcd8-11f0-8cdb-0c42a112278c,TCL202604170005,1,1260.0,1115.04
零售,604425,10021858,14200795,28,HLB-a009b4d6-fcd8-11f0-8cdb-0c42a112278c,TCL202604170005,1,1260.0,1115.04
零售,604425,10021858,14200795,27,HLB-a009b4bf-fcd8-11f0-8cdb-0c42a112278c,TCL202604170005,1,1260.0,1115.04
零售,604425,10021858,14200795,35,HLB-a009b57a-fcd8-11f0-8cdb-0c42a112278c,TCL202604170005,1,1260.0,1115.04
零售,604425,10021858,14200795,34,HLB-a009b562-fcd8-11f0-8cdb-0c42a112278c,TCL202604170005,1,1260.0,1115.04
零售,604425,10021858,14200795,33,HLB-a009b54d-fcd8-11f0-8cdb-0c42a112278c,TCL202604170005,1,1260.0,1115.04
零售,604425,10021858,14200795,43,HLB-a009b631-fcd8-11f0-8cdb-0c42a112278c,TCL202604170005,1,1260.0,1115.04
零售,604425,10021858,14200795,42,HLB-a009b61b-fcd8-11f0-8cdb-0c42a112278c,TCL202604170005,1,1260.0,1115.04
零售,604425,10021858,14200795,41,HLB-a009b604-fcd8-11f0-8cdb-0c42a112278c,TCL202604170005,1,1260.0,1115.04
零售,604425,10021858,14200795,40,HLB-a009b5f0-fcd8-11f0-8cdb-0c42a112278c,TCL202604170005,1,1260.0,1115.04
零售,604425,10021858,14200795,39,HLB-a009b5dc-fcd8-11f0-8cdb-0c42a112278c,TCL202604170005,1,1260.0,1115.04
零售,604425,10021858,14200795,38,HLB-a009b5c3-fcd8-11f0-8cdb-0c42a112278c,TCL202604170005,1,1260.0,1115.04
零售,604425,10021858,14200795,37,HLB-a009b5ab-fcd8-11f0-8cdb-0c42a112278c,TCL202604170005,1,1260.0,1115.04
零售,604425,10021858,14200795,36,HLB-a009b595-fcd8-11f0-8cdb-0c42a112278c,TCL202604170005,1,1260.0,1115.04
零售,604425,10021858,14200795,50,HLB-a009b6cb-fcd8-11f0-8cdb-0c42a112278c,TCL202604170005,1,1260.0,1115.04
零售,604425,10021858,14200795,49,HLB-a009b6b4-fcd8-11f0-8cdb-0c42a112278c,TCL202604170005,1,1260.0,1115.04
零售,604425,10021858,14200795,48,HLB-a009b69f-fcd8-11f0-8cdb-0c42a112278c,TCL202604170005,1,1260.0,1115.04
零售,604425,10021858,14200795,47,HLB-a009b68a-fcd8-11f0-8cdb-0c42a112278c,TCL202604170005,1,1260.0,1115.04
零售,604425,10021858,14200795,46,HLB-a009b675-fcd8-11f0-8cdb-0c42a112278c,TCL202604170005,1,1260.0,1115.04
零售,604425,10021858,14200795,45,HLB-a009b661-fcd8-11f0-8cdb-0c42a112278c,TCL202604170005,1,1260.0,1115.04
零售,604425,10021858,14200795,44,HLB-a009b64b-fcd8-11f0-8cdb-0c42a112278c,TCL202604170005,1,1260.0,1115.04
零售,604425,10021858,14047621,60,HLB-b246f04d-ed03-11f0-8cdb-0c42a112278c,TCL202604170005,1,1260.0,1115.04
零售,604425,10021858,14096381,24,HLB-2531c51a-f275-11f0-8cdb-0c42a112278c,TCL202604170005,1,1260.0,1115.04
零售,604425,10021858,14096381,23,HLB-2531c507-f275-11f0-8cdb-0c42a112278c,TCL202604170005,1,1260.0,1115.04
零售,604425,10021858,14096381,22,HLB-2531c4f1-f275-11f0-8cdb-0c42a112278c,TCL202604170005,1,1260.0,1115.04
零售,604425,10021858,14096381,21,HLB-2531c4dd-f275-11f0-8cdb-0c42a112278c,TCL202604170005,1,1260.0,1115.04
零售,604425,10021858,14096381,28,HLB-2531c56a-f275-11f0-8cdb-0c42a112278c,TCL202604170005,1,1260.0,1115.04
零售,604425,10021858,14096381,27,HLB-2531c556-f275-11f0-8cdb-0c42a112278c,TCL202604170005,1,1260.0,1115.04
零售,604425,10021858,14096381,26,HLB-2531c542-f275-11f0-8cdb-0c42a112278c,TCL202604170005,1,1260.0,1115.04
零售,604425,10021858,14096381,25,HLB-2531c52e-f275-11f0-8cdb-0c42a112278c,TCL202604170005,1,1260.0,1115.04
零售,604425,10021858,14047621,33,HLB-b246ed77-ed03-11f0-8cdb-0c42a112278c,TCL202604170005,1,1260.0,1115.04
零售,604425,10021858,14047621,32,HLB-b246ed5e-ed03-11f0-8cdb-0c42a112278c,TCL202604170005,1,1260.0,1115.04
零售,604425,10021858,14047621,31,HLB-b246ed2b-ed03-11f0-8cdb-0c42a112278c,TCL202604170005,1,1260.0,1115.04
零售,604425,10021858,14096381,30,HLB-2531c594-f275-11f0-8cdb-0c42a112278c,TCL202604170005,1,1260.0,1115.04
零售,604425,10021858,14096381,29,HLB-2531c57f-f275-11f0-8cdb-0c42a112278c,TCL202604170005,1,1260.0,1115.04
零售,604425,10021858,14047621,37,HLB-b246edef-ed03-11f0-8cdb-0c42a112278c,TCL202604170005,1,1260.0,1115.04
零售,604425,10021858,14047621,36,HLB-b246edd5-ed03-11f0-8cdb-0c42a112278c,TCL202604170005,1,1260.0,1115.04
零售,604425,10021858,14047621,35,HLB-b246eda8-ed03-11f0-8cdb-0c42a112278c,TCL202604170005,1,1260.0,1115.04
零售,604425,10021858,14047621,34,HLB-b246ed90-ed03-11f0-8cdb-0c42a112278c,TCL202604170005,1,1260.0,1115.04
零售,604425,10021858,14047621,41,HLB-b246ee53-ed03-11f0-8cdb-0c42a112278c,TCL202604170005,1,1260.0,1115.04
零售,604425,10021858,14047621,53,HLB-b246ef90-ed03-11f0-8cdb-0c42a112278c,TCL202604170005,1,1260.0,1115.04
零售,604425,10021858,14047621,40,HLB-b246ee3c-ed03-11f0-8cdb-0c42a112278c,TCL202604170005,1,1260.0,1115.04
零售,604425,10021858,14047621,52,HLB-b246ef7b-ed03-11f0-8cdb-0c42a112278c,TCL202604170005,1,1260.0,1115.04
零售,604425,10021858,14047621,39,HLB-b246ee23-ed03-11f0-8cdb-0c42a112278c,TCL202604170005,1,1260.0,1115.04
零售,604425,10021858,14047621,51,HLB-b246ef67-ed03-11f0-8cdb-0c42a112278c,TCL202604170005,1,1260.0,1115.04
零售,604425,10021858,14047621,38,HLB-b246ee09-ed03-11f0-8cdb-0c42a112278c,TCL202604170005,1,1260.0,1115.04
零售,604425,10021858,14047621,50,HLB-b246ef4c-ed03-11f0-8cdb-0c42a112278c,TCL202604170005,1,1260.0,1115.04
零售,604425,10021858,14047621,45,HLB-b246eed8-ed03-11f0-8cdb-0c42a112278c,TCL202604170005,1,1260.0,1115.04
零售,604425,10021858,14047621,57,HLB-b246effb-ed03-11f0-8cdb-0c42a112278c,TCL202604170005,1,1260.0,1115.04
零售,604425,10021858,14047621,44,HLB-b246eebd-ed03-11f0-8cdb-0c42a112278c,TCL202604170005,1,1260.0,1115.04
零售,604425,10021858,14047621,56,HLB-b246efe3-ed03-11f0-8cdb-0c42a112278c,TCL202604170005,1,1260.0,1115.04
零售,604425,10021858,14047621,43,HLB-b246ee9e-ed03-11f0-8cdb-0c42a112278c,TCL202604170005,1,1260.0,1115.04
零售,604425,10021858,14047621,55,HLB-b246efcf-ed03-11f0-8cdb-0c42a112278c,TCL202604170005,1,1260.0,1115.04
零售,604425,10021858,14047621,42,HLB-b246ee85-ed03-11f0-8cdb-0c42a112278c,TCL202604170005,1,1260.0,1115.04
零售,604425,10021858,14047621,54,HLB-b246efb8-ed03-11f0-8cdb-0c42a112278c,TCL202604170005,1,1260.0,1115.04
零售,604425,10021858,14047621,49,HLB-b246ef36-ed03-11f0-8cdb-0c42a112278c,TCL202604170005,1,1260.0,1115.04
零售,604425,10021858,14047621,48,HLB-b246ef1d-ed03-11f0-8cdb-0c42a112278c,TCL202604170005,1,1260.0,1115.04
零售,604425,10021858,14047621,59,HLB-b246f038-ed03-11f0-8cdb-0c42a112278c,TCL202604170005,1,1260.0,1115.04
零售,604425,10021858,14047621,47,HLB-b246ef05-ed03-11f0-8cdb-0c42a112278c,TCL202604170005,1,1260.0,1115.04
零售,604425,10021858,14047621,46,HLB-b246eeee-ed03-11f0-8cdb-0c42a112278c,TCL202604170005,1,1260.0,1115.04
零售,604425,10021858,14047621,58,HLB-b246f022-ed03-11f0-8cdb-0c42a112278c,TCL202604170005,1,1260.0,1115.04
零售,604425,10021858,14096381,11,HLB-2531c40d-f275-11f0-8cdb-0c42a112278c,TCL202604170005,1,1260.0,1115.04
零售,604425,10021858,14096381,15,HLB-2531c461-f275-11f0-8cdb-0c42a112278c,TCL202604170005,1,1260.0,1115.04
零售,604425,10021858,14181826,35,HLB-ee53ffbe-fb29-11f0-8cdb-0c42a112278c,TCL202604170005,1,1260.0,1115.04
零售,604425,10021858,14181826,34,HLB-ee53ffa8-fb29-11f0-8cdb-0c42a112278c,TCL202604170005,1,1260.0,1115.04
零售,604425,10021858,14181826,33,HLB-ee53ff91-fb29-11f0-8cdb-0c42a112278c,TCL202604170005,1,1260.0,1115.04
零售,604425,10021858,14096381,3,HLB-2531c359-f275-11f0-8cdb-0c42a112278c,TCL202604170005,1,1260.0,1115.04
零售,604425,10021858,14096381,14,HLB-2531c44c-f275-11f0-8cdb-0c42a112278c,TCL202604170005,1,1260.0,1115.04
零售,604425,10021858,14096381,2,HLB-2531c334-f275-11f0-8cdb-0c42a112278c,TCL202604170005,1,1260.0,1115.04
零售,604425,10021858,14096381,1,HLB-2531c2e2-f275-11f0-8cdb-0c42a112278c,TCL202604170005,1,1260.0,1115.04
零售,604425,10021858,14096381,13,HLB-2531c437-f275-11f0-8cdb-0c42a112278c,TCL202604170005,1,1260.0,1115.04
零售,604425,10021858,14096381,12,HLB-2531c421-f275-11f0-8cdb-0c42a112278c,TCL202604170005,1,1260.0,1115.04
零售,604425,10021858,14096381,7,HLB-2531c3b8-f275-11f0-8cdb-0c42a112278c,TCL202604170005,1,1260.0,1115.04
零售,604425,10021858,14096381,19,HLB-2531c4b3-f275-11f0-8cdb-0c42a112278c,TCL202604170005,1,1260.0,1115.04
零售,604425,10021858,14096381,6,HLB-2531c3a0-f275-11f0-8cdb-0c42a112278c,TCL202604170005,1,1260.0,1115.04
零售,604425,10021858,14096381,18,HLB-2531c49e-f275-11f0-8cdb-0c42a112278c,TCL202604170005,1,1260.0,1115.04
零售,604425,10021858,14096381,5,HLB-2531c389-f275-11f0-8cdb-0c42a112278c,TCL202604170005,1,1260.0,1115.04
零售,604425,10021858,14096381,17,HLB-2531c48a-f275-11f0-8cdb-0c42a112278c,TCL202604170005,1,1260.0,1115.04
零售,604425,10021858,14096381,4,HLB-2531c36e-f275-11f0-8cdb-0c42a112278c,TCL202604170005,1,1260.0,1115.04
零售,604425,10021858,14096381,16,HLB-2531c474-f275-11f0-8cdb-0c42a112278c,TCL202604170005,1,1260.0,1115.04
零售,604425,10021858,14096381,10,HLB-2531c3f8-f275-11f0-8cdb-0c42a112278c,TCL202604170005,1,1260.0,1115.04
零售,604425,10021858,14096381,8,HLB-2531c3cc-f275-11f0-8cdb-0c42a112278c,TCL202604170005,1,1260.0,1115.04
零售,604425,10021858,14096381,20,HLB-2531c4c8-f275-11f0-8cdb-0c42a112278c,TCL202604170005,1,1260.0,1115.04
零售,604425,10021858,14181826,32,HLB-ee53ff7c-fb29-11f0-8cdb-0c42a112278c,TCL202604170005,1,1260.0,1115.04
零售,604425,10021858,14087129,29,HLB-61daae30-f11b-11f0-8cdb-0c42a112278c,TCL202604170005,1,1260.0,1115.04
零售,604425,10021858,14181826,31,HLB-ee53ff68-fb29-11f0-8cdb-0c42a112278c,TCL202604170005,1,1260.0,1115.04
零售,604425,10021858,14087129,30,HLB-61daae46-f11b-11f0-8cdb-0c42a112278c,TCL202604170005,1,1260.0,1115.04
零售,604425,10021858,14181826,30,HLB-ee53ff52-fb29-11f0-8cdb-0c42a112278c,TCL202604170005,1,1260.0,1115.04
零售,604425,10021858,14087129,31,HLB-61daae5a-f11b-11f0-8cdb-0c42a112278c,TCL202604170005,1,1260.0,1115.04
零售,604425,10021858,14181826,29,HLB-ee53ff3d-fb29-11f0-8cdb-0c42a112278c,TCL202604170005,1,1260.0,1115.04
零售,604425,10021858,14087129,32,HLB-61daae84-f11b-11f0-8cdb-0c42a112278c,TCL202604170005,1,1260.0,1115.04
零售,604425,10021858,14181826,44,HLB-ee54007b-fb29-11f0-8cdb-0c42a112278c,TCL202604170005,1,1260.0,1115.04
零售,604425,10021858,14087129,33,HLB-61daae9a-f11b-11f0-8cdb-0c42a112278c,TCL202604170005,1,1260.0,1115.04
零售,604425,10021858,14181826,43,HLB-ee540064-fb29-11f0-8cdb-0c42a112278c,TCL202604170005,1,1260.0,1115.04
零售,604425,10021858,14087129,34,HLB-61daaeb0-f11b-11f0-8cdb-0c42a112278c,TCL202604170005,1,1260.0,1115.04
零售,604425,10021858,14181826,42,HLB-ee540051-fb29-11f0-8cdb-0c42a112278c,TCL202604170005,1,1260.0,1115.04
零售,604425,10021858,14087129,35,HLB-61daaec5-f11b-11f0-8cdb-0c42a112278c,TCL202604170005,1,1260.0,1115.04
零售,604425,10021858,14181826,41,HLB-ee54003d-fb29-11f0-8cdb-0c42a112278c,TCL202604170005,1,1260.0,1115.04
零售,604425,10021858,14181826,40,HLB-ee540027-fb29-11f0-8cdb-0c42a112278c,TCL202604170005,1,1260.0,1115.04
零售,604425,10021858,14181826,39,HLB-ee540012-fb29-11f0-8cdb-0c42a112278c,TCL202604170005,1,1260.0,1115.04
零售,604425,10021858,14181826,38,HLB-ee53fffe-fb29-11f0-8cdb-0c42a112278c,TCL202604170005,1,1260.0,1115.04
零售,604425,10021858,14181826,37,HLB-ee53ffe6-fb29-11f0-8cdb-0c42a112278c,TCL202604170005,1,1260.0,1115.04
零售,604425,10021858,14181826,50,HLB-ee5400f5-fb29-11f0-8cdb-0c42a112278c,TCL202604170005,1,1260.0,1115.04
零售,604425,10021858,14181826,49,HLB-ee5400e0-fb29-11f0-8cdb-0c42a112278c,TCL202604170005,1,1260.0,1115.04
零售,604425,10021858,14062741,29,HLB-f488bd0c-eeaa-11f0-8cdb-0c42a112278c,TCL202604170005,1,1260.0,1115.04
零售,604425,10021858,14181826,48,HLB-ee5400cc-fb29-11f0-8cdb-0c42a112278c,TCL202604170005,1,1260.0,1115.04
零售,604425,10021858,14062741,28,HLB-f488bcf6-eeaa-11f0-8cdb-0c42a112278c,TCL202604170005,1,1260.0,1115.04
零售,604425,10021858,14181826,47,HLB-ee5400b7-fb29-11f0-8cdb-0c42a112278c,TCL202604170005,1,1260.0,1115.04
零售,604425,10021858,14181826,46,HLB-ee5400a5-fb29-11f0-8cdb-0c42a112278c,TCL202604170005,1,1260.0,1115.04
零售,604425,10021858,14062741,30,HLB-f488bd23-eeaa-11f0-8cdb-0c42a112278c,TCL202604170005,1,1260.0,1115.04
零售,604425,10021858,14181826,45,HLB-ee540091-fb29-11f0-8cdb-0c42a112278c,TCL202604170005,1,1260.0,1115.04
零售,604425,10021858,14062741,27,HLB-f488bcdf-eeaa-11f0-8cdb-0c42a112278c,TCL202604170005,1,1260.0,1115.04
零售,604425,10021858,14062741,26,HLB-f488bcc9-eeaa-11f0-8cdb-0c42a112278c,TCL202604170005,1,1260.0,1115.04
零售,604425,10021858,14087129,26,HLB-61daadbd-f11b-11f0-8cdb-0c42a112278c,TCL202604170005,1,1260.0,1115.04
零售,604425,10021858,14087129,27,HLB-61daae04-f11b-11f0-8cdb-0c42a112278c,TCL202604170005,1,1260.0,1115.04
零售,604425,10021858,14087129,28,HLB-61daae1a-f11b-11f0-8cdb-0c42a112278c,TCL202604170005,1,1260.0,1115.04
零售,604425,10021858,14200820,31,HLB-d2e51a39-fcd8-11f0-8cdb-0c42a112278c,TCL202604170005,1,1260.0,1115.04
零售,604425,10021858,14200820,30,HLB-d2e51a24-fcd8-11f0-8cdb-0c42a112278c,TCL202604170005,1,1260.0,1115.04
零售,604425,10021858,14200820,29,HLB-d2e51a0f-fcd8-11f0-8cdb-0c42a112278c,TCL202604170005,1,1260.0,1115.04
零售,604425,10021858,14200820,28,HLB-d2e519fb-fcd8-11f0-8cdb-0c42a112278c,TCL202604170005,1,1260.0,1115.04
零售,604425,10021858,14200820,27,HLB-d2e519e8-fcd8-11f0-8cdb-0c42a112278c,TCL202604170005,1,1260.0,1115.04
零售,604425,10021858,14200820,26,HLB-d2e519d3-fcd8-11f0-8cdb-0c42a112278c,TCL202604170005,1,1260.0,1115.04
零售,604425,10021858,14200820,39,HLB-d2e51add-fcd8-11f0-8cdb-0c42a112278c,TCL202604170005,1,1260.0,1115.04
零售,604425,10021858,14317975,49,HLB-c221a5ff-178e-11f1-8cdb-0c42a112278c,TCL202604170005,1,1260.0,1115.04
零售,604425,10021858,14200820,38,HLB-d2e51ac8-fcd8-11f0-8cdb-0c42a112278c,TCL202604170005,1,1260.0,1115.04
零售,604425,10021858,14317975,48,HLB-c221a5e8-178e-11f1-8cdb-0c42a112278c,TCL202604170005,1,1260.0,1115.04
零售,604425,10021858,14200820,37,HLB-d2e51ab5-fcd8-11f0-8cdb-0c42a112278c,TCL202604170005,1,1260.0,1115.04
零售,604425,10021858,14200820,36,HLB-d2e51aa1-fcd8-11f0-8cdb-0c42a112278c,TCL202604170005,1,1260.0,1115.04
零售,604425,10021858,14317975,50,HLB-c236e182-178e-11f1-8cdb-0c42a112278c,TCL202604170005,1,1260.0,1115.04
零售,604425,10021858,14200820,35,HLB-d2e51a8d-fcd8-11f0-8cdb-0c42a112278c,TCL202604170005,1,1260.0,1115.04
零售,604425,10021858,14200820,34,HLB-d2e51a77-fcd8-11f0-8cdb-0c42a112278c,TCL202604170005,1,1260.0,1115.04
零售,604425,10021858,14200820,33,HLB-d2e51a63-fcd8-11f0-8cdb-0c42a112278c,TCL202604170005,1,1260.0,1115.04
零售,604425,10021858,14200820,32,HLB-d2e51a4e-fcd8-11f0-8cdb-0c42a112278c,TCL202604170005,1,1260.0,1115.04
零售,604425,10021858,14317975,41,HLB-c221a54e-178e-11f1-8cdb-0c42a112278c,TCL202604170005,1,1260.0,1115.04
零售,604425,10021858,14317975,40,HLB-c221a539-178e-11f1-8cdb-0c42a112278c,TCL202604170005,1,1260.0,1115.04
零售,604425,10021858,14317975,43,HLB-c221a57f-178e-11f1-8cdb-0c42a112278c,TCL202604170005,1,1260.0,1115.04
零售,604425,10021858,14200820,44,HLB-d2e51b48-fcd8-11f0-8cdb-0c42a112278c,TCL202604170005,1,1260.0,1115.04
零售,604425,10021858,14317975,42,HLB-c221a567-178e-11f1-8cdb-0c42a112278c,TCL202604170005,1,1260.0,1115.04
零售,604425,10021858,14200820,43,HLB-d2e51b33-fcd8-11f0-8cdb-0c42a112278c,TCL202604170005,1,1260.0,1115.04
零售,604425,10021858,14317975,45,HLB-c221a5ab-178e-11f1-8cdb-0c42a112278c,TCL202604170005,1,1260.0,1115.04
零售,604425,10021858,14200820,42,HLB-d2e51b1e-fcd8-11f0-8cdb-0c42a112278c,TCL202604170005,1,1260.0,1115.04
零售,604425,10021858,14317975,44,HLB-c221a595-178e-11f1-8cdb-0c42a112278c,TCL202604170005,1,1260.0,1115.04
零售,604425,10021858,14200820,41,HLB-d2e51b09-fcd8-11f0-8cdb-0c42a112278c,TCL202604170005,1,1260.0,1115.04
零售,604425,10021858,14317975,47,HLB-c221a5d2-178e-11f1-8cdb-0c42a112278c,TCL202604170005,1,1260.0,1115.04
零售,604425,10021858,14200820,40,HLB-d2e51af1-fcd8-11f0-8cdb-0c42a112278c,TCL202604170005,1,1260.0,1115.04
零售,604425,10021858,14317975,46,HLB-c221a5be-178e-11f1-8cdb-0c42a112278c,TCL202604170005,1,1260.0,1115.04
零售,604425,10021858,14317975,33,HLB-c221a48a-178e-11f1-8cdb-0c42a112278c,TCL202604170005,1,1260.0,1115.04
零售,604425,10021858,14317975,32,HLB-c221a474-178e-11f1-8cdb-0c42a112278c,TCL202604170005,1,1260.0,1115.04
零售,604425,10021858,14317975,35,HLB-c221a4bd-178e-11f1-8cdb-0c42a112278c,TCL202604170005,1,1260.0,1115.04
零售,604425,10021858,14317975,34,HLB-c221a4a3-178e-11f1-8cdb-0c42a112278c,TCL202604170005,1,1260.0,1115.04
零售,604425,10021858,14317975,37,HLB-c221a4ec-178e-11f1-8cdb-0c42a112278c,TCL202604170005,1,1260.0,1115.04
零售,604425,10021858,14317975,36,HLB-c221a4d6-178e-11f1-8cdb-0c42a112278c,TCL202604170005,1,1260.0,1115.04
零售,604425,10021858,14317975,39,HLB-c221a524-178e-11f1-8cdb-0c42a112278c,TCL202604170005,1,1260.0,1115.04
零售,604425,10021858,14317975,38,HLB-c221a50b-178e-11f1-8cdb-0c42a112278c,TCL202604170005,1,1260.0,1115.04
零售,604425,10021858,14317975,27,HLB-c221a40c-178e-11f1-8cdb-0c42a112278c,TCL202604170005,1,1260.0,1115.04
零售,604425,10021858,14317975,26,HLB-c221a3f8-178e-11f1-8cdb-0c42a112278c,TCL202604170005,1,1260.0,1115.04
零售,604425,10021858,14317975,29,HLB-c221a433-178e-11f1-8cdb-0c42a112278c,TCL202604170005,1,1260.0,1115.04
零售,604425,10021858,14317975,28,HLB-c221a41f-178e-11f1-8cdb-0c42a112278c,TCL202604170005,1,1260.0,1115.04
零售,604425,10021858,14317975,31,HLB-c221a45d-178e-11f1-8cdb-0c42a112278c,TCL202604170005,1,1260.0,1115.04
零售,604425,10021858,14317975,30,HLB-c221a449-178e-11f1-8cdb-0c42a112278c,TCL202604170005,1,1260.0,1115.04
零售,604425,10021858,14266523,26,HLB-db50a37f-03ff-11f1-8cdb-0c42a112278c,TCL202604170005,1,1260.0,1115.04
零售,604425,10021858,14266523,27,HLB-db50a393-03ff-11f1-8cdb-0c42a112278c,TCL202604170005,1,1260.0,1115.04
零售,604425,10021858,14266523,28,HLB-db50a3aa-03ff-11f1-8cdb-0c42a112278c,TCL202604170005,1,1260.0,1115.04
零售,604425,10021858,14266523,29,HLB-db50a3c0-03ff-11f1-8cdb-0c42a112278c,TCL202604170005,1,1260.0,1115.04
零售,604425,10021858,14266523,30,HLB-db50a3d5-03ff-11f1-8cdb-0c42a112278c,TCL202604170005,1,1260.0,1115.04
零售,604425,10021858,14266523,31,HLB-db50a3ec-03ff-11f1-8cdb-0c42a112278c,TCL202604170005,1,1260.0,1115.04
零售,604425,10021858,14266523,32,HLB-db50a402-03ff-11f1-8cdb-0c42a112278c,TCL202604170005,1,1260.0,1115.04
零售,604425,10021858,14266523,33,HLB-db50a418-03ff-11f1-8cdb-0c42a112278c,TCL202604170005,1,1260.0,1115.04
零售,604425,10021858,14266523,34,HLB-db50a42e-03ff-11f1-8cdb-0c42a112278c,TCL202604170005,1,1260.0,1115.04
零售,604425,10021858,14266523,35,HLB-db50a444-03ff-11f1-8cdb-0c42a112278c,TCL202604170005,1,1260.0,1115.04
零售,604425,10021858,14266523,36,HLB-db50a45a-03ff-11f1-8cdb-0c42a112278c,TCL202604170005,1,1260.0,1115.04
零售,604425,10021858,14266523,37,HLB-db50a46e-03ff-11f1-8cdb-0c42a112278c,TCL202604170005,1,1260.0,1115.04
零售,604425,10021858,14266523,38,HLB-db50a483-03ff-11f1-8cdb-0c42a112278c,TCL202604170005,1,1260.0,1115.04
零售,604425,10021858,14089668,36,HLB-7f34a4f0-f1b0-11f0-8cdb-0c42a112278c,TCL202604170005,1,1260.0,1115.04
零售,604425,10021858,14089668,35,HLB-7f34a4da-f1b0-11f0-8cdb-0c42a112278c,TCL202604170005,1,1260.0,1115.04
零售,604425,10021858,14089668,34,HLB-7f34a4c5-f1b0-11f0-8cdb-0c42a112278c,TCL202604170005,1,1260.0,1115.04
零售,604425,10021858,14352917,26,HLB-fab5cf46-1c1b-11f1-8cdb-0c42a112278c,TCL202604170005,1,1260.0,1115.04
零售,604425,10021858,14266523,39,HLB-db50a497-03ff-11f1-8cdb-0c42a112278c,TCL202604170005,1,1260.0,1115.04
零售,604425,10021858,14266523,40,HLB-db50a4ac-03ff-11f1-8cdb-0c42a112278c,TCL202604170005,1,1260.0,1115.04
零售,604425,10021858,14266523,41,HLB-db50a4c0-03ff-11f1-8cdb-0c42a112278c,TCL202604170005,1,1260.0,1115.04
零售,604425,10021858,14266523,42,HLB-db50a4d6-03ff-11f1-8cdb-0c42a112278c,TCL202604170005,1,1260.0,1115.04
零售,604425,10021858,14266523,43,HLB-db50a4fc-03ff-11f1-8cdb-0c42a112278c,TCL202604170005,1,1260.0,1115.04
零售,604425,10021858,14266523,44,HLB-db50a513-03ff-11f1-8cdb-0c42a112278c,TCL202604170005,1,1260.0,1115.04
零售,604425,10021858,14266523,45,HLB-db50a528-03ff-11f1-8cdb-0c42a112278c,TCL202604170005,1,1260.0,1115.04
零售,604425,10021858,14266523,46,HLB-db50a53d-03ff-11f1-8cdb-0c42a112278c,TCL202604170005,1,1260.0,1115.04
零售,604425,10021858,14266523,47,HLB-db50a552-03ff-11f1-8cdb-0c42a112278c,TCL202604170005,1,1260.0,1115.04
零售,604425,10021858,14266523,48,HLB-db50a568-03ff-11f1-8cdb-0c42a112278c,TCL202604170005,1,1260.0,1115.04
零售,604425,10021858,14266523,49,HLB-db50a57d-03ff-11f1-8cdb-0c42a112278c,TCL202604170005,1,1260.0,1115.04
零售,604425,10021858,14266523,50,HLB-db50a592-03ff-11f1-8cdb-0c42a112278c,TCL202604170005,1,1260.0,1115.04
零售,604425,10021858,14096361,28,HLB-5e058bee-f274-11f0-8cdb-0c42a112278c,TCL202604170005,1,1260.0,1115.04
零售,604425,10021858,14096361,29,HLB-5e058c02-f274-11f0-8cdb-0c42a112278c,TCL202604170005,1,1260.0,1115.04
零售,604425,10021858,14096361,30,HLB-5e058c15-f274-11f0-8cdb-0c42a112278c,TCL202604170005,1,1260.0,1115.04
零售,604425,10021858,14096361,24,HLB-5e058b81-f274-11f0-8cdb-0c42a112278c,TCL202604170005,1,1260.0,1115.04
零售,604425,10021858,14096361,25,HLB-5e058b95-f274-11f0-8cdb-0c42a112278c,TCL202604170005,1,1260.0,1115.04
零售,604425,10021858,14096361,26,HLB-5e058ba9-f274-11f0-8cdb-0c42a112278c,TCL202604170005,1,1260.0,1115.04
零售,604425,10021858,14096361,27,HLB-5e058bbc-f274-11f0-8cdb-0c42a112278c,TCL202604170005,1,1260.0,1115.04
零售,604425,10021858,14096361,11,HLB-5e058a67-f274-11f0-8cdb-0c42a112278c,TCL202604170005,1,1260.0,1115.04
零售,604425,10021858,14096361,12,HLB-5e058a83-f274-11f0-8cdb-0c42a112278c,TCL202604170005,1,1260.0,1115.04
零售,604425,10021858,14096361,1,HLB-5e058925-f274-11f0-8cdb-0c42a112278c,TCL202604170005,1,1260.0,1115.04
零售,604425,10021858,14096361,13,HLB-5e058a97-f274-11f0-8cdb-0c42a112278c,TCL202604170005,1,1260.0,1115.04
零售,604425,10021858,14096361,14,HLB-5e058aad-f274-11f0-8cdb-0c42a112278c,TCL202604170005,1,1260.0,1115.04
零售,604425,10021858,14096361,2,HLB-5e058982-f274-11f0-8cdb-0c42a112278c,TCL202604170005,1,1260.0,1115.04
零售,604425,10021858,14096361,10,HLB-5e058a51-f274-11f0-8cdb-0c42a112278c,TCL202604170005,1,1260.0,1115.04
零售,604425,10021858,14096361,19,HLB-5e058b1d-f274-11f0-8cdb-0c42a112278c,TCL202604170005,1,1260.0,1115.04
零售,604425,10021858,14096361,7,HLB-5e058a0d-f274-11f0-8cdb-0c42a112278c,TCL202604170005,1,1260.0,1115.04
零售,604425,10021858,14096361,8,HLB-5e058a25-f274-11f0-8cdb-0c42a112278c,TCL202604170005,1,1260.0,1115.04
零售,604425,10021858,14096361,9,HLB-5e058a3b-f274-11f0-8cdb-0c42a112278c,TCL202604170005,1,1260.0,1115.04
零售,604425,10021858,14096361,15,HLB-5e058ac6-f274-11f0-8cdb-0c42a112278c,TCL202604170005,1,1260.0,1115.04
零售,604425,10021858,14096361,3,HLB-5e05899a-f274-11f0-8cdb-0c42a112278c,TCL202604170005,1,1260.0,1115.04
零售,604425,10021858,14096361,16,HLB-5e058adc-f274-11f0-8cdb-0c42a112278c,TCL202604170005,1,1260.0,1115.04
零售,604425,10021858,14096361,4,HLB-5e0589c0-f274-11f0-8cdb-0c42a112278c,TCL202604170005,1,1260.0,1115.04
零售,604425,10021858,14096361,17,HLB-5e058af0-f274-11f0-8cdb-0c42a112278c,TCL202604170005,1,1260.0,1115.04
零售,604425,10021858,14096361,5,HLB-5e0589dd-f274-11f0-8cdb-0c42a112278c,TCL202604170005,1,1260.0,1115.04
零售,604425,10021858,14096361,18,HLB-5e058b08-f274-11f0-8cdb-0c42a112278c,TCL202604170005,1,1260.0,1115.04
零售,604425,10021858,14096361,6,HLB-5e0589f6-f274-11f0-8cdb-0c42a112278c,TCL202604170005,1,1260.0,1115.04
零售,604425,10021858,14096361,20,HLB-5e058b32-f274-11f0-8cdb-0c42a112278c,TCL202604170005,1,1260.0,1115.04
零售,604425,10021858,14096361,21,HLB-5e058b45-f274-11f0-8cdb-0c42a112278c,TCL202604170005,1,1260.0,1115.04
零售,604425,10021858,14096361,22,HLB-5e058b58-f274-11f0-8cdb-0c42a112278c,TCL202604170005,1,1260.0,1115.04
零售,604425,10021858,14096361,23,HLB-5e058b6c-f274-11f0-8cdb-0c42a112278c,TCL202604170005,1,1260.0,1115.04
零售,604425,10021858,14085653,48,HLB-f9151b73-f10c-11f0-8cdb-0c42a112278c,TCL202604170005,1,1260.0,1115.04
零售,604425,10021858,14085653,47,HLB-f9151b0a-f10c-11f0-8cdb-0c42a112278c,TCL202604170005,1,1260.0,1115.04
零售,604425,10021858,14089668,33,HLB-7f34a4b1-f1b0-11f0-8cdb-0c42a112278c,TCL202604170005,1,1260.0,1115.04
零售,604425,10021858,14089668,40,HLB-7f34a543-f1b0-11f0-8cdb-0c42a112278c,TCL202604170005,1,1260.0,1115.04
零售,604425,10021858,14089668,39,HLB-7f34a52d-f1b0-11f0-8cdb-0c42a112278c,TCL202604170005,1,1260.0,1115.04
零售,604425,10021858,14089668,38,HLB-7f34a518-f1b0-11f0-8cdb-0c42a112278c,TCL202604170005,1,1260.0,1115.04
零售,604425,10021858,14089668,37,HLB-7f34a505-f1b0-11f0-8cdb-0c42a112278c,TCL202604170005,1,1260.0,1115.04
零售,604425,10021858,14089668,44,HLB-7f34a593-f1b0-11f0-8cdb-0c42a112278c,TCL202604170005,1,1260.0,1115.04
零售,604425,10021858,14089668,43,HLB-7f34a57d-f1b0-11f0-8cdb-0c42a112278c,TCL202604170005,1,1260.0,1115.04
零售,604425,10021858,14089668,42,HLB-7f34a56a-f1b0-11f0-8cdb-0c42a112278c,TCL202604170005,1,1260.0,1115.04
零售,604425,10021858,14089668,41,HLB-7f34a557-f1b0-11f0-8cdb-0c42a112278c,TCL202604170005,1,1260.0,1115.04
零售,604425,10021858,14089668,48,HLB-7f34a5e4-f1b0-11f0-8cdb-0c42a112278c,TCL202604170005,1,1260.0,1115.04
零售,604425,10021858,14089668,47,HLB-7f34a5d0-f1b0-11f0-8cdb-0c42a112278c,TCL202604170005,1,1260.0,1115.04
零售,604425,10021858,14089668,46,HLB-7f34a5bc-f1b0-11f0-8cdb-0c42a112278c,TCL202604170005,1,1260.0,1115.04
零售,604425,10021858,14089668,45,HLB-7f34a5a6-f1b0-11f0-8cdb-0c42a112278c,TCL202604170005,1,1260.0,1115.04
零售,604425,10021858,14089668,50,HLB-7f34a60d-f1b0-11f0-8cdb-0c42a112278c,TCL202604170005,1,1260.0,1115.04
零售,604425,10021858,14089668,49,HLB-7f34a5fa-f1b0-11f0-8cdb-0c42a112278c,TCL202604170005,1,1260.0,1115.04
零售,604425,10021858,14089668,27,HLB-7f34a439-f1b0-11f0-8cdb-0c42a112278c,TCL202604170005,1,1260.0,1115.04
零售,604425,10021858,14089668,26,HLB-7f34a424-f1b0-11f0-8cdb-0c42a112278c,TCL202604170005,1,1260.0,1115.04
零售,604425,10021858,14089668,29,HLB-7f34a462-f1b0-11f0-8cdb-0c42a112278c,TCL202604170005,1,1260.0,1115.04
零售,604425,10021858,14089668,28,HLB-7f34a44d-f1b0-11f0-8cdb-0c42a112278c,TCL202604170005,1,1260.0,1115.04
零售,604425,10021858,14089668,32,HLB-7f34a49e-f1b0-11f0-8cdb-0c42a112278c,TCL202604170005,1,1260.0,1115.04
零售,604425,10021858,14089668,31,HLB-7f34a48b-f1b0-11f0-8cdb-0c42a112278c,TCL202604170005,1,1260.0,1115.04
零售,604425,10021858,14089668,30,HLB-7f34a475-f1b0-11f0-8cdb-0c42a112278c,TCL202604170005,1,1260.0,1115.04
零售,604425,10021858,14200986,27,HLB-45c72bcf-fcda-11f0-8cdb-0c42a112278c,TCL202604170005,1,1260.0,1115.04
零售,604425,10021858,14200986,28,HLB-45c72be9-fcda-11f0-8cdb-0c42a112278c,TCL202604170005,1,1260.0,1115.04
零售,604425,10021858,14200986,40,HLB-45c72cf9-fcda-11f0-8cdb-0c42a112278c,TCL202604170005,1,1260.0,1115.04
零售,604425,10021858,14200986,26,HLB-45c72bb4-fcda-11f0-8cdb-0c42a112278c,TCL202604170005,1,1260.0,1115.04
零售,604425,10021858,14200986,35,HLB-45c72c8f-fcda-11f0-8cdb-0c42a112278c,TCL202604170005,1,1260.0,1115.04
零售,604425,10021858,14200986,47,HLB-45c72db9-fcda-11f0-8cdb-0c42a112278c,TCL202604170005,1,1260.0,1115.04
零售,604425,10021858,14200986,36,HLB-45c72ca4-fcda-11f0-8cdb-0c42a112278c,TCL202604170005,1,1260.0,1115.04
零售,604425,10021858,14200986,48,HLB-45c72dd1-fcda-11f0-8cdb-0c42a112278c,TCL202604170005,1,1260.0,1115.04
零售,604425,10021858,14200986,33,HLB-45c72c66-fcda-11f0-8cdb-0c42a112278c,TCL202604170005,1,1260.0,1115.04
零售,604425,10021858,14200986,45,HLB-45c72d77-fcda-11f0-8cdb-0c42a112278c,TCL202604170005,1,1260.0,1115.04
零售,604425,10021858,14200986,34,HLB-45c72c7b-fcda-11f0-8cdb-0c42a112278c,TCL202604170005,1,1260.0,1115.04
零售,604425,10021858,14200986,46,HLB-45c72da3-fcda-11f0-8cdb-0c42a112278c,TCL202604170005,1,1260.0,1115.04
零售,604425,10021858,14200986,31,HLB-45c72c34-fcda-11f0-8cdb-0c42a112278c,TCL202604170005,1,1260.0,1115.04
零售,604425,10021858,14200986,43,HLB-45c72d43-fcda-11f0-8cdb-0c42a112278c,TCL202604170005,1,1260.0,1115.04
零售,604425,10021858,14200986,32,HLB-45c72c4a-fcda-11f0-8cdb-0c42a112278c,TCL202604170005,1,1260.0,1115.04
零售,604425,10021858,14200986,44,HLB-45c72d5f-fcda-11f0-8cdb-0c42a112278c,TCL202604170005,1,1260.0,1115.04
零售,604425,10021858,14200986,29,HLB-45c72c01-fcda-11f0-8cdb-0c42a112278c,TCL202604170005,1,1260.0,1115.04
零售,604425,10021858,14200986,41,HLB-45c72d0e-fcda-11f0-8cdb-0c42a112278c,TCL202604170005,1,1260.0,1115.04
零售,604425,10021858,14200986,30,HLB-45c72c19-fcda-11f0-8cdb-0c42a112278c,TCL202604170005,1,1260.0,1115.04
零售,604425,10021858,14200986,42,HLB-45c72d28-fcda-11f0-8cdb-0c42a112278c,TCL202604170005,1,1260.0,1115.04
零售,604425,10021858,14200986,39,HLB-45c72ce3-fcda-11f0-8cdb-0c42a112278c,TCL202604170005,1,1260.0,1115.04
零售,604425,10021858,14200986,37,HLB-45c72cba-fcda-11f0-8cdb-0c42a112278c,TCL202604170005,1,1260.0,1115.04
零售,604425,10021858,14200986,49,HLB-45c72de9-fcda-11f0-8cdb-0c42a112278c,TCL202604170005,1,1260.0,1115.04
零售,604425,10021858,14200986,38,HLB-45c72ccd-fcda-11f0-8cdb-0c42a112278c,TCL202604170005,1,1260.0,1115.04
零售,604425,10021858,14200986,50,HLB-45c72e00-fcda-11f0-8cdb-0c42a112278c,TCL202604170005,1,1260.0,1115.04
零售,604425,10021858,14087152,27,HLB-904f9ed7-f11b-11f0-8cdb-0c42a112278c,TCL202604170005,1,1260.0,1115.04
零售,604425,10021858,14087152,29,HLB-904f9eff-f11b-11f0-8cdb-0c42a112278c,TCL202604170005,1,1260.0,1115.04
零售,604425,10021858,14087152,28,HLB-904f9eea-f11b-11f0-8cdb-0c42a112278c,TCL202604170005,1,1260.0,1115.04
零售,604425,10021858,14087152,30,HLB-904f9f12-f11b-11f0-8cdb-0c42a112278c,TCL202604170005,1,1260.0,1115.04
零售,604425,10021858,14047619,31,HLB-b1eee407-ed03-11f0-8cdb-0c42a112278c,TCL202604170005,1,1260.0,1115.04
零售,604425,10021858,14047619,35,HLB-b1eee4b9-ed03-11f0-8cdb-0c42a112278c,TCL202604170005,1,1260.0,1115.04
零售,604425,10021858,14047619,34,HLB-b1eee49d-ed03-11f0-8cdb-0c42a112278c,TCL202604170005,1,1260.0,1115.04
零售,604425,10021858,14047619,33,HLB-b1eee481-ed03-11f0-8cdb-0c42a112278c,TCL202604170005,1,1260.0,1115.04
零售,604425,10021858,14047619,32,HLB-b1eee466-ed03-11f0-8cdb-0c42a112278c,TCL202604170005,1,1260.0,1115.04
零售,604425,10021858,14047619,39,HLB-b1eee51f-ed03-11f0-8cdb-0c42a112278c,TCL202604170005,1,1260.0,1115.04
零售,604425,10021858,14047619,51,HLB-b1eee62a-ed03-11f0-8cdb-0c42a112278c,TCL202604170005,1,1260.0,1115.04
零售,604425,10021858,14047619,38,HLB-b1eee507-ed03-11f0-8cdb-0c42a112278c,TCL202604170005,1,1260.0,1115.04
零售,604425,10021858,14047619,50,HLB-b1eee615-ed03-11f0-8cdb-0c42a112278c,TCL202604170005,1,1260.0,1115.04
零售,604425,10021858,14047619,37,HLB-b1eee4ee-ed03-11f0-8cdb-0c42a112278c,TCL202604170005,1,1260.0,1115.04
零售,604425,10021858,14047619,49,HLB-b1eee5ff-ed03-11f0-8cdb-0c42a112278c,TCL202604170005,1,1260.0,1115.04
零售,604425,10021858,14047619,36,HLB-b1eee4d6-ed03-11f0-8cdb-0c42a112278c,TCL202604170005,1,1260.0,1115.04
零售,604425,10021858,14047619,48,HLB-b1eee5e8-ed03-11f0-8cdb-0c42a112278c,TCL202604170005,1,1260.0,1115.04
零售,604425,10021858,14047619,43,HLB-b1eee57d-ed03-11f0-8cdb-0c42a112278c,TCL202604170005,1,1260.0,1115.04
零售,604425,10021858,14047619,55,HLB-b1eee67b-ed03-11f0-8cdb-0c42a112278c,TCL202604170005,1,1260.0,1115.04
零售,604425,10021858,14047619,42,HLB-b1eee566-ed03-11f0-8cdb-0c42a112278c,TCL202604170005,1,1260.0,1115.04
零售,604425,10021858,14047619,54,HLB-b1eee668-ed03-11f0-8cdb-0c42a112278c,TCL202604170005,1,1260.0,1115.04
零售,604425,10021858,14047619,41,HLB-b1eee54f-ed03-11f0-8cdb-0c42a112278c,TCL202604170005,1,1260.0,1115.04
零售,604425,10021858,14047619,53,HLB-b1eee654-ed03-11f0-8cdb-0c42a112278c,TCL202604170005,1,1260.0,1115.04
零售,604425,10021858,14047619,40,HLB-b1eee537-ed03-11f0-8cdb-0c42a112278c,TCL202604170005,1,1260.0,1115.04
零售,604425,10021858,14047619,52,HLB-b1eee640-ed03-11f0-8cdb-0c42a112278c,TCL202604170005,1,1260.0,1115.04
零售,604425,10021858,14047619,47,HLB-b1eee5d4-ed03-11f0-8cdb-0c42a112278c,TCL202604170005,1,1260.0,1115.04
零售,604425,10021858,14047619,46,HLB-b1eee5c0-ed03-11f0-8cdb-0c42a112278c,TCL202604170005,1,1260.0,1115.04
零售,604425,10021858,14200820,50,HLB-d2e51bc0-fcd8-11f0-8cdb-0c42a112278c,TCL202604170005,1,1260.0,1115.04
零售,604425,10021858,14085653,50,HLB-f9151bac-f10c-11f0-8cdb-0c42a112278c,TCL202604170005,1,1260.0,1115.04
零售,604425,10021858,14085653,49,HLB-f9151b8c-f10c-11f0-8cdb-0c42a112278c,TCL202604170005,1,1260.0,1115.04
零售,604425,10021858,14085653,46,HLB-f9151af2-f10c-11f0-8cdb-0c42a112278c,TCL202604170005,1,1260.0,1115.04
零售,604425,10021858,14200291,31,HLB-c173031c-fcd4-11f0-8cdb-0c42a112278c,TCL202604170002,6,1100.0,973.45
零售,604425,10021858,14200291,32,HLB-c1730332-fcd4-11f0-8cdb-0c42a112278c,TCL202604170002,6,1100.0,973.45
零售,604425,10021858,14200291,29,HLB-c17302f4-fcd4-11f0-8cdb-0c42a112278c,TCL202604170002,6,1100.0,973.45
零售,604425,10021858,14200291,30,HLB-c1730307-fcd4-11f0-8cdb-0c42a112278c,TCL202604170002,6,1100.0,973.45
零售,604425,10021858,14200291,27,HLB-c17302ce-fcd4-11f0-8cdb-0c42a112278c,TCL202604170002,6,1100.0,973.45
零售,604425,10021858,14200291,28,HLB-c17302e1-fcd4-11f0-8cdb-0c42a112278c,TCL202604170002,6,1100.0,973.45
零售,604425,10021858,14200291,26,HLB-c17302ba-fcd4-11f0-8cdb-0c42a112278c,TCL202604170002,6,1100.0,973.45
零售,604425,10021858,14200291,39,HLB-c1895dca-fcd4-11f0-8cdb-0c42a112278c,TCL202604170002,6,1100.0,973.45
零售,604425,10021858,14200291,40,HLB-c1895de2-fcd4-11f0-8cdb-0c42a112278c,TCL202604170002,6,1100.0,973.45
零售,604425,10021858,14200291,37,HLB-c1895d96-fcd4-11f0-8cdb-0c42a112278c,TCL202604170002,6,1100.0,973.45
零售,604425,10021858,14200291,49,HLB-c1895f1b-fcd4-11f0-8cdb-0c42a112278c,TCL202604170002,6,1100.0,973.45
零售,604425,10021858,14200291,38,HLB-c1895dad-fcd4-11f0-8cdb-0c42a112278c,TCL202604170002,6,1100.0,973.45
零售,604425,10021858,14200291,50,HLB-c1895f33-fcd4-11f0-8cdb-0c42a112278c,TCL202604170002,6,1100.0,973.45
零售,604425,10021858,14200291,35,HLB-c173036f-fcd4-11f0-8cdb-0c42a112278c,TCL202604170002,6,1100.0,973.45
零售,604425,10021858,14200291,36,HLB-c1895d42-fcd4-11f0-8cdb-0c42a112278c,TCL202604170002,6,1100.0,973.45
零售,604425,10021858,14200291,48,HLB-c1895f00-fcd4-11f0-8cdb-0c42a112278c,TCL202604170002,6,1100.0,973.45
零售,604425,10021858,14200291,33,HLB-c1730346-fcd4-11f0-8cdb-0c42a112278c,TCL202604170002,6,1100.0,973.45
零售,604425,10021858,14200291,34,HLB-c173035b-fcd4-11f0-8cdb-0c42a112278c,TCL202604170002,6,1100.0,973.45
零售,604425,10021858,14133841,28,HLB-03e0f9eb-f666-11f0-8cdb-0c42a112278c,TCL202604170002,6,1100.0,973.45
零售,604425,10021858,14133841,29,HLB-03e0fa03-f666-11f0-8cdb-0c42a112278c,TCL202604170002,6,1100.0,973.45
零售,604425,10021858,14133841,26,HLB-03e0f9b8-f666-11f0-8cdb-0c42a112278c,TCL202604170002,6,1100.0,973.45
零售,604425,10021858,14133841,27,HLB-03e0f9d1-f666-11f0-8cdb-0c42a112278c,TCL202604170002,6,1100.0,973.45
零售,604425,10021858,14133841,32,HLB-03e0fa45-f666-11f0-8cdb-0c42a112278c,TCL202604170002,6,1100.0,973.45
零售,604425,10021858,14133841,33,HLB-03e0fa59-f666-11f0-8cdb-0c42a112278c,TCL202604170002,6,1100.0,973.45
零售,604425,10021858,14133841,30,HLB-03e0fa19-f666-11f0-8cdb-0c42a112278c,TCL202604170002,6,1100.0,973.45
零售,604425,10021858,14133841,31,HLB-03e0fa2f-f666-11f0-8cdb-0c42a112278c,TCL202604170002,6,1100.0,973.45
零售,604425,10021858,14133841,36,HLB-03e0fab5-f666-11f0-8cdb-0c42a112278c,TCL202604170002,6,1100.0,973.45
零售,604425,10021858,14133841,48,HLB-03f63f77-f666-11f0-8cdb-0c42a112278c,TCL202604170002,6,1100.0,973.45
零售,604425,10021858,14133841,37,HLB-03e0fae1-f666-11f0-8cdb-0c42a112278c,TCL202604170002,6,1100.0,973.45
零售,604425,10021858,14133841,49,HLB-03f63fd8-f666-11f0-8cdb-0c42a112278c,TCL202604170002,6,1100.0,973.45
零售,604425,10021858,14133841,34,HLB-03e0fa8a-f666-11f0-8cdb-0c42a112278c,TCL202604170002,6,1100.0,973.45
零售,604425,10021858,14133841,35,HLB-03e0faa1-f666-11f0-8cdb-0c42a112278c,TCL202604170002,6,1100.0,973.45
零售,604425,10021858,14133841,40,HLB-03e0fb22-f666-11f0-8cdb-0c42a112278c,TCL202604170002,6,1100.0,973.45
零售,604425,10021858,14133841,41,HLB-03e0fb35-f666-11f0-8cdb-0c42a112278c,TCL202604170002,6,1100.0,973.45
零售,604425,10021858,14133841,38,HLB-03e0faf8-f666-11f0-8cdb-0c42a112278c,TCL202604170002,6,1100.0,973.45
零售,604425,10021858,14133841,50,HLB-03f63ff2-f666-11f0-8cdb-0c42a112278c,TCL202604170002,6,1100.0,973.45
零售,604425,10021858,14133841,39,HLB-03e0fb0c-f666-11f0-8cdb-0c42a112278c,TCL202604170002,6,1100.0,973.45
零售,604425,10021858,14133841,44,HLB-03e0fb73-f666-11f0-8cdb-0c42a112278c,TCL202604170002,6,1100.0,973.45
零售,604425,10021858,14133841,45,HLB-03e0fb8a-f666-11f0-8cdb-0c42a112278c,TCL202604170002,6,1100.0,973.45
零售,604425,10021858,14133841,42,HLB-03e0fb49-f666-11f0-8cdb-0c42a112278c,TCL202604170002,6,1100.0,973.45
零售,604425,10021858,14133841,43,HLB-03e0fb5f-f666-11f0-8cdb-0c42a112278c,TCL202604170002,6,1100.0,973.45
零售,604425,10021858,14133841,46,HLB-03e0fb9e-f666-11f0-8cdb-0c42a112278c,TCL202604170002,6,1100.0,973.45
零售,604425,10021858,14133841,47,HLB-03e0fbb1-f666-11f0-8cdb-0c42a112278c,TCL202604170002,6,1100.0,973.45
零售,604425,10021858,14133845,50,HLB-044a12e4-f666-11f0-8cdb-0c42a112278c,TCL202604170002,6,1100.0,973.45
零售,604425,10021858,14133845,46,HLB-0435720e-f666-11f0-8cdb-0c42a112278c,TCL202604170002,6,1100.0,973.45
零售,604425,10021858,14133845,47,HLB-04357231-f666-11f0-8cdb-0c42a112278c,TCL202604170002,6,1100.0,973.45
零售,604425,10021858,14133845,48,HLB-044a126e-f666-11f0-8cdb-0c42a112278c,TCL202604170002,6,1100.0,973.45
零售,604425,10021858,14133845,49,HLB-044a12c9-f666-11f0-8cdb-0c42a112278c,TCL202604170002,6,1100.0,973.45
零售,604425,10021858,14133845,26,HLB-04356f61-f666-11f0-8cdb-0c42a112278c,TCL202604170002,6,1100.0,973.45
零售,604425,10021858,14133845,27,HLB-04356f83-f666-11f0-8cdb-0c42a112278c,TCL202604170002,6,1100.0,973.45
零售,604425,10021858,14133845,28,HLB-04356faa-f666-11f0-8cdb-0c42a112278c,TCL202604170002,6,1100.0,973.45
零售,604425,10021858,14133845,33,HLB-04357053-f666-11f0-8cdb-0c42a112278c,TCL202604170002,6,1100.0,973.45
零售,604425,10021858,14133845,34,HLB-04357076-f666-11f0-8cdb-0c42a112278c,TCL202604170002,6,1100.0,973.45
零售,604425,10021858,14133845,29,HLB-04356fcc-f666-11f0-8cdb-0c42a112278c,TCL202604170002,6,1100.0,973.45
零售,604425,10021858,14133845,30,HLB-04356feb-f666-11f0-8cdb-0c42a112278c,TCL202604170002,6,1100.0,973.45
零售,604425,10021858,14133845,31,HLB-04357010-f666-11f0-8cdb-0c42a112278c,TCL202604170002,6,1100.0,973.45
零售,604425,10021858,14133845,32,HLB-04357030-f666-11f0-8cdb-0c42a112278c,TCL202604170002,6,1100.0,973.45
零售,604425,10021858,14133845,35,HLB-04357096-f666-11f0-8cdb-0c42a112278c,TCL202604170002,6,1100.0,973.45
零售,604425,10021858,14133845,36,HLB-043570b6-f666-11f0-8cdb-0c42a112278c,TCL202604170002,6,1100.0,973.45
零售,604425,10021858,14133845,37,HLB-043570d6-f666-11f0-8cdb-0c42a112278c,TCL202604170002,6,1100.0,973.45
零售,604425,10021858,14133845,42,HLB-0435717b-f666-11f0-8cdb-0c42a112278c,TCL202604170002,6,1100.0,973.45
零售,604425,10021858,14133845,43,HLB-0435719b-f666-11f0-8cdb-0c42a112278c,TCL202604170002,6,1100.0,973.45
零售,604425,10021858,14133845,44,HLB-043571bf-f666-11f0-8cdb-0c42a112278c,TCL202604170002,6,1100.0,973.45
零售,604425,10021858,14133845,45,HLB-043571e5-f666-11f0-8cdb-0c42a112278c,TCL202604170002,6,1100.0,973.45
零售,604425,10021858,14133845,38,HLB-043570f7-f666-11f0-8cdb-0c42a112278c,TCL202604170002,6,1100.0,973.45
零售,604425,10021858,14133845,39,HLB-04357118-f666-11f0-8cdb-0c42a112278c,TCL202604170002,6,1100.0,973.45
零售,604425,10021858,14133845,40,HLB-04357139-f666-11f0-8cdb-0c42a112278c,TCL202604170002,6,1100.0,973.45
零售,604425,10021858,14133845,41,HLB-04357158-f666-11f0-8cdb-0c42a112278c,TCL202604170002,6,1100.0,973.45
零售,604425,10021858,14200291,47,HLB-c1895ee8-fcd4-11f0-8cdb-0c42a112278c,TCL202604170002,6,1100.0,973.45
零售,604425,10021858,14200291,45,HLB-c1895eae-fcd4-11f0-8cdb-0c42a112278c,TCL202604170002,6,1100.0,973.45
零售,604425,10021858,14200291,46,HLB-c1895ecb-fcd4-11f0-8cdb-0c42a112278c,TCL202604170002,6,1100.0,973.45
零售,604425,10021858,14200291,43,HLB-c1895e30-fcd4-11f0-8cdb-0c42a112278c,TCL202604170002,6,1100.0,973.45
零售,604425,10021858,14200291,44,HLB-c1895e91-fcd4-11f0-8cdb-0c42a112278c,TCL202604170002,6,1100.0,973.45
零售,604425,10021858,14200291,41,HLB-c1895df9-fcd4-11f0-8cdb-0c42a112278c,TCL202604170002,6,1100.0,973.45
零售,604425,10021858,14200291,42,HLB-c1895e14-fcd4-11f0-8cdb-0c42a112278c,TCL202604170002,6,1100.0,973.45
零售,604425,10021858,14133851,12,HLB-0473816b-f666-11f0-8cdb-0c42a112278c,TCL202604170002,6,1100.0,973.45
零售,604425,10021858,14133851,13,HLB-0473817f-f666-11f0-8cdb-0c42a112278c,TCL202604170002,6,1100.0,973.45
零售,604425,10021858,14133851,11,HLB-04738157-f666-11f0-8cdb-0c42a112278c,TCL202604170002,6,1100.0,973.45
零售,604425,10021858,14133851,16,HLB-0487fefb-f666-11f0-8cdb-0c42a112278c,TCL202604170002,6,1100.0,973.45
零售,604425,10021858,14133851,17,HLB-0487ff5c-f666-11f0-8cdb-0c42a112278c,TCL202604170002,6,1100.0,973.45
零售,604425,10021858,14133851,14,HLB-04738192-f666-11f0-8cdb-0c42a112278c,TCL202604170002,6,1100.0,973.45
零售,604425,10021858,14133851,15,HLB-047381a5-f666-11f0-8cdb-0c42a112278c,TCL202604170002,6,1100.0,973.45
零售,604425,10021858,14133851,18,HLB-0487ff73-f666-11f0-8cdb-0c42a112278c,TCL202604170002,6,1100.0,973.45
零售,604425,10021858,14133851,19,HLB-0487ff8a-f666-11f0-8cdb-0c42a112278c,TCL202604170002,6,1100.0,973.45
零售,604425,10021858,14133851,20,HLB-0487ffa2-f666-11f0-8cdb-0c42a112278c,TCL202604170002,6,1100.0,973.45
零售,604425,10021858,14133842,49,HLB-040bc0cb-f666-11f0-8cdb-0c42a112278c,TCL202604170002,6,1100.0,973.45
零售,604425,10021858,14133842,47,HLB-03f64416-f666-11f0-8cdb-0c42a112278c,TCL202604170002,6,1100.0,973.45
零售,604425,10021858,14133842,48,HLB-040bc065-f666-11f0-8cdb-0c42a112278c,TCL202604170002,6,1100.0,973.45
零售,604425,10021858,14133842,26,HLB-03f64240-f666-11f0-8cdb-0c42a112278c,TCL202604170002,6,1100.0,973.45
零售,604425,10021858,14133842,27,HLB-03f64253-f666-11f0-8cdb-0c42a112278c,TCL202604170002,6,1100.0,973.45
零售,604425,10021858,14133842,32,HLB-03f642b9-f666-11f0-8cdb-0c42a112278c,TCL202604170002,6,1100.0,973.45
零售,604425,10021858,14133842,33,HLB-03f642d0-f666-11f0-8cdb-0c42a112278c,TCL202604170002,6,1100.0,973.45
零售,604425,10021858,14133842,28,HLB-03f64269-f666-11f0-8cdb-0c42a112278c,TCL202604170002,6,1100.0,973.45
零售,604425,10021858,14133842,30,HLB-03f64292-f666-11f0-8cdb-0c42a112278c,TCL202604170002,6,1100.0,973.45
零售,604425,10021858,14133842,29,HLB-03f6427e-f666-11f0-8cdb-0c42a112278c,TCL202604170002,6,1100.0,973.45
零售,604425,10021858,14133842,31,HLB-03f642a5-f666-11f0-8cdb-0c42a112278c,TCL202604170002,6,1100.0,973.45
零售,604425,10021858,14133842,34,HLB-03f642e4-f666-11f0-8cdb-0c42a112278c,TCL202604170002,6,1100.0,973.45
零售,604425,10021858,14133842,37,HLB-03f64324-f666-11f0-8cdb-0c42a112278c,TCL202604170002,6,1100.0,973.45
零售,604425,10021858,14133842,38,HLB-03f6433a-f666-11f0-8cdb-0c42a112278c,TCL202604170002,6,1100.0,973.45
零售,604425,10021858,14133842,35,HLB-03f642f9-f666-11f0-8cdb-0c42a112278c,TCL202604170002,6,1100.0,973.45
零售,604425,10021858,14133842,36,HLB-03f6430d-f666-11f0-8cdb-0c42a112278c,TCL202604170002,6,1100.0,973.45
零售,604425,10021858,14133842,41,HLB-03f6437e-f666-11f0-8cdb-0c42a112278c,TCL202604170002,6,1100.0,973.45
零售,604425,10021858,14133842,42,HLB-03f64392-f666-11f0-8cdb-0c42a112278c,TCL202604170002,6,1100.0,973.45
零售,604425,10021858,14133842,39,HLB-03f64350-f666-11f0-8cdb-0c42a112278c,TCL202604170002,6,1100.0,973.45
零售,604425,10021858,14133842,40,HLB-03f6436a-f666-11f0-8cdb-0c42a112278c,TCL202604170002,6,1100.0,973.45
零售,604425,10021858,14133842,45,HLB-03f643cd-f666-11f0-8cdb-0c42a112278c,TCL202604170002,6,1100.0,973.45
零售,604425,10021858,14133842,46,HLB-03f64402-f666-11f0-8cdb-0c42a112278c,TCL202604170002,6,1100.0,973.45
零售,604425,10021858,14133842,43,HLB-03f643a5-f666-11f0-8cdb-0c42a112278c,TCL202604170002,6,1100.0,973.45
零售,604425,10021858,14133842,44,HLB-03f643b9-f666-11f0-8cdb-0c42a112278c,TCL202604170002,6,1100.0,973.45
零售,604425,10021858,14133842,50,HLB-040bc0e1-f666-11f0-8cdb-0c42a112278c,TCL202604170002,6,1100.0,973.45
零售,604425,10021858,14133847,33,HLB-045ec147-f666-11f0-8cdb-0c42a112278c,TCL202604170002,5,1100.0,973.45
零售,604425,10021858,14133847,45,HLB-045ec244-f666-11f0-8cdb-0c42a112278c,TCL202604170002,5,1100.0,973.45
零售,604425,10021858,14133847,30,HLB-045ec108-f666-11f0-8cdb-0c42a112278c,TCL202604170002,5,1100.0,973.45
零售,604425,10021858,14133847,42,HLB-045ec208-f666-11f0-8cdb-0c42a112278c,TCL202604170002,5,1100.0,973.45
零售,604425,10021858,14133847,31,HLB-045ec11d-f666-11f0-8cdb-0c42a112278c,TCL202604170002,5,1100.0,973.45
零售,604425,10021858,14133847,43,HLB-045ec21c-f666-11f0-8cdb-0c42a112278c,TCL202604170002,5,1100.0,973.45
零售,604425,10021858,14133847,36,HLB-045ec182-f666-11f0-8cdb-0c42a112278c,TCL202604170002,5,1100.0,973.45
零售,604425,10021858,14133847,48,HLB-04737ccc-f666-11f0-8cdb-0c42a112278c,TCL202604170002,5,1100.0,973.45
零售,604425,10021858,14133847,37,HLB-045ec197-f666-11f0-8cdb-0c42a112278c,TCL202604170002,5,1100.0,973.45
零售,604425,10021858,14133847,49,HLB-04737d37-f666-11f0-8cdb-0c42a112278c,TCL202604170002,5,1100.0,973.45
零售,604425,10021858,14133847,34,HLB-045ec15c-f666-11f0-8cdb-0c42a112278c,TCL202604170002,5,1100.0,973.45
零售,604425,10021858,14133847,46,HLB-045ec258-f666-11f0-8cdb-0c42a112278c,TCL202604170002,5,1100.0,973.45
零售,604425,10021858,14133847,35,HLB-045ec16f-f666-11f0-8cdb-0c42a112278c,TCL202604170002,5,1100.0,973.45
零售,604425,10021858,14133847,47,HLB-045ec28b-f666-11f0-8cdb-0c42a112278c,TCL202604170002,5,1100.0,973.45
零售,604425,10021858,14133847,38,HLB-045ec1ac-f666-11f0-8cdb-0c42a112278c,TCL202604170002,5,1100.0,973.45
零售,604425,10021858,14133847,39,HLB-045ec1c0-f666-11f0-8cdb-0c42a112278c,TCL202604170002,5,1100.0,973.45
零售,604425,10021858,14133847,50,HLB-04737d52-f666-11f0-8cdb-0c42a112278c,TCL202604170002,5,1100.0,973.45
零售,604425,10021858,14133848,18,HLB-04737f1c-f666-11f0-8cdb-0c42a112278c,TCL202604170002,5,1100.0,973.45
零售,604425,10021858,14133848,19,HLB-04737f32-f666-11f0-8cdb-0c42a112278c,TCL202604170002,5,1100.0,973.45
零售,604425,10021858,14133848,16,HLB-04737ee7-f666-11f0-8cdb-0c42a112278c,TCL202604170002,5,1100.0,973.45
零售,604425,10021858,14133848,17,HLB-04737efd-f666-11f0-8cdb-0c42a112278c,TCL202604170002,5,1100.0,973.45
零售,604425,10021858,14133848,22,HLB-04737f7a-f666-11f0-8cdb-0c42a112278c,TCL202604170002,5,1100.0,973.45
零售,604425,10021858,14133848,23,HLB-04737f9b-f666-11f0-8cdb-0c42a112278c,TCL202604170002,5,1100.0,973.45
零售,604425,10021858,14133848,20,HLB-04737f49-f666-11f0-8cdb-0c42a112278c,TCL202604170002,5,1100.0,973.45
零售,604425,10021858,14133848,21,HLB-04737f60-f666-11f0-8cdb-0c42a112278c,TCL202604170002,5,1100.0,973.45
零售,604425,10021858,14133848,26,HLB-04737fdf-f666-11f0-8cdb-0c42a112278c,TCL202604170002,5,1100.0,973.45
零售,604425,10021858,14133848,27,HLB-04737ff8-f666-11f0-8cdb-0c42a112278c,TCL202604170002,5,1100.0,973.45
零售,604425,10021858,14133848,24,HLB-04737fb2-f666-11f0-8cdb-0c42a112278c,TCL202604170002,5,1100.0,973.45
零售,604425,10021858,14133848,25,HLB-04737fc7-f666-11f0-8cdb-0c42a112278c,TCL202604170002,5,1100.0,973.45
零售,604425,10021858,14133848,30,HLB-04738039-f666-11f0-8cdb-0c42a112278c,TCL202604170002,5,1100.0,973.45
零售,604425,10021858,14133848,28,HLB-0473800e-f666-11f0-8cdb-0c42a112278c,TCL202604170002,5,1100.0,973.45
零售,604425,10021858,14133848,29,HLB-04738026-f666-11f0-8cdb-0c42a112278c,TCL202604170002,5,1100.0,973.45
零售,604425,10021858,14133847,40,HLB-045ec1d4-f666-11f0-8cdb-0c42a112278c,TCL202604170002,5,1100.0,973.45
零售,604425,10021858,14133847,28,HLB-045ec0de-f666-11f0-8cdb-0c42a112278c,TCL202604170002,5,1100.0,973.45
零售,604425,10021858,14133847,29,HLB-045ec0f5-f666-11f0-8cdb-0c42a112278c,TCL202604170002,5,1100.0,973.45
零售,604425,10021858,14133847,41,HLB-045ec1f4-f666-11f0-8cdb-0c42a112278c,TCL202604170002,5,1100.0,973.45
零售,604425,10021858,14133847,26,HLB-045ec0b7-f666-11f0-8cdb-0c42a112278c,TCL202604170002,5,1100.0,973.45
零售,604425,10021858,14133847,27,HLB-045ec0ca-f666-11f0-8cdb-0c42a112278c,TCL202604170002,5,1100.0,973.45
零售,604425,10021858,14133847,32,HLB-045ec133-f666-11f0-8cdb-0c42a112278c,TCL202604170002,5,1100.0,973.45
零售,604425,10021858,14133847,44,HLB-045ec22f-f666-11f0-8cdb-0c42a112278c,TCL202604170002,5,1100.0,973.45
零售,604425,10021858,14107597,16,HLB-ff52b30d-f36d-11f0-8cdb-0c42a112278c,TCL202604170002,4,1870.0,1654.87
零售,604425,10021858,14107597,18,HLB-ff52b337-f36d-11f0-8cdb-0c42a112278c,TCL202604170002,4,1870.0,1654.87
零售,604425,10021858,14107597,17,HLB-ff52b321-f36d-11f0-8cdb-0c42a112278c,TCL202604170002,4,1870.0,1654.87
零售,604425,10021858,14107597,20,HLB-ff52b35e-f36d-11f0-8cdb-0c42a112278c,TCL202604170002,4,1870.0,1654.87
零售,604425,10021858,14107597,19,HLB-ff52b34a-f36d-11f0-8cdb-0c42a112278c,TCL202604170002,4,1870.0,1654.87
零售,604425,10021858,14107597,10,HLB-ff52b28f-f36d-11f0-8cdb-0c42a112278c,TCL202604170002,4,1870.0,1654.87
零售,604425,10021858,14107597,22,HLB-ff52b386-f36d-11f0-8cdb-0c42a112278c,TCL202604170002,4,1870.0,1654.87
零售,604425,10021858,14107597,9,HLB-ff52b279-f36d-11f0-8cdb-0c42a112278c,TCL202604170002,4,1870.0,1654.87
零售,604425,10021858,14107597,21,HLB-ff52b372-f36d-11f0-8cdb-0c42a112278c,TCL202604170002,4,1870.0,1654.87
零售,604425,10021858,14107597,24,HLB-ff52b3b1-f36d-11f0-8cdb-0c42a112278c,TCL202604170002,4,1870.0,1654.87
零售,604425,10021858,14107597,12,HLB-ff52b2b9-f36d-11f0-8cdb-0c42a112278c,TCL202604170002,4,1870.0,1654.87
零售,604425,10021858,14107597,23,HLB-ff52b39a-f36d-11f0-8cdb-0c42a112278c,TCL202604170002,4,1870.0,1654.87
零售,604425,10021858,14107597,11,HLB-ff52b2a5-f36d-11f0-8cdb-0c42a112278c,TCL202604170002,4,1870.0,1654.87
零售,604425,10021858,14107597,14,HLB-ff52b2e5-f36d-11f0-8cdb-0c42a112278c,TCL202604170002,4,1870.0,1654.87
零售,604425,10021858,14107597,25,HLB-ff52b3c7-f36d-11f0-8cdb-0c42a112278c,TCL202604170002,4,1870.0,1654.87
零售,604425,10021858,14107597,13,HLB-ff52b2d0-f36d-11f0-8cdb-0c42a112278c,TCL202604170002,4,1870.0,1654.87
零售,604425,10021858,14107597,15,HLB-ff52b2f8-f36d-11f0-8cdb-0c42a112278c,TCL202604170002,4,1870.0,1654.87
零售,604425,10021858,14107597,2,HLB-ff52b1e2-f36d-11f0-8cdb-0c42a112278c,TCL202604170002,4,1870.0,1654.87
零售,604425,10021858,14107597,1,HLB-ff52b1cb-f36d-11f0-8cdb-0c42a112278c,TCL202604170002,4,1870.0,1654.87
零售,604425,10021858,14107597,4,HLB-ff52b20d-f36d-11f0-8cdb-0c42a112278c,TCL202604170002,4,1870.0,1654.87
零售,604425,10021858,14107597,3,HLB-ff52b1f6-f36d-11f0-8cdb-0c42a112278c,TCL202604170002,4,1870.0,1654.87
零售,604425,10021858,14107597,6,HLB-ff52b239-f36d-11f0-8cdb-0c42a112278c,TCL202604170002,4,1870.0,1654.87
零售,604425,10021858,14107597,5,HLB-ff52b221-f36d-11f0-8cdb-0c42a112278c,TCL202604170002,4,1870.0,1654.87
零售,604425,10021858,14107597,8,HLB-ff52b265-f36d-11f0-8cdb-0c42a112278c,TCL202604170002,4,1870.0,1654.87
零售,604425,10021858,14107597,7,HLB-ff52b24e-f36d-11f0-8cdb-0c42a112278c,TCL202604170002,4,1870.0,1654.87
零售,604425,10021858,14200852,6,HLB-0f9514a0-fcd9-11f0-8cdb-0c42a112278c,TCL202604170002,4,1870.0,1654.87
零售,604425,10021858,14200852,1,HLB-0f9513cf-fcd9-11f0-8cdb-0c42a112278c,TCL202604170002,4,1870.0,1654.87
零售,604425,10021858,14200852,13,HLB-0f951559-fcd9-11f0-8cdb-0c42a112278c,TCL202604170002,4,1870.0,1654.87
零售,604425,10021858,14583651,11,HLB-2abd9982-32f4-11f1-8cdb-0c42a112278c,TCL202604170002,4,1870.0,1654.87
零售,604425,10021858,14200852,14,HLB-0f951576-fcd9-11f0-8cdb-0c42a112278c,TCL202604170002,4,1870.0,1654.87
零售,604425,10021858,14200852,2,HLB-0f95142a-fcd9-11f0-8cdb-0c42a112278c,TCL202604170002,4,1870.0,1654.87
零售,604425,10021858,14583651,10,HLB-2abd996e-32f4-11f1-8cdb-0c42a112278c,TCL202604170002,4,1870.0,1654.87
零售,604425,10021858,14200852,11,HLB-0f951520-fcd9-11f0-8cdb-0c42a112278c,TCL202604170002,4,1870.0,1654.87
零售,604425,10021858,14583651,13,HLB-2abd99b0-32f4-11f1-8cdb-0c42a112278c,TCL202604170002,4,1870.0,1654.87
零售,604425,10021858,14200852,12,HLB-0f95153c-fcd9-11f0-8cdb-0c42a112278c,TCL202604170002,4,1870.0,1654.87
零售,604425,10021858,14583651,12,HLB-2abd999a-32f4-11f1-8cdb-0c42a112278c,TCL202604170002,4,1870.0,1654.87
零售,604425,10021858,14200852,9,HLB-0f9514f3-fcd9-11f0-8cdb-0c42a112278c,TCL202604170002,4,1870.0,1654.87
零售,604425,10021858,14583651,15,HLB-2abd99df-32f4-11f1-8cdb-0c42a112278c,TCL202604170002,4,1870.0,1654.87
零售,604425,10021858,14200852,10,HLB-0f95150b-fcd9-11f0-8cdb-0c42a112278c,TCL202604170002,4,1870.0,1654.87
零售,604425,10021858,14583651,14,HLB-2abd99c7-32f4-11f1-8cdb-0c42a112278c,TCL202604170002,4,1870.0,1654.87
零售,604425,10021858,14107587,9,HLB-fef4531e-f36d-11f0-8cdb-0c42a112278c,TCL202604170002,4,1870.0,1654.87
零售,604425,10021858,14200852,7,HLB-0f9514c0-fcd9-11f0-8cdb-0c42a112278c,TCL202604170002,4,1870.0,1654.87
零售,604425,10021858,14583651,17,HLB-2abd9a09-32f4-11f1-8cdb-0c42a112278c,TCL202604170002,4,1870.0,1654.87
零售,604425,10021858,14200852,8,HLB-0f9514dc-fcd9-11f0-8cdb-0c42a112278c,TCL202604170002,4,1870.0,1654.87
零售,604425,10021858,14583651,16,HLB-2abd99f4-32f4-11f1-8cdb-0c42a112278c,TCL202604170002,4,1870.0,1654.87
零售,604425,10021858,14107587,11,HLB-fef4534c-f36d-11f0-8cdb-0c42a112278c,TCL202604170002,4,1870.0,1654.87
零售,604425,10021858,14583651,3,HLB-2abd98c5-32f4-11f1-8cdb-0c42a112278c,TCL202604170002,4,1870.0,1654.87
零售,604425,10021858,14107587,10,HLB-fef45337-f36d-11f0-8cdb-0c42a112278c,TCL202604170002,4,1870.0,1654.87
零售,604425,10021858,14583651,2,HLB-2abd989b-32f4-11f1-8cdb-0c42a112278c,TCL202604170002,4,1870.0,1654.87
零售,604425,10021858,14107587,1,HLB-fef45202-f36d-11f0-8cdb-0c42a112278c,TCL202604170002,4,1870.0,1654.87
零售,604425,10021858,14107587,13,HLB-fef45376-f36d-11f0-8cdb-0c42a112278c,TCL202604170002,4,1870.0,1654.87
零售,604425,10021858,14583651,5,HLB-2abd98f0-32f4-11f1-8cdb-0c42a112278c,TCL202604170002,4,1870.0,1654.87
零售,604425,10021858,14107587,12,HLB-fef45362-f36d-11f0-8cdb-0c42a112278c,TCL202604170002,4,1870.0,1654.87
零售,604425,10021858,14583651,4,HLB-2abd98da-32f4-11f1-8cdb-0c42a112278c,TCL202604170002,4,1870.0,1654.87
零售,604425,10021858,14107587,3,HLB-fef45276-f36d-11f0-8cdb-0c42a112278c,TCL202604170002,4,1870.0,1654.87
零售,604425,10021858,14107587,15,HLB-fef453a5-f36d-11f0-8cdb-0c42a112278c,TCL202604170002,4,1870.0,1654.87
零售,604425,10021858,14200852,5,HLB-0f951487-fcd9-11f0-8cdb-0c42a112278c,TCL202604170002,4,1870.0,1654.87
零售,604425,10021858,14583651,7,HLB-2abd9929-32f4-11f1-8cdb-0c42a112278c,TCL202604170002,4,1870.0,1654.87
零售,604425,10021858,14107587,2,HLB-fef45261-f36d-11f0-8cdb-0c42a112278c,TCL202604170002,4,1870.0,1654.87
零售,604425,10021858,14107587,14,HLB-fef45391-f36d-11f0-8cdb-0c42a112278c,TCL202604170002,4,1870.0,1654.87
零售,604425,10021858,14583651,6,HLB-2abd990b-32f4-11f1-8cdb-0c42a112278c,TCL202604170002,4,1870.0,1654.87
零售,604425,10021858,14107587,5,HLB-fef452b0-f36d-11f0-8cdb-0c42a112278c,TCL202604170002,4,1870.0,1654.87
零售,604425,10021858,14107587,17,HLB-fef453d0-f36d-11f0-8cdb-0c42a112278c,TCL202604170002,4,1870.0,1654.87
零售,604425,10021858,14200852,3,HLB-0f951448-fcd9-11f0-8cdb-0c42a112278c,TCL202604170002,4,1870.0,1654.87
零售,604425,10021858,14200852,15,HLB-0f951595-fcd9-11f0-8cdb-0c42a112278c,TCL202604170002,4,1870.0,1654.87
零售,604425,10021858,14583651,9,HLB-2abd9958-32f4-11f1-8cdb-0c42a112278c,TCL202604170002,4,1870.0,1654.87
零售,604425,10021858,14107587,4,HLB-fef45291-f36d-11f0-8cdb-0c42a112278c,TCL202604170002,4,1870.0,1654.87
零售,604425,10021858,14107587,16,HLB-fef453bb-f36d-11f0-8cdb-0c42a112278c,TCL202604170002,4,1870.0,1654.87
零售,604425,10021858,14200852,4,HLB-0f95146f-fcd9-11f0-8cdb-0c42a112278c,TCL202604170002,4,1870.0,1654.87
零售,604425,10021858,14583651,8,HLB-2abd993f-32f4-11f1-8cdb-0c42a112278c,TCL202604170002,4,1870.0,1654.87
零售,604425,10021858,14200852,22,HLB-0f95167f-fcd9-11f0-8cdb-0c42a112278c,TCL202604170002,4,1870.0,1654.87
零售,604425,10021858,14200852,23,HLB-0f9516af-fcd9-11f0-8cdb-0c42a112278c,TCL202604170002,4,1870.0,1654.87
零售,604425,10021858,14200852,20,HLB-0f95160e-fcd9-11f0-8cdb-0c42a112278c,TCL202604170002,4,1870.0,1654.87
零售,604425,10021858,14200852,21,HLB-0f951666-fcd9-11f0-8cdb-0c42a112278c,TCL202604170002,4,1870.0,1654.87
零售,604425,10021858,14200852,18,HLB-0f9515de-fcd9-11f0-8cdb-0c42a112278c,TCL202604170002,4,1870.0,1654.87
零售,604425,10021858,14200852,19,HLB-0f9515f7-fcd9-11f0-8cdb-0c42a112278c,TCL202604170002,4,1870.0,1654.87
零售,604425,10021858,14200852,16,HLB-0f9515af-fcd9-11f0-8cdb-0c42a112278c,TCL202604170002,4,1870.0,1654.87
零售,604425,10021858,14583651,1,HLB-2abd9833-32f4-11f1-8cdb-0c42a112278c,TCL202604170002,4,1870.0,1654.87
零售,604425,10021858,14200852,17,HLB-0f9515c9-fcd9-11f0-8cdb-0c42a112278c,TCL202604170002,4,1870.0,1654.87
零售,604425,10021858,14200852,24,HLB-0f9516cc-fcd9-11f0-8cdb-0c42a112278c,TCL202604170002,4,1870.0,1654.87
零售,604425,10021858,14200852,25,HLB-0f9516e6-fcd9-11f0-8cdb-0c42a112278c,TCL202604170002,4,1870.0,1654.87
零售,604425,10021858,14583651,19,HLB-2abd9a31-32f4-11f1-8cdb-0c42a112278c,TCL202604170002,4,1870.0,1654.87
零售,604425,10021858,14583651,18,HLB-2abd9a1c-32f4-11f1-8cdb-0c42a112278c,TCL202604170002,4,1870.0,1654.87
零售,604425,10021858,14583651,21,HLB-2abd9a59-32f4-11f1-8cdb-0c42a112278c,TCL202604170002,4,1870.0,1654.87
零售,604425,10021858,14583651,20,HLB-2abd9a44-32f4-11f1-8cdb-0c42a112278c,TCL202604170002,4,1870.0,1654.87
零售,604425,10021858,14583651,23,HLB-2abd9a84-32f4-11f1-8cdb-0c42a112278c,TCL202604170002,4,1870.0,1654.87
零售,604425,10021858,14583651,22,HLB-2abd9a6c-32f4-11f1-8cdb-0c42a112278c,TCL202604170002,4,1870.0,1654.87
零售,604425,10021858,14583651,25,HLB-2abd9aab-32f4-11f1-8cdb-0c42a112278c,TCL202604170002,4,1870.0,1654.87
零售,604425,10021858,14583651,24,HLB-2abd9a97-32f4-11f1-8cdb-0c42a112278c,TCL202604170002,4,1870.0,1654.87
零售,604425,10021858,14313392,15,HLB-4e115785-16b0-11f1-8cdb-0c42a112278c,TCL202604170002,4,1870.0,1654.87
零售,604425,10021858,14313392,14,HLB-4e11576e-16b0-11f1-8cdb-0c42a112278c,TCL202604170002,4,1870.0,1654.87
零售,604425,10021858,14313392,13,HLB-4e115753-16b0-11f1-8cdb-0c42a112278c,TCL202604170002,4,1870.0,1654.87
零售,604425,10021858,14313392,25,HLB-4e115883-16b0-11f1-8cdb-0c42a112278c,TCL202604170002,4,1870.0,1654.87
零售,604425,10021858,14313392,12,HLB-4e115737-16b0-11f1-8cdb-0c42a112278c,TCL202604170002,4,1870.0,1654.87
零售,604425,10021858,14313392,24,HLB-4e115869-16b0-11f1-8cdb-0c42a112278c,TCL202604170002,4,1870.0,1654.87
零售,604425,10021858,14313392,19,HLB-4e1157de-16b0-11f1-8cdb-0c42a112278c,TCL202604170002,4,1870.0,1654.87
零售,604425,10021858,14313392,18,HLB-4e1157c9-16b0-11f1-8cdb-0c42a112278c,TCL202604170002,4,1870.0,1654.87
零售,604425,10021858,14313392,17,HLB-4e1157b4-16b0-11f1-8cdb-0c42a112278c,TCL202604170002,4,1870.0,1654.87
零售,604425,10021858,14313392,16,HLB-4e11579d-16b0-11f1-8cdb-0c42a112278c,TCL202604170002,4,1870.0,1654.87
零售,604425,10021858,14313392,7,HLB-4e1156b5-16b0-11f1-8cdb-0c42a112278c,TCL202604170002,4,1870.0,1654.87
零售,604425,10021858,14313392,6,HLB-4e11569b-16b0-11f1-8cdb-0c42a112278c,TCL202604170002,4,1870.0,1654.87
零售,604425,10021858,14313392,5,HLB-4e115682-16b0-11f1-8cdb-0c42a112278c,TCL202604170002,4,1870.0,1654.87
零售,604425,10021858,14313392,4,HLB-4e115665-16b0-11f1-8cdb-0c42a112278c,TCL202604170002,4,1870.0,1654.87
零售,604425,10021858,14313392,11,HLB-4e11571c-16b0-11f1-8cdb-0c42a112278c,TCL202604170002,4,1870.0,1654.87
零售,604425,10021858,14313392,23,HLB-4e115854-16b0-11f1-8cdb-0c42a112278c,TCL202604170002,4,1870.0,1654.87
零售,604425,10021858,14313392,10,HLB-4e115703-16b0-11f1-8cdb-0c42a112278c,TCL202604170002,4,1870.0,1654.87
零售,604425,10021858,14313392,22,HLB-4e115825-16b0-11f1-8cdb-0c42a112278c,TCL202604170002,4,1870.0,1654.87
零售,604425,10021858,14313392,9,HLB-4e1156e8-16b0-11f1-8cdb-0c42a112278c,TCL202604170002,4,1870.0,1654.87
零售,604425,10021858,14313392,21,HLB-4e11580d-16b0-11f1-8cdb-0c42a112278c,TCL202604170002,4,1870.0,1654.87
零售,604425,10021858,14313392,8,HLB-4e1156cf-16b0-11f1-8cdb-0c42a112278c,TCL202604170002,4,1870.0,1654.87
零售,604425,10021858,14313392,20,HLB-4e1157f4-16b0-11f1-8cdb-0c42a112278c,TCL202604170002,4,1870.0,1654.87
零售,604425,10021858,14313392,3,HLB-4e115649-16b0-11f1-8cdb-0c42a112278c,TCL202604170002,4,1870.0,1654.87
零售,604425,10021858,14313392,2,HLB-4e11561b-16b0-11f1-8cdb-0c42a112278c,TCL202604170002,4,1870.0,1654.87
零售,604425,10021858,14313392,1,HLB-4e1155b0-16b0-11f1-8cdb-0c42a112278c,TCL202604170002,4,1870.0,1654.87
零售,604425,10021858,14107575,24,HLB-fe6ce3bd-f36d-11f0-8cdb-0c42a112278c,TCL202604170002,4,1870.0,1654.87
零售,604425,10021858,14107575,23,HLB-fe6ce39b-f36d-11f0-8cdb-0c42a112278c,TCL202604170002,4,1870.0,1654.87
零售,604425,10021858,14107575,25,HLB-fe6ce3e1-f36d-11f0-8cdb-0c42a112278c,TCL202604170002,4,1870.0,1654.87
零售,604425,10021858,14107575,2,HLB-fe6ce077-f36d-11f0-8cdb-0c42a112278c,TCL202604170002,4,1870.0,1654.87
零售,604425,10021858,14107575,14,HLB-fe6ce251-f36d-11f0-8cdb-0c42a112278c,TCL202604170002,4,1870.0,1654.87
零售,604425,10021858,14107575,13,HLB-fe6ce22b-f36d-11f0-8cdb-0c42a112278c,TCL202604170002,4,1870.0,1654.87
零售,604425,10021858,14107575,16,HLB-fe6ce297-f36d-11f0-8cdb-0c42a112278c,TCL202604170002,4,1870.0,1654.87
零售,604425,10021858,14107575,15,HLB-fe6ce274-f36d-11f0-8cdb-0c42a112278c,TCL202604170002,4,1870.0,1654.87
零售,604425,10021858,14107575,18,HLB-fe6ce2e1-f36d-11f0-8cdb-0c42a112278c,TCL202604170002,4,1870.0,1654.87
零售,604425,10021858,14107575,17,HLB-fe6ce2bd-f36d-11f0-8cdb-0c42a112278c,TCL202604170002,4,1870.0,1654.87
零售,604425,10021858,14107575,20,HLB-fe6ce32a-f36d-11f0-8cdb-0c42a112278c,TCL202604170002,4,1870.0,1654.87
零售,604425,10021858,14107575,19,HLB-fe6ce303-f36d-11f0-8cdb-0c42a112278c,TCL202604170002,4,1870.0,1654.87
零售,604425,10021858,14107575,22,HLB-fe6ce374-f36d-11f0-8cdb-0c42a112278c,TCL202604170002,4,1870.0,1654.87
零售,604425,10021858,14107575,21,HLB-fe6ce350-f36d-11f0-8cdb-0c42a112278c,TCL202604170002,4,1870.0,1654.87
零售,604425,10021858,14107587,7,HLB-fef452eb-f36d-11f0-8cdb-0c42a112278c,TCL202604170002,4,1870.0,1654.87
零售,604425,10021858,14107587,6,HLB-fef452c9-f36d-11f0-8cdb-0c42a112278c,TCL202604170002,4,1870.0,1654.87
零售,604425,10021858,14107587,18,HLB-fef453e4-f36d-11f0-8cdb-0c42a112278c,TCL202604170002,4,1870.0,1654.87
零售,604425,10021858,14107587,8,HLB-fef45303-f36d-11f0-8cdb-0c42a112278c,TCL202604170002,4,1870.0,1654.87
零售,604425,10021858,14107587,20,HLB-fef45413-f36d-11f0-8cdb-0c42a112278c,TCL202604170002,4,1870.0,1654.87
零售,604425,10021858,14107587,19,HLB-fef453fa-f36d-11f0-8cdb-0c42a112278c,TCL202604170002,4,1870.0,1654.87
零售,604425,10021858,14107587,22,HLB-fef4543d-f36d-11f0-8cdb-0c42a112278c,TCL202604170002,4,1870.0,1654.87
零售,604425,10021858,14107587,21,HLB-fef45429-f36d-11f0-8cdb-0c42a112278c,TCL202604170002,4,1870.0,1654.87
零售,604425,10021858,14107587,24,HLB-fef45467-f36d-11f0-8cdb-0c42a112278c,TCL202604170002,4,1870.0,1654.87
零售,604425,10021858,14107587,23,HLB-fef45453-f36d-11f0-8cdb-0c42a112278c,TCL202604170002,4,1870.0,1654.87
零售,604425,10021858,14107587,25,HLB-fef4547e-f36d-11f0-8cdb-0c42a112278c,TCL202604170002,4,1870.0,1654.87
零售,604425,10021858,14107575,3,HLB-fe6ce0a1-f36d-11f0-8cdb-0c42a112278c,TCL202604170002,4,1870.0,1654.87
零售,604425,10021858,14107575,5,HLB-fe6ce0f2-f36d-11f0-8cdb-0c42a112278c,TCL202604170002,4,1870.0,1654.87
零售,604425,10021858,14107575,4,HLB-fe6ce0c8-f36d-11f0-8cdb-0c42a112278c,TCL202604170002,4,1870.0,1654.87
零售,604425,10021858,14107575,7,HLB-fe6ce148-f36d-11f0-8cdb-0c42a112278c,TCL202604170002,4,1870.0,1654.87
零售,604425,10021858,14107575,6,HLB-fe6ce11e-f36d-11f0-8cdb-0c42a112278c,TCL202604170002,4,1870.0,1654.87
零售,604425,10021858,14107575,9,HLB-fe6ce195-f36d-11f0-8cdb-0c42a112278c,TCL202604170002,4,1870.0,1654.87
零售,604425,10021858,14107575,8,HLB-fe6ce170-f36d-11f0-8cdb-0c42a112278c,TCL202604170002,4,1870.0,1654.87
零售,604425,10021858,14107575,11,HLB-fe6ce1df-f36d-11f0-8cdb-0c42a112278c,TCL202604170002,4,1870.0,1654.87
零售,604425,10021858,14107575,10,HLB-fe6ce1bb-f36d-11f0-8cdb-0c42a112278c,TCL202604170002,4,1870.0,1654.87
零售,604425,10021858,14107575,1,HLB-fe6ce003-f36d-11f0-8cdb-0c42a112278c,TCL202604170002,4,1870.0,1654.87
零售,604425,10021858,14107575,12,HLB-fe6ce207-f36d-11f0-8cdb-0c42a112278c,TCL202604170002,4,1870.0,1654.87
零售,604425,10021858,14107557,15,HLB-fd96d8ed-f36d-11f0-8cdb-0c42a112278c,TCL202604170002,4,1870.0,1654.87
零售,604425,10021858,14107557,14,HLB-fd96d8d8-f36d-11f0-8cdb-0c42a112278c,TCL202604170002,4,1870.0,1654.87
零售,604425,10021858,14107557,25,HLB-fd96d9db-f36d-11f0-8cdb-0c42a112278c,TCL202604170002,4,1870.0,1654.87
零售,604425,10021858,14107557,13,HLB-fd96d8c3-f36d-11f0-8cdb-0c42a112278c,TCL202604170002,4,1870.0,1654.87
零售,604425,10021858,14107557,24,HLB-fd96d9c5-f36d-11f0-8cdb-0c42a112278c,TCL202604170002,4,1870.0,1654.87
零售,604425,10021858,14107557,12,HLB-fd96d8ac-f36d-11f0-8cdb-0c42a112278c,TCL202604170002,4,1870.0,1654.87
零售,604425,10021858,14107557,23,HLB-fd96d9af-f36d-11f0-8cdb-0c42a112278c,TCL202604170002,4,1870.0,1654.87
零售,604425,10021858,14107557,11,HLB-fd96d891-f36d-11f0-8cdb-0c42a112278c,TCL202604170002,4,1870.0,1654.87
零售,604425,10021858,14107557,22,HLB-fd96d997-f36d-11f0-8cdb-0c42a112278c,TCL202604170002,4,1870.0,1654.87
零售,604425,10021858,14107557,10,HLB-fd96d879-f36d-11f0-8cdb-0c42a112278c,TCL202604170002,4,1870.0,1654.87
零售,604425,10021858,14107557,21,HLB-fd96d982-f36d-11f0-8cdb-0c42a112278c,TCL202604170002,4,1870.0,1654.87
零售,604425,10021858,14107557,9,HLB-fd96d863-f36d-11f0-8cdb-0c42a112278c,TCL202604170002,4,1870.0,1654.87
零售,604425,10021858,14107557,20,HLB-fd96d969-f36d-11f0-8cdb-0c42a112278c,TCL202604170002,4,1870.0,1654.87
零售,604425,10021858,14107557,8,HLB-fd96d84a-f36d-11f0-8cdb-0c42a112278c,TCL202604170002,4,1870.0,1654.87
零售,604425,10021858,14107557,7,HLB-fd96d82f-f36d-11f0-8cdb-0c42a112278c,TCL202604170002,4,1870.0,1654.87
零售,604425,10021858,14107557,19,HLB-fd96d94f-f36d-11f0-8cdb-0c42a112278c,TCL202604170002,4,1870.0,1654.87
零售,604425,10021858,14107557,6,HLB-fd96d80f-f36d-11f0-8cdb-0c42a112278c,TCL202604170002,4,1870.0,1654.87
零售,604425,10021858,14107557,18,HLB-fd96d936-f36d-11f0-8cdb-0c42a112278c,TCL202604170002,4,1870.0,1654.87
零售,604425,10021858,14107557,17,HLB-fd96d91e-f36d-11f0-8cdb-0c42a112278c,TCL202604170002,4,1870.0,1654.87
零售,604425,10021858,14107557,5,HLB-fd96d7f1-f36d-11f0-8cdb-0c42a112278c,TCL202604170002,4,1870.0,1654.87
零售,604425,10021858,14107557,4,HLB-fd96d7d5-f36d-11f0-8cdb-0c42a112278c,TCL202604170002,4,1870.0,1654.87
零售,604425,10021858,14107557,16,HLB-fd96d905-f36d-11f0-8cdb-0c42a112278c,TCL202604170002,4,1870.0,1654.87
零售,604425,10021858,14107557,3,HLB-fd96d7bb-f36d-11f0-8cdb-0c42a112278c,TCL202604170002,4,1870.0,1654.87
零售,604425,10021858,14107557,2,HLB-fd96d79e-f36d-11f0-8cdb-0c42a112278c,TCL202604170002,4,1870.0,1654.87
零售,604425,10021858,14107557,1,HLB-fd96d73e-f36d-11f0-8cdb-0c42a112278c,TCL202604170002,4,1870.0,1654.87
零售,604425,10021858,14107579,16,HLB-fe9a7772-f36d-11f0-8cdb-0c42a112278c,TCL202604170002,4,1870.0,1654.87
零售,604425,10021858,14107579,4,HLB-fe9a765f-f36d-11f0-8cdb-0c42a112278c,TCL202604170002,4,1870.0,1654.87
零售,604425,10021858,14107579,15,HLB-fe9a775c-f36d-11f0-8cdb-0c42a112278c,TCL202604170002,4,1870.0,1654.87
零售,604425,10021858,14107579,3,HLB-fe9a7647-f36d-11f0-8cdb-0c42a112278c,TCL202604170002,4,1870.0,1654.87
零售,604425,10021858,14107579,2,HLB-fe9a7630-f36d-11f0-8cdb-0c42a112278c,TCL202604170002,4,1870.0,1654.87
零售,604425,10021858,14107579,1,HLB-fe9a75eb-f36d-11f0-8cdb-0c42a112278c,TCL202604170002,4,1870.0,1654.87
零售,604425,10021858,14107579,12,HLB-fe9a771c-f36d-11f0-8cdb-0c42a112278c,TCL202604170002,4,1870.0,1654.87
零售,604425,10021858,14107579,24,HLB-fe9a7823-f36d-11f0-8cdb-0c42a112278c,TCL202604170002,4,1870.0,1654.87
零售,604425,10021858,14107579,23,HLB-fe9a780c-f36d-11f0-8cdb-0c42a112278c,TCL202604170002,4,1870.0,1654.87
零售,604425,10021858,14107579,11,HLB-fe9a7706-f36d-11f0-8cdb-0c42a112278c,TCL202604170002,4,1870.0,1654.87
零售,604425,10021858,14107579,22,HLB-fe9a77f2-f36d-11f0-8cdb-0c42a112278c,TCL202604170002,4,1870.0,1654.87
零售,604425,10021858,14107579,10,HLB-fe9a76f0-f36d-11f0-8cdb-0c42a112278c,TCL202604170002,4,1870.0,1654.87
零售,604425,10021858,14107579,21,HLB-fe9a77dd-f36d-11f0-8cdb-0c42a112278c,TCL202604170002,4,1870.0,1654.87
零售,604425,10021858,14107579,9,HLB-fe9a76d4-f36d-11f0-8cdb-0c42a112278c,TCL202604170002,4,1870.0,1654.87
零售,604425,10021858,14107579,20,HLB-fe9a77c6-f36d-11f0-8cdb-0c42a112278c,TCL202604170002,4,1870.0,1654.87
零售,604425,10021858,14107579,8,HLB-fe9a76be-f36d-11f0-8cdb-0c42a112278c,TCL202604170002,4,1870.0,1654.87
零售,604425,10021858,14107579,19,HLB-fe9a77af-f36d-11f0-8cdb-0c42a112278c,TCL202604170002,4,1870.0,1654.87
零售,604425,10021858,14107579,7,HLB-fe9a76a7-f36d-11f0-8cdb-0c42a112278c,TCL202604170002,4,1870.0,1654.87
零售,604425,10021858,14107579,18,HLB-fe9a779a-f36d-11f0-8cdb-0c42a112278c,TCL202604170002,4,1870.0,1654.87
零售,604425,10021858,14107579,6,HLB-fe9a768e-f36d-11f0-8cdb-0c42a112278c,TCL202604170002,4,1870.0,1654.87
零售,604425,10021858,14107579,17,HLB-fe9a7786-f36d-11f0-8cdb-0c42a112278c,TCL202604170002,4,1870.0,1654.87
零售,604425,10021858,14107579,5,HLB-fe9a7678-f36d-11f0-8cdb-0c42a112278c,TCL202604170002,4,1870.0,1654.87
零售,604425,10021858,14107579,25,HLB-fe9a7839-f36d-11f0-8cdb-0c42a112278c,TCL202604170002,4,1870.0,1654.87
零售,604425,10021858,14107579,14,HLB-fe9a7748-f36d-11f0-8cdb-0c42a112278c,TCL202604170002,4,1870.0,1654.87
零售,604425,10021858,14107579,13,HLB-fe9a7730-f36d-11f0-8cdb-0c42a112278c,TCL202604170002,4,1870.0,1654.87
零售,604425,10021858,14089667,20,HLB-7f1fc225-f1b0-11f0-8cdb-0c42a112278c,TCL202604170002,4,1870.0,1654.87
零售,604425,10021858,14089667,8,HLB-7f1fc10d-f1b0-11f0-8cdb-0c42a112278c,TCL202604170002,4,1870.0,1654.87
零售,604425,10021858,14089667,19,HLB-7f1fc20f-f1b0-11f0-8cdb-0c42a112278c,TCL202604170002,4,1870.0,1654.87
零售,604425,10021858,14089667,7,HLB-7f1fc0f5-f1b0-11f0-8cdb-0c42a112278c,TCL202604170002,4,1870.0,1654.87
零售,604425,10021858,14089667,18,HLB-7f1fc1fa-f1b0-11f0-8cdb-0c42a112278c,TCL202604170002,4,1870.0,1654.87
零售,604425,10021858,14089667,6,HLB-7f1fc0d9-f1b0-11f0-8cdb-0c42a112278c,TCL202604170002,4,1870.0,1654.87
零售,604425,10021858,14089667,17,HLB-7f1fc1e6-f1b0-11f0-8cdb-0c42a112278c,TCL202604170002,4,1870.0,1654.87
零售,604425,10021858,14089667,5,HLB-7f1fc0c0-f1b0-11f0-8cdb-0c42a112278c,TCL202604170002,4,1870.0,1654.87
零售,604425,10021858,14089667,12,HLB-7f1fc170-f1b0-11f0-8cdb-0c42a112278c,TCL202604170002,4,1870.0,1654.87
零售,604425,10021858,14089667,11,HLB-7f1fc157-f1b0-11f0-8cdb-0c42a112278c,TCL202604170002,4,1870.0,1654.87
零售,604425,10021858,14089667,10,HLB-7f1fc141-f1b0-11f0-8cdb-0c42a112278c,TCL202604170002,4,1870.0,1654.87
零售,604425,10021858,14089667,22,HLB-7f1fc24f-f1b0-11f0-8cdb-0c42a112278c,TCL202604170002,4,1870.0,1654.87
零售,604425,10021858,14089667,21,HLB-7f1fc23a-f1b0-11f0-8cdb-0c42a112278c,TCL202604170002,4,1870.0,1654.87
零售,604425,10021858,14089667,9,HLB-7f1fc127-f1b0-11f0-8cdb-0c42a112278c,TCL202604170002,4,1870.0,1654.87
零售,604425,10021858,14089667,25,HLB-7f1fc297-f1b0-11f0-8cdb-0c42a112278c,TCL202604170002,4,1870.0,1654.87
零售,604425,10021858,14089667,24,HLB-7f1fc27f-f1b0-11f0-8cdb-0c42a112278c,TCL202604170002,4,1870.0,1654.87
零售,604425,10021858,14089667,23,HLB-7f1fc266-f1b0-11f0-8cdb-0c42a112278c,TCL202604170002,4,1870.0,1654.87
零售,604425,10021858,14089667,16,HLB-7f1fc1cd-f1b0-11f0-8cdb-0c42a112278c,TCL202604170002,4,1870.0,1654.87
零售,604425,10021858,14089667,4,HLB-7f1fc0a4-f1b0-11f0-8cdb-0c42a112278c,TCL202604170002,4,1870.0,1654.87
零售,604425,10021858,14089667,15,HLB-7f1fc1b7-f1b0-11f0-8cdb-0c42a112278c,TCL202604170002,4,1870.0,1654.87
零售,604425,10021858,14089667,3,HLB-7f1fc088-f1b0-11f0-8cdb-0c42a112278c,TCL202604170002,4,1870.0,1654.87
零售,604425,10021858,14089667,14,HLB-7f1fc1a0-f1b0-11f0-8cdb-0c42a112278c,TCL202604170002,4,1870.0,1654.87
零售,604425,10021858,14089667,2,HLB-7f1fc063-f1b0-11f0-8cdb-0c42a112278c,TCL202604170002,4,1870.0,1654.87
零售,604425,10021858,14089667,13,HLB-7f1fc187-f1b0-11f0-8cdb-0c42a112278c,TCL202604170002,4,1870.0,1654.87
零售,604425,10021858,14089667,1,HLB-7f1fc004-f1b0-11f0-8cdb-0c42a112278c,TCL202604170002,4,1870.0,1654.87
零售,604425,10021858,14313421,18,HLB-b5e3965f-16b0-11f1-8cdb-0c42a112278c,TCL202604170002,4,1870.0,1654.87
零售,604425,10021858,14313421,17,HLB-b5e39646-16b0-11f1-8cdb-0c42a112278c,TCL202604170002,4,1870.0,1654.87
零售,604425,10021858,14181827,13,HLB-ee69fb4e-fb29-11f0-8cdb-0c42a112278c,TCL202604170002,4,1870.0,1654.87
零售,604425,10021858,14181827,12,HLB-ee69fb38-fb29-11f0-8cdb-0c42a112278c,TCL202604170002,4,1870.0,1654.87
零售,604425,10021858,14181827,11,HLB-ee69fb1e-fb29-11f0-8cdb-0c42a112278c,TCL202604170002,4,1870.0,1654.87
零售,604425,10021858,14181827,10,HLB-ee69fb05-fb29-11f0-8cdb-0c42a112278c,TCL202604170002,4,1870.0,1654.87
零售,604425,10021858,14181827,9,HLB-ee69faed-fb29-11f0-8cdb-0c42a112278c,TCL202604170002,4,1870.0,1654.87
零售,604425,10021858,14181827,8,HLB-ee69fad7-fb29-11f0-8cdb-0c42a112278c,TCL202604170002,4,1870.0,1654.87
零售,604425,10021858,14181827,7,HLB-ee69fabf-fb29-11f0-8cdb-0c42a112278c,TCL202604170002,4,1870.0,1654.87
零售,604425,10021858,14181827,4,HLB-ee69fa6d-fb29-11f0-8cdb-0c42a112278c,TCL202604170002,4,1870.0,1654.87
零售,604425,10021858,14181827,6,HLB-ee69faa0-fb29-11f0-8cdb-0c42a112278c,TCL202604170002,4,1870.0,1654.87
零售,604425,10021858,14181827,3,HLB-ee69fa4f-fb29-11f0-8cdb-0c42a112278c,TCL202604170002,4,1870.0,1654.87
零售,604425,10021858,14181827,5,HLB-ee69fa86-fb29-11f0-8cdb-0c42a112278c,TCL202604170002,4,1870.0,1654.87
零售,604425,10021858,14181827,2,HLB-ee69fa38-fb29-11f0-8cdb-0c42a112278c,TCL202604170002,4,1870.0,1654.87
零售,604425,10021858,14181827,1,HLB-ee69f9df-fb29-11f0-8cdb-0c42a112278c,TCL202604170002,4,1870.0,1654.87
零售,604425,10021858,14181827,23,HLB-ee69fc33-fb29-11f0-8cdb-0c42a112278c,TCL202604170002,4,1870.0,1654.87
零售,604425,10021858,14181827,22,HLB-ee69fc1a-fb29-11f0-8cdb-0c42a112278c,TCL202604170002,4,1870.0,1654.87
零售,604425,10021858,14181827,21,HLB-ee69fc01-fb29-11f0-8cdb-0c42a112278c,TCL202604170002,4,1870.0,1654.87
零售,604425,10021858,14181827,20,HLB-ee69fbec-fb29-11f0-8cdb-0c42a112278c,TCL202604170002,4,1870.0,1654.87
零售,604425,10021858,14181827,19,HLB-ee69fbd2-fb29-11f0-8cdb-0c42a112278c,TCL202604170002,4,1870.0,1654.87
零售,604425,10021858,14181827,18,HLB-ee69fbbe-fb29-11f0-8cdb-0c42a112278c,TCL202604170002,4,1870.0,1654.87
零售,604425,10021858,14181827,17,HLB-ee69fba6-fb29-11f0-8cdb-0c42a112278c,TCL202604170002,4,1870.0,1654.87
零售,604425,10021858,14181827,16,HLB-ee69fb91-fb29-11f0-8cdb-0c42a112278c,TCL202604170002,4,1870.0,1654.87
零售,604425,10021858,14181827,15,HLB-ee69fb7b-fb29-11f0-8cdb-0c42a112278c,TCL202604170002,4,1870.0,1654.87
零售,604425,10021858,14181827,14,HLB-ee69fb64-fb29-11f0-8cdb-0c42a112278c,TCL202604170002,4,1870.0,1654.87
零售,604425,10021858,14181827,25,HLB-ee69fc5d-fb29-11f0-8cdb-0c42a112278c,TCL202604170002,4,1870.0,1654.87
零售,604425,10021858,14181827,24,HLB-ee69fc48-fb29-11f0-8cdb-0c42a112278c,TCL202604170002,4,1870.0,1654.87
零售,604425,10021858,14200291,14,HLB-c17301c1-fcd4-11f0-8cdb-0c42a112278c,TCL202604170002,3,1870.0,1654.87
零售,604425,10021858,14200291,2,HLB-c17300c6-fcd4-11f0-8cdb-0c42a112278c,TCL202604170002,3,1870.0,1654.87
零售,604425,10021858,14200291,15,HLB-c17301d6-fcd4-11f0-8cdb-0c42a112278c,TCL202604170002,3,1870.0,1654.87
零售,604425,10021858,14200291,3,HLB-c17300db-fcd4-11f0-8cdb-0c42a112278c,TCL202604170002,3,1870.0,1654.87
零售,604425,10021858,14200291,12,HLB-c1730197-fcd4-11f0-8cdb-0c42a112278c,TCL202604170002,3,1870.0,1654.87
零售,604425,10021858,14200291,13,HLB-c17301ad-fcd4-11f0-8cdb-0c42a112278c,TCL202604170002,3,1870.0,1654.87
零售,604425,10021858,14200291,1,HLB-c17300b2-fcd4-11f0-8cdb-0c42a112278c,TCL202604170002,3,1870.0,1654.87
零售,604425,10021858,14200291,10,HLB-c173016f-fcd4-11f0-8cdb-0c42a112278c,TCL202604170002,3,1870.0,1654.87
零售,604425,10021858,14200291,11,HLB-c1730183-fcd4-11f0-8cdb-0c42a112278c,TCL202604170002,3,1870.0,1654.87
零售,604425,10021858,14200291,8,HLB-c1730146-fcd4-11f0-8cdb-0c42a112278c,TCL202604170002,3,1870.0,1654.87
零售,604425,10021858,14200291,20,HLB-c1730242-fcd4-11f0-8cdb-0c42a112278c,TCL202604170002,3,1870.0,1654.87
零售,604425,10021858,14200291,9,HLB-c173015b-fcd4-11f0-8cdb-0c42a112278c,TCL202604170002,3,1870.0,1654.87
零售,604425,10021858,14200291,21,HLB-c1730255-fcd4-11f0-8cdb-0c42a112278c,TCL202604170002,3,1870.0,1654.87
零售,604425,10021858,14200291,18,HLB-c1730219-fcd4-11f0-8cdb-0c42a112278c,TCL202604170002,3,1870.0,1654.87
零售,604425,10021858,14200291,6,HLB-c173011b-fcd4-11f0-8cdb-0c42a112278c,TCL202604170002,3,1870.0,1654.87
零售,604425,10021858,14200291,7,HLB-c1730130-fcd4-11f0-8cdb-0c42a112278c,TCL202604170002,3,1870.0,1654.87
零售,604425,10021858,14200291,19,HLB-c173022d-fcd4-11f0-8cdb-0c42a112278c,TCL202604170002,3,1870.0,1654.87
零售,604425,10021858,14200291,16,HLB-c17301ed-fcd4-11f0-8cdb-0c42a112278c,TCL202604170002,3,1870.0,1654.87
零售,604425,10021858,14200291,4,HLB-c17300ef-fcd4-11f0-8cdb-0c42a112278c,TCL202604170002,3,1870.0,1654.87
零售,604425,10021858,14200291,17,HLB-c1730204-fcd4-11f0-8cdb-0c42a112278c,TCL202604170002,3,1870.0,1654.87
零售,604425,10021858,14200291,5,HLB-c1730103-fcd4-11f0-8cdb-0c42a112278c,TCL202604170002,3,1870.0,1654.87
零售,604425,10021858,14200291,23,HLB-c173027e-fcd4-11f0-8cdb-0c42a112278c,TCL202604170002,3,1870.0,1654.87
零售,604425,10021858,14200291,24,HLB-c1730293-fcd4-11f0-8cdb-0c42a112278c,TCL202604170002,3,1870.0,1654.87
零售,604425,10021858,14200291,22,HLB-c173026a-fcd4-11f0-8cdb-0c42a112278c,TCL202604170002,3,1870.0,1654.87
零售,604425,10021858,14200291,25,HLB-c17302a6-fcd4-11f0-8cdb-0c42a112278c,TCL202604170002,3,1870.0,1654.87
零售,604425,10021858,14133841,12,HLB-03e0f808-f666-11f0-8cdb-0c42a112278c,TCL202604170002,3,1870.0,1654.87
零售,604425,10021858,14133841,3,HLB-03e0f70f-f666-11f0-8cdb-0c42a112278c,TCL202604170002,3,1870.0,1654.87
零售,604425,10021858,14133841,15,HLB-03e0f860-f666-11f0-8cdb-0c42a112278c,TCL202604170002,3,1870.0,1654.87
零售,604425,10021858,14133841,4,HLB-03e0f730-f666-11f0-8cdb-0c42a112278c,TCL202604170002,3,1870.0,1654.87
零售,604425,10021858,14133841,16,HLB-03e0f879-f666-11f0-8cdb-0c42a112278c,TCL202604170002,3,1870.0,1654.87
零售,604425,10021858,14133841,1,HLB-03e0f6bc-f666-11f0-8cdb-0c42a112278c,TCL202604170002,3,1870.0,1654.87
零售,604425,10021858,14133841,13,HLB-03e0f81d-f666-11f0-8cdb-0c42a112278c,TCL202604170002,3,1870.0,1654.87
零售,604425,10021858,14133841,2,HLB-03e0f6d4-f666-11f0-8cdb-0c42a112278c,TCL202604170002,3,1870.0,1654.87
零售,604425,10021858,14133841,14,HLB-03e0f835-f666-11f0-8cdb-0c42a112278c,TCL202604170002,3,1870.0,1654.87
零售,604425,10021858,14133841,7,HLB-03e0f77d-f666-11f0-8cdb-0c42a112278c,TCL202604170002,3,1870.0,1654.87
零售,604425,10021858,14133841,19,HLB-03e0f900-f666-11f0-8cdb-0c42a112278c,TCL202604170002,3,1870.0,1654.87
零售,604425,10021858,14133841,8,HLB-03e0f797-f666-11f0-8cdb-0c42a112278c,TCL202604170002,3,1870.0,1654.87
零售,604425,10021858,14133841,20,HLB-03e0f918-f666-11f0-8cdb-0c42a112278c,TCL202604170002,3,1870.0,1654.87
零售,604425,10021858,14133841,5,HLB-03e0f74c-f666-11f0-8cdb-0c42a112278c,TCL202604170002,3,1870.0,1654.87
零售,604425,10021858,14133841,17,HLB-03e0f892-f666-11f0-8cdb-0c42a112278c,TCL202604170002,3,1870.0,1654.87
零售,604425,10021858,14133841,6,HLB-03e0f768-f666-11f0-8cdb-0c42a112278c,TCL202604170002,3,1870.0,1654.87
零售,604425,10021858,14133841,18,HLB-03e0f8e3-f666-11f0-8cdb-0c42a112278c,TCL202604170002,3,1870.0,1654.87
零售,604425,10021858,14133841,11,HLB-03e0f7f2-f666-11f0-8cdb-0c42a112278c,TCL202604170002,3,1870.0,1654.87
零售,604425,10021858,14133841,9,HLB-03e0f7b2-f666-11f0-8cdb-0c42a112278c,TCL202604170002,3,1870.0,1654.87
零售,604425,10021858,14133841,21,HLB-03e0f93a-f666-11f0-8cdb-0c42a112278c,TCL202604170002,3,1870.0,1654.87
零售,604425,10021858,14133841,10,HLB-03e0f7ce-f666-11f0-8cdb-0c42a112278c,TCL202604170002,3,1870.0,1654.87
零售,604425,10021858,14133841,24,HLB-03e0f982-f666-11f0-8cdb-0c42a112278c,TCL202604170002,3,1870.0,1654.87
零售,604425,10021858,14133841,25,HLB-03e0f9a0-f666-11f0-8cdb-0c42a112278c,TCL202604170002,3,1870.0,1654.87
零售,604425,10021858,14133841,22,HLB-03e0f953-f666-11f0-8cdb-0c42a112278c,TCL202604170002,3,1870.0,1654.87
零售,604425,10021858,14133841,23,HLB-03e0f96b-f666-11f0-8cdb-0c42a112278c,TCL202604170002,3,1870.0,1654.87
零售,604425,10021858,14133845,13,HLB-04356d68-f666-11f0-8cdb-0c42a112278c,TCL202604170002,3,1870.0,1654.87
零售,604425,10021858,14133845,25,HLB-04356f3c-f666-11f0-8cdb-0c42a112278c,TCL202604170002,3,1870.0,1654.87
零售,604425,10021858,14133845,14,HLB-04356d8f-f666-11f0-8cdb-0c42a112278c,TCL202604170002,3,1870.0,1654.87
零售,604425,10021858,14133845,15,HLB-04356dbc-f666-11f0-8cdb-0c42a112278c,TCL202604170002,3,1870.0,1654.87
零售,604425,10021858,14133845,16,HLB-04356de5-f666-11f0-8cdb-0c42a112278c,TCL202604170002,3,1870.0,1654.87
零售,604425,10021858,14133845,9,HLB-04356cb9-f666-11f0-8cdb-0c42a112278c,TCL202604170002,3,1870.0,1654.87
零售,604425,10021858,14133845,10,HLB-04356ce3-f666-11f0-8cdb-0c42a112278c,TCL202604170002,3,1870.0,1654.87
零售,604425,10021858,14133845,11,HLB-04356d17-f666-11f0-8cdb-0c42a112278c,TCL202604170002,3,1870.0,1654.87
零售,604425,10021858,14133845,12,HLB-04356d3e-f666-11f0-8cdb-0c42a112278c,TCL202604170002,3,1870.0,1654.87
零售,604425,10021858,14133845,21,HLB-04356ea2-f666-11f0-8cdb-0c42a112278c,TCL202604170002,3,1870.0,1654.87
零售,604425,10021858,14133845,22,HLB-04356ec8-f666-11f0-8cdb-0c42a112278c,TCL202604170002,3,1870.0,1654.87
零售,604425,10021858,14133845,23,HLB-04356eeb-f666-11f0-8cdb-0c42a112278c,TCL202604170002,3,1870.0,1654.87
零售,604425,10021858,14133845,24,HLB-04356f16-f666-11f0-8cdb-0c42a112278c,TCL202604170002,3,1870.0,1654.87
零售,604425,10021858,14133845,17,HLB-04356e0a-f666-11f0-8cdb-0c42a112278c,TCL202604170002,3,1870.0,1654.87
零售,604425,10021858,14133845,18,HLB-04356e30-f666-11f0-8cdb-0c42a112278c,TCL202604170002,3,1870.0,1654.87
零售,604425,10021858,14133845,19,HLB-04356e57-f666-11f0-8cdb-0c42a112278c,TCL202604170002,3,1870.0,1654.87
零售,604425,10021858,14133845,20,HLB-04356e79-f666-11f0-8cdb-0c42a112278c,TCL202604170002,3,1870.0,1654.87
零售,604425,10021858,14133851,10,HLB-04738143-f666-11f0-8cdb-0c42a112278c,TCL202604170002,3,1870.0,1654.87
零售,604425,10021858,14133851,8,HLB-0473811b-f666-11f0-8cdb-0c42a112278c,TCL202604170002,3,1870.0,1654.87
零售,604425,10021858,14133851,9,HLB-0473812f-f666-11f0-8cdb-0c42a112278c,TCL202604170002,3,1870.0,1654.87
零售,604425,10021858,14133845,5,HLB-04356bdf-f666-11f0-8cdb-0c42a112278c,TCL202604170002,3,1870.0,1654.87
零售,604425,10021858,14133845,6,HLB-04356c0a-f666-11f0-8cdb-0c42a112278c,TCL202604170002,3,1870.0,1654.87
零售,604425,10021858,14133845,7,HLB-04356c34-f666-11f0-8cdb-0c42a112278c,TCL202604170002,3,1870.0,1654.87
零售,604425,10021858,14133845,8,HLB-04356c8b-f666-11f0-8cdb-0c42a112278c,TCL202604170002,3,1870.0,1654.87
零售,604425,10021858,14133845,1,HLB-04356b15-f666-11f0-8cdb-0c42a112278c,TCL202604170002,3,1870.0,1654.87
零售,604425,10021858,14133845,2,HLB-04356b43-f666-11f0-8cdb-0c42a112278c,TCL202604170002,3,1870.0,1654.87
零售,604425,10021858,14133845,3,HLB-04356b7a-f666-11f0-8cdb-0c42a112278c,TCL202604170002,3,1870.0,1654.87
零售,604425,10021858,14133845,4,HLB-04356baa-f666-11f0-8cdb-0c42a112278c,TCL202604170002,3,1870.0,1654.87
零售,604425,10021858,14133847,24,HLB-045ec08d-f666-11f0-8cdb-0c42a112278c,TCL202604170002,3,1870.0,1654.87
零售,604425,10021858,14133847,25,HLB-045ec0a2-f666-11f0-8cdb-0c42a112278c,TCL202604170002,3,1870.0,1654.87
零售,604425,10021858,14133847,22,HLB-045ec066-f666-11f0-8cdb-0c42a112278c,TCL202604170002,3,1870.0,1654.87
零售,604425,10021858,14133847,23,HLB-045ec07a-f666-11f0-8cdb-0c42a112278c,TCL202604170002,3,1870.0,1654.87
零售,604425,10021858,14133847,4,HLB-045ebee8-f666-11f0-8cdb-0c42a112278c,TCL202604170002,3,1870.0,1654.87
零售,604425,10021858,14133847,7,HLB-045ebf31-f666-11f0-8cdb-0c42a112278c,TCL202604170002,3,1870.0,1654.87
零售,604425,10021858,14133847,8,HLB-045ebf47-f666-11f0-8cdb-0c42a112278c,TCL202604170002,3,1870.0,1654.87
零售,604425,10021858,14133847,5,HLB-045ebf00-f666-11f0-8cdb-0c42a112278c,TCL202604170002,3,1870.0,1654.87
零售,604425,10021858,14133847,6,HLB-045ebf17-f666-11f0-8cdb-0c42a112278c,TCL202604170002,3,1870.0,1654.87
零售,604425,10021858,14133847,11,HLB-045ebf85-f666-11f0-8cdb-0c42a112278c,TCL202604170002,3,1870.0,1654.87
零售,604425,10021858,14133847,12,HLB-045ebf98-f666-11f0-8cdb-0c42a112278c,TCL202604170002,3,1870.0,1654.87
零售,604425,10021858,14133847,9,HLB-045ebf5c-f666-11f0-8cdb-0c42a112278c,TCL202604170002,3,1870.0,1654.87
零售,604425,10021858,14133847,10,HLB-045ebf70-f666-11f0-8cdb-0c42a112278c,TCL202604170002,3,1870.0,1654.87
零售,604425,10021858,14133847,3,HLB-045ebec8-f666-11f0-8cdb-0c42a112278c,TCL202604170002,3,1870.0,1654.87
零售,604425,10021858,14133847,1,HLB-045ebe9c-f666-11f0-8cdb-0c42a112278c,TCL202604170002,3,1870.0,1654.87
零售,604425,10021858,14133847,13,HLB-045ebfad-f666-11f0-8cdb-0c42a112278c,TCL202604170002,3,1870.0,1654.87
零售,604425,10021858,14133847,2,HLB-045ebeb2-f666-11f0-8cdb-0c42a112278c,TCL202604170002,3,1870.0,1654.87
零售,604425,10021858,14133847,16,HLB-045ebfeb-f666-11f0-8cdb-0c42a112278c,TCL202604170002,3,1870.0,1654.87
零售,604425,10021858,14133847,17,HLB-045ebfff-f666-11f0-8cdb-0c42a112278c,TCL202604170002,3,1870.0,1654.87
零售,604425,10021858,14133847,14,HLB-045ebfc1-f666-11f0-8cdb-0c42a112278c,TCL202604170002,3,1870.0,1654.87
零售,604425,10021858,14133847,15,HLB-045ebfd6-f666-11f0-8cdb-0c42a112278c,TCL202604170002,3,1870.0,1654.87
零售,604425,10021858,14133847,20,HLB-045ec03d-f666-11f0-8cdb-0c42a112278c,TCL202604170002,3,1870.0,1654.87
零售,604425,10021858,14133847,21,HLB-045ec051-f666-11f0-8cdb-0c42a112278c,TCL202604170002,3,1870.0,1654.87
零售,604425,10021858,14133847,18,HLB-045ec014-f666-11f0-8cdb-0c42a112278c,TCL202604170002,3,1870.0,1654.87
零售,604425,10021858,14133847,19,HLB-045ec029-f666-11f0-8cdb-0c42a112278c,TCL202604170002,3,1870.0,1654.87
零售,604425,10021858,14133842,9,HLB-03f640db-f666-11f0-8cdb-0c42a112278c,TCL202604170002,3,1870.0,1654.87
零售,604425,10021858,14133842,3,HLB-03f6403d-f666-11f0-8cdb-0c42a112278c,TCL202604170002,3,1870.0,1654.87
零售,604425,10021858,14133842,4,HLB-03f64058-f666-11f0-8cdb-0c42a112278c,TCL202604170002,3,1870.0,1654.87
零售,604425,10021858,14133842,1,HLB-03f6400c-f666-11f0-8cdb-0c42a112278c,TCL202604170002,3,1870.0,1654.87
零售,604425,10021858,14133842,2,HLB-03f64025-f666-11f0-8cdb-0c42a112278c,TCL202604170002,3,1870.0,1654.87
零售,604425,10021858,14133842,7,HLB-03f640a4-f666-11f0-8cdb-0c42a112278c,TCL202604170002,3,1870.0,1654.87
零售,604425,10021858,14133842,8,HLB-03f640bc-f666-11f0-8cdb-0c42a112278c,TCL202604170002,3,1870.0,1654.87
零售,604425,10021858,14133842,5,HLB-03f64075-f666-11f0-8cdb-0c42a112278c,TCL202604170002,3,1870.0,1654.87
零售,604425,10021858,14133842,6,HLB-03f6408d-f666-11f0-8cdb-0c42a112278c,TCL202604170002,3,1870.0,1654.87
零售,604425,10021858,14133842,10,HLB-03f640f1-f666-11f0-8cdb-0c42a112278c,TCL202604170002,3,1870.0,1654.87
零售,604425,10021858,14133842,11,HLB-03f64107-f666-11f0-8cdb-0c42a112278c,TCL202604170002,3,1870.0,1654.87
零售,604425,10021858,14133842,14,HLB-03f64143-f666-11f0-8cdb-0c42a112278c,TCL202604170002,3,1870.0,1654.87
零售,604425,10021858,14133842,15,HLB-03f64158-f666-11f0-8cdb-0c42a112278c,TCL202604170002,3,1870.0,1654.87
零售,604425,10021858,14133842,12,HLB-03f6411b-f666-11f0-8cdb-0c42a112278c,TCL202604170002,3,1870.0,1654.87
零售,604425,10021858,14133842,13,HLB-03f6412f-f666-11f0-8cdb-0c42a112278c,TCL202604170002,3,1870.0,1654.87
零售,604425,10021858,14133842,18,HLB-03f64199-f666-11f0-8cdb-0c42a112278c,TCL202604170002,3,1870.0,1654.87
零售,604425,10021858,14133842,19,HLB-03f641ae-f666-11f0-8cdb-0c42a112278c,TCL202604170002,3,1870.0,1654.87
零售,604425,10021858,14133842,16,HLB-03f6416d-f666-11f0-8cdb-0c42a112278c,TCL202604170002,3,1870.0,1654.87
零售,604425,10021858,14133842,17,HLB-03f64184-f666-11f0-8cdb-0c42a112278c,TCL202604170002,3,1870.0,1654.87
零售,604425,10021858,14133842,22,HLB-03f641f1-f666-11f0-8cdb-0c42a112278c,TCL202604170002,3,1870.0,1654.87
零售,604425,10021858,14133842,23,HLB-03f64205-f666-11f0-8cdb-0c42a112278c,TCL202604170002,3,1870.0,1654.87
零售,604425,10021858,14133842,20,HLB-03f641c3-f666-11f0-8cdb-0c42a112278c,TCL202604170002,3,1870.0,1654.87
零售,604425,10021858,14133842,21,HLB-03f641da-f666-11f0-8cdb-0c42a112278c,TCL202604170002,3,1870.0,1654.87
零售,604425,10021858,14133842,24,HLB-03f64219-f666-11f0-8cdb-0c42a112278c,TCL202604170002,3,1870.0,1654.87
零售,604425,10021858,14133842,25,HLB-03f6422d-f666-11f0-8cdb-0c42a112278c,TCL202604170002,3,1870.0,1654.87
零售,604425,10021858,14133848,11,HLB-04737e78-f666-11f0-8cdb-0c42a112278c,TCL202604170002,3,1870.0,1654.87
零售,604425,10021858,14133848,14,HLB-04737ebc-f666-11f0-8cdb-0c42a112278c,TCL202604170002,3,1870.0,1654.87
零售,604425,10021858,14133848,15,HLB-04737ed2-f666-11f0-8cdb-0c42a112278c,TCL202604170002,3,1870.0,1654.87
零售,604425,10021858,14133848,12,HLB-04737e8c-f666-11f0-8cdb-0c42a112278c,TCL202604170002,3,1870.0,1654.87
零售,604425,10021858,14133848,13,HLB-04737ea6-f666-11f0-8cdb-0c42a112278c,TCL202604170002,3,1870.0,1654.87
零售,604425,10021858,14133848,1,HLB-04737d7b-f666-11f0-8cdb-0c42a112278c,TCL202604170002,3,1870.0,1654.87
零售,604425,10021858,14133848,2,HLB-04737d95-f666-11f0-8cdb-0c42a112278c,TCL202604170002,3,1870.0,1654.87
零售,604425,10021858,14133848,5,HLB-04737de1-f666-11f0-8cdb-0c42a112278c,TCL202604170002,3,1870.0,1654.87
零售,604425,10021858,14133848,6,HLB-04737dfa-f666-11f0-8cdb-0c42a112278c,TCL202604170002,3,1870.0,1654.87
零售,604425,10021858,14133848,3,HLB-04737dac-f666-11f0-8cdb-0c42a112278c,TCL202604170002,3,1870.0,1654.87
零售,604425,10021858,14133848,4,HLB-04737dc8-f666-11f0-8cdb-0c42a112278c,TCL202604170002,3,1870.0,1654.87
零售,604425,10021858,14133848,9,HLB-04737e4a-f666-11f0-8cdb-0c42a112278c,TCL202604170002,3,1870.0,1654.87
零售,604425,10021858,14133848,10,HLB-04737e60-f666-11f0-8cdb-0c42a112278c,TCL202604170002,3,1870.0,1654.87
零售,604425,10021858,14133848,7,HLB-04737e15-f666-11f0-8cdb-0c42a112278c,TCL202604170002,3,1870.0,1654.87
零售,604425,10021858,14133848,8,HLB-04737e2e-f666-11f0-8cdb-0c42a112278c,TCL202604170002,3,1870.0,1654.87
零售,604425,10021858,14085656,7,HLB-f93e3e6c-f10c-11f0-8cdb-0c42a112278c,TCL202604170002,2,2220.0,1964.6
零售,604425,10021858,14085656,19,HLB-f93e3f68-f10c-11f0-8cdb-0c42a112278c,TCL202604170002,2,2220.0,1964.6
零售,604425,10021858,14085656,8,HLB-f93e3e82-f10c-11f0-8cdb-0c42a112278c,TCL202604170002,2,2220.0,1964.6
零售,604425,10021858,14085656,5,HLB-f93e3e3d-f10c-11f0-8cdb-0c42a112278c,TCL202604170002,2,2220.0,1964.6
零售,604425,10021858,14085656,17,HLB-f93e3f3c-f10c-11f0-8cdb-0c42a112278c,TCL202604170002,2,2220.0,1964.6
零售,604425,10021858,14085656,6,HLB-f93e3e52-f10c-11f0-8cdb-0c42a112278c,TCL202604170002,2,2220.0,1964.6
零售,604425,10021858,14085656,18,HLB-f93e3f54-f10c-11f0-8cdb-0c42a112278c,TCL202604170002,2,2220.0,1964.6
零售,604425,10021858,14085656,3,HLB-f93e3e12-f10c-11f0-8cdb-0c42a112278c,TCL202604170002,2,2220.0,1964.6
零售,604425,10021858,14085656,15,HLB-f93e3f14-f10c-11f0-8cdb-0c42a112278c,TCL202604170002,2,2220.0,1964.6
零售,604425,10021858,14085656,4,HLB-f93e3e27-f10c-11f0-8cdb-0c42a112278c,TCL202604170002,2,2220.0,1964.6
零售,604425,10021858,14085656,16,HLB-f93e3f28-f10c-11f0-8cdb-0c42a112278c,TCL202604170002,2,2220.0,1964.6
零售,604425,10021858,14085656,1,HLB-f93e3de4-f10c-11f0-8cdb-0c42a112278c,TCL202604170002,2,2220.0,1964.6
零售,604425,10021858,14085656,13,HLB-f93e3eea-f10c-11f0-8cdb-0c42a112278c,TCL202604170002,2,2220.0,1964.6
零售,604425,10021858,14085656,2,HLB-f93e3df9-f10c-11f0-8cdb-0c42a112278c,TCL202604170002,2,2220.0,1964.6
零售,604425,10021858,14085656,14,HLB-f93e3eff-f10c-11f0-8cdb-0c42a112278c,TCL202604170002,2,2220.0,1964.6
零售,604425,10021858,14085656,20,HLB-f93e3f7d-f10c-11f0-8cdb-0c42a112278c,TCL202604170002,2,2220.0,1964.6
零售,604425,10021858,14085656,21,HLB-f93e3f93-f10c-11f0-8cdb-0c42a112278c,TCL202604170002,2,2220.0,1964.6
零售,604425,10021858,14085656,9,HLB-f93e3e98-f10c-11f0-8cdb-0c42a112278c,TCL202604170002,2,2220.0,1964.6
零售,604425,10021858,14085656,11,HLB-f93e3ec2-f10c-11f0-8cdb-0c42a112278c,TCL202604170002,2,2220.0,1964.6
零售,604425,10021858,14085656,12,HLB-f93e3ed6-f10c-11f0-8cdb-0c42a112278c,TCL202604170002,2,2220.0,1964.6
零售,604425,10021858,14085656,10,HLB-f93e3eab-f10c-11f0-8cdb-0c42a112278c,TCL202604170002,2,2220.0,1964.6
零售,604425,10021858,14085656,24,HLB-f93e3fd4-f10c-11f0-8cdb-0c42a112278c,TCL202604170002,2,2220.0,1964.6
零售,604425,10021858,14085656,25,HLB-f93e3fe8-f10c-11f0-8cdb-0c42a112278c,TCL202604170002,2,2220.0,1964.6
零售,604425,10021858,14085656,22,HLB-f93e3fa9-f10c-11f0-8cdb-0c42a112278c,TCL202604170002,2,2220.0,1964.6
零售,604425,10021858,14085656,23,HLB-f93e3fc1-f10c-11f0-8cdb-0c42a112278c,TCL202604170002,2,2220.0,1964.6
零售,604425,10021858,14085655,18,HLB-f9151d6c-f10c-11f0-8cdb-0c42a112278c,TCL202604170002,2,2220.0,1964.6
零售,604425,10021858,14085655,19,HLB-f9151d82-f10c-11f0-8cdb-0c42a112278c,TCL202604170002,2,2220.0,1964.6
零售,604425,10021858,14085655,16,HLB-f9151d43-f10c-11f0-8cdb-0c42a112278c,TCL202604170002,2,2220.0,1964.6
零售,604425,10021858,14085655,17,HLB-f9151d57-f10c-11f0-8cdb-0c42a112278c,TCL202604170002,2,2220.0,1964.6
零售,604425,10021858,14085655,14,HLB-f9151d19-f10c-11f0-8cdb-0c42a112278c,TCL202604170002,2,2220.0,1964.6
零售,604425,10021858,14085655,15,HLB-f9151d2e-f10c-11f0-8cdb-0c42a112278c,TCL202604170002,2,2220.0,1964.6
零售,604425,10021858,14085655,12,HLB-f9151ced-f10c-11f0-8cdb-0c42a112278c,TCL202604170002,2,2220.0,1964.6
零售,604425,10021858,14085655,24,HLB-f9151de7-f10c-11f0-8cdb-0c42a112278c,TCL202604170002,2,2220.0,1964.6
零售,604425,10021858,14085655,13,HLB-f9151d05-f10c-11f0-8cdb-0c42a112278c,TCL202604170002,2,2220.0,1964.6
零售,604425,10021858,14085655,25,HLB-f9151dfc-f10c-11f0-8cdb-0c42a112278c,TCL202604170002,2,2220.0,1964.6
零售,604425,10021858,14085655,22,HLB-f9151dbe-f10c-11f0-8cdb-0c42a112278c,TCL202604170002,2,2220.0,1964.6
零售,604425,10021858,14085655,20,HLB-f9151d96-f10c-11f0-8cdb-0c42a112278c,TCL202604170002,2,2220.0,1964.6
零售,604425,10021858,14085655,21,HLB-f9151daa-f10c-11f0-8cdb-0c42a112278c,TCL202604170002,2,2220.0,1964.6
零售,604425,10021858,14181824,11,HLB-ee27d4eb-fb29-11f0-8cdb-0c42a112278c,TCL202604170002,2,2220.0,1964.6
零售,604425,10021858,14181824,10,HLB-ee27d4d4-fb29-11f0-8cdb-0c42a112278c,TCL202604170002,2,2220.0,1964.6
零售,604425,10021858,14181824,13,HLB-ee27d518-fb29-11f0-8cdb-0c42a112278c,TCL202604170002,2,2220.0,1964.6
零售,604425,10021858,14181824,1,HLB-ee27d3a8-fb29-11f0-8cdb-0c42a112278c,TCL202604170002,2,2220.0,1964.6
零售,604425,10021858,14181824,12,HLB-ee27d504-fb29-11f0-8cdb-0c42a112278c,TCL202604170002,2,2220.0,1964.6
零售,604425,10021858,14181824,7,HLB-ee27d489-fb29-11f0-8cdb-0c42a112278c,TCL202604170002,2,2220.0,1964.6
零售,604425,10021858,14181824,9,HLB-ee27d4ba-fb29-11f0-8cdb-0c42a112278c,TCL202604170002,2,2220.0,1964.6
零售,604425,10021858,14181824,8,HLB-ee27d4a3-fb29-11f0-8cdb-0c42a112278c,TCL202604170002,2,2220.0,1964.6
零售,604425,10021858,14181824,6,HLB-ee27d470-fb29-11f0-8cdb-0c42a112278c,TCL202604170002,2,2220.0,1964.6
零售,604425,10021858,14181824,15,HLB-ee27d545-fb29-11f0-8cdb-0c42a112278c,TCL202604170002,2,2220.0,1964.6
零售,604425,10021858,14181824,3,HLB-ee27d418-fb29-11f0-8cdb-0c42a112278c,TCL202604170002,2,2220.0,1964.6
零售,604425,10021858,14181824,14,HLB-ee27d52e-fb29-11f0-8cdb-0c42a112278c,TCL202604170002,2,2220.0,1964.6
零售,604425,10021858,14181824,2,HLB-ee27d3fd-fb29-11f0-8cdb-0c42a112278c,TCL202604170002,2,2220.0,1964.6
零售,604425,10021858,14181824,5,HLB-ee27d455-fb29-11f0-8cdb-0c42a112278c,TCL202604170002,2,2220.0,1964.6
零售,604425,10021858,14181824,16,HLB-ee27d55d-fb29-11f0-8cdb-0c42a112278c,TCL202604170002,2,2220.0,1964.6
零售,604425,10021858,14181824,4,HLB-ee27d435-fb29-11f0-8cdb-0c42a112278c,TCL202604170002,2,2220.0,1964.6
零售,604425,10021858,14181824,20,HLB-ee27d5bd-fb29-11f0-8cdb-0c42a112278c,TCL202604170002,2,2220.0,1964.6
零售,604425,10021858,14181824,19,HLB-ee27d5a9-fb29-11f0-8cdb-0c42a112278c,TCL202604170002,2,2220.0,1964.6
零售,604425,10021858,14181824,22,HLB-ee27d607-fb29-11f0-8cdb-0c42a112278c,TCL202604170002,2,2220.0,1964.6
零售,604425,10021858,14181824,21,HLB-ee27d5f2-fb29-11f0-8cdb-0c42a112278c,TCL202604170002,2,2220.0,1964.6
零售,604425,10021858,14181824,18,HLB-ee27d593-fb29-11f0-8cdb-0c42a112278c,TCL202604170002,2,2220.0,1964.6
零售,604425,10021858,14181824,17,HLB-ee27d578-fb29-11f0-8cdb-0c42a112278c,TCL202604170002,2,2220.0,1964.6
零售,604425,10021858,14181824,24,HLB-ee27d63d-fb29-11f0-8cdb-0c42a112278c,TCL202604170002,2,2220.0,1964.6
零售,604425,10021858,14181824,23,HLB-ee27d622-fb29-11f0-8cdb-0c42a112278c,TCL202604170002,2,2220.0,1964.6
零售,604425,10021858,14181824,25,HLB-ee27d669-fb29-11f0-8cdb-0c42a112278c,TCL202604170002,2,2220.0,1964.6
零售,604425,10021858,14147257,3,HLB-3f20097b-f7f6-11f0-8cdb-0c42a112278c,TCL202604170002,2,2220.0,1964.6
零售,604425,10021858,14147257,4,HLB-3f200998-f7f6-11f0-8cdb-0c42a112278c,TCL202604170002,2,2220.0,1964.6
零售,604425,10021858,14147257,5,HLB-3f2009b4-f7f6-11f0-8cdb-0c42a112278c,TCL202604170002,2,2220.0,1964.6
零售,604425,10021858,14147257,6,HLB-3f2009d1-f7f6-11f0-8cdb-0c42a112278c,TCL202604170002,2,2220.0,1964.6
零售,604425,10021858,14147257,1,HLB-3f2008ef-f7f6-11f0-8cdb-0c42a112278c,TCL202604170002,2,2220.0,1964.6
零售,604425,10021858,14147257,2,HLB-3f20094e-f7f6-11f0-8cdb-0c42a112278c,TCL202604170002,2,2220.0,1964.6
零售,604425,10021858,14147257,19,HLB-3f200b25-f7f6-11f0-8cdb-0c42a112278c,TCL202604170002,2,2220.0,1964.6
零售,604425,10021858,14147257,20,HLB-3f200b44-f7f6-11f0-8cdb-0c42a112278c,TCL202604170002,2,2220.0,1964.6
零售,604425,10021858,14147257,21,HLB-3f200b5c-f7f6-11f0-8cdb-0c42a112278c,TCL202604170002,2,2220.0,1964.6
零售,604425,10021858,14147257,22,HLB-3f200b71-f7f6-11f0-8cdb-0c42a112278c,TCL202604170002,2,2220.0,1964.6
零售,604425,10021858,14147257,15,HLB-3f200ac0-f7f6-11f0-8cdb-0c42a112278c,TCL202604170002,2,2220.0,1964.6
零售,604425,10021858,14147257,16,HLB-3f200ad9-f7f6-11f0-8cdb-0c42a112278c,TCL202604170002,2,2220.0,1964.6
零售,604425,10021858,14147257,17,HLB-3f200af5-f7f6-11f0-8cdb-0c42a112278c,TCL202604170002,2,2220.0,1964.6
零售,604425,10021858,14147257,18,HLB-3f200b0e-f7f6-11f0-8cdb-0c42a112278c,TCL202604170002,2,2220.0,1964.6
零售,604425,10021858,14147257,11,HLB-3f200a5c-f7f6-11f0-8cdb-0c42a112278c,TCL202604170002,2,2220.0,1964.6
零售,604425,10021858,14147257,23,HLB-3f200b86-f7f6-11f0-8cdb-0c42a112278c,TCL202604170002,2,2220.0,1964.6
零售,604425,10021858,14147257,12,HLB-3f200a74-f7f6-11f0-8cdb-0c42a112278c,TCL202604170002,2,2220.0,1964.6
零售,604425,10021858,14147257,24,HLB-3f200b9c-f7f6-11f0-8cdb-0c42a112278c,TCL202604170002,2,2220.0,1964.6
零售,604425,10021858,14147257,13,HLB-3f200a8e-f7f6-11f0-8cdb-0c42a112278c,TCL202604170002,2,2220.0,1964.6
零售,604425,10021858,14147257,25,HLB-3f200bb2-f7f6-11f0-8cdb-0c42a112278c,TCL202604170002,2,2220.0,1964.6
零售,604425,10021858,14147257,14,HLB-3f200aa5-f7f6-11f0-8cdb-0c42a112278c,TCL202604170002,2,2220.0,1964.6
零售,604425,10021858,14147257,7,HLB-3f2009ec-f7f6-11f0-8cdb-0c42a112278c,TCL202604170002,2,2220.0,1964.6
零售,604425,10021858,14147257,8,HLB-3f200a05-f7f6-11f0-8cdb-0c42a112278c,TCL202604170002,2,2220.0,1964.6
零售,604425,10021858,14147257,9,HLB-3f200a20-f7f6-11f0-8cdb-0c42a112278c,TCL202604170002,2,2220.0,1964.6
零售,604425,10021858,14147257,10,HLB-3f200a3f-f7f6-11f0-8cdb-0c42a112278c,TCL202604170002,2,2220.0,1964.6
零售,604425,10021858,14085655,10,HLB-f9151cc6-f10c-11f0-8cdb-0c42a112278c,TCL202604170002,2,2220.0,1964.6
零售,604425,10021858,14085655,11,HLB-f9151cda-f10c-11f0-8cdb-0c42a112278c,TCL202604170002,2,2220.0,1964.6
零售,604425,10021858,14085655,23,HLB-f9151dd3-f10c-11f0-8cdb-0c42a112278c,TCL202604170002,2,2220.0,1964.6
零售,604425,10021858,14085655,8,HLB-f9151c9a-f10c-11f0-8cdb-0c42a112278c,TCL202604170002,2,2220.0,1964.6
零售,604425,10021858,14085655,9,HLB-f9151cb1-f10c-11f0-8cdb-0c42a112278c,TCL202604170002,2,2220.0,1964.6
零售,604425,10021858,14085655,1,HLB-f9151bf4-f10c-11f0-8cdb-0c42a112278c,TCL202604170002,2,2220.0,1964.6
零售,604425,10021858,14085655,2,HLB-f9151c0b-f10c-11f0-8cdb-0c42a112278c,TCL202604170002,2,2220.0,1964.6
零售,604425,10021858,14085655,7,HLB-f9151c85-f10c-11f0-8cdb-0c42a112278c,TCL202604170002,2,2220.0,1964.6
零售,604425,10021858,14085655,5,HLB-f9151c53-f10c-11f0-8cdb-0c42a112278c,TCL202604170002,2,2220.0,1964.6
零售,604425,10021858,14085655,6,HLB-f9151c6d-f10c-11f0-8cdb-0c42a112278c,TCL202604170002,2,2220.0,1964.6
零售,604425,10021858,14085655,3,HLB-f9151c22-f10c-11f0-8cdb-0c42a112278c,TCL202604170002,2,2220.0,1964.6
零售,604425,10021858,14085655,4,HLB-f9151c3c-f10c-11f0-8cdb-0c42a112278c,TCL202604170002,2,2220.0,1964.6
零售,604425,10021858,14089667,34,HLB-7f1fc351-f1b0-11f0-8cdb-0c42a112278c,TCL202604170002,1,1260.0,1115.04
零售,604425,10021858,14089667,41,HLB-7f1fc3e2-f1b0-11f0-8cdb-0c42a112278c,TCL202604170002,1,1260.0,1115.04
零售,604425,10021858,14089667,40,HLB-7f1fc3ce-f1b0-11f0-8cdb-0c42a112278c,TCL202604170002,1,1260.0,1115.04
零售,604425,10021858,14089667,39,HLB-7f1fc3b8-f1b0-11f0-8cdb-0c42a112278c,TCL202604170002,1,1260.0,1115.04
零售,604425,10021858,14089667,38,HLB-7f1fc3a1-f1b0-11f0-8cdb-0c42a112278c,TCL202604170002,1,1260.0,1115.04
零售,604425,10021858,14089667,50,HLB-7f1fc49a-f1b0-11f0-8cdb-0c42a112278c,TCL202604170002,1,1260.0,1115.04
零售,604425,10021858,14181824,28,HLB-ee27d6b6-fb29-11f0-8cdb-0c42a112278c,TCL202604170002,1,1260.0,1115.04
零售,604425,10021858,14181824,27,HLB-ee27d69e-fb29-11f0-8cdb-0c42a112278c,TCL202604170002,1,1260.0,1115.04
零售,604425,10021858,14181824,30,HLB-ee27d6e4-fb29-11f0-8cdb-0c42a112278c,TCL202604170002,1,1260.0,1115.04
零售,604425,10021858,14181824,29,HLB-ee27d6cd-fb29-11f0-8cdb-0c42a112278c,TCL202604170002,1,1260.0,1115.04
零售,604425,10021858,14181824,26,HLB-ee27d685-fb29-11f0-8cdb-0c42a112278c,TCL202604170002,1,1260.0,1115.04
零售,604425,10021858,14181824,36,HLB-ee27d763-fb29-11f0-8cdb-0c42a112278c,TCL202604170002,1,1260.0,1115.04
零售,604425,10021858,14181824,48,HLB-ee27d883-fb29-11f0-8cdb-0c42a112278c,TCL202604170002,1,1260.0,1115.04
零售,604425,10021858,14181824,35,HLB-ee27d74c-fb29-11f0-8cdb-0c42a112278c,TCL202604170002,1,1260.0,1115.04
零售,604425,10021858,14181824,47,HLB-ee27d86d-fb29-11f0-8cdb-0c42a112278c,TCL202604170002,1,1260.0,1115.04
零售,604425,10021858,14181824,38,HLB-ee27d791-fb29-11f0-8cdb-0c42a112278c,TCL202604170002,1,1260.0,1115.04
零售,604425,10021858,14181824,50,HLB-ee27d8ad-fb29-11f0-8cdb-0c42a112278c,TCL202604170002,1,1260.0,1115.04
零售,604425,10021858,14181824,37,HLB-ee27d779-fb29-11f0-8cdb-0c42a112278c,TCL202604170002,1,1260.0,1115.04
零售,604425,10021858,14181824,49,HLB-ee27d898-fb29-11f0-8cdb-0c42a112278c,TCL202604170002,1,1260.0,1115.04
零售,604425,10021858,14181824,32,HLB-ee27d70b-fb29-11f0-8cdb-0c42a112278c,TCL202604170002,1,1260.0,1115.04
零售,604425,10021858,14181824,44,HLB-ee27d80c-fb29-11f0-8cdb-0c42a112278c,TCL202604170002,1,1260.0,1115.04
零售,604425,10021858,14181824,31,HLB-ee27d6f7-fb29-11f0-8cdb-0c42a112278c,TCL202604170002,1,1260.0,1115.04
零售,604425,10021858,14181824,43,HLB-ee27d7f7-fb29-11f0-8cdb-0c42a112278c,TCL202604170002,1,1260.0,1115.04
零售,604425,10021858,14181824,34,HLB-ee27d736-fb29-11f0-8cdb-0c42a112278c,TCL202604170002,1,1260.0,1115.04
零售,604425,10021858,14181824,46,HLB-ee27d838-fb29-11f0-8cdb-0c42a112278c,TCL202604170002,1,1260.0,1115.04
零售,604425,10021858,14181824,33,HLB-ee27d722-fb29-11f0-8cdb-0c42a112278c,TCL202604170002,1,1260.0,1115.04
零售,604425,10021858,14181824,45,HLB-ee27d821-fb29-11f0-8cdb-0c42a112278c,TCL202604170002,1,1260.0,1115.04
零售,604425,10021858,14181824,40,HLB-ee27d7ba-fb29-11f0-8cdb-0c42a112278c,TCL202604170002,1,1260.0,1115.04
零售,604425,10021858,14181824,39,HLB-ee27d7a6-fb29-11f0-8cdb-0c42a112278c,TCL202604170002,1,1260.0,1115.04
零售,604425,10021858,14181824,42,HLB-ee27d7e3-fb29-11f0-8cdb-0c42a112278c,TCL202604170002,1,1260.0,1115.04
零售,604425,10021858,14181824,41,HLB-ee27d7ce-fb29-11f0-8cdb-0c42a112278c,TCL202604170002,1,1260.0,1115.04
零售,604425,10021858,14147257,31,HLB-3f200c32-f7f6-11f0-8cdb-0c42a112278c,TCL202604170002,1,1260.0,1115.04
零售,604425,10021858,14147257,32,HLB-3f200c45-f7f6-11f0-8cdb-0c42a112278c,TCL202604170002,1,1260.0,1115.04
零售,604425,10021858,14147257,27,HLB-3f200bdf-f7f6-11f0-8cdb-0c42a112278c,TCL202604170002,1,1260.0,1115.04
零售,604425,10021858,14147257,28,HLB-3f200bf5-f7f6-11f0-8cdb-0c42a112278c,TCL202604170002,1,1260.0,1115.04
零售,604425,10021858,14147257,29,HLB-3f200c0a-f7f6-11f0-8cdb-0c42a112278c,TCL202604170002,1,1260.0,1115.04
零售,604425,10021858,14147257,30,HLB-3f200c1e-f7f6-11f0-8cdb-0c42a112278c,TCL202604170002,1,1260.0,1115.04
零售,604425,10021858,14147257,26,HLB-3f200bc9-f7f6-11f0-8cdb-0c42a112278c,TCL202604170002,1,1260.0,1115.04
零售,604425,10021858,14147257,40,HLB-3f200cec-f7f6-11f0-8cdb-0c42a112278c,TCL202604170002,1,1260.0,1115.04
零售,604425,10021858,14147257,41,HLB-3f200d01-f7f6-11f0-8cdb-0c42a112278c,TCL202604170002,1,1260.0,1115.04
零售,604425,10021858,14147257,42,HLB-3f200d14-f7f6-11f0-8cdb-0c42a112278c,TCL202604170002,1,1260.0,1115.04
零售,604425,10021858,14147257,43,HLB-3f200d2f-f7f6-11f0-8cdb-0c42a112278c,TCL202604170002,1,1260.0,1115.04
零售,604425,10021858,14147257,36,HLB-3f200c9a-f7f6-11f0-8cdb-0c42a112278c,TCL202604170002,1,1260.0,1115.04
零售,604425,10021858,14147257,37,HLB-3f200cad-f7f6-11f0-8cdb-0c42a112278c,TCL202604170002,1,1260.0,1115.04
零售,604425,10021858,14147257,38,HLB-3f200cc0-f7f6-11f0-8cdb-0c42a112278c,TCL202604170002,1,1260.0,1115.04
零售,604425,10021858,14147257,39,HLB-3f200cd6-f7f6-11f0-8cdb-0c42a112278c,TCL202604170002,1,1260.0,1115.04
零售,604425,10021858,14147257,33,HLB-3f200c5d-f7f6-11f0-8cdb-0c42a112278c,TCL202604170002,1,1260.0,1115.04
零售,604425,10021858,14147257,34,HLB-3f200c70-f7f6-11f0-8cdb-0c42a112278c,TCL202604170002,1,1260.0,1115.04
零售,604425,10021858,14147257,35,HLB-3f200c86-f7f6-11f0-8cdb-0c42a112278c,TCL202604170002,1,1260.0,1115.04
零售,604425,10021858,14147257,48,HLB-3f200d94-f7f6-11f0-8cdb-0c42a112278c,TCL202604170002,1,1260.0,1115.04
零售,604425,10021858,14147257,49,HLB-3f200da7-f7f6-11f0-8cdb-0c42a112278c,TCL202604170002,1,1260.0,1115.04
零售,604425,10021858,14147257,50,HLB-3f200dba-f7f6-11f0-8cdb-0c42a112278c,TCL202604170002,1,1260.0,1115.04
零售,604425,10021858,14147257,44,HLB-3f200d43-f7f6-11f0-8cdb-0c42a112278c,TCL202604170002,1,1260.0,1115.04
零售,604425,10021858,14147257,45,HLB-3f200d57-f7f6-11f0-8cdb-0c42a112278c,TCL202604170002,1,1260.0,1115.04
零售,604425,10021858,14147257,46,HLB-3f200d6b-f7f6-11f0-8cdb-0c42a112278c,TCL202604170002,1,1260.0,1115.04
零售,604425,10021858,14147257,47,HLB-3f200d7f-f7f6-11f0-8cdb-0c42a112278c,TCL202604170002,1,1260.0,1115.04
零售,604425,10021858,14107564,19,HLB-fde0d4fc-f36d-11f0-8cdb-0c42a112278c,TCL202604170002,1,1260.0,1115.04
零售,604425,10021858,14107564,18,HLB-fde0d4e7-f36d-11f0-8cdb-0c42a112278c,TCL202604170002,1,1260.0,1115.04
零售,604425,10021858,14107564,17,HLB-fde0d4cf-f36d-11f0-8cdb-0c42a112278c,TCL202604170002,1,1260.0,1115.04
零售,604425,10021858,14107564,16,HLB-fde0d470-f36d-11f0-8cdb-0c42a112278c,TCL202604170002,1,1260.0,1115.04
零售,604425,10021858,14107564,15,HLB-fde0d45c-f36d-11f0-8cdb-0c42a112278c,TCL202604170002,1,1260.0,1115.04
零售,604425,10021858,14107564,14,HLB-fde0d447-f36d-11f0-8cdb-0c42a112278c,TCL202604170002,1,1260.0,1115.04
零售,604425,10021858,14107564,25,HLB-fde0d584-f36d-11f0-8cdb-0c42a112278c,TCL202604170002,1,1260.0,1115.04
零售,604425,10021858,14107564,24,HLB-fde0d56e-f36d-11f0-8cdb-0c42a112278c,TCL202604170002,1,1260.0,1115.04
零售,604425,10021858,14107564,23,HLB-fde0d556-f36d-11f0-8cdb-0c42a112278c,TCL202604170002,1,1260.0,1115.04
零售,604425,10021858,14107564,22,HLB-fde0d540-f36d-11f0-8cdb-0c42a112278c,TCL202604170002,1,1260.0,1115.04
零售,604425,10021858,14107564,21,HLB-fde0d528-f36d-11f0-8cdb-0c42a112278c,TCL202604170002,1,1260.0,1115.04
零售,604425,10021858,14107564,20,HLB-fde0d511-f36d-11f0-8cdb-0c42a112278c,TCL202604170002,1,1260.0,1115.04
零售,604425,10021858,14181827,39,HLB-ee69fd7f-fb29-11f0-8cdb-0c42a112278c,TCL202604170002,1,1260.0,1115.04
零售,604425,10021858,14181827,38,HLB-ee69fd6a-fb29-11f0-8cdb-0c42a112278c,TCL202604170002,1,1260.0,1115.04
零售,604425,10021858,14181827,37,HLB-ee69fd55-fb29-11f0-8cdb-0c42a112278c,TCL202604170002,1,1260.0,1115.04
零售,604425,10021858,14181827,49,HLB-ee69fe43-fb29-11f0-8cdb-0c42a112278c,TCL202604170002,1,1260.0,1115.04
零售,604425,10021858,14181827,36,HLB-ee69fd40-fb29-11f0-8cdb-0c42a112278c,TCL202604170002,1,1260.0,1115.04
零售,604425,10021858,14181827,48,HLB-ee69fe2f-fb29-11f0-8cdb-0c42a112278c,TCL202604170002,1,1260.0,1115.04
零售,604425,10021858,14181827,35,HLB-ee69fd2c-fb29-11f0-8cdb-0c42a112278c,TCL202604170002,1,1260.0,1115.04
零售,604425,10021858,14181827,47,HLB-ee69fe1c-fb29-11f0-8cdb-0c42a112278c,TCL202604170002,1,1260.0,1115.04
零售,604425,10021858,14181827,34,HLB-ee69fd17-fb29-11f0-8cdb-0c42a112278c,TCL202604170002,1,1260.0,1115.04
零售,604425,10021858,14181827,46,HLB-ee69fe09-fb29-11f0-8cdb-0c42a112278c,TCL202604170002,1,1260.0,1115.04
零售,604425,10021858,14181827,33,HLB-ee69fd04-fb29-11f0-8cdb-0c42a112278c,TCL202604170002,1,1260.0,1115.04
零售,604425,10021858,14181827,45,HLB-ee69fdf4-fb29-11f0-8cdb-0c42a112278c,TCL202604170002,1,1260.0,1115.04
零售,604425,10021858,14181827,32,HLB-ee69fcf0-fb29-11f0-8cdb-0c42a112278c,TCL202604170002,1,1260.0,1115.04
零售,604425,10021858,14181827,44,HLB-ee69fde0-fb29-11f0-8cdb-0c42a112278c,TCL202604170002,1,1260.0,1115.04
零售,604425,10021858,14181827,31,HLB-ee69fcdb-fb29-11f0-8cdb-0c42a112278c,TCL202604170002,1,1260.0,1115.04
零售,604425,10021858,14181827,43,HLB-ee69fdcc-fb29-11f0-8cdb-0c42a112278c,TCL202604170002,1,1260.0,1115.04
零售,604425,10021858,14181827,30,HLB-ee69fcc6-fb29-11f0-8cdb-0c42a112278c,TCL202604170002,1,1260.0,1115.04
零售,604425,10021858,14181827,42,HLB-ee69fdb9-fb29-11f0-8cdb-0c42a112278c,TCL202604170002,1,1260.0,1115.04
零售,604425,10021858,14181827,29,HLB-ee69fcb1-fb29-11f0-8cdb-0c42a112278c,TCL202604170002,1,1260.0,1115.04
零售,604425,10021858,14181827,41,HLB-ee69fda5-fb29-11f0-8cdb-0c42a112278c,TCL202604170002,1,1260.0,1115.04
零售,604425,10021858,14181827,28,HLB-ee69fc9c-fb29-11f0-8cdb-0c42a112278c,TCL202604170002,1,1260.0,1115.04
零售,604425,10021858,14181827,40,HLB-ee69fd93-fb29-11f0-8cdb-0c42a112278c,TCL202604170002,1,1260.0,1115.04
零售,604425,10021858,14181827,27,HLB-ee69fc88-fb29-11f0-8cdb-0c42a112278c,TCL202604170002,1,1260.0,1115.04
零售,604425,10021858,14181827,26,HLB-ee69fc72-fb29-11f0-8cdb-0c42a112278c,TCL202604170002,1,1260.0,1115.04
零售,604425,10021858,14107588,19,HLB-fef45620-f36d-11f0-8cdb-0c42a112278c,TCL202604170002,1,1260.0,1115.04
零售,604425,10021858,14107588,18,HLB-fef45607-f36d-11f0-8cdb-0c42a112278c,TCL202604170002,1,1260.0,1115.04
零售,604425,10021858,14107588,17,HLB-fef455f4-f36d-11f0-8cdb-0c42a112278c,TCL202604170002,1,1260.0,1115.04
零售,604425,10021858,14107588,16,HLB-fef455de-f36d-11f0-8cdb-0c42a112278c,TCL202604170002,1,1260.0,1115.04
零售,604425,10021858,14107588,15,HLB-fef455cb-f36d-11f0-8cdb-0c42a112278c,TCL202604170002,1,1260.0,1115.04
零售,604425,10021858,14107588,14,HLB-fef455b6-f36d-11f0-8cdb-0c42a112278c,TCL202604170002,1,1260.0,1115.04
零售,604425,10021858,14107588,13,HLB-fef4559d-f36d-11f0-8cdb-0c42a112278c,TCL202604170002,1,1260.0,1115.04
零售,604425,10021858,14107588,12,HLB-fef45589-f36d-11f0-8cdb-0c42a112278c,TCL202604170002,1,1260.0,1115.04
零售,604425,10021858,14107588,25,HLB-fef4569f-f36d-11f0-8cdb-0c42a112278c,TCL202604170002,1,1260.0,1115.04
零售,604425,10021858,14181827,50,HLB-ee69fe5a-fb29-11f0-8cdb-0c42a112278c,TCL202604170002,1,1260.0,1115.04
零售,604425,10021858,14107588,24,HLB-fef45689-f36d-11f0-8cdb-0c42a112278c,TCL202604170002,1,1260.0,1115.04
零售,604425,10021858,14107588,23,HLB-fef45671-f36d-11f0-8cdb-0c42a112278c,TCL202604170002,1,1260.0,1115.04
零售,604425,10021858,14107588,22,HLB-fef4565c-f36d-11f0-8cdb-0c42a112278c,TCL202604170002,1,1260.0,1115.04
零售,604425,10021858,14107588,21,HLB-fef45649-f36d-11f0-8cdb-0c42a112278c,TCL202604170002,1,1260.0,1115.04
零售,604425,10021858,14107588,20,HLB-fef45635-f36d-11f0-8cdb-0c42a112278c,TCL202604170002,1,1260.0,1115.04
零售,604425,10021858,14107576,1,HLB-fe6ce406-f36d-11f0-8cdb-0c42a112278c,TCL202604170002,1,1260.0,1115.04
零售,604425,10021858,14107576,7,HLB-fe6ce4e1-f36d-11f0-8cdb-0c42a112278c,TCL202604170002,1,1260.0,1115.04
零售,604425,10021858,14107576,6,HLB-fe6ce4bf-f36d-11f0-8cdb-0c42a112278c,TCL202604170002,1,1260.0,1115.04
零售,604425,10021858,14107576,5,HLB-fe6ce49b-f36d-11f0-8cdb-0c42a112278c,TCL202604170002,1,1260.0,1115.04
零售,604425,10021858,14107576,4,HLB-fe6ce474-f36d-11f0-8cdb-0c42a112278c,TCL202604170002,1,1260.0,1115.04
零售,604425,10021858,14107576,3,HLB-fe6ce450-f36d-11f0-8cdb-0c42a112278c,TCL202604170002,1,1260.0,1115.04
零售,604425,10021858,14107576,2,HLB-fe6ce42a-f36d-11f0-8cdb-0c42a112278c,TCL202604170002,1,1260.0,1115.04
零售,604425,10021858,14107588,7,HLB-fef45515-f36d-11f0-8cdb-0c42a112278c,TCL202604170002,1,1260.0,1115.04
零售,604425,10021858,14107588,6,HLB-fef45500-f36d-11f0-8cdb-0c42a112278c,TCL202604170002,1,1260.0,1115.04
零售,604425,10021858,14107588,5,HLB-fef454ea-f36d-11f0-8cdb-0c42a112278c,TCL202604170002,1,1260.0,1115.04
零售,604425,10021858,14107588,4,HLB-fef454d3-f36d-11f0-8cdb-0c42a112278c,TCL202604170002,1,1260.0,1115.04
零售,604425,10021858,14107588,3,HLB-fef454bf-f36d-11f0-8cdb-0c42a112278c,TCL202604170002,1,1260.0,1115.04
零售,604425,10021858,14107588,11,HLB-fef45573-f36d-11f0-8cdb-0c42a112278c,TCL202604170002,1,1260.0,1115.04
零售,604425,10021858,14107588,10,HLB-fef4555d-f36d-11f0-8cdb-0c42a112278c,TCL202604170002,1,1260.0,1115.04
零售,604425,10021858,14107588,9,HLB-fef45544-f36d-11f0-8cdb-0c42a112278c,TCL202604170002,1,1260.0,1115.04
零售,604425,10021858,14107588,8,HLB-fef4552f-f36d-11f0-8cdb-0c42a112278c,TCL202604170002,1,1260.0,1115.04
零售,604425,10021858,14107588,2,HLB-fef454a8-f36d-11f0-8cdb-0c42a112278c,TCL202604170002,1,1260.0,1115.04
零售,604425,10021858,14107588,1,HLB-fef45495-f36d-11f0-8cdb-0c42a112278c,TCL202604170002,1,1260.0,1115.04
零售,604425,10021858,14089667,45,HLB-7f1fc434-f1b0-11f0-8cdb-0c42a112278c,TCL202604170002,1,1260.0,1115.04
零售,604425,10021858,14089667,44,HLB-7f1fc41f-f1b0-11f0-8cdb-0c42a112278c,TCL202604170002,1,1260.0,1115.04
零售,604425,10021858,14089667,43,HLB-7f1fc40a-f1b0-11f0-8cdb-0c42a112278c,TCL202604170002,1,1260.0,1115.04
零售,604425,10021858,14089667,42,HLB-7f1fc3f5-f1b0-11f0-8cdb-0c42a112278c,TCL202604170002,1,1260.0,1115.04
零售,604425,10021858,14089667,48,HLB-7f1fc471-f1b0-11f0-8cdb-0c42a112278c,TCL202604170002,1,1260.0,1115.04
零售,604425,10021858,14089667,47,HLB-7f1fc45d-f1b0-11f0-8cdb-0c42a112278c,TCL202604170002,1,1260.0,1115.04
零售,604425,10021858,14089667,46,HLB-7f1fc449-f1b0-11f0-8cdb-0c42a112278c,TCL202604170002,1,1260.0,1115.04
零售,604425,10021858,14107558,23,HLB-fd96dc02-f36d-11f0-8cdb-0c42a112278c,TCL202604170002,1,1260.0,1115.04
零售,604425,10021858,14107558,11,HLB-fd96db08-f36d-11f0-8cdb-0c42a112278c,TCL202604170002,1,1260.0,1115.04
零售,604425,10021858,14107558,22,HLB-fd96dbef-f36d-11f0-8cdb-0c42a112278c,TCL202604170002,1,1260.0,1115.04
零售,604425,10021858,14107558,10,HLB-fd96daf1-f36d-11f0-8cdb-0c42a112278c,TCL202604170002,1,1260.0,1115.04
零售,604425,10021858,14107558,13,HLB-fd96db32-f36d-11f0-8cdb-0c42a112278c,TCL202604170002,1,1260.0,1115.04
零售,604425,10021858,14107558,24,HLB-fd96dc16-f36d-11f0-8cdb-0c42a112278c,TCL202604170002,1,1260.0,1115.04
零售,604425,10021858,14107558,12,HLB-fd96db1d-f36d-11f0-8cdb-0c42a112278c,TCL202604170002,1,1260.0,1115.04
零售,604425,10021858,14107558,14,HLB-fd96db46-f36d-11f0-8cdb-0c42a112278c,TCL202604170002,1,1260.0,1115.04
零售,604425,10021858,14107558,25,HLB-fd96dc29-f36d-11f0-8cdb-0c42a112278c,TCL202604170002,1,1260.0,1115.04
零售,604425,10021858,14200852,50,HLB-0f951912-fcd9-11f0-8cdb-0c42a112278c,TCL202604170002,1,1260.0,1115.04
零售,604425,10021858,14200852,38,HLB-0f95181b-fcd9-11f0-8cdb-0c42a112278c,TCL202604170002,1,1260.0,1115.04
零售,604425,10021858,14200852,39,HLB-0f951832-fcd9-11f0-8cdb-0c42a112278c,TCL202604170002,1,1260.0,1115.04
零售,604425,10021858,14200852,36,HLB-0f9517ec-fcd9-11f0-8cdb-0c42a112278c,TCL202604170002,1,1260.0,1115.04
零售,604425,10021858,14200852,48,HLB-0f9518e9-fcd9-11f0-8cdb-0c42a112278c,TCL202604170002,1,1260.0,1115.04
零售,604425,10021858,14200852,37,HLB-0f951806-fcd9-11f0-8cdb-0c42a112278c,TCL202604170002,1,1260.0,1115.04
零售,604425,10021858,14200852,49,HLB-0f9518fe-fcd9-11f0-8cdb-0c42a112278c,TCL202604170002,1,1260.0,1115.04
零售,604425,10021858,14200852,34,HLB-0f9517b9-fcd9-11f0-8cdb-0c42a112278c,TCL202604170002,1,1260.0,1115.04
零售,604425,10021858,14200852,46,HLB-0f9518c1-fcd9-11f0-8cdb-0c42a112278c,TCL202604170002,1,1260.0,1115.04
零售,604425,10021858,14200852,35,HLB-0f9517d3-fcd9-11f0-8cdb-0c42a112278c,TCL202604170002,1,1260.0,1115.04
零售,604425,10021858,14200852,47,HLB-0f9518d5-fcd9-11f0-8cdb-0c42a112278c,TCL202604170002,1,1260.0,1115.04
零售,604425,10021858,14200852,32,HLB-0f95178d-fcd9-11f0-8cdb-0c42a112278c,TCL202604170002,1,1260.0,1115.04
零售,604425,10021858,14200852,44,HLB-0f951899-fcd9-11f0-8cdb-0c42a112278c,TCL202604170002,1,1260.0,1115.04
零售,604425,10021858,14200852,33,HLB-0f9517a4-fcd9-11f0-8cdb-0c42a112278c,TCL202604170002,1,1260.0,1115.04
零售,604425,10021858,14200852,45,HLB-0f9518ad-fcd9-11f0-8cdb-0c42a112278c,TCL202604170002,1,1260.0,1115.04
零售,604425,10021858,14200852,40,HLB-0f951847-fcd9-11f0-8cdb-0c42a112278c,TCL202604170002,1,1260.0,1115.04
零售,604425,10021858,14200852,41,HLB-0f95185b-fcd9-11f0-8cdb-0c42a112278c,TCL202604170002,1,1260.0,1115.04
零售,604425,10021858,14107558,1,HLB-fd96da1d-f36d-11f0-8cdb-0c42a112278c,TCL202604170002,1,1260.0,1115.04
零售,604425,10021858,14107558,15,HLB-fd96db59-f36d-11f0-8cdb-0c42a112278c,TCL202604170002,1,1260.0,1115.04
零售,604425,10021858,14107558,3,HLB-fd96da4a-f36d-11f0-8cdb-0c42a112278c,TCL202604170002,1,1260.0,1115.04
零售,604425,10021858,14107558,2,HLB-fd96da34-f36d-11f0-8cdb-0c42a112278c,TCL202604170002,1,1260.0,1115.04
零售,604425,10021858,14107558,17,HLB-fd96db86-f36d-11f0-8cdb-0c42a112278c,TCL202604170002,1,1260.0,1115.04
零售,604425,10021858,14107558,5,HLB-fd96da7c-f36d-11f0-8cdb-0c42a112278c,TCL202604170002,1,1260.0,1115.04
零售,604425,10021858,14107558,16,HLB-fd96db6d-f36d-11f0-8cdb-0c42a112278c,TCL202604170002,1,1260.0,1115.04
零售,604425,10021858,14107558,4,HLB-fd96da62-f36d-11f0-8cdb-0c42a112278c,TCL202604170002,1,1260.0,1115.04
零售,604425,10021858,14107558,19,HLB-fd96dbb2-f36d-11f0-8cdb-0c42a112278c,TCL202604170002,1,1260.0,1115.04
零售,604425,10021858,14107558,7,HLB-fd96daa6-f36d-11f0-8cdb-0c42a112278c,TCL202604170002,1,1260.0,1115.04
零售,604425,10021858,14107558,18,HLB-fd96db9b-f36d-11f0-8cdb-0c42a112278c,TCL202604170002,1,1260.0,1115.04
零售,604425,10021858,14107558,6,HLB-fd96da91-f36d-11f0-8cdb-0c42a112278c,TCL202604170002,1,1260.0,1115.04
零售,604425,10021858,14107558,21,HLB-fd96dbdb-f36d-11f0-8cdb-0c42a112278c,TCL202604170002,1,1260.0,1115.04
零售,604425,10021858,14107558,9,HLB-fd96dad7-f36d-11f0-8cdb-0c42a112278c,TCL202604170002,1,1260.0,1115.04
零售,604425,10021858,14107558,20,HLB-fd96dbc8-f36d-11f0-8cdb-0c42a112278c,TCL202604170002,1,1260.0,1115.04
零售,604425,10021858,14107558,8,HLB-fd96dabf-f36d-11f0-8cdb-0c42a112278c,TCL202604170002,1,1260.0,1115.04
零售,604425,10021858,14200852,30,HLB-0f95175c-fcd9-11f0-8cdb-0c42a112278c,TCL202604170002,1,1260.0,1115.04
零售,604425,10021858,14200852,42,HLB-0f95186e-fcd9-11f0-8cdb-0c42a112278c,TCL202604170002,1,1260.0,1115.04
零售,604425,10021858,14200852,31,HLB-0f951775-fcd9-11f0-8cdb-0c42a112278c,TCL202604170002,1,1260.0,1115.04
零售,604425,10021858,14200852,43,HLB-0f951882-fcd9-11f0-8cdb-0c42a112278c,TCL202604170002,1,1260.0,1115.04
零售,604425,10021858,14200852,28,HLB-0f95172f-fcd9-11f0-8cdb-0c42a112278c,TCL202604170002,1,1260.0,1115.04
零售,604425,10021858,14200852,29,HLB-0f951746-fcd9-11f0-8cdb-0c42a112278c,TCL202604170002,1,1260.0,1115.04
零售,604425,10021858,14200852,26,HLB-0f9516fe-fcd9-11f0-8cdb-0c42a112278c,TCL202604170002,1,1260.0,1115.04
零售,604425,10021858,14200852,27,HLB-0f951714-fcd9-11f0-8cdb-0c42a112278c,TCL202604170002,1,1260.0,1115.04
零售,604425,10021858,14107576,25,HLB-fe6ce764-f36d-11f0-8cdb-0c42a112278c,TCL202604170002,1,1260.0,1115.04
零售,604425,10021858,14107576,24,HLB-fe6ce740-f36d-11f0-8cdb-0c42a112278c,TCL202604170002,1,1260.0,1115.04
零售,604425,10021858,14107576,15,HLB-fe6ce5fe-f36d-11f0-8cdb-0c42a112278c,TCL202604170002,1,1260.0,1115.04
零售,604425,10021858,14107576,14,HLB-fe6ce5db-f36d-11f0-8cdb-0c42a112278c,TCL202604170002,1,1260.0,1115.04
零售,604425,10021858,14107576,13,HLB-fe6ce5b8-f36d-11f0-8cdb-0c42a112278c,TCL202604170002,1,1260.0,1115.04
零售,604425,10021858,14107576,12,HLB-fe6ce594-f36d-11f0-8cdb-0c42a112278c,TCL202604170002,1,1260.0,1115.04
零售,604425,10021858,14107576,11,HLB-fe6ce570-f36d-11f0-8cdb-0c42a112278c,TCL202604170002,1,1260.0,1115.04
零售,604425,10021858,14107576,10,HLB-fe6ce54b-f36d-11f0-8cdb-0c42a112278c,TCL202604170002,1,1260.0,1115.04
零售,604425,10021858,14107576,9,HLB-fe6ce527-f36d-11f0-8cdb-0c42a112278c,TCL202604170002,1,1260.0,1115.04
零售,604425,10021858,14107576,8,HLB-fe6ce504-f36d-11f0-8cdb-0c42a112278c,TCL202604170002,1,1260.0,1115.04
零售,604425,10021858,14107576,23,HLB-fe6ce71e-f36d-11f0-8cdb-0c42a112278c,TCL202604170002,1,1260.0,1115.04
零售,604425,10021858,14107576,22,HLB-fe6ce6fc-f36d-11f0-8cdb-0c42a112278c,TCL202604170002,1,1260.0,1115.04
零售,604425,10021858,14107576,21,HLB-fe6ce6d9-f36d-11f0-8cdb-0c42a112278c,TCL202604170002,1,1260.0,1115.04
零售,604425,10021858,14107576,20,HLB-fe6ce6b6-f36d-11f0-8cdb-0c42a112278c,TCL202604170002,1,1260.0,1115.04
零售,604425,10021858,14107576,19,HLB-fe6ce692-f36d-11f0-8cdb-0c42a112278c,TCL202604170002,1,1260.0,1115.04
零售,604425,10021858,14107576,18,HLB-fe6ce66d-f36d-11f0-8cdb-0c42a112278c,TCL202604170002,1,1260.0,1115.04
零售,604425,10021858,14107576,17,HLB-fe6ce647-f36d-11f0-8cdb-0c42a112278c,TCL202604170002,1,1260.0,1115.04
零售,604425,10021858,14107576,16,HLB-fe6ce624-f36d-11f0-8cdb-0c42a112278c,TCL202604170002,1,1260.0,1115.04
零售,604425,10021858,14313392,36,HLB-4e115972-16b0-11f1-8cdb-0c42a112278c,TCL202604170002,1,1260.0,1115.04
零售,604425,10021858,14313392,35,HLB-4e115959-16b0-11f1-8cdb-0c42a112278c,TCL202604170002,1,1260.0,1115.04
零售,604425,10021858,14313392,34,HLB-4e115943-16b0-11f1-8cdb-0c42a112278c,TCL202604170002,1,1260.0,1115.04
零售,604425,10021858,14313392,33,HLB-4e11592e-16b0-11f1-8cdb-0c42a112278c,TCL202604170002,1,1260.0,1115.04
零售,604425,10021858,14313392,40,HLB-4e1159cb-16b0-11f1-8cdb-0c42a112278c,TCL202604170002,1,1260.0,1115.04
零售,604425,10021858,14313392,39,HLB-4e1159b7-16b0-11f1-8cdb-0c42a112278c,TCL202604170002,1,1260.0,1115.04
零售,604425,10021858,14313392,38,HLB-4e1159a2-16b0-11f1-8cdb-0c42a112278c,TCL202604170002,1,1260.0,1115.04
零售,604425,10021858,14313392,37,HLB-4e11598b-16b0-11f1-8cdb-0c42a112278c,TCL202604170002,1,1260.0,1115.04
零售,604425,10021858,14313392,32,HLB-4e115919-16b0-11f1-8cdb-0c42a112278c,TCL202604170002,1,1260.0,1115.04
零售,604425,10021858,14313392,31,HLB-4e115904-16b0-11f1-8cdb-0c42a112278c,TCL202604170002,1,1260.0,1115.04
零售,604425,10021858,14313392,30,HLB-4e1158ee-16b0-11f1-8cdb-0c42a112278c,TCL202604170002,1,1260.0,1115.04
零售,604425,10021858,14313392,27,HLB-4e1158b0-16b0-11f1-8cdb-0c42a112278c,TCL202604170002,1,1260.0,1115.04
零售,604425,10021858,14313392,26,HLB-4e115899-16b0-11f1-8cdb-0c42a112278c,TCL202604170002,1,1260.0,1115.04
零售,604425,10021858,14313392,29,HLB-4e1158da-16b0-11f1-8cdb-0c42a112278c,TCL202604170002,1,1260.0,1115.04
零售,604425,10021858,14313392,28,HLB-4e1158c4-16b0-11f1-8cdb-0c42a112278c,TCL202604170002,1,1260.0,1115.04
零售,604425,10021858,14085656,44,HLB-f963cffa-f10c-11f0-8cdb-0c42a112278c,TCL202604170002,1,1260.0,1115.04
零售,604425,10021858,14085656,45,HLB-f963d015-f10c-11f0-8cdb-0c42a112278c,TCL202604170002,1,1260.0,1115.04
零售,604425,10021858,14085656,42,HLB-f963cfc6-f10c-11f0-8cdb-0c42a112278c,TCL202604170002,1,1260.0,1115.04
零售,604425,10021858,14085656,43,HLB-f963cfe1-f10c-11f0-8cdb-0c42a112278c,TCL202604170002,1,1260.0,1115.04
零售,604425,10021858,14085656,40,HLB-f963cf8f-f10c-11f0-8cdb-0c42a112278c,TCL202604170002,1,1260.0,1115.04
零售,604425,10021858,14085656,41,HLB-f963cfab-f10c-11f0-8cdb-0c42a112278c,TCL202604170002,1,1260.0,1115.04
零售,604425,10021858,14085656,38,HLB-f963cf58-f10c-11f0-8cdb-0c42a112278c,TCL202604170002,1,1260.0,1115.04
零售,604425,10021858,14085656,50,HLB-f963d08b-f10c-11f0-8cdb-0c42a112278c,TCL202604170002,1,1260.0,1115.04
零售,604425,10021858,14085656,39,HLB-f963cf75-f10c-11f0-8cdb-0c42a112278c,TCL202604170002,1,1260.0,1115.04
零售,604425,10021858,14085656,28,HLB-f93e4027-f10c-11f0-8cdb-0c42a112278c,TCL202604170002,1,1260.0,1115.04
零售,604425,10021858,14085656,29,HLB-f93e403b-f10c-11f0-8cdb-0c42a112278c,TCL202604170002,1,1260.0,1115.04
零售,604425,10021858,14085656,26,HLB-f93e3ffc-f10c-11f0-8cdb-0c42a112278c,TCL202604170002,1,1260.0,1115.04
零售,604425,10021858,14085656,27,HLB-f93e4013-f10c-11f0-8cdb-0c42a112278c,TCL202604170002,1,1260.0,1115.04
零售,604425,10021858,14085656,36,HLB-f963cf18-f10c-11f0-8cdb-0c42a112278c,TCL202604170002,1,1260.0,1115.04
零售,604425,10021858,14085656,48,HLB-f963d05b-f10c-11f0-8cdb-0c42a112278c,TCL202604170002,1,1260.0,1115.04
零售,604425,10021858,14085656,37,HLB-f963cf39-f10c-11f0-8cdb-0c42a112278c,TCL202604170002,1,1260.0,1115.04
零售,604425,10021858,14085656,49,HLB-f963d071-f10c-11f0-8cdb-0c42a112278c,TCL202604170002,1,1260.0,1115.04
零售,604425,10021858,14085656,34,HLB-f93e40a2-f10c-11f0-8cdb-0c42a112278c,TCL202604170002,1,1260.0,1115.04
零售,604425,10021858,14085656,46,HLB-f963d030-f10c-11f0-8cdb-0c42a112278c,TCL202604170002,1,1260.0,1115.04
零售,604425,10021858,14085656,35,HLB-f963cebc-f10c-11f0-8cdb-0c42a112278c,TCL202604170002,1,1260.0,1115.04
零售,604425,10021858,14085656,47,HLB-f963d046-f10c-11f0-8cdb-0c42a112278c,TCL202604170002,1,1260.0,1115.04
零售,604425,10021858,14085656,32,HLB-f93e4079-f10c-11f0-8cdb-0c42a112278c,TCL202604170002,1,1260.0,1115.04
零售,604425,10021858,14085656,33,HLB-f93e408d-f10c-11f0-8cdb-0c42a112278c,TCL202604170002,1,1260.0,1115.04
零售,604425,10021858,14085656,30,HLB-f93e4051-f10c-11f0-8cdb-0c42a112278c,TCL202604170002,1,1260.0,1115.04
零售,604425,10021858,14085656,31,HLB-f93e4066-f10c-11f0-8cdb-0c42a112278c,TCL202604170002,1,1260.0,1115.04
零售,604425,10021858,14107564,1,HLB-fde0d327-f36d-11f0-8cdb-0c42a112278c,TCL202604170002,1,1260.0,1115.04
零售,604425,10021858,14107564,3,HLB-fde0d359-f36d-11f0-8cdb-0c42a112278c,TCL202604170002,1,1260.0,1115.04
零售,604425,10021858,14107564,2,HLB-fde0d341-f36d-11f0-8cdb-0c42a112278c,TCL202604170002,1,1260.0,1115.04
零售,604425,10021858,14107564,5,HLB-fde0d383-f36d-11f0-8cdb-0c42a112278c,TCL202604170002,1,1260.0,1115.04
零售,604425,10021858,14107564,4,HLB-fde0d36e-f36d-11f0-8cdb-0c42a112278c,TCL202604170002,1,1260.0,1115.04
零售,604425,10021858,14107564,6,HLB-fde0d398-f36d-11f0-8cdb-0c42a112278c,TCL202604170002,1,1260.0,1115.04
零售,604425,10021858,14107598,19,HLB-ff6c6003-f36d-11f0-8cdb-0c42a112278c,TCL202604170002,1,1260.0,1115.04
零售,604425,10021858,14107598,18,HLB-ff6c5fe6-f36d-11f0-8cdb-0c42a112278c,TCL202604170002,1,1260.0,1115.04
零售,604425,10021858,14107598,17,HLB-ff6c5fc6-f36d-11f0-8cdb-0c42a112278c,TCL202604170002,1,1260.0,1115.04
零售,604425,10021858,14107598,16,HLB-ff6c5f72-f36d-11f0-8cdb-0c42a112278c,TCL202604170002,1,1260.0,1115.04
零售,604425,10021858,14107598,15,HLB-ff52b514-f36d-11f0-8cdb-0c42a112278c,TCL202604170002,1,1260.0,1115.04
零售,604425,10021858,14107598,14,HLB-ff52b4fe-f36d-11f0-8cdb-0c42a112278c,TCL202604170002,1,1260.0,1115.04
零售,604425,10021858,14107598,13,HLB-ff52b4e8-f36d-11f0-8cdb-0c42a112278c,TCL202604170002,1,1260.0,1115.04
零售,604425,10021858,14107598,25,HLB-ff6c60c3-f36d-11f0-8cdb-0c42a112278c,TCL202604170002,1,1260.0,1115.04
零售,604425,10021858,14107598,12,HLB-ff52b4d1-f36d-11f0-8cdb-0c42a112278c,TCL202604170002,1,1260.0,1115.04
零售,604425,10021858,14107598,24,HLB-ff6c60a6-f36d-11f0-8cdb-0c42a112278c,TCL202604170002,1,1260.0,1115.04
零售,604425,10021858,14107598,23,HLB-ff6c6090-f36d-11f0-8cdb-0c42a112278c,TCL202604170002,1,1260.0,1115.04
零售,604425,10021858,14107598,22,HLB-ff6c605b-f36d-11f0-8cdb-0c42a112278c,TCL202604170002,1,1260.0,1115.04
零售,604425,10021858,14107598,21,HLB-ff6c6041-f36d-11f0-8cdb-0c42a112278c,TCL202604170002,1,1260.0,1115.04
零售,604425,10021858,14107598,20,HLB-ff6c6025-f36d-11f0-8cdb-0c42a112278c,TCL202604170002,1,1260.0,1115.04
零售,604425,10021858,14107598,3,HLB-ff52b406-f36d-11f0-8cdb-0c42a112278c,TCL202604170002,1,1260.0,1115.04
零售,604425,10021858,14107598,2,HLB-ff52b3f1-f36d-11f0-8cdb-0c42a112278c,TCL202604170002,1,1260.0,1115.04
零售,604425,10021858,14107598,1,HLB-ff52b3db-f36d-11f0-8cdb-0c42a112278c,TCL202604170002,1,1260.0,1115.04
零售,604425,10021858,14107598,11,HLB-ff52b4bb-f36d-11f0-8cdb-0c42a112278c,TCL202604170002,1,1260.0,1115.04
零售,604425,10021858,14107598,10,HLB-ff52b4a5-f36d-11f0-8cdb-0c42a112278c,TCL202604170002,1,1260.0,1115.04
零售,604425,10021858,14107598,9,HLB-ff52b48a-f36d-11f0-8cdb-0c42a112278c,TCL202604170002,1,1260.0,1115.04
零售,604425,10021858,14107598,8,HLB-ff52b470-f36d-11f0-8cdb-0c42a112278c,TCL202604170002,1,1260.0,1115.04
零售,604425,10021858,14107598,7,HLB-ff52b45c-f36d-11f0-8cdb-0c42a112278c,TCL202604170002,1,1260.0,1115.04
零售,604425,10021858,14107598,6,HLB-ff52b445-f36d-11f0-8cdb-0c42a112278c,TCL202604170002,1,1260.0,1115.04
零售,604425,10021858,14107598,5,HLB-ff52b42e-f36d-11f0-8cdb-0c42a112278c,TCL202604170002,1,1260.0,1115.04
零售,604425,10021858,14107598,4,HLB-ff52b41b-f36d-11f0-8cdb-0c42a112278c,TCL202604170002,1,1260.0,1115.04
零售,604425,10021858,14313392,50,HLB-4e115aa6-16b0-11f1-8cdb-0c42a112278c,TCL202604170002,1,1260.0,1115.04
零售,604425,10021858,14313392,49,HLB-4e115a8e-16b0-11f1-8cdb-0c42a112278c,TCL202604170002,1,1260.0,1115.04
零售,604425,10021858,14313392,44,HLB-4e115a24-16b0-11f1-8cdb-0c42a112278c,TCL202604170002,1,1260.0,1115.04
零售,604425,10021858,14313392,43,HLB-4e115a0d-16b0-11f1-8cdb-0c42a112278c,TCL202604170002,1,1260.0,1115.04
零售,604425,10021858,14313392,42,HLB-4e1159f4-16b0-11f1-8cdb-0c42a112278c,TCL202604170002,1,1260.0,1115.04
零售,604425,10021858,14313392,41,HLB-4e1159e0-16b0-11f1-8cdb-0c42a112278c,TCL202604170002,1,1260.0,1115.04
零售,604425,10021858,14313392,48,HLB-4e115a79-16b0-11f1-8cdb-0c42a112278c,TCL202604170002,1,1260.0,1115.04
零售,604425,10021858,14313392,47,HLB-4e115a66-16b0-11f1-8cdb-0c42a112278c,TCL202604170002,1,1260.0,1115.04
零售,604425,10021858,14313392,46,HLB-4e115a51-16b0-11f1-8cdb-0c42a112278c,TCL202604170002,1,1260.0,1115.04
零售,604425,10021858,14313392,45,HLB-4e115a3a-16b0-11f1-8cdb-0c42a112278c,TCL202604170002,1,1260.0,1115.04
零售,604425,10021858,14107564,8,HLB-fde0d3c6-f36d-11f0-8cdb-0c42a112278c,TCL202604170002,1,1260.0,1115.04
零售,604425,10021858,14107564,7,HLB-fde0d3b1-f36d-11f0-8cdb-0c42a112278c,TCL202604170002,1,1260.0,1115.04
零售,604425,10021858,14107564,10,HLB-fde0d3f0-f36d-11f0-8cdb-0c42a112278c,TCL202604170002,1,1260.0,1115.04
零售,604425,10021858,14107564,9,HLB-fde0d3da-f36d-11f0-8cdb-0c42a112278c,TCL202604170002,1,1260.0,1115.04
零售,604425,10021858,14107564,12,HLB-fde0d41d-f36d-11f0-8cdb-0c42a112278c,TCL202604170002,1,1260.0,1115.04
零售,604425,10021858,14107564,11,HLB-fde0d404-f36d-11f0-8cdb-0c42a112278c,TCL202604170002,1,1260.0,1115.04
零售,604425,10021858,14107564,13,HLB-fde0d432-f36d-11f0-8cdb-0c42a112278c,TCL202604170002,1,1260.0,1115.04
零售,604425,10021858,14085655,39,HLB-f93e3cc5-f10c-11f0-8cdb-0c42a112278c,TCL202604170002,1,1260.0,1115.04
零售,604425,10021858,14107580,12,HLB-fe9a7930-f36d-11f0-8cdb-0c42a112278c,TCL202604170002,1,1260.0,1115.04
零售,604425,10021858,14085655,40,HLB-f93e3cdf-f10c-11f0-8cdb-0c42a112278c,TCL202604170002,1,1260.0,1115.04
零售,604425,10021858,14107580,11,HLB-fe9a791a-f36d-11f0-8cdb-0c42a112278c,TCL202604170002,1,1260.0,1115.04
零售,604425,10021858,14085655,37,HLB-f93e3c91-f10c-11f0-8cdb-0c42a112278c,TCL202604170002,1,1260.0,1115.04
零售,604425,10021858,14107580,14,HLB-fe9a7960-f36d-11f0-8cdb-0c42a112278c,TCL202604170002,1,1260.0,1115.04
零售,604425,10021858,14085655,38,HLB-f93e3caa-f10c-11f0-8cdb-0c42a112278c,TCL202604170002,1,1260.0,1115.04
零售,604425,10021858,14107580,13,HLB-fe9a794a-f36d-11f0-8cdb-0c42a112278c,TCL202604170002,1,1260.0,1115.04
零售,604425,10021858,14085655,35,HLB-f93e3c05-f10c-11f0-8cdb-0c42a112278c,TCL202604170002,1,1260.0,1115.04
零售,604425,10021858,14107580,16,HLB-fe9a7990-f36d-11f0-8cdb-0c42a112278c,TCL202604170002,1,1260.0,1115.04
零售,604425,10021858,14085655,36,HLB-f93e3c75-f10c-11f0-8cdb-0c42a112278c,TCL202604170002,1,1260.0,1115.04
零售,604425,10021858,14107580,15,HLB-fe9a7976-f36d-11f0-8cdb-0c42a112278c,TCL202604170002,1,1260.0,1115.04
零售,604425,10021858,14085655,33,HLB-f9151ea8-f10c-11f0-8cdb-0c42a112278c,TCL202604170002,1,1260.0,1115.04
零售,604425,10021858,14107580,18,HLB-fe9a79b8-f36d-11f0-8cdb-0c42a112278c,TCL202604170002,1,1260.0,1115.04
零售,604425,10021858,14085655,34,HLB-f9151ebd-f10c-11f0-8cdb-0c42a112278c,TCL202604170002,1,1260.0,1115.04
零售,604425,10021858,14107580,17,HLB-fe9a79a3-f36d-11f0-8cdb-0c42a112278c,TCL202604170002,1,1260.0,1115.04
零售,604425,10021858,14085655,47,HLB-f93e3d88-f10c-11f0-8cdb-0c42a112278c,TCL202604170002,1,1260.0,1115.04
零售,604425,10021858,14107580,20,HLB-fe9a79e7-f36d-11f0-8cdb-0c42a112278c,TCL202604170002,1,1260.0,1115.04
零售,604425,10021858,14085655,48,HLB-f93e3da0-f10c-11f0-8cdb-0c42a112278c,TCL202604170002,1,1260.0,1115.04
零售,604425,10021858,14107580,19,HLB-fe9a79cc-f36d-11f0-8cdb-0c42a112278c,TCL202604170002,1,1260.0,1115.04
零售,604425,10021858,14085655,45,HLB-f93e3d5d-f10c-11f0-8cdb-0c42a112278c,TCL202604170002,1,1260.0,1115.04
零售,604425,10021858,14107580,22,HLB-fe9a7a13-f36d-11f0-8cdb-0c42a112278c,TCL202604170002,1,1260.0,1115.04
零售,604425,10021858,14085655,46,HLB-f93e3d73-f10c-11f0-8cdb-0c42a112278c,TCL202604170002,1,1260.0,1115.04
零售,604425,10021858,14107580,21,HLB-fe9a79fc-f36d-11f0-8cdb-0c42a112278c,TCL202604170002,1,1260.0,1115.04
零售,604425,10021858,14085655,43,HLB-f93e3d27-f10c-11f0-8cdb-0c42a112278c,TCL202604170002,1,1260.0,1115.04
零售,604425,10021858,14107580,24,HLB-fe9a7a41-f36d-11f0-8cdb-0c42a112278c,TCL202604170002,1,1260.0,1115.04
零售,604425,10021858,14085655,44,HLB-f93e3d44-f10c-11f0-8cdb-0c42a112278c,TCL202604170002,1,1260.0,1115.04
零售,604425,10021858,14107580,23,HLB-fe9a7a2b-f36d-11f0-8cdb-0c42a112278c,TCL202604170002,1,1260.0,1115.04
零售,604425,10021858,14085655,41,HLB-f93e3cf7-f10c-11f0-8cdb-0c42a112278c,TCL202604170002,1,1260.0,1115.04
零售,604425,10021858,14085655,42,HLB-f93e3d0f-f10c-11f0-8cdb-0c42a112278c,TCL202604170002,1,1260.0,1115.04
零售,604425,10021858,14107580,25,HLB-fe9a7a8d-f36d-11f0-8cdb-0c42a112278c,TCL202604170002,1,1260.0,1115.04
零售,604425,10021858,14085655,30,HLB-f9151e65-f10c-11f0-8cdb-0c42a112278c,TCL202604170002,1,1260.0,1115.04
零售,604425,10021858,14085655,31,HLB-f9151e79-f10c-11f0-8cdb-0c42a112278c,TCL202604170002,1,1260.0,1115.04
零售,604425,10021858,14085655,28,HLB-f9151e38-f10c-11f0-8cdb-0c42a112278c,TCL202604170002,1,1260.0,1115.04
零售,604425,10021858,14085655,29,HLB-f9151e50-f10c-11f0-8cdb-0c42a112278c,TCL202604170002,1,1260.0,1115.04
零售,604425,10021858,14085655,26,HLB-f9151e10-f10c-11f0-8cdb-0c42a112278c,TCL202604170002,1,1260.0,1115.04
零售,604425,10021858,14085655,27,HLB-f9151e24-f10c-11f0-8cdb-0c42a112278c,TCL202604170002,1,1260.0,1115.04
零售,604425,10021858,14107580,2,HLB-fe9a7863-f36d-11f0-8cdb-0c42a112278c,TCL202604170002,1,1260.0,1115.04
零售,604425,10021858,14107580,1,HLB-fe9a784d-f36d-11f0-8cdb-0c42a112278c,TCL202604170002,1,1260.0,1115.04
零售,604425,10021858,14107580,4,HLB-fe9a788b-f36d-11f0-8cdb-0c42a112278c,TCL202604170002,1,1260.0,1115.04
零售,604425,10021858,14107580,3,HLB-fe9a7878-f36d-11f0-8cdb-0c42a112278c,TCL202604170002,1,1260.0,1115.04
零售,604425,10021858,14107580,6,HLB-fe9a78b4-f36d-11f0-8cdb-0c42a112278c,TCL202604170002,1,1260.0,1115.04
零售,604425,10021858,14107580,5,HLB-fe9a789f-f36d-11f0-8cdb-0c42a112278c,TCL202604170002,1,1260.0,1115.04
零售,604425,10021858,14107580,8,HLB-fe9a78dd-f36d-11f0-8cdb-0c42a112278c,TCL202604170002,1,1260.0,1115.04
零售,604425,10021858,14107580,7,HLB-fe9a78c7-f36d-11f0-8cdb-0c42a112278c,TCL202604170002,1,1260.0,1115.04
零售,604425,10021858,14085655,32,HLB-f9151e8f-f10c-11f0-8cdb-0c42a112278c,TCL202604170002,1,1260.0,1115.04
零售,604425,10021858,14107580,10,HLB-fe9a7904-f36d-11f0-8cdb-0c42a112278c,TCL202604170002,1,1260.0,1115.04
零售,604425,10021858,14107580,9,HLB-fe9a78f0-f36d-11f0-8cdb-0c42a112278c,TCL202604170002,1,1260.0,1115.04
零售,604425,10021858,14085655,49,HLB-f93e3db5-f10c-11f0-8cdb-0c42a112278c,TCL202604170002,1,1260.0,1115.04
零售,604425,10021858,14085655,50,HLB-f93e3dce-f10c-11f0-8cdb-0c42a112278c,TCL202604170002,1,1260.0,1115.04
零售,604425,10021858,14089667,29,HLB-7f1fc2ed-f1b0-11f0-8cdb-0c42a112278c,TCL202604170002,1,1260.0,1115.04
零售,604425,10021858,14089667,28,HLB-7f1fc2da-f1b0-11f0-8cdb-0c42a112278c,TCL202604170002,1,1260.0,1115.04
零售,604425,10021858,14089667,27,HLB-7f1fc2c6-f1b0-11f0-8cdb-0c42a112278c,TCL202604170002,1,1260.0,1115.04
零售,604425,10021858,14089667,26,HLB-7f1fc2af-f1b0-11f0-8cdb-0c42a112278c,TCL202604170002,1,1260.0,1115.04
零售,604425,10021858,14089667,33,HLB-7f1fc33d-f1b0-11f0-8cdb-0c42a112278c,TCL202604170002,1,1260.0,1115.04
零售,604425,10021858,14089667,32,HLB-7f1fc32a-f1b0-11f0-8cdb-0c42a112278c,TCL202604170002,1,1260.0,1115.04
零售,604425,10021858,14089667,31,HLB-7f1fc317-f1b0-11f0-8cdb-0c42a112278c,TCL202604170002,1,1260.0,1115.04
零售,604425,10021858,14089667,30,HLB-7f1fc301-f1b0-11f0-8cdb-0c42a112278c,TCL202604170002,1,1260.0,1115.04
零售,604425,10021858,14089667,37,HLB-7f1fc38e-f1b0-11f0-8cdb-0c42a112278c,TCL202604170002,1,1260.0,1115.04
零售,604425,10021858,14089667,49,HLB-7f1fc487-f1b0-11f0-8cdb-0c42a112278c,TCL202604170002,1,1260.0,1115.04
零售,604425,10021858,14089667,36,HLB-7f1fc37a-f1b0-11f0-8cdb-0c42a112278c,TCL202604170002,1,1260.0,1115.04
零售,604425,10021858,14089667,35,HLB-7f1fc365-f1b0-11f0-8cdb-0c42a112278c,TCL202604170002,1,1260.0,1115.04
零售,622699,10016480,13372780,1,HLB-2e2f4737-ac00-11f0-8cdb-0c42a112278c,100206FP202603240001,1,8152.0,7214.16
零售,622699,10016480,13372780,1,HLB-2e2f4737-ac00-11f0-8cdb-0c42a112278c,NBJS202604270006,1,4858.0,4299.12
