DMS结算订单,DMS行唯一ID,DMS行下层明细ID,DMS参考订单号码,DMS订单行号,工厂,DRP订单金额,DRP/LTC折扣金额,SD 凭证,交货,开票凭证,处理日期,处理时间,消息文本,信息类型,DMS收入确认回传,消息文本.1
TCH202604160001,1-7TBZZ4,1-6S5U8Z,14246330,HLB-5ab7481e-0177-11f1-8cdb-0c42a112278c,,-5613.0,0,5112438970,8020132660.0,920785106,2026-04-20,12:56:43,销售订单5112438970创建成功交货单:8020132660开票：0920785106,S,1,成功
TCH202604160001,1-7TBZZ6,1-7A4NBJ,14422872,HLB-ef8b09a6-2331-11f1-8cdb-0c42a112278c,,-3721.0,0,5112438970,8020132660.0,920785106,2026-04-20,12:56:43,销售订单5112438970创建成功交货单:8020132660开票：0920785106,S,1,成功
TCH202604160001,1-7TBZZ8,1-44TWTJ,13233396,HLB-5e04bfd0-9ddb-11f0-8cdb-0c42a112278c,,-1950.0,0,5112438970,8020132660.0,920785106,2026-04-20,12:56:43,销售订单5112438970创建成功交货单:8020132660开票：0920785106,S,1,成功
ZRTC20260407044,1-7O45EF,QC@74141345,12064843,HLB-0665be7c-3a16-11f0-8cdb-0c42a112278c,1000.0,-777.27,0,60244491,,920694885,2026-04-09,12:17:48,销售订单0060244491创建成功开票：0920694885,S,1,成功
ZRTC20260407044,1-7O45EF,QC@74141346,12064843,HLB-0665be94-3a16-11f0-8cdb-0c42a112278c,1000.0,-777.27,0,60244491,,920694885,2026-04-09,12:17:48,销售订单0060244491创建成功开票：0920694885,S,1,成功
ZRTC20260407044,1-7O45EF,QC@74141394,12064843,HLB-0665bea9-3a16-11f0-8cdb-0c42a112278c,1000.0,-777.27,0,60244491,,920694885,2026-04-09,12:17:48,销售订单0060244491创建成功开票：0920694885,S,1,成功
ZRTC20260407044,1-7O45EF,QC@74232562,11894925,HLB-4e1b2f19-2b0c-11f0-8cdb-0c42a112278c,1000.0,-777.27,0,60244491,,920694885,2026-04-09,12:17:48,销售订单0060244491创建成功开票：0920694885,S,1,成功
ZRTC20260407044,1-7O45EF,QC@75254557,12064552,HLB-b3385e31-3a13-11f0-8cdb-0c42a112278c,1000.0,-777.27,0,60244491,,920694885,2026-04-09,12:17:48,销售订单0060244491创建成功开票：0920694885,S,1,成功
ZRTC20260407044,1-7O45EF,QC@75254560,12064552,HLB-b3385de1-3a13-11f0-8cdb-0c42a112278c,1000.0,-777.27,0,60244491,,920694885,2026-04-09,12:17:48,销售订单0060244491创建成功开票：0920694885,S,1,成功
ZRTC20260407044,1-7O45EF,QC@75254567,12064552,HLB-b3385e1d-3a13-11f0-8cdb-0c42a112278c,1000.0,-777.27,0,60244491,,920694885,2026-04-09,12:17:48,销售订单0060244491创建成功开票：0920694885,S,1,成功
ZRTC20260407044,1-7O45EF,QC@75254569,12064552,HLB-b3385d92-3a13-11f0-8cdb-0c42a112278c,1000.0,-777.27,0,60244491,,920694885,2026-04-09,12:17:48,销售订单0060244491创建成功开票：0920694885,S,1,成功
ZRTC20260407044,1-7O45EF,QC@75254572,12064552,HLB-b3385d7d-3a13-11f0-8cdb-0c42a112278c,1000.0,-777.27,0,60244491,,920694885,2026-04-09,12:17:48,销售订单0060244491创建成功开票：0920694885,S,1,成功
ZRTC20260407044,1-7O45EF,QC@75254580,12064552,HLB-b3385e44-3a13-11f0-8cdb-0c42a112278c,1000.0,-777.27,0,60244491,,920694885,2026-04-09,12:17:48,销售订单0060244491创建成功开票：0920694885,S,1,成功
ZRTC20260407044,1-7O45EF,QC@75254591,12064552,HLB-b3385e09-3a13-11f0-8cdb-0c42a112278c,1000.0,-777.27,0,60244491,,920694885,2026-04-09,12:17:48,销售订单0060244491创建成功开票：0920694885,S,1,成功
ZRTC20260407044,1-7O45EF,QC@75254597,12064552,HLB-b3385df4-3a13-11f0-8cdb-0c42a112278c,1000.0,-777.27,0,60244491,,920694885,2026-04-09,12:17:48,销售订单0060244491创建成功开票：0920694885,S,1,成功
ZRTC20260407044,1-7O45EF,QC@75254599,12064552,HLB-b3385dcd-3a13-11f0-8cdb-0c42a112278c,1000.0,-777.27,0,60244491,,920694885,2026-04-09,12:17:48,销售订单0060244491创建成功开票：0920694885,S,1,成功
ZRTC20260407044,1-7O45EF,QC@75254619,12064552,HLB-b3385dba-3a13-11f0-8cdb-0c42a112278c,1000.0,-777.27,0,60244491,,920694885,2026-04-09,12:17:48,销售订单0060244491创建成功开票：0920694885,S,1,成功
ZRTC20260407044,1-7O45EF,QC@75254655,12064552,HLB-b3385da6-3a13-11f0-8cdb-0c42a112278c,1000.0,-777.27,0,60244491,,920694885,2026-04-09,12:17:48,销售订单0060244491创建成功开票：0920694885,S,1,成功
ZRTC20260407044,1-7O45EF,QC@76223505,12064553,HLB-b35d61ca-3a13-11f0-8cdb-0c42a112278c,1000.0,-777.27,0,60244491,,920694885,2026-04-09,12:17:48,销售订单0060244491创建成功开票：0920694885,S,1,成功
ZRTC20260407044,1-7O45EF,QC@76223508,12064553,HLB-b35d61fb-3a13-11f0-8cdb-0c42a112278c,1000.0,-777.27,0,60244491,,920694885,2026-04-09,12:17:48,销售订单0060244491创建成功开票：0920694885,S,1,成功
ZRTC20260407044,1-7O45EF,QC@76223513,12064553,HLB-b35d60a2-3a13-11f0-8cdb-0c42a112278c,1000.0,-777.27,0,60244491,,920694885,2026-04-09,12:17:48,销售订单0060244491创建成功开票：0920694885,S,1,成功
ZRTC20260407044,1-7O45EF,QC@76223517,12064553,HLB-b35d6084-3a13-11f0-8cdb-0c42a112278c,1000.0,-777.27,0,60244491,,920694885,2026-04-09,12:17:48,销售订单0060244491创建成功开票：0920694885,S,1,成功
ZRTC20260407044,1-7O45EF,QC@76223523,12064553,HLB-b35d6212-3a13-11f0-8cdb-0c42a112278c,1000.0,-777.27,0,60244491,,920694885,2026-04-09,12:17:48,销售订单0060244491创建成功开票：0920694885,S,1,成功
ZRTC20260407044,1-7O45EF,QC@76223524,12064553,HLB-b35d61e5-3a13-11f0-8cdb-0c42a112278c,1000.0,-777.27,0,60244491,,920694885,2026-04-09,12:17:48,销售订单0060244491创建成功开票：0920694885,S,1,成功
ZRTC20260407044,1-7O45EF,QC@76223535,12064553,HLB-b35d6180-3a13-11f0-8cdb-0c42a112278c,1000.0,-777.27,0,60244491,,920694885,2026-04-09,12:17:48,销售订单0060244491创建成功开票：0920694885,S,1,成功
ZRTC20260407044,1-7O45EF,QC@76223536,12064553,HLB-b35d6226-3a13-11f0-8cdb-0c42a112278c,1000.0,-777.27,0,60244491,,920694885,2026-04-09,12:17:48,销售订单0060244491创建成功开票：0920694885,S,1,成功
ZRTC20260407044,1-7O45EF,QC@76223542,12064553,HLB-b35d626d-3a13-11f0-8cdb-0c42a112278c,1000.0,-777.27,0,60244491,,920694885,2026-04-09,12:17:48,销售订单0060244491创建成功开票：0920694885,S,1,成功
ZRTC20260407044,1-7O45EF,QC@76223551,12064553,HLB-b35d619c-3a13-11f0-8cdb-0c42a112278c,1000.0,-777.27,0,60244491,,920694885,2026-04-09,12:17:48,销售订单0060244491创建成功开票：0920694885,S,1,成功
ZRTC20260407044,1-7O45EF,QC@76223554,12064553,HLB-b35d6168-3a13-11f0-8cdb-0c42a112278c,1000.0,-777.27,0,60244491,,920694885,2026-04-09,12:17:48,销售订单0060244491创建成功开票：0920694885,S,1,成功
ZRTC20260407044,1-7O45EF,QC@76223555,12064553,HLB-b35d6013-3a13-11f0-8cdb-0c42a112278c,1000.0,-777.27,0,60244491,,920694885,2026-04-09,12:17:48,销售订单0060244491创建成功开票：0920694885,S,1,成功
ZRTC20260407044,1-7O45EF,QC@76223567,12064553,HLB-b35d60fa-3a13-11f0-8cdb-0c42a112278c,1000.0,-777.27,0,60244491,,920694885,2026-04-09,12:17:48,销售订单0060244491创建成功开票：0920694885,S,1,成功
ZRTC20260407044,1-7O45EF,QC@76223569,12064553,HLB-b35d6256-3a13-11f0-8cdb-0c42a112278c,1000.0,-777.27,0,60244491,,920694885,2026-04-09,12:17:48,销售订单0060244491创建成功开票：0920694885,S,1,成功
ZRTC20260407044,1-7O45EF,QC@76223587,12064553,HLB-b35d614b-3a13-11f0-8cdb-0c42a112278c,1000.0,-777.27,0,60244491,,920694885,2026-04-09,12:17:48,销售订单0060244491创建成功开票：0920694885,S,1,成功
ZRTC20260407044,1-7O45EF,QC@76223589,12064553,HLB-b35d60de-3a13-11f0-8cdb-0c42a112278c,1000.0,-777.27,0,60244491,,920694885,2026-04-09,12:17:48,销售订单0060244491创建成功开票：0920694885,S,1,成功
ZRTC20260407044,1-7O45EF,QC@76223590,12064553,HLB-b35d61b5-3a13-11f0-8cdb-0c42a112278c,1000.0,-777.27,0,60244491,,920694885,2026-04-09,12:17:48,销售订单0060244491创建成功开票：0920694885,S,1,成功
ZRTC20260407044,1-7O45EF,QC@76223597,12064553,HLB-b35d623e-3a13-11f0-8cdb-0c42a112278c,1000.0,-777.27,0,60244491,,920694885,2026-04-09,12:17:48,销售订单0060244491创建成功开票：0920694885,S,1,成功
ZRTC20260407044,1-7O45EF,QC@76223600,12064553,HLB-b35d60c3-3a13-11f0-8cdb-0c42a112278c,1000.0,-777.27,0,60244491,,920694885,2026-04-09,12:17:48,销售订单0060244491创建成功开票：0920694885,S,1,成功
ZRTC20260407044,1-7O45EF,QC@76223601,12064553,HLB-b35d6119-3a13-11f0-8cdb-0c42a112278c,1000.0,-777.56,0,60244491,,920694885,2026-04-09,12:17:48,销售订单0060244491创建成功开票：0920694885,S,1,成功
ZRTC20260407044,1-7O45EG,QC@76223504,12064553,HLB-b35d6320-3a13-11f0-8cdb-0c42a112278c,1000.0,-1082.96,0,60244491,,920694885,2026-04-09,12:17:48,销售订单0060244491创建成功开票：0920694885,S,1,成功
ZRTC20260407044,1-7O45EG,QC@76223506,12064553,HLB-b35d6408-3a13-11f0-8cdb-0c42a112278c,1000.0,-1082.96,0,60244491,,920694885,2026-04-09,12:17:48,销售订单0060244491创建成功开票：0920694885,S,1,成功
ZRTC20260407044,1-7O45EG,QC@76223509,12064553,HLB-b35d63d1-3a13-11f0-8cdb-0c42a112278c,1000.0,-1082.96,0,60244491,,920694885,2026-04-09,12:17:48,销售订单0060244491创建成功开票：0920694885,S,1,成功
ZRTC20260407044,1-7O45EG,QC@76223518,12064553,HLB-b35d63ed-3a13-11f0-8cdb-0c42a112278c,1000.0,-1082.96,0,60244491,,920694885,2026-04-09,12:17:48,销售订单0060244491创建成功开票：0920694885,S,1,成功
ZRTC20260407044,1-7O45EG,QC@76223526,12064553,HLB-b35d63b1-3a13-11f0-8cdb-0c42a112278c,1000.0,-1082.96,0,60244491,,920694885,2026-04-09,12:17:48,销售订单0060244491创建成功开票：0920694885,S,1,成功
ZRTC20260407044,1-7O45EG,QC@76223532,12064553,HLB-b35d62ee-3a13-11f0-8cdb-0c42a112278c,1000.0,-1082.96,0,60244491,,920694885,2026-04-09,12:17:48,销售订单0060244491创建成功开票：0920694885,S,1,成功
ZRTC20260407044,1-7O45EG,QC@76223539,12064553,HLB-b35d6286-3a13-11f0-8cdb-0c42a112278c,1000.0,-1082.96,0,60244491,,920694885,2026-04-09,12:17:48,销售订单0060244491创建成功开票：0920694885,S,1,成功
ZRTC20260407044,1-7O45EG,QC@76223543,12064553,HLB-b35d6395-3a13-11f0-8cdb-0c42a112278c,1000.0,-1082.96,0,60244491,,920694885,2026-04-09,12:17:48,销售订单0060244491创建成功开票：0920694885,S,1,成功
ZRTC20260407044,1-7O45EG,QC@76223544,12064553,HLB-b35d633b-3a13-11f0-8cdb-0c42a112278c,1000.0,-1082.96,0,60244491,,920694885,2026-04-09,12:17:48,销售订单0060244491创建成功开票：0920694885,S,1,成功
ZRTC20260407044,1-7O45EG,QC@76223561,12064553,HLB-b35d6306-3a13-11f0-8cdb-0c42a112278c,1000.0,-1082.96,0,60244491,,920694885,2026-04-09,12:17:48,销售订单0060244491创建成功开票：0920694885,S,1,成功
ZRTC20260407044,1-7O45EG,QC@76223582,12064553,HLB-b35d62bf-3a13-11f0-8cdb-0c42a112278c,1000.0,-1082.96,0,60244491,,920694885,2026-04-09,12:17:48,销售订单0060244491创建成功开票：0920694885,S,1,成功
ZRTC20260407044,1-7O45EG,QC@76223588,12064553,HLB-b35d62a7-3a13-11f0-8cdb-0c42a112278c,1000.0,-1082.99,0,60244491,,920694885,2026-04-09,12:17:48,销售订单0060244491创建成功开票：0920694885,S,1,成功
ZRTC20260407044,1-7O45EH,QC@74141388,12064843,HLB-0665bebf-3a16-11f0-8cdb-0c42a112278c,1000.0,-1165.91,0,60244491,,920694885,2026-04-09,12:17:48,销售订单0060244491创建成功开票：0920694885,S,1,成功
ZRTC20260407044,1-7O45EH,QC@76223519,12064553,HLB-b35d65c8-3a13-11f0-8cdb-0c42a112278c,1000.0,-1165.91,0,60244491,,920694885,2026-04-09,12:17:48,销售订单0060244491创建成功开票：0920694885,S,1,成功
ZRTC20260407044,1-7O45EH,QC@76223520,12064553,HLB-b384159d-3a13-11f0-8cdb-0c42a112278c,1000.0,-1165.91,0,60244491,,920694885,2026-04-09,12:17:48,销售订单0060244491创建成功开票：0920694885,S,1,成功
ZRTC20260407044,1-7O45EH,QC@76223531,12064553,HLB-b3841584-3a13-11f0-8cdb-0c42a112278c,1000.0,-1165.91,0,60244491,,920694885,2026-04-09,12:17:48,销售订单0060244491创建成功开票：0920694885,S,1,成功
ZRTC20260407044,1-7O45EH,QC@76223534,12064553,HLB-b35d659e-3a13-11f0-8cdb-0c42a112278c,1000.0,-1165.91,0,60244491,,920694885,2026-04-09,12:17:48,销售订单0060244491创建成功开票：0920694885,S,1,成功
ZRTC20260407044,1-7O45EH,QC@76223562,12064553,HLB-b35d65b2-3a13-11f0-8cdb-0c42a112278c,1000.0,-1165.91,0,60244491,,920694885,2026-04-09,12:17:48,销售订单0060244491创建成功开票：0920694885,S,1,成功
ZRTC20260407044,1-7O45EH,QC@76223564,12064553,HLB-b38415b7-3a13-11f0-8cdb-0c42a112278c,1000.0,-1165.91,0,60244491,,920694885,2026-04-09,12:17:48,销售订单0060244491创建成功开票：0920694885,S,1,成功
ZRTC20260407044,1-7O45EH,QC@76223577,12064553,HLB-b3841514-3a13-11f0-8cdb-0c42a112278c,1000.0,-1165.91,0,60244491,,920694885,2026-04-09,12:17:48,销售订单0060244491创建成功开票：0920694885,S,1,成功
ZRTC20260407044,1-7O45EH,QC@76223595,12064553,HLB-b38415d0-3a13-11f0-8cdb-0c42a112278c,1000.0,-1165.97,0,60244491,,920694885,2026-04-09,12:17:48,销售订单0060244491创建成功开票：0920694885,S,1,成功
ZRTC20260407044,1-7O45EI,QC@76223563,12064553,HLB-b35d6423-3a13-11f0-8cdb-0c42a112278c,1000.0,-1165.91,0,60244491,,920694885,2026-04-09,12:17:48,销售订单0060244491创建成功开票：0920694885,S,1,成功
ZRTC20260407044,1-7O45EI,QC@76223565,12064553,HLB-b35d643e-3a13-11f0-8cdb-0c42a112278c,1000.0,-1165.92,0,60244491,,920694885,2026-04-09,12:17:48,销售订单0060244491创建成功开票：0920694885,S,1,成功
ZRTC20260407044,1-7O45EJ,QC@76223511,12064553,HLB-b35d64d1-3a13-11f0-8cdb-0c42a112278c,1000.0,-1165.91,0,60244491,,920694885,2026-04-09,12:17:48,销售订单0060244491创建成功开票：0920694885,S,1,成功
ZRTC20260407044,1-7O45EJ,QC@76223512,12064553,HLB-b35d6503-3a13-11f0-8cdb-0c42a112278c,1000.0,-1165.91,0,60244491,,920694885,2026-04-09,12:17:48,销售订单0060244491创建成功开票：0920694885,S,1,成功
ZRTC20260407044,1-7O45EJ,QC@76223525,12064553,HLB-b35d6572-3a13-11f0-8cdb-0c42a112278c,1000.0,-1165.91,0,60244491,,920694885,2026-04-09,12:17:48,销售订单0060244491创建成功开票：0920694885,S,1,成功
ZRTC20260407044,1-7O45EJ,QC@76223537,12064553,HLB-b35d6586-3a13-11f0-8cdb-0c42a112278c,1000.0,-1165.91,0,60244491,,920694885,2026-04-09,12:17:48,销售订单0060244491创建成功开票：0920694885,S,1,成功
ZRTC20260407044,1-7O45EJ,QC@76223541,12064553,HLB-b35d6548-3a13-11f0-8cdb-0c42a112278c,1000.0,-1165.91,0,60244491,,920694885,2026-04-09,12:17:48,销售订单0060244491创建成功开票：0920694885,S,1,成功
ZRTC20260407044,1-7O45EJ,QC@76223545,12064553,HLB-b35d655d-3a13-11f0-8cdb-0c42a112278c,1000.0,-1165.91,0,60244491,,920694885,2026-04-09,12:17:48,销售订单0060244491创建成功开票：0920694885,S,1,成功
ZRTC20260407044,1-7O45EJ,QC@76223566,12064553,HLB-b35d64ee-3a13-11f0-8cdb-0c42a112278c,1000.0,-1165.91,0,60244491,,920694885,2026-04-09,12:17:48,销售订单0060244491创建成功开票：0920694885,S,1,成功
ZRTC20260407044,1-7O45EJ,QC@76223571,12064553,HLB-b35d6519-3a13-11f0-8cdb-0c42a112278c,1000.0,-1165.91,0,60244491,,920694885,2026-04-09,12:17:48,销售订单0060244491创建成功开票：0920694885,S,1,成功
ZRTC20260407044,1-7O45EJ,QC@76223593,12064553,HLB-b35d6532-3a13-11f0-8cdb-0c42a112278c,1000.0,-1165.97,0,60244491,,920694885,2026-04-09,12:17:48,销售订单0060244491创建成功开票：0920694885,S,1,成功
ZRTC20260407044,1-7O45EK,QC@76223507,12064553,HLB-b35d64a1-3a13-11f0-8cdb-0c42a112278c,1000.0,-1165.91,0,60244491,,920694885,2026-04-09,12:17:48,销售订单0060244491创建成功开票：0920694885,S,1,成功
ZRTC20260407044,1-7O45EK,QC@76223514,12064553,HLB-b35d6470-3a13-11f0-8cdb-0c42a112278c,1000.0,-1165.91,0,60244491,,920694885,2026-04-09,12:17:48,销售订单0060244491创建成功开票：0920694885,S,1,成功
ZRTC20260407044,1-7O45EK,QC@76223530,12064553,HLB-b35d6455-3a13-11f0-8cdb-0c42a112278c,1000.0,-1165.91,0,60244491,,920694885,2026-04-09,12:17:48,销售订单0060244491创建成功开票：0920694885,S,1,成功
ZRTC20260407044,1-7O45EK,QC@76223603,12064553,HLB-b35d6488-3a13-11f0-8cdb-0c42a112278c,1000.0,-1165.94,0,60244491,,920694885,2026-04-09,12:17:48,销售订单0060244491创建成功开票：0920694885,S,1,成功
ZRTC20260407044,1-7O45EL,QC@75254568,12064552,HLB-b3385b83-3a13-11f0-8cdb-0c42a112278c,1000.0,-786.04,0,60244491,,920694885,2026-04-09,12:17:48,销售订单0060244491创建成功开票：0920694885,S,1,成功
ZRTC20260407044,1-7O45EL,QC@75254575,12064552,HLB-b31676e8-3a13-11f0-8cdb-0c42a112278c,1000.0,-786.04,0,60244491,,920694885,2026-04-09,12:17:48,销售订单0060244491创建成功开票：0920694885,S,1,成功
ZRTC20260407044,1-7O45EL,QC@75254576,12064552,HLB-b3385c2b-3a13-11f0-8cdb-0c42a112278c,1000.0,-786.04,0,60244491,,920694885,2026-04-09,12:17:48,销售订单0060244491创建成功开票：0920694885,S,1,成功
ZRTC20260407044,1-7O45EL,QC@75254590,12064552,HLB-b31674af-3a13-11f0-8cdb-0c42a112278c,1000.0,-786.04,0,60244491,,920694885,2026-04-09,12:17:48,销售订单0060244491创建成功开票：0920694885,S,1,成功
ZRTC20260407044,1-7O45EL,QC@75254612,12064552,HLB-b3167557-3a13-11f0-8cdb-0c42a112278c,1000.0,-786.04,0,60244491,,920694885,2026-04-09,12:17:48,销售订单0060244491创建成功开票：0920694885,S,1,成功
ZRTC20260407044,1-7O45EL,QC@75254631,12064552,HLB-b3385baf-3a13-11f0-8cdb-0c42a112278c,1000.0,-786.04,0,60244491,,920694885,2026-04-09,12:17:48,销售订单0060244491创建成功开票：0920694885,S,1,成功
ZRTC20260407044,1-7O45EL,QC@75254641,12064552,HLB-b316773a-3a13-11f0-8cdb-0c42a112278c,1000.0,-786.04,0,60244491,,920694885,2026-04-09,12:17:48,销售订单0060244491创建成功开票：0920694885,S,1,成功
ZRTC20260407044,1-7O45EL,QC@75254643,12064552,HLB-b316747d-3a13-11f0-8cdb-0c42a112278c,1000.0,-786.08,0,60244491,,920694885,2026-04-09,12:17:48,销售订单0060244491创建成功开票：0920694885,S,1,成功
ZRTC20260407044,1-7O45EM,QC@73439912,12064554,HLB-b3c8388c-3a13-11f0-8cdb-0c42a112278c,1000.0,-443.43,0,60244491,,920694885,2026-04-09,12:17:48,销售订单0060244491创建成功开票：0920694885,S,1,成功
ZRTC20260407044,1-7O45EM,QC@73439915,12064554,HLB-b3a6b7c7-3a13-11f0-8cdb-0c42a112278c,1000.0,-443.43,0,60244491,,920694885,2026-04-09,12:17:48,销售订单0060244491创建成功开票：0920694885,S,1,成功
ZRTC20260407044,1-7O45EM,QC@73439916,12064554,HLB-b3c83b45-3a13-11f0-8cdb-0c42a112278c,1000.0,-443.43,0,60244491,,920694885,2026-04-09,12:17:48,销售订单0060244491创建成功开票：0920694885,S,1,成功
ZRTC20260407044,1-7O45EM,QC@73439917,12064554,HLB-b3a6ba5c-3a13-11f0-8cdb-0c42a112278c,1000.0,-443.43,0,60244491,,920694885,2026-04-09,12:17:48,销售订单0060244491创建成功开票：0920694885,S,1,成功
ZRTC20260407044,1-7O45EM,QC@73439918,12064554,HLB-b3a6b842-3a13-11f0-8cdb-0c42a112278c,1000.0,-443.43,0,60244491,,920694885,2026-04-09,12:17:48,销售订单0060244491创建成功开票：0920694885,S,1,成功
ZRTC20260407044,1-7O45EM,QC@73439919,12064554,HLB-b3c83a0c-3a13-11f0-8cdb-0c42a112278c,1000.0,-443.43,0,60244491,,920694885,2026-04-09,12:17:48,销售订单0060244491创建成功开票：0920694885,S,1,成功
ZRTC20260407044,1-7O45EM,QC@73439920,12064554,HLB-b3a6ba70-3a13-11f0-8cdb-0c42a112278c,1000.0,-443.43,0,60244491,,920694885,2026-04-09,12:17:48,销售订单0060244491创建成功开票：0920694885,S,1,成功
ZRTC20260407044,1-7O45EM,QC@73439921,12064554,HLB-b3a6b925-3a13-11f0-8cdb-0c42a112278c,1000.0,-443.43,0,60244491,,920694885,2026-04-09,12:17:48,销售订单0060244491创建成功开票：0920694885,S,1,成功
ZRTC20260407044,1-7O45EM,QC@73439922,12064554,HLB-b3c839b5-3a13-11f0-8cdb-0c42a112278c,1000.0,-443.43,0,60244491,,920694885,2026-04-09,12:17:48,销售订单0060244491创建成功开票：0920694885,S,1,成功
ZRTC20260407044,1-7O45EM,QC@73439923,12064554,HLB-b3c83ba8-3a13-11f0-8cdb-0c42a112278c,1000.0,-443.43,0,60244491,,920694885,2026-04-09,12:17:48,销售订单0060244491创建成功开票：0920694885,S,1,成功
ZRTC20260407044,1-7O45EM,QC@73439925,12064554,HLB-b3c83bbc-3a13-11f0-8cdb-0c42a112278c,1000.0,-443.43,0,60244491,,920694885,2026-04-09,12:17:48,销售订单0060244491创建成功开票：0920694885,S,1,成功
ZRTC20260407044,1-7O45EM,QC@73439926,12064554,HLB-b3a6b77f-3a13-11f0-8cdb-0c42a112278c,1000.0,-443.43,0,60244491,,920694885,2026-04-09,12:17:48,销售订单0060244491创建成功开票：0920694885,S,1,成功
ZRTC20260407044,1-7O45EM,QC@73439927,12064554,HLB-b3c83af1-3a13-11f0-8cdb-0c42a112278c,1000.0,-443.43,0,60244491,,920694885,2026-04-09,12:17:48,销售订单0060244491创建成功开票：0920694885,S,1,成功
ZRTC20260407044,1-7O45EM,QC@73439928,12064554,HLB-b3a6b85a-3a13-11f0-8cdb-0c42a112278c,1000.0,-443.43,0,60244491,,920694885,2026-04-09,12:17:48,销售订单0060244491创建成功开票：0920694885,S,1,成功
ZRTC20260407044,1-7O45EM,QC@73439929,12064554,HLB-b3c83ab5-3a13-11f0-8cdb-0c42a112278c,1000.0,-443.43,0,60244491,,920694885,2026-04-09,12:17:48,销售订单0060244491创建成功开票：0920694885,S,1,成功
ZRTC20260407044,1-7O45EM,QC@73439930,12064554,HLB-b3c83be3-3a13-11f0-8cdb-0c42a112278c,1000.0,-443.43,0,60244491,,920694885,2026-04-09,12:17:48,销售订单0060244491创建成功开票：0920694885,S,1,成功
ZRTC20260407044,1-7O45EM,QC@73439931,12064554,HLB-b3a6ba33-3a13-11f0-8cdb-0c42a112278c,1000.0,-443.43,0,60244491,,920694885,2026-04-09,12:17:48,销售订单0060244491创建成功开票：0920694885,S,1,成功
ZRTC20260407044,1-7O45EM,QC@73439932,12064554,HLB-b3c83b93-3a13-11f0-8cdb-0c42a112278c,1000.0,-443.43,0,60244491,,920694885,2026-04-09,12:17:48,销售订单0060244491创建成功开票：0920694885,S,1,成功
ZRTC20260407044,1-7O45EM,QC@73439934,12064554,HLB-b3c83a21-3a13-11f0-8cdb-0c42a112278c,1000.0,-443.43,0,60244491,,920694885,2026-04-09,12:17:48,销售订单0060244491创建成功开票：0920694885,S,1,成功
ZRTC20260407044,1-7O45EM,QC@73439935,12064554,HLB-b3a6baff-3a13-11f0-8cdb-0c42a112278c,1000.0,-443.43,0,60244491,,920694885,2026-04-09,12:17:48,销售订单0060244491创建成功开票：0920694885,S,1,成功
ZRTC20260407044,1-7O45EM,QC@73439936,12064554,HLB-b3c8379b-3a13-11f0-8cdb-0c42a112278c,1000.0,-443.43,0,60244491,,920694885,2026-04-09,12:17:48,销售订单0060244491创建成功开票：0920694885,S,1,成功
ZRTC20260407044,1-7O45EM,QC@73439937,12064554,HLB-b3a6b9cf-3a13-11f0-8cdb-0c42a112278c,1000.0,-443.43,0,60244491,,920694885,2026-04-09,12:17:48,销售订单0060244491创建成功开票：0920694885,S,1,成功
ZRTC20260407044,1-7O45EM,QC@73439938,12064554,HLB-b3c83ac8-3a13-11f0-8cdb-0c42a112278c,1000.0,-443.43,0,60244491,,920694885,2026-04-09,12:17:48,销售订单0060244491创建成功开票：0920694885,S,1,成功
ZRTC20260407044,1-7O45EM,QC@73439940,12064554,HLB-b3a6ba49-3a13-11f0-8cdb-0c42a112278c,1000.0,-443.43,0,60244491,,920694885,2026-04-09,12:17:48,销售订单0060244491创建成功开票：0920694885,S,1,成功
ZRTC20260407044,1-7O45EM,QC@73439941,12064554,HLB-b3c83aa0-3a13-11f0-8cdb-0c42a112278c,1000.0,-443.43,0,60244491,,920694885,2026-04-09,12:17:48,销售订单0060244491创建成功开票：0920694885,S,1,成功
ZRTC20260407044,1-7O45EM,QC@73439942,12064554,HLB-b3c83b31-3a13-11f0-8cdb-0c42a112278c,1000.0,-443.43,0,60244491,,920694885,2026-04-09,12:17:48,销售订单0060244491创建成功开票：0920694885,S,1,成功
ZRTC20260407044,1-7O45EM,QC@73439943,12064554,HLB-b3a6b6fa-3a13-11f0-8cdb-0c42a112278c,1000.0,-443.43,0,60244491,,920694885,2026-04-09,12:17:48,销售订单0060244491创建成功开票：0920694885,S,1,成功
ZRTC20260407044,1-7O45EM,QC@73439944,12064554,HLB-b3a6b730-3a13-11f0-8cdb-0c42a112278c,1000.0,-443.43,0,60244491,,920694885,2026-04-09,12:17:48,销售订单0060244491创建成功开票：0920694885,S,1,成功
ZRTC20260407044,1-7O45EM,QC@73439946,12064554,HLB-b3c83937-3a13-11f0-8cdb-0c42a112278c,1000.0,-443.43,0,60244491,,920694885,2026-04-09,12:17:48,销售订单0060244491创建成功开票：0920694885,S,1,成功
ZRTC20260407044,1-7O45EM,QC@73439947,12064554,HLB-b3a6b6db-3a13-11f0-8cdb-0c42a112278c,1000.0,-443.43,0,60244491,,920694885,2026-04-09,12:17:48,销售订单0060244491创建成功开票：0920694885,S,1,成功
ZRTC20260407044,1-7O45EM,QC@73439948,12064554,HLB-b3c83b58-3a13-11f0-8cdb-0c42a112278c,1000.0,-443.43,0,60244491,,920694885,2026-04-09,12:17:48,销售订单0060244491创建成功开票：0920694885,S,1,成功
ZRTC20260407044,1-7O45EM,QC@73439949,12064554,HLB-b3a6b680-3a13-11f0-8cdb-0c42a112278c,1000.0,-443.43,0,60244491,,920694885,2026-04-09,12:17:48,销售订单0060244491创建成功开票：0920694885,S,1,成功
ZRTC20260407044,1-7O45EM,QC@73439950,12064554,HLB-b3a6b93d-3a13-11f0-8cdb-0c42a112278c,1000.0,-443.43,0,60244491,,920694885,2026-04-09,12:17:48,销售订单0060244491创建成功开票：0920694885,S,1,成功
ZRTC20260407044,1-7O45EM,QC@73439951,12064554,HLB-b3c83b7f-3a13-11f0-8cdb-0c42a112278c,1000.0,-443.43,0,60244491,,920694885,2026-04-09,12:17:48,销售订单0060244491创建成功开票：0920694885,S,1,成功
ZRTC20260407044,1-7O45EM,QC@73439952,12064554,HLB-b3c83a34-3a13-11f0-8cdb-0c42a112278c,1000.0,-443.43,0,60244491,,920694885,2026-04-09,12:17:48,销售订单0060244491创建成功开票：0920694885,S,1,成功
ZRTC20260407044,1-7O45EM,QC@73439954,12064554,HLB-b3c83bcf-3a13-11f0-8cdb-0c42a112278c,1000.0,-443.43,0,60244491,,920694885,2026-04-09,12:17:48,销售订单0060244491创建成功开票：0920694885,S,1,成功
ZRTC20260407044,1-7O45EM,QC@73439956,12064554,HLB-b3a6b8a3-3a13-11f0-8cdb-0c42a112278c,1000.0,-443.43,0,60244491,,920694885,2026-04-09,12:17:48,销售订单0060244491创建成功开票：0920694885,S,1,成功
ZRTC20260407044,1-7O45EM,QC@73439957,12064554,HLB-b3c83bf9-3a13-11f0-8cdb-0c42a112278c,1000.0,-443.43,0,60244491,,920694885,2026-04-09,12:17:48,销售订单0060244491创建成功开票：0920694885,S,1,成功
ZRTC20260407044,1-7O45EM,QC@73439958,12064554,HLB-b3c83a5f-3a13-11f0-8cdb-0c42a112278c,1000.0,-443.43,0,60244491,,920694885,2026-04-09,12:17:48,销售订单0060244491创建成功开票：0920694885,S,1,成功
ZRTC20260407044,1-7O45EM,QC@73439960,12064554,HLB-b3a6b8e8-3a13-11f0-8cdb-0c42a112278c,1000.0,-443.43,0,60244491,,920694885,2026-04-09,12:17:48,销售订单0060244491创建成功开票：0920694885,S,1,成功
ZRTC20260407044,1-7O45EM,QC@73439961,12064554,HLB-b3a6b713-3a13-11f0-8cdb-0c42a112278c,1000.0,-443.43,0,60244491,,920694885,2026-04-09,12:17:48,销售订单0060244491创建成功开票：0920694885,S,1,成功
ZRTC20260407044,1-7O45EM,QC@73439962,12064554,HLB-b3c83802-3a13-11f0-8cdb-0c42a112278c,1000.0,-443.43,0,60244491,,920694885,2026-04-09,12:17:48,销售订单0060244491创建成功开票：0920694885,S,1,成功
ZRTC20260407044,1-7O45EM,QC@73439963,12064554,HLB-b3c83b6b-3a13-11f0-8cdb-0c42a112278c,1000.0,-443.43,0,60244491,,920694885,2026-04-09,12:17:48,销售订单0060244491创建成功开票：0920694885,S,1,成功
ZRTC20260407044,1-7O45EM,QC@73439964,12064554,HLB-b3a6b911-3a13-11f0-8cdb-0c42a112278c,1000.0,-443.43,0,60244491,,920694885,2026-04-09,12:17:48,销售订单0060244491创建成功开票：0920694885,S,1,成功
ZRTC20260407044,1-7O45EM,QC@73439965,12064554,HLB-b3c83add-3a13-11f0-8cdb-0c42a112278c,1000.0,-443.43,0,60244491,,920694885,2026-04-09,12:17:48,销售订单0060244491创建成功开票：0920694885,S,1,成功
ZRTC20260407044,1-7O45EM,QC@73439966,12064554,HLB-b3a6ba20-3a13-11f0-8cdb-0c42a112278c,1000.0,-443.43,0,60244491,,920694885,2026-04-09,12:17:48,销售订单0060244491创建成功开票：0920694885,S,1,成功
ZRTC20260407044,1-7O45EM,QC@73439967,12064554,HLB-b3c838a6-3a13-11f0-8cdb-0c42a112278c,1000.0,-443.43,0,60244491,,920694885,2026-04-09,12:17:48,销售订单0060244491创建成功开票：0920694885,S,1,成功
ZRTC20260407044,1-7O45EM,QC@73439968,12064554,HLB-b3c8391e-3a13-11f0-8cdb-0c42a112278c,1000.0,-443.43,0,60244491,,920694885,2026-04-09,12:17:48,销售订单0060244491创建成功开票：0920694885,S,1,成功
ZRTC20260407044,1-7O45EM,QC@73439969,12064554,HLB-b3c83c20-3a13-11f0-8cdb-0c42a112278c,1000.0,-443.43,0,60244491,,920694885,2026-04-09,12:17:48,销售订单0060244491创建成功开票：0920694885,S,1,成功
ZRTC20260407044,1-7O45EM,QC@73439970,12064554,HLB-b3a6b819-3a13-11f0-8cdb-0c42a112278c,1000.0,-443.43,0,60244491,,920694885,2026-04-09,12:17:48,销售订单0060244491创建成功开票：0920694885,S,1,成功
ZRTC20260407044,1-7O45EM,QC@73439973,12064554,HLB-b3c839cb-3a13-11f0-8cdb-0c42a112278c,1000.0,-443.43,0,60244491,,920694885,2026-04-09,12:17:48,销售订单0060244491创建成功开票：0920694885,S,1,成功
ZRTC20260407044,1-7O45EM,QC@73439974,12064554,HLB-b3c838f1-3a13-11f0-8cdb-0c42a112278c,1000.0,-443.43,0,60244491,,920694885,2026-04-09,12:17:48,销售订单0060244491创建成功开票：0920694885,S,1,成功
ZRTC20260407044,1-7O45EM,QC@73439975,12064554,HLB-b3a6b9a5-3a13-11f0-8cdb-0c42a112278c,1000.0,-443.43,0,60244491,,920694885,2026-04-09,12:17:48,销售订单0060244491创建成功开票：0920694885,S,1,成功
ZRTC20260407044,1-7O45EM,QC@73439976,12064554,HLB-b3a6b966-3a13-11f0-8cdb-0c42a112278c,1000.0,-443.43,0,60244491,,920694885,2026-04-09,12:17:48,销售订单0060244491创建成功开票：0920694885,S,1,成功
ZRTC20260407044,1-7O45EM,QC@73439977,12064554,HLB-b3a6b9ba-3a13-11f0-8cdb-0c42a112278c,1000.0,-443.43,0,60244491,,920694885,2026-04-09,12:17:48,销售订单0060244491创建成功开票：0920694885,S,1,成功
ZRTC20260407044,1-7O45EM,QC@73439978,12064554,HLB-b3a6b9f7-3a13-11f0-8cdb-0c42a112278c,1000.0,-443.43,0,60244491,,920694885,2026-04-09,12:17:48,销售订单0060244491创建成功开票：0920694885,S,1,成功
ZRTC20260407044,1-7O45EM,QC@73439979,12064554,HLB-b3a6ba86-3a13-11f0-8cdb-0c42a112278c,1000.0,-443.43,0,60244491,,920694885,2026-04-09,12:17:48,销售订单0060244491创建成功开票：0920694885,S,1,成功
ZRTC20260407044,1-7O45EM,QC@73439980,12064554,HLB-b3c838c2-3a13-11f0-8cdb-0c42a112278c,1000.0,-443.43,0,60244491,,920694885,2026-04-09,12:17:48,销售订单0060244491创建成功开票：0920694885,S,1,成功
ZRTC20260407044,1-7O45EM,QC@73439981,12064554,HLB-b3c83a8a-3a13-11f0-8cdb-0c42a112278c,1000.0,-443.43,0,60244491,,920694885,2026-04-09,12:17:48,销售订单0060244491创建成功开票：0920694885,S,1,成功
ZRTC20260407044,1-7O45EM,QC@73439982,12064554,HLB-b3a6b797-3a13-11f0-8cdb-0c42a112278c,1000.0,-443.43,0,60244491,,920694885,2026-04-09,12:17:48,销售订单0060244491创建成功开票：0920694885,S,1,成功
ZRTC20260407044,1-7O45EM,QC@73439983,12064554,HLB-b3c83a76-3a13-11f0-8cdb-0c42a112278c,1000.0,-443.43,0,60244491,,920694885,2026-04-09,12:17:48,销售订单0060244491创建成功开票：0920694885,S,1,成功
ZRTC20260407044,1-7O45EM,QC@73439984,12064554,HLB-b3c838d8-3a13-11f0-8cdb-0c42a112278c,1000.0,-443.43,0,60244491,,920694885,2026-04-09,12:17:48,销售订单0060244491创建成功开票：0920694885,S,1,成功
ZRTC20260407044,1-7O45EM,QC@73439985,12064554,HLB-b3a6baaf-3a13-11f0-8cdb-0c42a112278c,1000.0,-443.43,0,60244491,,920694885,2026-04-09,12:17:48,销售订单0060244491创建成功开票：0920694885,S,1,成功
ZRTC20260407044,1-7O45EM,QC@73439986,12064554,HLB-b3c83872-3a13-11f0-8cdb-0c42a112278c,1000.0,-443.43,0,60244491,,920694885,2026-04-09,12:17:48,销售订单0060244491创建成功开票：0920694885,S,1,成功
ZRTC20260407044,1-7O45EM,QC@73439987,12064554,HLB-b3a6bac5-3a13-11f0-8cdb-0c42a112278c,1000.0,-443.43,0,60244491,,920694885,2026-04-09,12:17:48,销售订单0060244491创建成功开票：0920694885,S,1,成功
ZRTC20260407044,1-7O45EM,QC@73439988,12064554,HLB-b3a6b8ba-3a13-11f0-8cdb-0c42a112278c,1000.0,-443.43,0,60244491,,920694885,2026-04-09,12:17:48,销售订单0060244491创建成功开票：0920694885,S,1,成功
ZRTC20260407044,1-7O45EM,QC@73439989,12064554,HLB-b3a6b806-3a13-11f0-8cdb-0c42a112278c,1000.0,-443.43,0,60244491,,920694885,2026-04-09,12:17:48,销售订单0060244491创建成功开票：0920694885,S,1,成功
ZRTC20260407044,1-7O45EM,QC@73439990,12064554,HLB-b3a6b8d4-3a13-11f0-8cdb-0c42a112278c,1000.0,-443.43,0,60244491,,920694885,2026-04-09,12:17:48,销售订单0060244491创建成功开票：0920694885,S,1,成功
ZRTC20260407044,1-7O45EM,QC@73439991,12064554,HLB-b3c83b05-3a13-11f0-8cdb-0c42a112278c,1000.0,-443.43,0,60244491,,920694885,2026-04-09,12:17:48,销售订单0060244491创建成功开票：0920694885,S,1,成功
ZRTC20260407044,1-7O45EM,QC@73439992,12064554,HLB-b3a6b98f-3a13-11f0-8cdb-0c42a112278c,1000.0,-443.43,0,60244491,,920694885,2026-04-09,12:17:48,销售订单0060244491创建成功开票：0920694885,S,1,成功
ZRTC20260407044,1-7O45EM,QC@73439993,12064554,HLB-b3c83b1c-3a13-11f0-8cdb-0c42a112278c,1000.0,-443.43,0,60244491,,920694885,2026-04-09,12:17:48,销售订单0060244491创建成功开票：0920694885,S,1,成功
ZRTC20260407044,1-7O45EM,QC@73439994,12064554,HLB-b3a6b7de-3a13-11f0-8cdb-0c42a112278c,1000.0,-443.43,0,60244491,,920694885,2026-04-09,12:17:48,销售订单0060244491创建成功开票：0920694885,S,1,成功
ZRTC20260407044,1-7O45EM,QC@73439995,12064554,HLB-b3a6b764-3a13-11f0-8cdb-0c42a112278c,1000.0,-443.43,0,60244491,,920694885,2026-04-09,12:17:48,销售订单0060244491创建成功开票：0920694885,S,1,成功
ZRTC20260407044,1-7O45EM,QC@73439996,12064554,HLB-b3c8399c-3a13-11f0-8cdb-0c42a112278c,1000.0,-443.43,0,60244491,,920694885,2026-04-09,12:17:48,销售订单0060244491创建成功开票：0920694885,S,1,成功
ZRTC20260407044,1-7O45EM,QC@73439997,12064554,HLB-b3c83c0d-3a13-11f0-8cdb-0c42a112278c,1000.0,-443.43,0,60244491,,920694885,2026-04-09,12:17:48,销售订单0060244491创建成功开票：0920694885,S,1,成功
ZRTC20260407044,1-7O45EM,QC@73439998,12064554,HLB-b3a6bad9-3a13-11f0-8cdb-0c42a112278c,1000.0,-443.43,0,60244491,,920694885,2026-04-09,12:17:48,销售订单0060244491创建成功开票：0920694885,S,1,成功
ZRTC20260407044,1-7O45EM,QC@73439999,12064554,HLB-b3a6b7ad-3a13-11f0-8cdb-0c42a112278c,1000.0,-443.43,0,60244491,,920694885,2026-04-09,12:17:48,销售订单0060244491创建成功开票：0920694885,S,1,成功
ZRTC20260407044,1-7O45EM,QC@73440000,12064554,HLB-b3c839e2-3a13-11f0-8cdb-0c42a112278c,1000.0,-443.43,0,60244491,,920694885,2026-04-09,12:17:48,销售订单0060244491创建成功开票：0920694885,S,1,成功
ZRTC20260407044,1-7O45EM,QC@73440001,12064554,HLB-b3c83972-3a13-11f0-8cdb-0c42a112278c,1000.0,-443.43,0,60244491,,920694885,2026-04-09,12:17:48,销售订单0060244491创建成功开票：0920694885,S,1,成功
ZRTC20260407044,1-7O45EM,QC@73440002,12064554,HLB-b3a6b9e3-3a13-11f0-8cdb-0c42a112278c,1000.0,-443.43,0,60244491,,920694885,2026-04-09,12:17:48,销售订单0060244491创建成功开票：0920694885,S,1,成功
ZRTC20260407044,1-7O45EM,QC@73440003,12064554,HLB-b3a6b748-3a13-11f0-8cdb-0c42a112278c,1000.0,-443.43,0,60244491,,920694885,2026-04-09,12:17:48,销售订单0060244491创建成功开票：0920694885,S,1,成功
ZRTC20260407044,1-7O45EM,QC@73440004,12064554,HLB-b3a6b8fe-3a13-11f0-8cdb-0c42a112278c,1000.0,-443.43,0,60244491,,920694885,2026-04-09,12:17:48,销售订单0060244491创建成功开票：0920694885,S,1,成功
ZRTC20260407044,1-7O45EM,QC@73440005,12064554,HLB-b3a6ba0a-3a13-11f0-8cdb-0c42a112278c,1000.0,-443.43,0,60244491,,920694885,2026-04-09,12:17:48,销售订单0060244491创建成功开票：0920694885,S,1,成功
ZRTC20260407044,1-7O45EM,QC@73440006,12064554,HLB-b3a6b873-3a13-11f0-8cdb-0c42a112278c,1000.0,-443.43,0,60244491,,920694885,2026-04-09,12:17:48,销售订单0060244491创建成功开票：0920694885,S,1,成功
ZRTC20260407044,1-7O45EM,QC@73440007,12064554,HLB-b3c8394b-3a13-11f0-8cdb-0c42a112278c,1000.0,-443.43,0,60244491,,920694885,2026-04-09,12:17:48,销售订单0060244491创建成功开票：0920694885,S,1,成功
ZRTC20260407044,1-7O45EM,QC@73440008,12064554,HLB-b3c83987-3a13-11f0-8cdb-0c42a112278c,1000.0,-443.43,0,60244491,,920694885,2026-04-09,12:17:48,销售订单0060244491创建成功开票：0920694885,S,1,成功
ZRTC20260407044,1-7O45EM,QC@73440009,12064554,HLB-b3c83a48-3a13-11f0-8cdb-0c42a112278c,1000.0,-443.43,0,60244491,,920694885,2026-04-09,12:17:48,销售订单0060244491创建成功开票：0920694885,S,1,成功
ZRTC20260407044,1-7O45EM,QC@74141343,12064843,HLB-0665c01a-3a16-11f0-8cdb-0c42a112278c,1000.0,-443.43,0,60244491,,920694885,2026-04-09,12:17:48,销售订单0060244491创建成功开票：0920694885,S,1,成功
ZRTC20260407044,1-7O45EM,QC@74141347,12064843,HLB-0665c044-3a16-11f0-8cdb-0c42a112278c,1000.0,-443.43,0,60244491,,920694885,2026-04-09,12:17:48,销售订单0060244491创建成功开票：0920694885,S,1,成功
ZRTC20260407044,1-7O45EM,QC@74141353,12064843,HLB-0665bf1f-3a16-11f0-8cdb-0c42a112278c,1000.0,-443.43,0,60244491,,920694885,2026-04-09,12:17:48,销售订单0060244491创建成功开票：0920694885,S,1,成功
ZRTC20260407044,1-7O45EM,QC@74141355,12064843,HLB-0665bed6-3a16-11f0-8cdb-0c42a112278c,1000.0,-443.43,0,60244491,,920694885,2026-04-09,12:17:48,销售订单0060244491创建成功开票：0920694885,S,1,成功
ZRTC20260407044,1-7O45EM,QC@74141358,12064843,HLB-0665bf34-3a16-11f0-8cdb-0c42a112278c,1000.0,-443.43,0,60244491,,920694885,2026-04-09,12:17:48,销售订单0060244491创建成功开票：0920694885,S,1,成功
ZRTC20260407044,1-7O45EM,QC@74141359,12064843,HLB-0665bf4a-3a16-11f0-8cdb-0c42a112278c,1000.0,-443.43,0,60244491,,920694885,2026-04-09,12:17:48,销售订单0060244491创建成功开票：0920694885,S,1,成功
ZRTC20260407044,1-7O45EM,QC@74141360,12064843,HLB-0665c097-3a16-11f0-8cdb-0c42a112278c,1000.0,-443.43,0,60244491,,920694885,2026-04-09,12:17:48,销售订单0060244491创建成功开票：0920694885,S,1,成功
ZRTC20260407044,1-7O45EM,QC@74141362,12064843,HLB-0665c0c9-3a16-11f0-8cdb-0c42a112278c,1000.0,-443.43,0,60244491,,920694885,2026-04-09,12:17:48,销售订单0060244491创建成功开票：0920694885,S,1,成功
ZRTC20260407044,1-7O45EM,QC@74141363,12064843,HLB-0665c05c-3a16-11f0-8cdb-0c42a112278c,1000.0,-443.43,0,60244491,,920694885,2026-04-09,12:17:48,销售订单0060244491创建成功开票：0920694885,S,1,成功
ZRTC20260407044,1-7O45EM,QC@74141364,12064843,HLB-0665c006-3a16-11f0-8cdb-0c42a112278c,1000.0,-443.43,0,60244491,,920694885,2026-04-09,12:17:48,销售订单0060244491创建成功开票：0920694885,S,1,成功
ZRTC20260407044,1-7O45EM,QC@74141365,12064843,HLB-0665c108-3a16-11f0-8cdb-0c42a112278c,1000.0,-443.43,0,60244491,,920694885,2026-04-09,12:17:48,销售订单0060244491创建成功开票：0920694885,S,1,成功
ZRTC20260407044,1-7O45EM,QC@74141368,12064843,HLB-0665bfc9-3a16-11f0-8cdb-0c42a112278c,1000.0,-443.43,0,60244491,,920694885,2026-04-09,12:17:48,销售订单0060244491创建成功开票：0920694885,S,1,成功
ZRTC20260407044,1-7O45EM,QC@74141369,12064843,HLB-0665c130-3a16-11f0-8cdb-0c42a112278c,1000.0,-443.43,0,60244491,,920694885,2026-04-09,12:17:48,销售订单0060244491创建成功开票：0920694885,S,1,成功
ZRTC20260407044,1-7O45EM,QC@74141370,12064843,HLB-0665bfdd-3a16-11f0-8cdb-0c42a112278c,1000.0,-443.43,0,60244491,,920694885,2026-04-09,12:17:48,销售订单0060244491创建成功开票：0920694885,S,1,成功
ZRTC20260407044,1-7O45EM,QC@74141371,12064843,HLB-0665bf72-3a16-11f0-8cdb-0c42a112278c,1000.0,-443.43,0,60244491,,920694885,2026-04-09,12:17:48,销售订单0060244491创建成功开票：0920694885,S,1,成功
ZRTC20260407044,1-7O45EM,QC@74141373,12064843,HLB-0665bff1-3a16-11f0-8cdb-0c42a112278c,1000.0,-443.43,0,60244491,,920694885,2026-04-09,12:17:48,销售订单0060244491创建成功开票：0920694885,S,1,成功
ZRTC20260407044,1-7O45EM,QC@74141374,12064843,HLB-0665bf00-3a16-11f0-8cdb-0c42a112278c,1000.0,-443.43,0,60244491,,920694885,2026-04-09,12:17:48,销售订单0060244491创建成功开票：0920694885,S,1,成功
ZRTC20260407044,1-7O45EM,QC@74141375,12064843,HLB-0665bf8a-3a16-11f0-8cdb-0c42a112278c,1000.0,-443.43,0,60244491,,920694885,2026-04-09,12:17:48,销售订单0060244491创建成功开票：0920694885,S,1,成功
ZRTC20260407044,1-7O45EM,QC@74141376,12064843,HLB-0665beea-3a16-11f0-8cdb-0c42a112278c,1000.0,-443.43,0,60244491,,920694885,2026-04-09,12:17:48,销售订单0060244491创建成功开票：0920694885,S,1,成功
ZRTC20260407044,1-7O45EM,QC@74141377,12064843,HLB-0665c0f1-3a16-11f0-8cdb-0c42a112278c,1000.0,-443.43,0,60244491,,920694885,2026-04-09,12:17:48,销售订单0060244491创建成功开票：0920694885,S,1,成功
ZRTC20260407044,1-7O45EM,QC@74141379,12064843,HLB-0665c083-3a16-11f0-8cdb-0c42a112278c,1000.0,-443.43,0,60244491,,920694885,2026-04-09,12:17:48,销售订单0060244491创建成功开票：0920694885,S,1,成功
ZRTC20260407044,1-7O45EM,QC@74141380,12064843,HLB-0665c0dd-3a16-11f0-8cdb-0c42a112278c,1000.0,-443.43,0,60244491,,920694885,2026-04-09,12:17:48,销售订单0060244491创建成功开票：0920694885,S,1,成功
ZRTC20260407044,1-7O45EM,QC@74141382,12064843,HLB-0665c06f-3a16-11f0-8cdb-0c42a112278c,1000.0,-443.43,0,60244491,,920694885,2026-04-09,12:17:48,销售订单0060244491创建成功开票：0920694885,S,1,成功
ZRTC20260407044,1-7O45EM,QC@74141384,12064843,HLB-0665bfb6-3a16-11f0-8cdb-0c42a112278c,1000.0,-443.43,0,60244491,,920694885,2026-04-09,12:17:48,销售订单0060244491创建成功开票：0920694885,S,1,成功
ZRTC20260407044,1-7O45EM,QC@74141386,12064843,HLB-0665c02d-3a16-11f0-8cdb-0c42a112278c,1000.0,-443.43,0,60244491,,920694885,2026-04-09,12:17:48,销售订单0060244491创建成功开票：0920694885,S,1,成功
ZRTC20260407044,1-7O45EM,QC@74141389,12064843,HLB-0665c184-3a16-11f0-8cdb-0c42a112278c,1000.0,-443.43,0,60244491,,920694885,2026-04-09,12:17:48,销售订单0060244491创建成功开票：0920694885,S,1,成功
ZRTC20260407044,1-7O45EM,QC@74141391,12064843,HLB-0665c11d-3a16-11f0-8cdb-0c42a112278c,1000.0,-443.43,0,60244491,,920694885,2026-04-09,12:17:48,销售订单0060244491创建成功开票：0920694885,S,1,成功
ZRTC20260407044,1-7O45EM,QC@74141392,12064843,HLB-0665c170-3a16-11f0-8cdb-0c42a112278c,1000.0,-443.43,0,60244491,,920694885,2026-04-09,12:17:48,销售订单0060244491创建成功开票：0920694885,S,1,成功
ZRTC20260407044,1-7O45EM,QC@74141395,12064843,HLB-0665bf9f-3a16-11f0-8cdb-0c42a112278c,1000.0,-444.24,0,60244491,,920694885,2026-04-09,12:17:48,销售订单0060244491创建成功开票：0920694885,S,1,成功
ZRTC20260424025,1-7Z1TIB,QC@76221986,12520970,HLB-39411a6b-593a-11f0-8cdb-0c42a112278c,1000.0,-669.24,0,60245992,,920835973,2026-04-26,12:21:30,销售订单0060245992创建成功开票：0920835973,S,1,成功
ZRTC20260424025,1-7Z1TIC,QC@70664826,12508837,HLB-170d9d57-570e-11f0-8cdb-0c42a112278c,1000.0,-338.62,0,60245992,,920835973,2026-04-26,12:21:30,销售订单0060245992创建成功开票：0920835973,S,1,成功
ZRTC20260424025,1-7Z1TIC,QC@70664829,12508837,HLB-170d9dd2-570e-11f0-8cdb-0c42a112278c,1000.0,-338.62,0,60245992,,920835973,2026-04-26,12:21:30,销售订单0060245992创建成功开票：0920835973,S,1,成功
ZRTC20260424025,1-7Z1TIC,QC@70664835,12508837,HLB-170d9d94-570e-11f0-8cdb-0c42a112278c,1000.0,-338.62,0,60245992,,920835973,2026-04-26,12:21:30,销售订单0060245992创建成功开票：0920835973,S,1,成功
ZRTC20260424025,1-7Z1TIC,QC@70664836,12508837,HLB-170d9de7-570e-11f0-8cdb-0c42a112278c,1000.0,-338.62,0,60245992,,920835973,2026-04-26,12:21:30,销售订单0060245992创建成功开票：0920835973,S,1,成功
ZRTC20260424025,1-7Z1TIC,QC@70664837,12508837,HLB-170d9da8-570e-11f0-8cdb-0c42a112278c,1000.0,-338.62,0,60245992,,920835973,2026-04-26,12:21:30,销售订单0060245992创建成功开票：0920835973,S,1,成功
ZRTC20260424025,1-7Z1TIC,QC@70664838,12508837,HLB-170d9dbe-570e-11f0-8cdb-0c42a112278c,1000.0,-338.62,0,60245992,,920835973,2026-04-26,12:21:30,销售订单0060245992创建成功开票：0920835973,S,1,成功
ZRTC20260424025,1-7Z1TIC,QC@70664840,12508837,HLB-170d9e10-570e-11f0-8cdb-0c42a112278c,1000.0,-338.62,0,60245992,,920835973,2026-04-26,12:21:30,销售订单0060245992创建成功开票：0920835973,S,1,成功
ZRTC20260424025,1-7Z1TIC,QC@70664843,12508837,HLB-170d9d80-570e-11f0-8cdb-0c42a112278c,1000.0,-338.62,0,60245992,,920835973,2026-04-26,12:21:30,销售订单0060245992创建成功开票：0920835973,S,1,成功
ZRTC20260424025,1-7Z1TIC,QC@70664844,12508837,HLB-170d9d6b-570e-11f0-8cdb-0c42a112278c,1000.0,-338.62,0,60245992,,920835973,2026-04-26,12:21:30,销售订单0060245992创建成功开票：0920835973,S,1,成功
ZRTC20260424025,1-7Z1TIC,QC@70664845,12508837,HLB-170d9dfa-570e-11f0-8cdb-0c42a112278c,1000.0,-338.62,0,60245992,,920835973,2026-04-26,12:21:30,销售订单0060245992创建成功开票：0920835973,S,1,成功
ZRTC20260424025,1-7Z1TIC,QC@70782781,12542815,HLB-d4e8a4ad-5c63-11f0-8cdb-0c42a112278c,1000.0,-338.62,0,60245992,,920835973,2026-04-26,12:21:30,销售订单0060245992创建成功开票：0920835973,S,1,成功
ZRTC20260424025,1-7Z1TIC,QC@70782783,12542815,HLB-d4e8a52a-5c63-11f0-8cdb-0c42a112278c,1000.0,-338.62,0,60245992,,920835973,2026-04-26,12:21:30,销售订单0060245992创建成功开票：0920835973,S,1,成功
ZRTC20260424025,1-7Z1TIC,QC@70782787,12542815,HLB-d4e8a470-5c63-11f0-8cdb-0c42a112278c,1000.0,-338.62,0,60245992,,920835973,2026-04-26,12:21:30,销售订单0060245992创建成功开票：0920835973,S,1,成功
ZRTC20260424025,1-7Z1TIC,QC@70782790,12542815,HLB-d4e8a53f-5c63-11f0-8cdb-0c42a112278c,1000.0,-338.62,0,60245992,,920835973,2026-04-26,12:21:30,销售订单0060245992创建成功开票：0920835973,S,1,成功
ZRTC20260424025,1-7Z1TIC,QC@70782792,12542815,HLB-d4e8a499-5c63-11f0-8cdb-0c42a112278c,1000.0,-338.62,0,60245992,,920835973,2026-04-26,12:21:30,销售订单0060245992创建成功开票：0920835973,S,1,成功
ZRTC20260424025,1-7Z1TIC,QC@70782794,12542815,HLB-d4e8a4ff-5c63-11f0-8cdb-0c42a112278c,1000.0,-338.62,0,60245992,,920835973,2026-04-26,12:21:30,销售订单0060245992创建成功开票：0920835973,S,1,成功
ZRTC20260424025,1-7Z1TIC,QC@70782797,12542815,HLB-d4e8a514-5c63-11f0-8cdb-0c42a112278c,1000.0,-338.62,0,60245992,,920835973,2026-04-26,12:21:30,销售订单0060245992创建成功开票：0920835973,S,1,成功
ZRTC20260424025,1-7Z1TIC,QC@70782798,12542815,HLB-d4e8a485-5c63-11f0-8cdb-0c42a112278c,1000.0,-338.62,0,60245992,,920835973,2026-04-26,12:21:30,销售订单0060245992创建成功开票：0920835973,S,1,成功
ZRTC20260424025,1-7Z1TIC,QC@70782799,12542815,HLB-d4e8a418-5c63-11f0-8cdb-0c42a112278c,1000.0,-338.62,0,60245992,,920835973,2026-04-26,12:21:30,销售订单0060245992创建成功开票：0920835973,S,1,成功
ZRTC20260424025,1-7Z1TIC,QC@70782800,12542815,HLB-d4e8a4c4-5c63-11f0-8cdb-0c42a112278c,1000.0,-338.62,0,60245992,,920835973,2026-04-26,12:21:30,销售订单0060245992创建成功开票：0920835973,S,1,成功
ZRTC20260424025,1-7Z1TIC,QC@72445322,12508827,HLB-162402ab-570e-11f0-8cdb-0c42a112278c,1000.0,-338.62,0,60245992,,920835973,2026-04-26,12:21:30,销售订单0060245992创建成功开票：0920835973,S,1,成功
ZRTC20260424025,1-7Z1TIC,QC@72445326,12508827,HLB-162401fb-570e-11f0-8cdb-0c42a112278c,1000.0,-338.62,0,60245992,,920835973,2026-04-26,12:21:30,销售订单0060245992创建成功开票：0920835973,S,1,成功
ZRTC20260424025,1-7Z1TIC,QC@72445327,12508827,HLB-1624047b-570e-11f0-8cdb-0c42a112278c,1000.0,-338.62,0,60245992,,920835973,2026-04-26,12:21:30,销售订单0060245992创建成功开票：0920835973,S,1,成功
ZRTC20260424025,1-7Z1TIC,QC@72445330,12508827,HLB-160092d1-570e-11f0-8cdb-0c42a112278c,1000.0,-338.62,0,60245992,,920835973,2026-04-26,12:21:30,销售订单0060245992创建成功开票：0920835973,S,1,成功
ZRTC20260424025,1-7Z1TIC,QC@72445333,12508827,HLB-1624050f-570e-11f0-8cdb-0c42a112278c,1000.0,-338.62,0,60245992,,920835973,2026-04-26,12:21:30,销售订单0060245992创建成功开票：0920835973,S,1,成功
ZRTC20260424025,1-7Z1TIC,QC@72445336,12508827,HLB-16240381-570e-11f0-8cdb-0c42a112278c,1000.0,-338.62,0,60245992,,920835973,2026-04-26,12:21:30,销售订单0060245992创建成功开票：0920835973,S,1,成功
ZRTC20260424025,1-7Z1TIC,QC@72445337,12508827,HLB-16240413-570e-11f0-8cdb-0c42a112278c,1000.0,-338.62,0,60245992,,920835973,2026-04-26,12:21:30,销售订单0060245992创建成功开票：0920835973,S,1,成功
ZRTC20260424025,1-7Z1TIC,QC@72445338,12508827,HLB-16240260-570e-11f0-8cdb-0c42a112278c,1000.0,-338.62,0,60245992,,920835973,2026-04-26,12:21:30,销售订单0060245992创建成功开票：0920835973,S,1,成功
ZRTC20260424025,1-7Z1TIC,QC@72445339,12508827,HLB-162402d5-570e-11f0-8cdb-0c42a112278c,1000.0,-338.62,0,60245992,,920835973,2026-04-26,12:21:30,销售订单0060245992创建成功开票：0920835973,S,1,成功
ZRTC20260424025,1-7Z1TIC,QC@72445340,12508827,HLB-16009339-570e-11f0-8cdb-0c42a112278c,1000.0,-338.62,0,60245992,,920835973,2026-04-26,12:21:30,销售订单0060245992创建成功开票：0920835973,S,1,成功
ZRTC20260424025,1-7Z1TIC,QC@72445343,12508827,HLB-1624043d-570e-11f0-8cdb-0c42a112278c,1000.0,-338.62,0,60245992,,920835973,2026-04-26,12:21:30,销售订单0060245992创建成功开票：0920835973,S,1,成功
ZRTC20260424025,1-7Z1TIC,QC@72445345,12508827,HLB-1624019c-570e-11f0-8cdb-0c42a112278c,1000.0,-338.62,0,60245992,,920835973,2026-04-26,12:21:30,销售订单0060245992创建成功开票：0920835973,S,1,成功
ZRTC20260424025,1-7Z1TIC,QC@72445346,12508827,HLB-162403ea-570e-11f0-8cdb-0c42a112278c,1000.0,-338.62,0,60245992,,920835973,2026-04-26,12:21:30,销售订单0060245992创建成功开票：0920835973,S,1,成功
ZRTC20260424025,1-7Z1TIC,QC@72445348,12508827,HLB-16240212-570e-11f0-8cdb-0c42a112278c,1000.0,-338.62,0,60245992,,920835973,2026-04-26,12:21:30,销售订单0060245992创建成功开票：0920835973,S,1,成功
ZRTC20260424025,1-7Z1TIC,QC@72445351,12508827,HLB-160092ab-570e-11f0-8cdb-0c42a112278c,1000.0,-338.62,0,60245992,,920835973,2026-04-26,12:21:30,销售订单0060245992创建成功开票：0920835973,S,1,成功
ZRTC20260424025,1-7Z1TIC,QC@72445352,12508827,HLB-16240525-570e-11f0-8cdb-0c42a112278c,1000.0,-338.62,0,60245992,,920835973,2026-04-26,12:21:30,销售订单0060245992创建成功开票：0920835973,S,1,成功
ZRTC20260424025,1-7Z1TIC,QC@72445356,12508827,HLB-160092e7-570e-11f0-8cdb-0c42a112278c,1000.0,-338.62,0,60245992,,920835973,2026-04-26,12:21:30,销售订单0060245992创建成功开票：0920835973,S,1,成功
ZRTC20260424025,1-7Z1TIC,QC@72445359,12508827,HLB-162404e4-570e-11f0-8cdb-0c42a112278c,1000.0,-338.62,0,60245992,,920835973,2026-04-26,12:21:30,销售订单0060245992创建成功开票：0920835973,S,1,成功
ZRTC20260424025,1-7Z1TIC,QC@72445361,12508827,HLB-1600934d-570e-11f0-8cdb-0c42a112278c,1000.0,-338.62,0,60245992,,920835973,2026-04-26,12:21:30,销售订单0060245992创建成功开票：0920835973,S,1,成功
ZRTC20260424025,1-7Z1TIC,QC@72445362,12508827,HLB-16240329-570e-11f0-8cdb-0c42a112278c,1000.0,-338.62,0,60245992,,920835973,2026-04-26,12:21:30,销售订单0060245992创建成功开票：0920835973,S,1,成功
ZRTC20260424025,1-7Z1TIC,QC@72445364,12508827,HLB-162403d6-570e-11f0-8cdb-0c42a112278c,1000.0,-338.62,0,60245992,,920835973,2026-04-26,12:21:30,销售订单0060245992创建成功开票：0920835973,S,1,成功
ZRTC20260424025,1-7Z1TIC,QC@72445369,12508827,HLB-16240300-570e-11f0-8cdb-0c42a112278c,1000.0,-338.62,0,60245992,,920835973,2026-04-26,12:21:30,销售订单0060245992创建成功开票：0920835973,S,1,成功
ZRTC20260424025,1-7Z1TIC,QC@72445370,12508827,HLB-162401e5-570e-11f0-8cdb-0c42a112278c,1000.0,-338.62,0,60245992,,920835973,2026-04-26,12:21:30,销售订单0060245992创建成功开票：0920835973,S,1,成功
ZRTC20260424025,1-7Z1TIC,QC@72445377,12508827,HLB-16240315-570e-11f0-8cdb-0c42a112278c,1000.0,-338.62,0,60245992,,920835973,2026-04-26,12:21:30,销售订单0060245992创建成功开票：0920835973,S,1,成功
ZRTC20260424025,1-7Z1TIC,QC@72445378,12508827,HLB-162403aa-570e-11f0-8cdb-0c42a112278c,1000.0,-338.62,0,60245992,,920835973,2026-04-26,12:21:30,销售订单0060245992创建成功开票：0920835973,S,1,成功
ZRTC20260424025,1-7Z1TIC,QC@72445379,12508827,HLB-162402e8-570e-11f0-8cdb-0c42a112278c,1000.0,-338.62,0,60245992,,920835973,2026-04-26,12:21:30,销售订单0060245992创建成功开票：0920835973,S,1,成功
ZRTC20260424025,1-7Z1TIC,QC@72445381,12508827,HLB-16240467-570e-11f0-8cdb-0c42a112278c,1000.0,-338.62,0,60245992,,920835973,2026-04-26,12:21:30,销售订单0060245992创建成功开票：0920835973,S,1,成功
ZRTC20260424025,1-7Z1TIC,QC@72445382,12508827,HLB-16009326-570e-11f0-8cdb-0c42a112278c,1000.0,-338.62,0,60245992,,920835973,2026-04-26,12:21:30,销售订单0060245992创建成功开票：0920835973,S,1,成功
ZRTC20260424025,1-7Z1TIC,QC@72445384,12508827,HLB-16240453-570e-11f0-8cdb-0c42a112278c,1000.0,-338.62,0,60245992,,920835973,2026-04-26,12:21:30,销售订单0060245992创建成功开票：0920835973,S,1,成功
ZRTC20260424025,1-7Z1TIC,QC@72445385,12508827,HLB-1624036c-570e-11f0-8cdb-0c42a112278c,1000.0,-338.62,0,60245992,,920835973,2026-04-26,12:21:30,销售订单0060245992创建成功开票：0920835973,S,1,成功
ZRTC20260424025,1-7Z1TIC,QC@72445386,12508827,HLB-16240396-570e-11f0-8cdb-0c42a112278c,1000.0,-338.62,0,60245992,,920835973,2026-04-26,12:21:30,销售订单0060245992创建成功开票：0920835973,S,1,成功
ZRTC20260424025,1-7Z1TIC,QC@72445387,12508827,HLB-162402c0-570e-11f0-8cdb-0c42a112278c,1000.0,-338.62,0,60245992,,920835973,2026-04-26,12:21:30,销售订单0060245992创建成功开票：0920835973,S,1,成功
ZRTC20260424025,1-7Z1TIC,QC@72445391,12508827,HLB-16240359-570e-11f0-8cdb-0c42a112278c,1000.0,-338.62,0,60245992,,920835973,2026-04-26,12:21:30,销售订单0060245992创建成功开票：0920835973,S,1,成功
ZRTC20260424025,1-7Z1TIC,QC@72445392,12508827,HLB-16240243-570e-11f0-8cdb-0c42a112278c,1000.0,-338.62,0,60245992,,920835973,2026-04-26,12:21:30,销售订单0060245992创建成功开票：0920835973,S,1,成功
ZRTC20260424025,1-7Z1TIC,QC@72445393,12508827,HLB-162404ce-570e-11f0-8cdb-0c42a112278c,1000.0,-338.62,0,60245992,,920835973,2026-04-26,12:21:30,销售订单0060245992创建成功开票：0920835973,S,1,成功
ZRTC20260424025,1-7Z1TIC,QC@72445394,12508827,HLB-16240491-570e-11f0-8cdb-0c42a112278c,1000.0,-338.62,0,60245992,,920835973,2026-04-26,12:21:30,销售订单0060245992创建成功开票：0920835973,S,1,成功
ZRTC20260424025,1-7Z1TIC,QC@72445395,12508827,HLB-1624022d-570e-11f0-8cdb-0c42a112278c,1000.0,-338.62,0,60245992,,920835973,2026-04-26,12:21:30,销售订单0060245992创建成功开票：0920835973,S,1,成功
ZRTC20260424025,1-7Z1TIC,QC@72445401,12508827,HLB-162404b9-570e-11f0-8cdb-0c42a112278c,1000.0,-338.62,0,60245992,,920835973,2026-04-26,12:21:30,销售订单0060245992创建成功开票：0920835973,S,1,成功
ZRTC20260424025,1-7Z1TIC,QC@72445402,12508827,HLB-16240340-570e-11f0-8cdb-0c42a112278c,1000.0,-338.62,0,60245992,,920835973,2026-04-26,12:21:30,销售订单0060245992创建成功开票：0920835973,S,1,成功
ZRTC20260424025,1-7Z1TIC,QC@72445404,12508827,HLB-1624028e-570e-11f0-8cdb-0c42a112278c,1000.0,-338.62,0,60245992,,920835973,2026-04-26,12:21:30,销售订单0060245992创建成功开票：0920835973,S,1,成功
ZRTC20260424025,1-7Z1TIC,QC@72445405,12508827,HLB-162404a6-570e-11f0-8cdb-0c42a112278c,1000.0,-338.62,0,60245992,,920835973,2026-04-26,12:21:30,销售订单0060245992创建成功开票：0920835973,S,1,成功
ZRTC20260424025,1-7Z1TIC,QC@72445406,12508827,HLB-160092bf-570e-11f0-8cdb-0c42a112278c,1000.0,-338.62,0,60245992,,920835973,2026-04-26,12:21:30,销售订单0060245992创建成功开票：0920835973,S,1,成功
ZRTC20260424025,1-7Z1TIC,QC@72445407,12508827,HLB-16009310-570e-11f0-8cdb-0c42a112278c,1000.0,-338.62,0,60245992,,920835973,2026-04-26,12:21:30,销售订单0060245992创建成功开票：0920835973,S,1,成功
ZRTC20260424025,1-7Z1TIC,QC@72445409,12508827,HLB-160092fc-570e-11f0-8cdb-0c42a112278c,1000.0,-338.62,0,60245992,,920835973,2026-04-26,12:21:30,销售订单0060245992创建成功开票：0920835973,S,1,成功
ZRTC20260424025,1-7Z1TIC,QC@72445412,12508827,HLB-16240427-570e-11f0-8cdb-0c42a112278c,1000.0,-338.62,0,60245992,,920835973,2026-04-26,12:21:30,销售订单0060245992创建成功开票：0920835973,S,1,成功
ZRTC20260424025,1-7Z1TIC,QC@72445413,12508827,HLB-162404fa-570e-11f0-8cdb-0c42a112278c,1000.0,-338.62,0,60245992,,920835973,2026-04-26,12:21:30,销售订单0060245992创建成功开票：0920835973,S,1,成功
ZRTC20260424025,1-7Z1TIC,QC@72445414,12508827,HLB-162403c1-570e-11f0-8cdb-0c42a112278c,1000.0,-338.62,0,60245992,,920835973,2026-04-26,12:21:30,销售订单0060245992创建成功开票：0920835973,S,1,成功
ZRTC20260424025,1-7Z1TIC,QC@72445416,12508827,HLB-16009298-570e-11f0-8cdb-0c42a112278c,1000.0,-338.62,0,60245992,,920835973,2026-04-26,12:21:30,销售订单0060245992创建成功开票：0920835973,S,1,成功
ZRTC20260424025,1-7Z1TIC,QC@72445419,12508827,HLB-162403fe-570e-11f0-8cdb-0c42a112278c,1000.0,-338.62,0,60245992,,920835973,2026-04-26,12:21:30,销售订单0060245992创建成功开票：0920835973,S,1,成功
ZRTC20260424025,1-7Z1TIC,QC@72445420,12508827,HLB-16240278-570e-11f0-8cdb-0c42a112278c,1000.0,-338.62,0,60245992,,920835973,2026-04-26,12:21:30,销售订单0060245992创建成功开票：0920835973,S,1,成功
ZRTC20260424025,1-7Z1TIC,QC@75331761,12508825,HLB-15dfdb69-570e-11f0-8cdb-0c42a112278c,1000.0,-338.62,0,60245992,,920835973,2026-04-26,12:21:30,销售订单0060245992创建成功开票：0920835973,S,1,成功
ZRTC20260424025,1-7Z1TIC,QC@75331763,12508825,HLB-15dfdbbc-570e-11f0-8cdb-0c42a112278c,1000.0,-338.62,0,60245992,,920835973,2026-04-26,12:21:30,销售订单0060245992创建成功开票：0920835973,S,1,成功
ZRTC20260424025,1-7Z1TIC,QC@75331764,12508825,HLB-15dfdb56-570e-11f0-8cdb-0c42a112278c,1000.0,-338.62,0,60245992,,920835973,2026-04-26,12:21:30,销售订单0060245992创建成功开票：0920835973,S,1,成功
ZRTC20260424025,1-7Z1TIC,QC@75331765,12508825,HLB-15dfdbfc-570e-11f0-8cdb-0c42a112278c,1000.0,-338.62,0,60245992,,920835973,2026-04-26,12:21:30,销售订单0060245992创建成功开票：0920835973,S,1,成功
ZRTC20260424025,1-7Z1TIC,QC@75331766,12508825,HLB-15dfdb90-570e-11f0-8cdb-0c42a112278c,1000.0,-338.62,0,60245992,,920835973,2026-04-26,12:21:30,销售订单0060245992创建成功开票：0920835973,S,1,成功
ZRTC20260424025,1-7Z1TIC,QC@75331767,12508825,HLB-15dfdbe6-570e-11f0-8cdb-0c42a112278c,1000.0,-338.62,0,60245992,,920835973,2026-04-26,12:21:30,销售订单0060245992创建成功开票：0920835973,S,1,成功
ZRTC20260424025,1-7Z1TIC,QC@75331773,12508825,HLB-15dfdba5-570e-11f0-8cdb-0c42a112278c,1000.0,-338.62,0,60245992,,920835973,2026-04-26,12:21:30,销售订单0060245992创建成功开票：0920835973,S,1,成功
ZRTC20260424025,1-7Z1TIC,QC@75331774,12508825,HLB-15dfdb7d-570e-11f0-8cdb-0c42a112278c,1000.0,-338.62,0,60245992,,920835973,2026-04-26,12:21:30,销售订单0060245992创建成功开票：0920835973,S,1,成功
ZRTC20260424025,1-7Z1TIC,QC@75331775,12508825,HLB-15dfdc10-570e-11f0-8cdb-0c42a112278c,1000.0,-338.62,0,60245992,,920835973,2026-04-26,12:21:30,销售订单0060245992创建成功开票：0920835973,S,1,成功
ZRTC20260424025,1-7Z1TIC,QC@75331778,12508825,HLB-15dfdbd1-570e-11f0-8cdb-0c42a112278c,1000.0,-338.62,0,60245992,,920835973,2026-04-26,12:21:30,销售订单0060245992创建成功开票：0920835973,S,1,成功
ZRTC20260424025,1-7Z1TIC,QC@77176597,12508813,HLB-14a8fd91-570e-11f0-8cdb-0c42a112278c,1000.0,-338.62,0,60245992,,920835973,2026-04-26,12:21:30,销售订单0060245992创建成功开票：0920835973,S,1,成功
ZRTC20260424025,1-7Z1TIC,QC@77176598,12508813,HLB-14a8fe5a-570e-11f0-8cdb-0c42a112278c,1000.0,-338.62,0,60245992,,920835973,2026-04-26,12:21:30,销售订单0060245992创建成功开票：0920835973,S,1,成功
ZRTC20260424025,1-7Z1TIC,QC@77176604,12508813,HLB-14a8fe31-570e-11f0-8cdb-0c42a112278c,1000.0,-338.62,0,60245992,,920835973,2026-04-26,12:21:30,销售订单0060245992创建成功开票：0920835973,S,1,成功
ZRTC20260424025,1-7Z1TIC,QC@77176606,12508813,HLB-14a8fe1c-570e-11f0-8cdb-0c42a112278c,1000.0,-338.62,0,60245992,,920835973,2026-04-26,12:21:30,销售订单0060245992创建成功开票：0920835973,S,1,成功
ZRTC20260424025,1-7Z1TIC,QC@77176609,12508813,HLB-14a8fe72-570e-11f0-8cdb-0c42a112278c,1000.0,-338.62,0,60245992,,920835973,2026-04-26,12:21:30,销售订单0060245992创建成功开票：0920835973,S,1,成功
ZRTC20260424025,1-7Z1TIC,QC@77176610,12508813,HLB-14a8fe46-570e-11f0-8cdb-0c42a112278c,1000.0,-338.62,0,60245992,,920835973,2026-04-26,12:21:30,销售订单0060245992创建成功开票：0920835973,S,1,成功
ZRTC20260424025,1-7Z1TIC,QC@77176611,12508813,HLB-14a8fdc3-570e-11f0-8cdb-0c42a112278c,1000.0,-338.62,0,60245992,,920835973,2026-04-26,12:21:30,销售订单0060245992创建成功开票：0920835973,S,1,成功
ZRTC20260424025,1-7Z1TIC,QC@77176612,12508813,HLB-14a8fe05-570e-11f0-8cdb-0c42a112278c,1000.0,-338.62,0,60245992,,920835973,2026-04-26,12:21:30,销售订单0060245992创建成功开票：0920835973,S,1,成功
ZRTC20260424025,1-7Z1TIC,QC@77176613,12508813,HLB-14a8fdda-570e-11f0-8cdb-0c42a112278c,1000.0,-338.62,0,60245992,,920835973,2026-04-26,12:21:30,销售订单0060245992创建成功开票：0920835973,S,1,成功
ZRTC20260424025,1-7Z1TIC,QC@77176614,12508813,HLB-14a8fdf0-570e-11f0-8cdb-0c42a112278c,1000.0,-338.62,0,60245992,,920835973,2026-04-26,12:21:30,销售订单0060245992创建成功开票：0920835973,S,1,成功
ZRTC20260424025,1-7Z1TIC,QC@77921952,12508826,HLB-16008f59-570e-11f0-8cdb-0c42a112278c,1000.0,-338.62,0,60245992,,920835973,2026-04-26,12:21:30,销售订单0060245992创建成功开票：0920835973,S,1,成功
ZRTC20260424025,1-7Z1TIC,QC@77921953,12508826,HLB-16009099-570e-11f0-8cdb-0c42a112278c,1000.0,-338.62,0,60245992,,920835973,2026-04-26,12:21:30,销售订单0060245992创建成功开票：0920835973,S,1,成功
ZRTC20260424025,1-7Z1TIC,QC@77921954,12508826,HLB-16008eda-570e-11f0-8cdb-0c42a112278c,1000.0,-338.62,0,60245992,,920835973,2026-04-26,12:21:30,销售订单0060245992创建成功开票：0920835973,S,1,成功
ZRTC20260424025,1-7Z1TIC,QC@77921955,12508826,HLB-160090b1-570e-11f0-8cdb-0c42a112278c,1000.0,-338.62,0,60245992,,920835973,2026-04-26,12:21:30,销售订单0060245992创建成功开票：0920835973,S,1,成功
ZRTC20260424025,1-7Z1TIC,QC@77921956,12508826,HLB-160090db-570e-11f0-8cdb-0c42a112278c,1000.0,-338.62,0,60245992,,920835973,2026-04-26,12:21:30,销售订单0060245992创建成功开票：0920835973,S,1,成功
ZRTC20260424025,1-7Z1TIC,QC@77921957,12508826,HLB-160090c7-570e-11f0-8cdb-0c42a112278c,1000.0,-338.62,0,60245992,,920835973,2026-04-26,12:21:30,销售订单0060245992创建成功开票：0920835973,S,1,成功
ZRTC20260424025,1-7Z1TIC,QC@77921959,12508826,HLB-16008f79-570e-11f0-8cdb-0c42a112278c,1000.0,-338.62,0,60245992,,920835973,2026-04-26,12:21:30,销售订单0060245992创建成功开票：0920835973,S,1,成功
ZRTC20260424025,1-7Z1TIC,QC@77921960,12508826,HLB-160090f1-570e-11f0-8cdb-0c42a112278c,1000.0,-338.62,0,60245992,,920835973,2026-04-26,12:21:30,销售订单0060245992创建成功开票：0920835973,S,1,成功
ZRTC20260424025,1-7Z1TIC,QC@77921968,12508826,HLB-16009042-570e-11f0-8cdb-0c42a112278c,1000.0,-338.62,0,60245992,,920835973,2026-04-26,12:21:30,销售订单0060245992创建成功开票：0920835973,S,1,成功
ZRTC20260424025,1-7Z1TIC,QC@77921969,12508826,HLB-16009055-570e-11f0-8cdb-0c42a112278c,1000.0,-338.62,0,60245992,,920835973,2026-04-26,12:21:30,销售订单0060245992创建成功开票：0920835973,S,1,成功
ZRTC20260424025,1-7Z1TIC,QC@77921971,12508826,HLB-16008ff5-570e-11f0-8cdb-0c42a112278c,1000.0,-338.62,0,60245992,,920835973,2026-04-26,12:21:30,销售订单0060245992创建成功开票：0920835973,S,1,成功
ZRTC20260424025,1-7Z1TIC,QC@77921974,12508826,HLB-16008f93-570e-11f0-8cdb-0c42a112278c,1000.0,-338.62,0,60245992,,920835973,2026-04-26,12:21:30,销售订单0060245992创建成功开票：0920835973,S,1,成功
ZRTC20260424025,1-7Z1TIC,QC@77921976,12508826,HLB-16008faf-570e-11f0-8cdb-0c42a112278c,1000.0,-338.62,0,60245992,,920835973,2026-04-26,12:21:30,销售订单0060245992创建成功开票：0920835973,S,1,成功
ZRTC20260424025,1-7Z1TIC,QC@77921977,12508826,HLB-16008fdf-570e-11f0-8cdb-0c42a112278c,1000.0,-338.62,0,60245992,,920835973,2026-04-26,12:21:30,销售订单0060245992创建成功开票：0920835973,S,1,成功
ZRTC20260424025,1-7Z1TIC,QC@77921978,12508826,HLB-16008fc7-570e-11f0-8cdb-0c42a112278c,1000.0,-338.62,0,60245992,,920835973,2026-04-26,12:21:30,销售订单0060245992创建成功开票：0920835973,S,1,成功
ZRTC20260424025,1-7Z1TIC,QC@77921979,12508826,HLB-16009029-570e-11f0-8cdb-0c42a112278c,1000.0,-338.62,0,60245992,,920835973,2026-04-26,12:21:30,销售订单0060245992创建成功开票：0920835973,S,1,成功
ZRTC20260424025,1-7Z1TIC,QC@77921980,12508826,HLB-1600906c-570e-11f0-8cdb-0c42a112278c,1000.0,-338.62,0,60245992,,920835973,2026-04-26,12:21:30,销售订单0060245992创建成功开票：0920835973,S,1,成功
ZRTC20260424025,1-7Z1TIC,QC@77921981,12508826,HLB-1600900f-570e-11f0-8cdb-0c42a112278c,1000.0,-338.62,0,60245992,,920835973,2026-04-26,12:21:30,销售订单0060245992创建成功开票：0920835973,S,1,成功
ZRTC20260424025,1-7Z1TIC,QC@77921982,12508826,HLB-16009082-570e-11f0-8cdb-0c42a112278c,1000.0,-338.62,0,60245992,,920835973,2026-04-26,12:21:30,销售订单0060245992创建成功开票：0920835973,S,1,成功
ZRTC20260424025,1-7Z1TIC,QC@77921989,12508826,HLB-16008f3f-570e-11f0-8cdb-0c42a112278c,1000.0,-338.62,0,60245992,,920835973,2026-04-26,12:21:30,销售订单0060245992创建成功开票：0920835973,S,1,成功
ZRTC20260424025,1-7Z1TIC,QC@79487328,12512474,HLB-06c38b3e-57bf-11f0-8cdb-0c42a112278c,1000.0,-338.62,0,60245992,,920835973,2026-04-26,12:21:30,销售订单0060245992创建成功开票：0920835973,S,1,成功
ZRTC20260424025,1-7Z1TIC,QC@79487329,12512474,HLB-06a08abb-57bf-11f0-8cdb-0c42a112278c,1000.0,-338.62,0,60245992,,920835973,2026-04-26,12:21:30,销售订单0060245992创建成功开票：0920835973,S,1,成功
ZRTC20260424025,1-7Z1TIC,QC@79487330,12512474,HLB-06a089b7-57bf-11f0-8cdb-0c42a112278c,1000.0,-338.62,0,60245992,,920835973,2026-04-26,12:21:30,销售订单0060245992创建成功开票：0920835973,S,1,成功
ZRTC20260424025,1-7Z1TIC,QC@79487332,12512474,HLB-06a08b0f-57bf-11f0-8cdb-0c42a112278c,1000.0,-338.62,0,60245992,,920835973,2026-04-26,12:21:30,销售订单0060245992创建成功开票：0920835973,S,1,成功
ZRTC20260424025,1-7Z1TIC,QC@79487333,12512474,HLB-06c38ba5-57bf-11f0-8cdb-0c42a112278c,1000.0,-338.62,0,60245992,,920835973,2026-04-26,12:21:30,销售订单0060245992创建成功开票：0920835973,S,1,成功
ZRTC20260424025,1-7Z1TIC,QC@79487334,12512474,HLB-06c38bbc-57bf-11f0-8cdb-0c42a112278c,1000.0,-338.62,0,60245992,,920835973,2026-04-26,12:21:30,销售订单0060245992创建成功开票：0920835973,S,1,成功
ZRTC20260424025,1-7Z1TIC,QC@79487339,12512474,HLB-06a08b38-57bf-11f0-8cdb-0c42a112278c,1000.0,-338.62,0,60245992,,920835973,2026-04-26,12:21:30,销售订单0060245992创建成功开票：0920835973,S,1,成功
ZRTC20260424025,1-7Z1TIC,QC@79487340,12512474,HLB-06a08a10-57bf-11f0-8cdb-0c42a112278c,1000.0,-338.62,0,60245992,,920835973,2026-04-26,12:21:30,销售订单0060245992创建成功开票：0920835973,S,1,成功
ZRTC20260424025,1-7Z1TIC,QC@79487341,12512474,HLB-06c389e7-57bf-11f0-8cdb-0c42a112278c,1000.0,-338.62,0,60245992,,920835973,2026-04-26,12:21:30,销售订单0060245992创建成功开票：0920835973,S,1,成功
ZRTC20260424025,1-7Z1TIC,QC@79487342,12512474,HLB-06a08a27-57bf-11f0-8cdb-0c42a112278c,1000.0,-338.62,0,60245992,,920835973,2026-04-26,12:21:30,销售订单0060245992创建成功开票：0920835973,S,1,成功
ZRTC20260424025,1-7Z1TIC,QC@79487343,12512474,HLB-06a08b75-57bf-11f0-8cdb-0c42a112278c,1000.0,-338.62,0,60245992,,920835973,2026-04-26,12:21:30,销售订单0060245992创建成功开票：0920835973,S,1,成功
ZRTC20260424025,1-7Z1TIC,QC@79487348,12512474,HLB-06a08ad1-57bf-11f0-8cdb-0c42a112278c,1000.0,-338.62,0,60245992,,920835973,2026-04-26,12:21:30,销售订单0060245992创建成功开票：0920835973,S,1,成功
ZRTC20260424025,1-7Z1TIC,QC@79487349,12512474,HLB-06a08bdb-57bf-11f0-8cdb-0c42a112278c,1000.0,-338.62,0,60245992,,920835973,2026-04-26,12:21:30,销售订单0060245992创建成功开票：0920835973,S,1,成功
ZRTC20260424025,1-7Z1TIC,QC@79487350,12512474,HLB-06c38a8d-57bf-11f0-8cdb-0c42a112278c,1000.0,-338.62,0,60245992,,920835973,2026-04-26,12:21:30,销售订单0060245992创建成功开票：0920835973,S,1,成功
ZRTC20260424025,1-7Z1TIC,QC@79487351,12512474,HLB-06c38b90-57bf-11f0-8cdb-0c42a112278c,1000.0,-338.62,0,60245992,,920835973,2026-04-26,12:21:30,销售订单0060245992创建成功开票：0920835973,S,1,成功
ZRTC20260424025,1-7Z1TIC,QC@79487352,12512474,HLB-06c38ad5-57bf-11f0-8cdb-0c42a112278c,1000.0,-338.62,0,60245992,,920835973,2026-04-26,12:21:30,销售订单0060245992创建成功开票：0920835973,S,1,成功
ZRTC20260424025,1-7Z1TIC,QC@79487356,12512474,HLB-06a08b4c-57bf-11f0-8cdb-0c42a112278c,1000.0,-338.62,0,60245992,,920835973,2026-04-26,12:21:30,销售订单0060245992创建成功开票：0920835973,S,1,成功
ZRTC20260424025,1-7Z1TIC,QC@79487357,12512474,HLB-06a08a69-57bf-11f0-8cdb-0c42a112278c,1000.0,-338.62,0,60245992,,920835973,2026-04-26,12:21:30,销售订单0060245992创建成功开票：0920835973,S,1,成功
ZRTC20260424025,1-7Z1TIC,QC@79487358,12512474,HLB-06c38b7c-57bf-11f0-8cdb-0c42a112278c,1000.0,-338.62,0,60245992,,920835973,2026-04-26,12:21:30,销售订单0060245992创建成功开票：0920835973,S,1,成功
ZRTC20260424025,1-7Z1TIC,QC@79487361,12512474,HLB-06a08afb-57bf-11f0-8cdb-0c42a112278c,1000.0,-338.62,0,60245992,,920835973,2026-04-26,12:21:30,销售订单0060245992创建成功开票：0920835973,S,1,成功
ZRTC20260424025,1-7Z1TIC,QC@79487363,12512474,HLB-06c38aea-57bf-11f0-8cdb-0c42a112278c,1000.0,-338.62,0,60245992,,920835973,2026-04-26,12:21:30,销售订单0060245992创建成功开票：0920835973,S,1,成功
ZRTC20260424025,1-7Z1TIC,QC@79487365,12512474,HLB-06a08a7e-57bf-11f0-8cdb-0c42a112278c,1000.0,-338.62,0,60245992,,920835973,2026-04-26,12:21:30,销售订单0060245992创建成功开票：0920835973,S,1,成功
ZRTC20260424025,1-7Z1TIC,QC@79487367,12512474,HLB-06c38aa6-57bf-11f0-8cdb-0c42a112278c,1000.0,-338.62,0,60245992,,920835973,2026-04-26,12:21:30,销售订单0060245992创建成功开票：0920835973,S,1,成功
ZRTC20260424025,1-7Z1TIC,QC@79487370,12512474,HLB-06a089ce-57bf-11f0-8cdb-0c42a112278c,1000.0,-338.62,0,60245992,,920835973,2026-04-26,12:21:30,销售订单0060245992创建成功开票：0920835973,S,1,成功
ZRTC20260424025,1-7Z1TIC,QC@79487372,12512474,HLB-06a089fa-57bf-11f0-8cdb-0c42a112278c,1000.0,-338.62,0,60245992,,920835973,2026-04-26,12:21:30,销售订单0060245992创建成功开票：0920835973,S,1,成功
ZRTC20260424025,1-7Z1TIC,QC@79487373,12512474,HLB-06c38b14-57bf-11f0-8cdb-0c42a112278c,1000.0,-338.62,0,60245992,,920835973,2026-04-26,12:21:30,销售订单0060245992创建成功开票：0920835973,S,1,成功
ZRTC20260424025,1-7Z1TIC,QC@79487376,12512474,HLB-06c38a72-57bf-11f0-8cdb-0c42a112278c,1000.0,-338.62,0,60245992,,920835973,2026-04-26,12:21:30,销售订单0060245992创建成功开票：0920835973,S,1,成功
ZRTC20260424025,1-7Z1TIC,QC@79487378,12512474,HLB-06c38b54-57bf-11f0-8cdb-0c42a112278c,1000.0,-338.62,0,60245992,,920835973,2026-04-26,12:21:30,销售订单0060245992创建成功开票：0920835973,S,1,成功
ZRTC20260424025,1-7Z1TIC,QC@79487379,12512474,HLB-06a08a55-57bf-11f0-8cdb-0c42a112278c,1000.0,-338.62,0,60245992,,920835973,2026-04-26,12:21:30,销售订单0060245992创建成功开票：0920835973,S,1,成功
ZRTC20260424025,1-7Z1TIC,QC@79487387,12512474,HLB-06c38abe-57bf-11f0-8cdb-0c42a112278c,1000.0,-338.62,0,60245992,,920835973,2026-04-26,12:21:30,销售订单0060245992创建成功开票：0920835973,S,1,成功
ZRTC20260424025,1-7Z1TIC,QC@79487388,12512474,HLB-06c38b69-57bf-11f0-8cdb-0c42a112278c,1000.0,-338.62,0,60245992,,920835973,2026-04-26,12:21:30,销售订单0060245992创建成功开票：0920835973,S,1,成功
ZRTC20260424025,1-7Z1TIC,QC@79487391,12512474,HLB-06a0899e-57bf-11f0-8cdb-0c42a112278c,1000.0,-338.62,0,60245992,,920835973,2026-04-26,12:21:30,销售订单0060245992创建成功开票：0920835973,S,1,成功
ZRTC20260424025,1-7Z1TIC,QC@79487393,12512474,HLB-06c38aff-57bf-11f0-8cdb-0c42a112278c,1000.0,-338.62,0,60245992,,920835973,2026-04-26,12:21:30,销售订单0060245992创建成功开票：0920835973,S,1,成功
ZRTC20260424025,1-7Z1TIC,QC@79487395,12512474,HLB-06a08a40-57bf-11f0-8cdb-0c42a112278c,1000.0,-338.62,0,60245992,,920835973,2026-04-26,12:21:30,销售订单0060245992创建成功开票：0920835973,S,1,成功
ZRTC20260424025,1-7Z1TIC,QC@79487398,12512474,HLB-06a08b23-57bf-11f0-8cdb-0c42a112278c,1000.0,-338.62,0,60245992,,920835973,2026-04-26,12:21:30,销售订单0060245992创建成功开票：0920835973,S,1,成功
ZRTC20260424025,1-7Z1TIC,QC@79487401,12512474,HLB-06a08b61-57bf-11f0-8cdb-0c42a112278c,1000.0,-338.62,0,60245992,,920835973,2026-04-26,12:21:30,销售订单0060245992创建成功开票：0920835973,S,1,成功
ZRTC20260424025,1-7Z1TIC,QC@79487404,12512474,HLB-06a089e4-57bf-11f0-8cdb-0c42a112278c,1000.0,-338.62,0,60245992,,920835973,2026-04-26,12:21:30,销售订单0060245992创建成功开票：0920835973,S,1,成功
ZRTC20260424025,1-7Z1TIC,QC@79487405,12512474,HLB-06a08986-57bf-11f0-8cdb-0c42a112278c,1000.0,-338.62,0,60245992,,920835973,2026-04-26,12:21:30,销售订单0060245992创建成功开票：0920835973,S,1,成功
ZRTC20260424025,1-7Z1TIC,QC@79487407,12512474,HLB-06c38a5d-57bf-11f0-8cdb-0c42a112278c,1000.0,-338.62,0,60245992,,920835973,2026-04-26,12:21:30,销售订单0060245992创建成功开票：0920835973,S,1,成功
ZRTC20260424025,1-7Z1TIC,QC@79487408,12512474,HLB-06c38b29-57bf-11f0-8cdb-0c42a112278c,1000.0,-338.62,0,60245992,,920835973,2026-04-26,12:21:30,销售订单0060245992创建成功开票：0920835973,S,1,成功
ZRTC20260424025,1-7Z1TIC,QC@79487411,12512474,HLB-06a08b8a-57bf-11f0-8cdb-0c42a112278c,1000.0,-338.62,0,60245992,,920835973,2026-04-26,12:21:30,销售订单0060245992创建成功开票：0920835973,S,1,成功
ZRTC20260424025,1-7Z1TIC,QC@79487413,12512474,HLB-06a08a92-57bf-11f0-8cdb-0c42a112278c,1000.0,-338.62,0,60245992,,920835973,2026-04-26,12:21:30,销售订单0060245992创建成功开票：0920835973,S,1,成功
ZRTC20260424025,1-7Z1TIC,QC@79487414,12512474,HLB-06a08aa5-57bf-11f0-8cdb-0c42a112278c,1000.0,-338.62,0,60245992,,920835973,2026-04-26,12:21:30,销售订单0060245992创建成功开票：0920835973,S,1,成功
ZRTC20260424025,1-7Z1TIC,QC@79487415,12512474,HLB-06c38bd0-57bf-11f0-8cdb-0c42a112278c,1000.0,-338.62,0,60245992,,920835973,2026-04-26,12:21:30,销售订单0060245992创建成功开票：0920835973,S,1,成功
ZRTC20260424025,1-7Z1TIC,QC@79487416,12512474,HLB-06a08ae5-57bf-11f0-8cdb-0c42a112278c,1000.0,-338.62,0,60245992,,920835973,2026-04-26,12:21:30,销售订单0060245992创建成功开票：0920835973,S,1,成功
ZRTC20260424025,1-7Z1TIC,QC@79487419,12512474,HLB-06c38a43-57bf-11f0-8cdb-0c42a112278c,1000.0,-338.62,0,60245992,,920835973,2026-04-26,12:21:30,销售订单0060245992创建成功开票：0920835973,S,1,成功
ZRTC20260424025,1-7Z1TIC,QC@79487422,12512474,HLB-06a08bef-57bf-11f0-8cdb-0c42a112278c,1000.0,-338.62,0,60245992,,920835973,2026-04-26,12:21:30,销售订单0060245992创建成功开票：0920835973,S,1,成功
ZRTC20260424025,1-7Z1TIC,QC@79487424,12512474,HLB-06a08bc7-57bf-11f0-8cdb-0c42a112278c,1000.0,-338.62,0,60245992,,920835973,2026-04-26,12:21:30,销售订单0060245992创建成功开票：0920835973,S,1,成功
ZRTC20260424025,1-7Z1TIC,QC@79487426,12512474,HLB-06a08b9f-57bf-11f0-8cdb-0c42a112278c,1000.0,-338.62,0,60245992,,920835973,2026-04-26,12:21:30,销售订单0060245992创建成功开票：0920835973,S,1,成功
ZRTC20260424025,1-7Z1TIC,QC@79487427,12512474,HLB-06a08bb3-57bf-11f0-8cdb-0c42a112278c,1000.0,-339.79,0,60245992,,920835973,2026-04-26,12:21:30,销售订单0060245992创建成功开票：0920835973,S,1,成功
ZRTC20260424025,1-7Z1TID,QC@70736457,12511201,HLB-fe1a2d10-57ab-11f0-8cdb-0c42a112278c,1000.0,-470.86,0,60245992,,920835973,2026-04-26,12:21:30,销售订单0060245992创建成功开票：0920835973,S,1,成功
ZRTC20260424025,1-7Z1TID,QC@72156290,12372853,HLB-3108ff5e-4f02-11f0-8cdb-0c42a112278c,1000.0,-470.87,0,60245992,,920835973,2026-04-26,12:21:30,销售订单0060245992创建成功开票：0920835973,S,1,成功
ZRTC20260424025,1-7Z1TIE,QC@68195754,12506577,HLB-ab4d0bc9-56e9-11f0-8cdb-0c42a112278c,1000.0,-477.32,0,60245992,,920835973,2026-04-26,12:21:30,销售订单0060245992创建成功开票：0920835973,S,1,成功
ZRTC20260424025,1-7Z1TIE,QC@68195755,12506577,HLB-ab4d0b64-56e9-11f0-8cdb-0c42a112278c,1000.0,-477.32,0,60245992,,920835973,2026-04-26,12:21:30,销售订单0060245992创建成功开票：0920835973,S,1,成功
ZRTC20260424025,1-7Z1TIE,QC@68195756,12506577,HLB-ab4d0bf2-56e9-11f0-8cdb-0c42a112278c,1000.0,-477.32,0,60245992,,920835973,2026-04-26,12:21:30,销售订单0060245992创建成功开票：0920835973,S,1,成功
ZRTC20260424025,1-7Z1TIE,QC@68195759,12506577,HLB-ab4d0bb5-56e9-11f0-8cdb-0c42a112278c,1000.0,-477.32,0,60245992,,920835973,2026-04-26,12:21:30,销售订单0060245992创建成功开票：0920835973,S,1,成功
ZRTC20260424025,1-7Z1TIE,QC@68195761,12506577,HLB-ab4d0b9a-56e9-11f0-8cdb-0c42a112278c,1000.0,-477.32,0,60245992,,920835973,2026-04-26,12:21:30,销售订单0060245992创建成功开票：0920835973,S,1,成功
ZRTC20260424025,1-7Z1TIE,QC@68195762,12506577,HLB-ab4d0c05-56e9-11f0-8cdb-0c42a112278c,1000.0,-477.32,0,60245992,,920835973,2026-04-26,12:21:30,销售订单0060245992创建成功开票：0920835973,S,1,成功
ZRTC20260424025,1-7Z1TIE,QC@68195768,12506577,HLB-ab4d0b7c-56e9-11f0-8cdb-0c42a112278c,1000.0,-477.32,0,60245992,,920835973,2026-04-26,12:21:30,销售订单0060245992创建成功开票：0920835973,S,1,成功
ZRTC20260424025,1-7Z1TIE,QC@68195771,12506577,HLB-ab4d0c1a-56e9-11f0-8cdb-0c42a112278c,1000.0,-477.32,0,60245992,,920835973,2026-04-26,12:21:30,销售订单0060245992创建成功开票：0920835973,S,1,成功
ZRTC20260424025,1-7Z1TIE,QC@68195773,12506577,HLB-ab4d0bdf-56e9-11f0-8cdb-0c42a112278c,1000.0,-477.32,0,60245992,,920835973,2026-04-26,12:21:30,销售订单0060245992创建成功开票：0920835973,S,1,成功
ZRTC20260424025,1-7Z1TIE,QC@70199788,12377686,HLB-ecc7bda6-4f2f-11f0-8cdb-0c42a112278c,1000.0,-477.32,0,60245992,,920835973,2026-04-26,12:21:30,销售订单0060245992创建成功开票：0920835973,S,1,成功
ZRTC20260424025,1-7Z1TIE,QC@70199789,12377686,HLB-ecc7bdea-4f2f-11f0-8cdb-0c42a112278c,1000.0,-477.32,0,60245992,,920835973,2026-04-26,12:21:30,销售订单0060245992创建成功开票：0920835973,S,1,成功
ZRTC20260424025,1-7Z1TIE,QC@70199790,12377686,HLB-ecc7bd07-4f2f-11f0-8cdb-0c42a112278c,1000.0,-477.32,0,60245992,,920835973,2026-04-26,12:21:30,销售订单0060245992创建成功开票：0920835973,S,1,成功
ZRTC20260424025,1-7Z1TIE,QC@70199791,12377686,HLB-ecc7bc7e-4f2f-11f0-8cdb-0c42a112278c,1000.0,-477.32,0,60245992,,920835973,2026-04-26,12:21:30,销售订单0060245992创建成功开票：0920835973,S,1,成功
ZRTC20260424025,1-7Z1TIE,QC@70199792,12377686,HLB-ecc7bc33-4f2f-11f0-8cdb-0c42a112278c,1000.0,-477.32,0,60245992,,920835973,2026-04-26,12:21:30,销售订单0060245992创建成功开票：0920835973,S,1,成功
ZRTC20260424025,1-7Z1TIE,QC@70199793,12377686,HLB-ecc7bbdf-4f2f-11f0-8cdb-0c42a112278c,1000.0,-477.32,0,60245992,,920835973,2026-04-26,12:21:30,销售订单0060245992创建成功开票：0920835973,S,1,成功
ZRTC20260424025,1-7Z1TIE,QC@70199794,12377686,HLB-ecc7bcb4-4f2f-11f0-8cdb-0c42a112278c,1000.0,-477.32,0,60245992,,920835973,2026-04-26,12:21:30,销售订单0060245992创建成功开票：0920835973,S,1,成功
ZRTC20260424025,1-7Z1TIE,QC@70199795,12377686,HLB-ecc7bd4a-4f2f-11f0-8cdb-0c42a112278c,1000.0,-477.32,0,60245992,,920835973,2026-04-26,12:21:30,销售订单0060245992创建成功开票：0920835973,S,1,成功
ZRTC20260424025,1-7Z1TIE,QC@70199796,12377686,HLB-ecc7bd8e-4f2f-11f0-8cdb-0c42a112278c,1000.0,-477.32,0,60245992,,920835973,2026-04-26,12:21:30,销售订单0060245992创建成功开票：0920835973,S,1,成功
ZRTC20260424025,1-7Z1TIE,QC@70199797,12377686,HLB-ecc7bd1d-4f2f-11f0-8cdb-0c42a112278c,1000.0,-477.32,0,60245992,,920835973,2026-04-26,12:21:30,销售订单0060245992创建成功开票：0920835973,S,1,成功
ZRTC20260424025,1-7Z1TIE,QC@70199798,12377686,HLB-ecc7bc63-4f2f-11f0-8cdb-0c42a112278c,1000.0,-477.32,0,60245992,,920835973,2026-04-26,12:21:30,销售订单0060245992创建成功开票：0920835973,S,1,成功
ZRTC20260424025,1-7Z1TIE,QC@70199799,12377686,HLB-ecc7bcf2-4f2f-11f0-8cdb-0c42a112278c,1000.0,-477.32,0,60245992,,920835973,2026-04-26,12:21:30,销售订单0060245992创建成功开票：0920835973,S,1,成功
ZRTC20260424025,1-7Z1TIE,QC@70199800,12377686,HLB-ecc7bc99-4f2f-11f0-8cdb-0c42a112278c,1000.0,-477.32,0,60245992,,920835973,2026-04-26,12:21:30,销售订单0060245992创建成功开票：0920835973,S,1,成功
ZRTC20260424025,1-7Z1TIE,QC@70199801,12377686,HLB-ecc7bdd2-4f2f-11f0-8cdb-0c42a112278c,1000.0,-477.32,0,60245992,,920835973,2026-04-26,12:21:30,销售订单0060245992创建成功开票：0920835973,S,1,成功
ZRTC20260424025,1-7Z1TIE,QC@70199802,12377686,HLB-ecc7bd60-4f2f-11f0-8cdb-0c42a112278c,1000.0,-477.32,0,60245992,,920835973,2026-04-26,12:21:30,销售订单0060245992创建成功开票：0920835973,S,1,成功
ZRTC20260424025,1-7Z1TIE,QC@70199803,12377686,HLB-ecc7bdbd-4f2f-11f0-8cdb-0c42a112278c,1000.0,-477.32,0,60245992,,920835973,2026-04-26,12:21:30,销售订单0060245992创建成功开票：0920835973,S,1,成功
ZRTC20260424025,1-7Z1TIE,QC@70199804,12377686,HLB-ecc7bc4c-4f2f-11f0-8cdb-0c42a112278c,1000.0,-477.32,0,60245992,,920835973,2026-04-26,12:21:30,销售订单0060245992创建成功开票：0920835973,S,1,成功
ZRTC20260424025,1-7Z1TIE,QC@70199805,12377686,HLB-ecc7bd79-4f2f-11f0-8cdb-0c42a112278c,1000.0,-477.32,0,60245992,,920835973,2026-04-26,12:21:30,销售订单0060245992创建成功开票：0920835973,S,1,成功
ZRTC20260424025,1-7Z1TIE,QC@70199806,12377686,HLB-ecc7bd34-4f2f-11f0-8cdb-0c42a112278c,1000.0,-477.32,0,60245992,,920835973,2026-04-26,12:21:30,销售订单0060245992创建成功开票：0920835973,S,1,成功
ZRTC20260424025,1-7Z1TIE,QC@70235501,12508820,HLB-15137017-570e-11f0-8cdb-0c42a112278c,1000.0,-477.32,0,60245992,,920835973,2026-04-26,12:21:30,销售订单0060245992创建成功开票：0920835973,S,1,成功
ZRTC20260424025,1-7Z1TIE,QC@70235504,12508820,HLB-15137004-570e-11f0-8cdb-0c42a112278c,1000.0,-477.32,0,60245992,,920835973,2026-04-26,12:21:30,销售订单0060245992创建成功开票：0920835973,S,1,成功
ZRTC20260424025,1-7Z1TIE,QC@70235505,12508820,HLB-15136fef-570e-11f0-8cdb-0c42a112278c,1000.0,-477.32,0,60245992,,920835973,2026-04-26,12:21:30,销售订单0060245992创建成功开票：0920835973,S,1,成功
ZRTC20260424025,1-7Z1TIE,QC@70235507,12508820,HLB-15137084-570e-11f0-8cdb-0c42a112278c,1000.0,-477.32,0,60245992,,920835973,2026-04-26,12:21:30,销售订单0060245992创建成功开票：0920835973,S,1,成功
ZRTC20260424025,1-7Z1TIE,QC@70235509,12508820,HLB-151370a9-570e-11f0-8cdb-0c42a112278c,1000.0,-477.32,0,60245992,,920835973,2026-04-26,12:21:30,销售订单0060245992创建成功开票：0920835973,S,1,成功
ZRTC20260424025,1-7Z1TIE,QC@70235510,12508820,HLB-15137031-570e-11f0-8cdb-0c42a112278c,1000.0,-477.32,0,60245992,,920835973,2026-04-26,12:21:30,销售订单0060245992创建成功开票：0920835973,S,1,成功
ZRTC20260424025,1-7Z1TIE,QC@70235511,12508820,HLB-1513705a-570e-11f0-8cdb-0c42a112278c,1000.0,-477.32,0,60245992,,920835973,2026-04-26,12:21:30,销售订单0060245992创建成功开票：0920835973,S,1,成功
ZRTC20260424025,1-7Z1TIE,QC@70235512,12508820,HLB-15137045-570e-11f0-8cdb-0c42a112278c,1000.0,-477.32,0,60245992,,920835973,2026-04-26,12:21:30,销售订单0060245992创建成功开票：0920835973,S,1,成功
ZRTC20260424025,1-7Z1TIE,QC@70235515,12508820,HLB-15137096-570e-11f0-8cdb-0c42a112278c,1000.0,-477.32,0,60245992,,920835973,2026-04-26,12:21:30,销售订单0060245992创建成功开票：0920835973,S,1,成功
ZRTC20260424025,1-7Z1TIE,QC@70235518,12508820,HLB-15137070-570e-11f0-8cdb-0c42a112278c,1000.0,-477.32,0,60245992,,920835973,2026-04-26,12:21:30,销售订单0060245992创建成功开票：0920835973,S,1,成功
ZRTC20260424025,1-7Z1TIE,QC@70752621,12377684,HLB-eca59fe2-4f2f-11f0-8cdb-0c42a112278c,1000.0,-477.32,0,60245992,,920835973,2026-04-26,12:21:30,销售订单0060245992创建成功开票：0920835973,S,1,成功
ZRTC20260424025,1-7Z1TIE,QC@70752622,12377684,HLB-eca5a00b-4f2f-11f0-8cdb-0c42a112278c,1000.0,-477.32,0,60245992,,920835973,2026-04-26,12:21:30,销售订单0060245992创建成功开票：0920835973,S,1,成功
ZRTC20260424025,1-7Z1TIE,QC@70752623,12377684,HLB-eca5a032-4f2f-11f0-8cdb-0c42a112278c,1000.0,-477.32,0,60245992,,920835973,2026-04-26,12:21:30,销售订单0060245992创建成功开票：0920835973,S,1,成功
ZRTC20260424025,1-7Z1TIE,QC@70752624,12377684,HLB-eca5a06c-4f2f-11f0-8cdb-0c42a112278c,1000.0,-477.32,0,60245992,,920835973,2026-04-26,12:21:30,销售订单0060245992创建成功开票：0920835973,S,1,成功
ZRTC20260424025,1-7Z1TIE,QC@70752625,12377684,HLB-eca5a058-4f2f-11f0-8cdb-0c42a112278c,1000.0,-477.32,0,60245992,,920835973,2026-04-26,12:21:30,销售订单0060245992创建成功开票：0920835973,S,1,成功
ZRTC20260424025,1-7Z1TIE,QC@70752626,12377684,HLB-eca5a01e-4f2f-11f0-8cdb-0c42a112278c,1000.0,-477.32,0,60245992,,920835973,2026-04-26,12:21:30,销售订单0060245992创建成功开票：0920835973,S,1,成功
ZRTC20260424025,1-7Z1TIE,QC@70752627,12377684,HLB-eca5a07f-4f2f-11f0-8cdb-0c42a112278c,1000.0,-477.32,0,60245992,,920835973,2026-04-26,12:21:30,销售订单0060245992创建成功开票：0920835973,S,1,成功
ZRTC20260424025,1-7Z1TIE,QC@70752628,12377684,HLB-eca59ff6-4f2f-11f0-8cdb-0c42a112278c,1000.0,-477.32,0,60245992,,920835973,2026-04-26,12:21:30,销售订单0060245992创建成功开票：0920835973,S,1,成功
ZRTC20260424025,1-7Z1TIE,QC@70752629,12377684,HLB-eca59fcf-4f2f-11f0-8cdb-0c42a112278c,1000.0,-477.32,0,60245992,,920835973,2026-04-26,12:21:30,销售订单0060245992创建成功开票：0920835973,S,1,成功
ZRTC20260424025,1-7Z1TIE,QC@70752630,12377684,HLB-eca5a045-4f2f-11f0-8cdb-0c42a112278c,1000.0,-477.32,0,60245992,,920835973,2026-04-26,12:21:30,销售订单0060245992创建成功开票：0920835973,S,1,成功
ZRTC20260424025,1-7Z1TIE,QC@70969309,12518909,HLB-edfbe7eb-58a4-11f0-8cdb-0c42a112278c,1000.0,-477.32,0,60245992,,920835973,2026-04-26,12:21:30,销售订单0060245992创建成功开票：0920835973,S,1,成功
ZRTC20260424025,1-7Z1TIE,QC@70969313,12518909,HLB-edfbe79d-58a4-11f0-8cdb-0c42a112278c,1000.0,-477.32,0,60245992,,920835973,2026-04-26,12:21:30,销售订单0060245992创建成功开票：0920835973,S,1,成功
ZRTC20260424025,1-7Z1TIE,QC@70969314,12518909,HLB-edfbe800-58a4-11f0-8cdb-0c42a112278c,1000.0,-477.32,0,60245992,,920835973,2026-04-26,12:21:30,销售订单0060245992创建成功开票：0920835973,S,1,成功
ZRTC20260424025,1-7Z1TIE,QC@70969315,12518909,HLB-edfbe76c-58a4-11f0-8cdb-0c42a112278c,1000.0,-477.32,0,60245992,,920835973,2026-04-26,12:21:30,销售订单0060245992创建成功开票：0920835973,S,1,成功
ZRTC20260424025,1-7Z1TIE,QC@70969316,12518909,HLB-edfbe64a-58a4-11f0-8cdb-0c42a112278c,1000.0,-477.32,0,60245992,,920835973,2026-04-26,12:21:30,销售订单0060245992创建成功开票：0920835973,S,1,成功
ZRTC20260424025,1-7Z1TIE,QC@70969318,12518909,HLB-edfbe73b-58a4-11f0-8cdb-0c42a112278c,1000.0,-477.32,0,60245992,,920835973,2026-04-26,12:21:30,销售订单0060245992创建成功开票：0920835973,S,1,成功
ZRTC20260424025,1-7Z1TIE,QC@70969320,12518909,HLB-edfbe680-58a4-11f0-8cdb-0c42a112278c,1000.0,-477.32,0,60245992,,920835973,2026-04-26,12:21:30,销售订单0060245992创建成功开票：0920835973,S,1,成功
ZRTC20260424025,1-7Z1TIE,QC@70969322,12518909,HLB-edfbe6cf-58a4-11f0-8cdb-0c42a112278c,1000.0,-477.32,0,60245992,,920835973,2026-04-26,12:21:30,销售订单0060245992创建成功开票：0920835973,S,1,成功
ZRTC20260424025,1-7Z1TIE,QC@70969323,12518909,HLB-edfbe7b0-58a4-11f0-8cdb-0c42a112278c,1000.0,-477.32,0,60245992,,920835973,2026-04-26,12:21:30,销售订单0060245992创建成功开票：0920835973,S,1,成功
ZRTC20260424025,1-7Z1TIE,QC@70969327,12518909,HLB-edfbe5be-58a4-11f0-8cdb-0c42a112278c,1000.0,-477.32,0,60245992,,920835973,2026-04-26,12:21:30,销售订单0060245992创建成功开票：0920835973,S,1,成功
ZRTC20260424025,1-7Z1TIE,QC@70969328,12518909,HLB-edfbe666-58a4-11f0-8cdb-0c42a112278c,1000.0,-477.32,0,60245992,,920835973,2026-04-26,12:21:30,销售订单0060245992创建成功开票：0920835973,S,1,成功
ZRTC20260424025,1-7Z1TIE,QC@70969331,12518909,HLB-edfbe69a-58a4-11f0-8cdb-0c42a112278c,1000.0,-477.32,0,60245992,,920835973,2026-04-26,12:21:30,销售订单0060245992创建成功开票：0920835973,S,1,成功
ZRTC20260424025,1-7Z1TIE,QC@70969332,12518909,HLB-edfbe623-58a4-11f0-8cdb-0c42a112278c,1000.0,-477.32,0,60245992,,920835973,2026-04-26,12:21:30,销售订单0060245992创建成功开票：0920835973,S,1,成功
ZRTC20260424025,1-7Z1TIE,QC@70969335,12518909,HLB-edfbe6e8-58a4-11f0-8cdb-0c42a112278c,1000.0,-477.32,0,60245992,,920835973,2026-04-26,12:21:30,销售订单0060245992创建成功开票：0920835973,S,1,成功
ZRTC20260424025,1-7Z1TIE,QC@70969336,12518909,HLB-edfbe756-58a4-11f0-8cdb-0c42a112278c,1000.0,-477.32,0,60245992,,920835973,2026-04-26,12:21:30,销售订单0060245992创建成功开票：0920835973,S,1,成功
ZRTC20260424025,1-7Z1TIE,QC@70969339,12518909,HLB-edfbe7cd-58a4-11f0-8cdb-0c42a112278c,1000.0,-477.32,0,60245992,,920835973,2026-04-26,12:21:30,销售订单0060245992创建成功开票：0920835973,S,1,成功
ZRTC20260424025,1-7Z1TIE,QC@70969342,12518909,HLB-edfbe6b4-58a4-11f0-8cdb-0c42a112278c,1000.0,-477.32,0,60245992,,920835973,2026-04-26,12:21:30,销售订单0060245992创建成功开票：0920835973,S,1,成功
ZRTC20260424025,1-7Z1TIE,QC@70969346,12518909,HLB-edfbe704-58a4-11f0-8cdb-0c42a112278c,1000.0,-477.32,0,60245992,,920835973,2026-04-26,12:21:30,销售订单0060245992创建成功开票：0920835973,S,1,成功
ZRTC20260424025,1-7Z1TIE,QC@70969347,12518909,HLB-edfbe788-58a4-11f0-8cdb-0c42a112278c,1000.0,-477.32,0,60245992,,920835973,2026-04-26,12:21:30,销售订单0060245992创建成功开票：0920835973,S,1,成功
ZRTC20260424025,1-7Z1TIE,QC@70969348,12518909,HLB-edfbe720-58a4-11f0-8cdb-0c42a112278c,1000.0,-477.32,0,60245992,,920835973,2026-04-26,12:21:30,销售订单0060245992创建成功开票：0920835973,S,1,成功
ZRTC20260424025,1-7Z1TIE,QC@71013520,12287988,HLB-7fc89338-4a68-11f0-8cdb-0c42a112278c,1000.0,-477.32,0,60245992,,920835973,2026-04-26,12:21:30,销售订单0060245992创建成功开票：0920835973,S,1,成功
ZRTC20260424025,1-7Z1TIE,QC@71013521,12287988,HLB-7fe93279-4a68-11f0-8cdb-0c42a112278c,1000.0,-477.32,0,60245992,,920835973,2026-04-26,12:21:30,销售订单0060245992创建成功开票：0920835973,S,1,成功
ZRTC20260424025,1-7Z1TIE,QC@71013522,12287988,HLB-7fe9338d-4a68-11f0-8cdb-0c42a112278c,1000.0,-477.32,0,60245992,,920835973,2026-04-26,12:21:30,销售订单0060245992创建成功开票：0920835973,S,1,成功
ZRTC20260424025,1-7Z1TIE,QC@71013523,12287988,HLB-7fc8939e-4a68-11f0-8cdb-0c42a112278c,1000.0,-477.32,0,60245992,,920835973,2026-04-26,12:21:30,销售订单0060245992创建成功开票：0920835973,S,1,成功
ZRTC20260424025,1-7Z1TIE,QC@71013524,12287988,HLB-7fe93332-4a68-11f0-8cdb-0c42a112278c,1000.0,-477.32,0,60245992,,920835973,2026-04-26,12:21:30,销售订单0060245992创建成功开票：0920835973,S,1,成功
ZRTC20260424025,1-7Z1TIE,QC@71013525,12287988,HLB-7fc89322-4a68-11f0-8cdb-0c42a112278c,1000.0,-477.32,0,60245992,,920835973,2026-04-26,12:21:30,销售订单0060245992创建成功开票：0920835973,S,1,成功
ZRTC20260424025,1-7Z1TIE,QC@71013526,12287988,HLB-7fe932d9-4a68-11f0-8cdb-0c42a112278c,1000.0,-477.32,0,60245992,,920835973,2026-04-26,12:21:30,销售订单0060245992创建成功开票：0920835973,S,1,成功
ZRTC20260424025,1-7Z1TIE,QC@71013527,12287988,HLB-7fc8930e-4a68-11f0-8cdb-0c42a112278c,1000.0,-477.32,0,60245992,,920835973,2026-04-26,12:21:30,销售订单0060245992创建成功开票：0920835973,S,1,成功
ZRTC20260424025,1-7Z1TIE,QC@71013529,12287988,HLB-7fe933a3-4a68-11f0-8cdb-0c42a112278c,1000.0,-477.32,0,60245992,,920835973,2026-04-26,12:21:30,销售订单0060245992创建成功开票：0920835973,S,1,成功
ZRTC20260424025,1-7Z1TIE,QC@71013530,12287988,HLB-7fe93314-4a68-11f0-8cdb-0c42a112278c,1000.0,-477.32,0,60245992,,920835973,2026-04-26,12:21:30,销售订单0060245992创建成功开票：0920835973,S,1,成功
ZRTC20260424025,1-7Z1TIE,QC@71013531,12287988,HLB-7fc892f9-4a68-11f0-8cdb-0c42a112278c,1000.0,-477.32,0,60245992,,920835973,2026-04-26,12:21:30,销售订单0060245992创建成功开票：0920835973,S,1,成功
ZRTC20260424025,1-7Z1TIE,QC@71013532,12287988,HLB-7fc8938b-4a68-11f0-8cdb-0c42a112278c,1000.0,-477.32,0,60245992,,920835973,2026-04-26,12:21:30,销售订单0060245992创建成功开票：0920835973,S,1,成功
ZRTC20260424025,1-7Z1TIE,QC@71013533,12287988,HLB-7fc8934d-4a68-11f0-8cdb-0c42a112278c,1000.0,-477.32,0,60245992,,920835973,2026-04-26,12:21:30,销售订单0060245992创建成功开票：0920835973,S,1,成功
ZRTC20260424025,1-7Z1TIE,QC@71013534,12287988,HLB-7fe932f5-4a68-11f0-8cdb-0c42a112278c,1000.0,-477.32,0,60245992,,920835973,2026-04-26,12:21:30,销售订单0060245992创建成功开票：0920835973,S,1,成功
ZRTC20260424025,1-7Z1TIE,QC@71013535,12287988,HLB-7fc89360-4a68-11f0-8cdb-0c42a112278c,1000.0,-477.32,0,60245992,,920835973,2026-04-26,12:21:30,销售订单0060245992创建成功开票：0920835973,S,1,成功
ZRTC20260424025,1-7Z1TIE,QC@71013536,12287988,HLB-7fc89376-4a68-11f0-8cdb-0c42a112278c,1000.0,-477.32,0,60245992,,920835973,2026-04-26,12:21:30,销售订单0060245992创建成功开票：0920835973,S,1,成功
ZRTC20260424025,1-7Z1TIE,QC@71013537,12287988,HLB-7fe93370-4a68-11f0-8cdb-0c42a112278c,1000.0,-477.32,0,60245992,,920835973,2026-04-26,12:21:30,销售订单0060245992创建成功开票：0920835973,S,1,成功
ZRTC20260424025,1-7Z1TIE,QC@71013538,12287988,HLB-7fe933b9-4a68-11f0-8cdb-0c42a112278c,1000.0,-477.32,0,60245992,,920835973,2026-04-26,12:21:30,销售订单0060245992创建成功开票：0920835973,S,1,成功
ZRTC20260424025,1-7Z1TIE,QC@71013539,12287988,HLB-7fe93351-4a68-11f0-8cdb-0c42a112278c,1000.0,-477.32,0,60245992,,920835973,2026-04-26,12:21:30,销售订单0060245992创建成功开票：0920835973,S,1,成功
ZRTC20260424025,1-7Z1TIE,QC@71061339,12508836,HLB-16ed7a3e-570e-11f0-8cdb-0c42a112278c,1000.0,-477.32,0,60245992,,920835973,2026-04-26,12:21:30,销售订单0060245992创建成功开票：0920835973,S,1,成功
ZRTC20260424025,1-7Z1TIE,QC@71061341,12508836,HLB-16ed7935-570e-11f0-8cdb-0c42a112278c,1000.0,-477.32,0,60245992,,920835973,2026-04-26,12:21:30,销售订单0060245992创建成功开票：0920835973,S,1,成功
ZRTC20260424025,1-7Z1TIE,QC@71061342,12508836,HLB-16ed794b-570e-11f0-8cdb-0c42a112278c,1000.0,-477.32,0,60245992,,920835973,2026-04-26,12:21:30,销售订单0060245992创建成功开票：0920835973,S,1,成功
ZRTC20260424025,1-7Z1TIE,QC@71061344,12508836,HLB-16ed7803-570e-11f0-8cdb-0c42a112278c,1000.0,-477.32,0,60245992,,920835973,2026-04-26,12:21:30,销售订单0060245992创建成功开票：0920835973,S,1,成功
ZRTC20260424025,1-7Z1TIE,QC@71061347,12508836,HLB-16ed79d3-570e-11f0-8cdb-0c42a112278c,1000.0,-477.32,0,60245992,,920835973,2026-04-26,12:21:30,销售订单0060245992创建成功开票：0920835973,S,1,成功
ZRTC20260424025,1-7Z1TIE,QC@71061348,12508836,HLB-16ed790d-570e-11f0-8cdb-0c42a112278c,1000.0,-477.32,0,60245992,,920835973,2026-04-26,12:21:30,销售订单0060245992创建成功开票：0920835973,S,1,成功
ZRTC20260424025,1-7Z1TIE,QC@71061349,12508836,HLB-16ed7a52-570e-11f0-8cdb-0c42a112278c,1000.0,-477.32,0,60245992,,920835973,2026-04-26,12:21:30,销售订单0060245992创建成功开票：0920835973,S,1,成功
ZRTC20260424025,1-7Z1TIE,QC@71061350,12508836,HLB-16ed7a7b-570e-11f0-8cdb-0c42a112278c,1000.0,-477.32,0,60245992,,920835973,2026-04-26,12:21:30,销售订单0060245992创建成功开票：0920835973,S,1,成功
ZRTC20260424025,1-7Z1TIE,QC@71061351,12508836,HLB-16ed78b5-570e-11f0-8cdb-0c42a112278c,1000.0,-477.32,0,60245992,,920835973,2026-04-26,12:21:30,销售订单0060245992创建成功开票：0920835973,S,1,成功
ZRTC20260424025,1-7Z1TIE,QC@71061352,12508836,HLB-16ed7889-570e-11f0-8cdb-0c42a112278c,1000.0,-477.32,0,60245992,,920835973,2026-04-26,12:21:30,销售订单0060245992创建成功开票：0920835973,S,1,成功
ZRTC20260424025,1-7Z1TIE,QC@71061355,12508836,HLB-16ed79fb-570e-11f0-8cdb-0c42a112278c,1000.0,-477.32,0,60245992,,920835973,2026-04-26,12:21:30,销售订单0060245992创建成功开票：0920835973,S,1,成功
ZRTC20260424025,1-7Z1TIE,QC@71061356,12508836,HLB-16ed79e6-570e-11f0-8cdb-0c42a112278c,1000.0,-477.32,0,60245992,,920835973,2026-04-26,12:21:30,销售订单0060245992创建成功开票：0920835973,S,1,成功
ZRTC20260424025,1-7Z1TIE,QC@71061362,12508836,HLB-16ed78e0-570e-11f0-8cdb-0c42a112278c,1000.0,-477.32,0,60245992,,920835973,2026-04-26,12:21:30,销售订单0060245992创建成功开票：0920835973,S,1,成功
ZRTC20260424025,1-7Z1TIE,QC@71061368,12508836,HLB-16ed7819-570e-11f0-8cdb-0c42a112278c,1000.0,-477.32,0,60245992,,920835973,2026-04-26,12:21:30,销售订单0060245992创建成功开票：0920835973,S,1,成功
ZRTC20260424025,1-7Z1TIE,QC@71061371,12508836,HLB-16ed78f7-570e-11f0-8cdb-0c42a112278c,1000.0,-477.32,0,60245992,,920835973,2026-04-26,12:21:30,销售订单0060245992创建成功开票：0920835973,S,1,成功
ZRTC20260424025,1-7Z1TIE,QC@71061374,12508836,HLB-16ed79a7-570e-11f0-8cdb-0c42a112278c,1000.0,-477.32,0,60245992,,920835973,2026-04-26,12:21:30,销售订单0060245992创建成功开票：0920835973,S,1,成功
ZRTC20260424025,1-7Z1TIE,QC@71061377,12508836,HLB-16ed7921-570e-11f0-8cdb-0c42a112278c,1000.0,-477.32,0,60245992,,920835973,2026-04-26,12:21:30,销售订单0060245992创建成功开票：0920835973,S,1,成功
ZRTC20260424025,1-7Z1TIE,QC@71061378,12508836,HLB-16ed7830-570e-11f0-8cdb-0c42a112278c,1000.0,-477.32,0,60245992,,920835973,2026-04-26,12:21:30,销售订单0060245992创建成功开票：0920835973,S,1,成功
ZRTC20260424025,1-7Z1TIE,QC@71061380,12508836,HLB-16ed785e-570e-11f0-8cdb-0c42a112278c,1000.0,-477.32,0,60245992,,920835973,2026-04-26,12:21:30,销售订单0060245992创建成功开票：0920835973,S,1,成功
ZRTC20260424025,1-7Z1TIE,QC@71061382,12508836,HLB-16ed7991-570e-11f0-8cdb-0c42a112278c,1000.0,-477.32,0,60245992,,920835973,2026-04-26,12:21:30,销售订单0060245992创建成功开票：0920835973,S,1,成功
ZRTC20260424025,1-7Z1TIE,QC@71061384,12508836,HLB-16ed7847-570e-11f0-8cdb-0c42a112278c,1000.0,-477.32,0,60245992,,920835973,2026-04-26,12:21:30,销售订单0060245992创建成功开票：0920835973,S,1,成功
ZRTC20260424025,1-7Z1TIE,QC@71061386,12508836,HLB-16ed795e-570e-11f0-8cdb-0c42a112278c,1000.0,-477.32,0,60245992,,920835973,2026-04-26,12:21:30,销售订单0060245992创建成功开票：0920835973,S,1,成功
ZRTC20260424025,1-7Z1TIE,QC@71061388,12508836,HLB-16ed78cb-570e-11f0-8cdb-0c42a112278c,1000.0,-477.32,0,60245992,,920835973,2026-04-26,12:21:30,销售订单0060245992创建成功开票：0920835973,S,1,成功
ZRTC20260424025,1-7Z1TIE,QC@71061389,12508836,HLB-16ed7a66-570e-11f0-8cdb-0c42a112278c,1000.0,-477.32,0,60245992,,920835973,2026-04-26,12:21:30,销售订单0060245992创建成功开票：0920835973,S,1,成功
ZRTC20260424025,1-7Z1TIE,QC@71061390,12508836,HLB-16ed79bf-570e-11f0-8cdb-0c42a112278c,1000.0,-477.32,0,60245992,,920835973,2026-04-26,12:21:30,销售订单0060245992创建成功开票：0920835973,S,1,成功
ZRTC20260424025,1-7Z1TIE,QC@71061391,12508836,HLB-16ed7874-570e-11f0-8cdb-0c42a112278c,1000.0,-477.32,0,60245992,,920835973,2026-04-26,12:21:30,销售订单0060245992创建成功开票：0920835973,S,1,成功
ZRTC20260424025,1-7Z1TIE,QC@71061393,12508836,HLB-16ed7a29-570e-11f0-8cdb-0c42a112278c,1000.0,-477.32,0,60245992,,920835973,2026-04-26,12:21:30,销售订单0060245992创建成功开票：0920835973,S,1,成功
ZRTC20260424025,1-7Z1TIE,QC@71061395,12508836,HLB-16ed7a13-570e-11f0-8cdb-0c42a112278c,1000.0,-477.32,0,60245992,,920835973,2026-04-26,12:21:30,销售订单0060245992创建成功开票：0920835973,S,1,成功
ZRTC20260424025,1-7Z1TIE,QC@71061396,12508836,HLB-16ed78a1-570e-11f0-8cdb-0c42a112278c,1000.0,-477.32,0,60245992,,920835973,2026-04-26,12:21:30,销售订单0060245992创建成功开票：0920835973,S,1,成功
ZRTC20260424025,1-7Z1TIE,QC@71061397,12508836,HLB-16ed7973-570e-11f0-8cdb-0c42a112278c,1000.0,-477.32,0,60245992,,920835973,2026-04-26,12:21:30,销售订单0060245992创建成功开票：0920835973,S,1,成功
ZRTC20260424025,1-7Z1TIE,QC@71442037,12658722,HLB-518beb21-6a84-11f0-8cdb-0c42a112278c,1000.0,-477.32,0,60245992,,920835973,2026-04-26,12:21:30,销售订单0060245992创建成功开票：0920835973,S,1,成功
ZRTC20260424025,1-7Z1TIE,QC@71442040,12658722,HLB-518bebfa-6a84-11f0-8cdb-0c42a112278c,1000.0,-477.32,0,60245992,,920835973,2026-04-26,12:21:30,销售订单0060245992创建成功开票：0920835973,S,1,成功
ZRTC20260424025,1-7Z1TIE,QC@71442041,12658722,HLB-518bec15-6a84-11f0-8cdb-0c42a112278c,1000.0,-477.32,0,60245992,,920835973,2026-04-26,12:21:30,销售订单0060245992创建成功开票：0920835973,S,1,成功
ZRTC20260424025,1-7Z1TIE,QC@71442043,12658722,HLB-518bea93-6a84-11f0-8cdb-0c42a112278c,1000.0,-477.32,0,60245992,,920835973,2026-04-26,12:21:30,销售订单0060245992创建成功开票：0920835973,S,1,成功
ZRTC20260424025,1-7Z1TIE,QC@71442044,12658722,HLB-518bec2d-6a84-11f0-8cdb-0c42a112278c,1000.0,-477.32,0,60245992,,920835973,2026-04-26,12:21:30,销售订单0060245992创建成功开票：0920835973,S,1,成功
ZRTC20260424025,1-7Z1TIE,QC@71442046,12658722,HLB-518beb09-6a84-11f0-8cdb-0c42a112278c,1000.0,-477.32,0,60245992,,920835973,2026-04-26,12:21:30,销售订单0060245992创建成功开票：0920835973,S,1,成功
ZRTC20260424025,1-7Z1TIE,QC@71442048,12658722,HLB-518bec92-6a84-11f0-8cdb-0c42a112278c,1000.0,-477.32,0,60245992,,920835973,2026-04-26,12:21:30,销售订单0060245992创建成功开票：0920835973,S,1,成功
ZRTC20260424025,1-7Z1TIE,QC@71442049,12658722,HLB-518bebe4-6a84-11f0-8cdb-0c42a112278c,1000.0,-477.32,0,60245992,,920835973,2026-04-26,12:21:30,销售订单0060245992创建成功开票：0920835973,S,1,成功
ZRTC20260424025,1-7Z1TIE,QC@71442052,12658722,HLB-518bebb0-6a84-11f0-8cdb-0c42a112278c,1000.0,-477.32,0,60245992,,920835973,2026-04-26,12:21:30,销售订单0060245992创建成功开票：0920835973,S,1,成功
ZRTC20260424025,1-7Z1TIE,QC@71442055,12658722,HLB-518beb90-6a84-11f0-8cdb-0c42a112278c,1000.0,-477.32,0,60245992,,920835973,2026-04-26,12:21:30,销售订单0060245992创建成功开票：0920835973,S,1,成功
ZRTC20260424025,1-7Z1TIE,QC@71442056,12658722,HLB-518bead8-6a84-11f0-8cdb-0c42a112278c,1000.0,-477.32,0,60245992,,920835973,2026-04-26,12:21:30,销售订单0060245992创建成功开票：0920835973,S,1,成功
ZRTC20260424025,1-7Z1TIE,QC@71442057,12658722,HLB-518bea2a-6a84-11f0-8cdb-0c42a112278c,1000.0,-477.32,0,60245992,,920835973,2026-04-26,12:21:30,销售订单0060245992创建成功开票：0920835973,S,1,成功
ZRTC20260424025,1-7Z1TIE,QC@71442058,12658722,HLB-518beb3a-6a84-11f0-8cdb-0c42a112278c,1000.0,-477.32,0,60245992,,920835973,2026-04-26,12:21:30,销售订单0060245992创建成功开票：0920835973,S,1,成功
ZRTC20260424025,1-7Z1TIE,QC@71442059,12658722,HLB-518beaae-6a84-11f0-8cdb-0c42a112278c,1000.0,-477.32,0,60245992,,920835973,2026-04-26,12:21:30,销售订单0060245992创建成功开票：0920835973,S,1,成功
ZRTC20260424025,1-7Z1TIE,QC@71442061,12658722,HLB-518beaf0-6a84-11f0-8cdb-0c42a112278c,1000.0,-477.32,0,60245992,,920835973,2026-04-26,12:21:30,销售订单0060245992创建成功开票：0920835973,S,1,成功
ZRTC20260424025,1-7Z1TIE,QC@71442063,12658722,HLB-518becaa-6a84-11f0-8cdb-0c42a112278c,1000.0,-477.32,0,60245992,,920835973,2026-04-26,12:21:30,销售订单0060245992创建成功开票：0920835973,S,1,成功
ZRTC20260424025,1-7Z1TIE,QC@71442066,12658722,HLB-518bec49-6a84-11f0-8cdb-0c42a112278c,1000.0,-477.32,0,60245992,,920835973,2026-04-26,12:21:30,销售订单0060245992创建成功开票：0920835973,S,1,成功
ZRTC20260424025,1-7Z1TIE,QC@71442070,12658722,HLB-518bec7c-6a84-11f0-8cdb-0c42a112278c,1000.0,-477.32,0,60245992,,920835973,2026-04-26,12:21:30,销售订单0060245992创建成功开票：0920835973,S,1,成功
ZRTC20260424025,1-7Z1TIE,QC@71442073,12658722,HLB-518bec62-6a84-11f0-8cdb-0c42a112278c,1000.0,-477.32,0,60245992,,920835973,2026-04-26,12:21:30,销售订单0060245992创建成功开票：0920835973,S,1,成功
ZRTC20260424025,1-7Z1TIE,QC@71442074,12658722,HLB-518bebc9-6a84-11f0-8cdb-0c42a112278c,1000.0,-477.32,0,60245992,,920835973,2026-04-26,12:21:30,销售订单0060245992创建成功开票：0920835973,S,1,成功
ZRTC20260424025,1-7Z1TIE,QC@71765426,12377692,HLB-ed0dd8fb-4f2f-11f0-8cdb-0c42a112278c,1000.0,-477.32,0,60245992,,920835973,2026-04-26,12:21:30,销售订单0060245992创建成功开票：0920835973,S,1,成功
ZRTC20260424025,1-7Z1TIE,QC@71765427,12377692,HLB-ed0dd868-4f2f-11f0-8cdb-0c42a112278c,1000.0,-477.32,0,60245992,,920835973,2026-04-26,12:21:30,销售订单0060245992创建成功开票：0920835973,S,1,成功
ZRTC20260424025,1-7Z1TIE,QC@71765428,12377692,HLB-ed0dd95c-4f2f-11f0-8cdb-0c42a112278c,1000.0,-477.32,0,60245992,,920835973,2026-04-26,12:21:30,销售订单0060245992创建成功开票：0920835973,S,1,成功
ZRTC20260424025,1-7Z1TIE,QC@71765429,12377692,HLB-ed0dd979-4f2f-11f0-8cdb-0c42a112278c,1000.0,-477.32,0,60245992,,920835973,2026-04-26,12:21:30,销售订单0060245992创建成功开票：0920835973,S,1,成功
ZRTC20260424025,1-7Z1TIE,QC@71765430,12377692,HLB-ed0dd912-4f2f-11f0-8cdb-0c42a112278c,1000.0,-477.32,0,60245992,,920835973,2026-04-26,12:21:30,销售订单0060245992创建成功开票：0920835973,S,1,成功
ZRTC20260424025,1-7Z1TIE,QC@71765431,12377692,HLB-ed0dd8c9-4f2f-11f0-8cdb-0c42a112278c,1000.0,-477.32,0,60245992,,920835973,2026-04-26,12:21:30,销售订单0060245992创建成功开票：0920835973,S,1,成功
ZRTC20260424025,1-7Z1TIE,QC@71765432,12377692,HLB-ed0dd8e2-4f2f-11f0-8cdb-0c42a112278c,1000.0,-477.32,0,60245992,,920835973,2026-04-26,12:21:30,销售订单0060245992创建成功开票：0920835973,S,1,成功
ZRTC20260424025,1-7Z1TIE,QC@71765433,12377692,HLB-ed0dd942-4f2f-11f0-8cdb-0c42a112278c,1000.0,-477.32,0,60245992,,920835973,2026-04-26,12:21:30,销售订单0060245992创建成功开票：0920835973,S,1,成功
ZRTC20260424025,1-7Z1TIE,QC@71765434,12377692,HLB-ed0dd92a-4f2f-11f0-8cdb-0c42a112278c,1000.0,-477.32,0,60245992,,920835973,2026-04-26,12:21:30,销售订单0060245992创建成功开票：0920835973,S,1,成功
ZRTC20260424025,1-7Z1TIE,QC@71765435,12377692,HLB-ed0dd98e-4f2f-11f0-8cdb-0c42a112278c,1000.0,-477.32,0,60245992,,920835973,2026-04-26,12:21:30,销售订单0060245992创建成功开票：0920835973,S,1,成功
ZRTC20260424025,1-7Z1TIE,QC@72623517,12571648,HLB-97488924-605f-11f0-8cdb-0c42a112278c,1000.0,-477.32,0,60245992,,920835973,2026-04-26,12:21:30,销售订单0060245992创建成功开票：0920835973,S,1,成功
ZRTC20260424025,1-7Z1TIE,QC@72623519,12571648,HLB-974889ae-605f-11f0-8cdb-0c42a112278c,1000.0,-477.32,0,60245992,,920835973,2026-04-26,12:21:30,销售订单0060245992创建成功开票：0920835973,S,1,成功
ZRTC20260424025,1-7Z1TIE,QC@72623522,12571648,HLB-974889f3-605f-11f0-8cdb-0c42a112278c,1000.0,-477.32,0,60245992,,920835973,2026-04-26,12:21:30,销售订单0060245992创建成功开票：0920835973,S,1,成功
ZRTC20260424025,1-7Z1TIE,QC@72623523,12571648,HLB-9748890a-605f-11f0-8cdb-0c42a112278c,1000.0,-477.32,0,60245992,,920835973,2026-04-26,12:21:30,销售订单0060245992创建成功开票：0920835973,S,1,成功
ZRTC20260424025,1-7Z1TIE,QC@72623524,12571648,HLB-97488a58-605f-11f0-8cdb-0c42a112278c,1000.0,-477.32,0,60245992,,920835973,2026-04-26,12:21:30,销售订单0060245992创建成功开票：0920835973,S,1,成功
ZRTC20260424025,1-7Z1TIE,QC@72623526,12571648,HLB-97488a1b-605f-11f0-8cdb-0c42a112278c,1000.0,-477.32,0,60245992,,920835973,2026-04-26,12:21:30,销售订单0060245992创建成功开票：0920835973,S,1,成功
ZRTC20260424025,1-7Z1TIE,QC@72623527,12571648,HLB-97488a2f-605f-11f0-8cdb-0c42a112278c,1000.0,-477.32,0,60245992,,920835973,2026-04-26,12:21:30,销售订单0060245992创建成功开票：0920835973,S,1,成功
ZRTC20260424025,1-7Z1TIE,QC@72623531,12571648,HLB-974889c8-605f-11f0-8cdb-0c42a112278c,1000.0,-477.32,0,60245992,,920835973,2026-04-26,12:21:30,销售订单0060245992创建成功开票：0920835973,S,1,成功
ZRTC20260424025,1-7Z1TIE,QC@72623532,12571648,HLB-97488a70-605f-11f0-8cdb-0c42a112278c,1000.0,-477.32,0,60245992,,920835973,2026-04-26,12:21:30,销售订单0060245992创建成功开票：0920835973,S,1,成功
ZRTC20260424025,1-7Z1TIE,QC@72623534,12571648,HLB-97488999-605f-11f0-8cdb-0c42a112278c,1000.0,-477.32,0,60245992,,920835973,2026-04-26,12:21:30,销售订单0060245992创建成功开票：0920835973,S,1,成功
ZRTC20260424025,1-7Z1TIE,QC@72623535,12571648,HLB-9748885f-605f-11f0-8cdb-0c42a112278c,1000.0,-477.32,0,60245992,,920835973,2026-04-26,12:21:30,销售订单0060245992创建成功开票：0920835973,S,1,成功
ZRTC20260424025,1-7Z1TIE,QC@72623536,12571648,HLB-974889df-605f-11f0-8cdb-0c42a112278c,1000.0,-477.32,0,60245992,,920835973,2026-04-26,12:21:30,销售订单0060245992创建成功开票：0920835973,S,1,成功
ZRTC20260424025,1-7Z1TIE,QC@72623537,12571648,HLB-97488983-605f-11f0-8cdb-0c42a112278c,1000.0,-477.32,0,60245992,,920835973,2026-04-26,12:21:30,销售订单0060245992创建成功开票：0920835973,S,1,成功
ZRTC20260424025,1-7Z1TIE,QC@72623539,12571648,HLB-97488956-605f-11f0-8cdb-0c42a112278c,1000.0,-477.32,0,60245992,,920835973,2026-04-26,12:21:30,销售订单0060245992创建成功开票：0920835973,S,1,成功
ZRTC20260424025,1-7Z1TIE,QC@72623540,12571648,HLB-97488a08-605f-11f0-8cdb-0c42a112278c,1000.0,-477.32,0,60245992,,920835973,2026-04-26,12:21:30,销售订单0060245992创建成功开票：0920835973,S,1,成功
ZRTC20260424025,1-7Z1TIE,QC@72623544,12571648,HLB-97488a44-605f-11f0-8cdb-0c42a112278c,1000.0,-477.32,0,60245992,,920835973,2026-04-26,12:21:30,销售订单0060245992创建成功开票：0920835973,S,1,成功
ZRTC20260424025,1-7Z1TIE,QC@72623549,12571648,HLB-9748896d-605f-11f0-8cdb-0c42a112278c,1000.0,-477.32,0,60245992,,920835973,2026-04-26,12:21:30,销售订单0060245992创建成功开票：0920835973,S,1,成功
ZRTC20260424025,1-7Z1TIE,QC@72623552,12571648,HLB-974888cd-605f-11f0-8cdb-0c42a112278c,1000.0,-477.32,0,60245992,,920835973,2026-04-26,12:21:30,销售订单0060245992创建成功开票：0920835973,S,1,成功
ZRTC20260424025,1-7Z1TIE,QC@72623553,12571648,HLB-9748893f-605f-11f0-8cdb-0c42a112278c,1000.0,-477.32,0,60245992,,920835973,2026-04-26,12:21:30,销售订单0060245992创建成功开票：0920835973,S,1,成功
ZRTC20260424025,1-7Z1TIE,QC@72623554,12571648,HLB-974888f4-605f-11f0-8cdb-0c42a112278c,1000.0,-477.32,0,60245992,,920835973,2026-04-26,12:21:30,销售订单0060245992创建成功开票：0920835973,S,1,成功
ZRTC20260424025,1-7Z1TIE,QC@72655060,12571660,HLB-b979a1a1-605f-11f0-8cdb-0c42a112278c,1000.0,-477.32,0,60245992,,920835973,2026-04-26,12:21:30,销售订单0060245992创建成功开票：0920835973,S,1,成功
ZRTC20260424025,1-7Z1TIE,QC@72655061,12571660,HLB-b979a1b8-605f-11f0-8cdb-0c42a112278c,1000.0,-477.32,0,60245992,,920835973,2026-04-26,12:21:30,销售订单0060245992创建成功开票：0920835973,S,1,成功
ZRTC20260424025,1-7Z1TIE,QC@72655062,12571660,HLB-b979a21d-605f-11f0-8cdb-0c42a112278c,1000.0,-477.32,0,60245992,,920835973,2026-04-26,12:21:30,销售订单0060245992创建成功开票：0920835973,S,1,成功
ZRTC20260424025,1-7Z1TIE,QC@72655064,12571660,HLB-b979a249-605f-11f0-8cdb-0c42a112278c,1000.0,-477.32,0,60245992,,920835973,2026-04-26,12:21:30,销售订单0060245992创建成功开票：0920835973,S,1,成功
ZRTC20260424025,1-7Z1TIE,QC@72655066,12571660,HLB-b979a234-605f-11f0-8cdb-0c42a112278c,1000.0,-477.32,0,60245992,,920835973,2026-04-26,12:21:30,销售订单0060245992创建成功开票：0920835973,S,1,成功
ZRTC20260424025,1-7Z1TIE,QC@72655068,12571660,HLB-b979a14e-605f-11f0-8cdb-0c42a112278c,1000.0,-477.32,0,60245992,,920835973,2026-04-26,12:21:30,销售订单0060245992创建成功开票：0920835973,S,1,成功
ZRTC20260424025,1-7Z1TIE,QC@72655071,12571660,HLB-b979a1dd-605f-11f0-8cdb-0c42a112278c,1000.0,-477.32,0,60245992,,920835973,2026-04-26,12:21:30,销售订单0060245992创建成功开票：0920835973,S,1,成功
ZRTC20260424025,1-7Z1TIE,QC@72655074,12571660,HLB-b979a25e-605f-11f0-8cdb-0c42a112278c,1000.0,-477.32,0,60245992,,920835973,2026-04-26,12:21:30,销售订单0060245992创建成功开票：0920835973,S,1,成功
ZRTC20260424025,1-7Z1TIE,QC@72655077,12571660,HLB-b979a1f1-605f-11f0-8cdb-0c42a112278c,1000.0,-477.32,0,60245992,,920835973,2026-04-26,12:21:30,销售订单0060245992创建成功开票：0920835973,S,1,成功
ZRTC20260424025,1-7Z1TIE,QC@72655079,12571660,HLB-b979a208-605f-11f0-8cdb-0c42a112278c,1000.0,-477.32,0,60245992,,920835973,2026-04-26,12:21:30,销售订单0060245992创建成功开票：0920835973,S,1,成功
ZRTC20260424025,1-7Z1TIE,QC@73897919,12287986,HLB-7fc89014-4a68-11f0-8cdb-0c42a112278c,1000.0,-477.32,0,60245992,,920835973,2026-04-26,12:21:30,销售订单0060245992创建成功开票：0920835973,S,1,成功
ZRTC20260424025,1-7Z1TIE,QC@73897920,12287986,HLB-7fc890ea-4a68-11f0-8cdb-0c42a112278c,1000.0,-477.32,0,60245992,,920835973,2026-04-26,12:21:30,销售订单0060245992创建成功开票：0920835973,S,1,成功
ZRTC20260424025,1-7Z1TIE,QC@73897921,12287986,HLB-7fc88f81-4a68-11f0-8cdb-0c42a112278c,1000.0,-477.32,0,60245992,,920835973,2026-04-26,12:21:30,销售订单0060245992创建成功开票：0920835973,S,1,成功
ZRTC20260424025,1-7Z1TIE,QC@73897922,12287986,HLB-7fc88fbb-4a68-11f0-8cdb-0c42a112278c,1000.0,-477.32,0,60245992,,920835973,2026-04-26,12:21:30,销售订单0060245992创建成功开票：0920835973,S,1,成功
ZRTC20260424025,1-7Z1TIE,QC@73897923,12287986,HLB-7fc89054-4a68-11f0-8cdb-0c42a112278c,1000.0,-477.32,0,60245992,,920835973,2026-04-26,12:21:30,销售订单0060245992创建成功开票：0920835973,S,1,成功
ZRTC20260424025,1-7Z1TIE,QC@73897924,12287986,HLB-7fc8913c-4a68-11f0-8cdb-0c42a112278c,1000.0,-477.32,0,60245992,,920835973,2026-04-26,12:21:30,销售订单0060245992创建成功开票：0920835973,S,1,成功
ZRTC20260424025,1-7Z1TIE,QC@73897925,12287986,HLB-7fc89107-4a68-11f0-8cdb-0c42a112278c,1000.0,-477.32,0,60245992,,920835973,2026-04-26,12:21:30,销售订单0060245992创建成功开票：0920835973,S,1,成功
ZRTC20260424025,1-7Z1TIE,QC@73897926,12287986,HLB-7fc88fd6-4a68-11f0-8cdb-0c42a112278c,1000.0,-477.32,0,60245992,,920835973,2026-04-26,12:21:30,销售订单0060245992创建成功开票：0920835973,S,1,成功
ZRTC20260424025,1-7Z1TIE,QC@73897927,12287986,HLB-7fc8903f-4a68-11f0-8cdb-0c42a112278c,1000.0,-477.32,0,60245992,,920835973,2026-04-26,12:21:30,销售订单0060245992创建成功开票：0920835973,S,1,成功
ZRTC20260424025,1-7Z1TIE,QC@73897928,12287986,HLB-7fc88ff0-4a68-11f0-8cdb-0c42a112278c,1000.0,-477.32,0,60245992,,920835973,2026-04-26,12:21:30,销售订单0060245992创建成功开票：0920835973,S,1,成功
ZRTC20260424025,1-7Z1TIE,QC@73897929,12287986,HLB-7fc89120-4a68-11f0-8cdb-0c42a112278c,1000.0,-477.32,0,60245992,,920835973,2026-04-26,12:21:30,销售订单0060245992创建成功开票：0920835973,S,1,成功
ZRTC20260424025,1-7Z1TIE,QC@73897931,12287986,HLB-7fc890a0-4a68-11f0-8cdb-0c42a112278c,1000.0,-477.32,0,60245992,,920835973,2026-04-26,12:21:30,销售订单0060245992创建成功开票：0920835973,S,1,成功
ZRTC20260424025,1-7Z1TIE,QC@73897932,12287986,HLB-7fc8908c-4a68-11f0-8cdb-0c42a112278c,1000.0,-477.32,0,60245992,,920835973,2026-04-26,12:21:30,销售订单0060245992创建成功开票：0920835973,S,1,成功
ZRTC20260424025,1-7Z1TIE,QC@73897933,12287986,HLB-7fc89029-4a68-11f0-8cdb-0c42a112278c,1000.0,-477.32,0,60245992,,920835973,2026-04-26,12:21:30,销售订单0060245992创建成功开票：0920835973,S,1,成功
ZRTC20260424025,1-7Z1TIE,QC@73897934,12287986,HLB-7fc88ee4-4a68-11f0-8cdb-0c42a112278c,1000.0,-477.32,0,60245992,,920835973,2026-04-26,12:21:30,销售订单0060245992创建成功开票：0920835973,S,1,成功
ZRTC20260424025,1-7Z1TIE,QC@73897935,12287986,HLB-7fc890d0-4a68-11f0-8cdb-0c42a112278c,1000.0,-477.32,0,60245992,,920835973,2026-04-26,12:21:30,销售订单0060245992创建成功开票：0920835973,S,1,成功
ZRTC20260424025,1-7Z1TIE,QC@73897936,12287986,HLB-7fc890b5-4a68-11f0-8cdb-0c42a112278c,1000.0,-477.32,0,60245992,,920835973,2026-04-26,12:21:30,销售订单0060245992创建成功开票：0920835973,S,1,成功
ZRTC20260424025,1-7Z1TIE,QC@73897937,12287986,HLB-7fc88fa1-4a68-11f0-8cdb-0c42a112278c,1000.0,-477.32,0,60245992,,920835973,2026-04-26,12:21:30,销售订单0060245992创建成功开票：0920835973,S,1,成功
ZRTC20260424025,1-7Z1TIE,QC@73897938,12287986,HLB-7fc89070-4a68-11f0-8cdb-0c42a112278c,1000.0,-477.32,0,60245992,,920835973,2026-04-26,12:21:30,销售订单0060245992创建成功开票：0920835973,S,1,成功
ZRTC20260424025,1-7Z1TIE,QC@74140730,12508831,HLB-1688d3e1-570e-11f0-8cdb-0c42a112278c,1000.0,-477.32,0,60245992,,920835973,2026-04-26,12:21:30,销售订单0060245992创建成功开票：0920835973,S,1,成功
ZRTC20260424025,1-7Z1TIE,QC@74140731,12508831,HLB-1688d377-570e-11f0-8cdb-0c42a112278c,1000.0,-477.32,0,60245992,,920835973,2026-04-26,12:21:30,销售订单0060245992创建成功开票：0920835973,S,1,成功
ZRTC20260424025,1-7Z1TIE,QC@74140734,12508831,HLB-166534aa-570e-11f0-8cdb-0c42a112278c,1000.0,-477.32,0,60245992,,920835973,2026-04-26,12:21:30,销售订单0060245992创建成功开票：0920835973,S,1,成功
ZRTC20260424025,1-7Z1TIE,QC@74140736,12508831,HLB-1665345a-570e-11f0-8cdb-0c42a112278c,1000.0,-477.32,0,60245992,,920835973,2026-04-26,12:21:30,销售订单0060245992创建成功开票：0920835973,S,1,成功
ZRTC20260424025,1-7Z1TIE,QC@74140740,12508831,HLB-1688d3fc-570e-11f0-8cdb-0c42a112278c,1000.0,-477.32,0,60245992,,920835973,2026-04-26,12:21:30,销售订单0060245992创建成功开票：0920835973,S,1,成功
ZRTC20260424025,1-7Z1TIE,QC@74140742,12508831,HLB-1688d3c8-570e-11f0-8cdb-0c42a112278c,1000.0,-477.32,0,60245992,,920835973,2026-04-26,12:21:30,销售订单0060245992创建成功开票：0920835973,S,1,成功
ZRTC20260424025,1-7Z1TIE,QC@74140747,12508831,HLB-1665346e-570e-11f0-8cdb-0c42a112278c,1000.0,-477.32,0,60245992,,920835973,2026-04-26,12:21:30,销售订单0060245992创建成功开票：0920835973,S,1,成功
ZRTC20260424025,1-7Z1TIE,QC@74140750,12508831,HLB-166534d1-570e-11f0-8cdb-0c42a112278c,1000.0,-477.32,0,60245992,,920835973,2026-04-26,12:21:30,销售订单0060245992创建成功开票：0920835973,S,1,成功
ZRTC20260424025,1-7Z1TIE,QC@74140751,12508831,HLB-1688d447-570e-11f0-8cdb-0c42a112278c,1000.0,-477.32,0,60245992,,920835973,2026-04-26,12:21:30,销售订单0060245992创建成功开票：0920835973,S,1,成功
ZRTC20260424025,1-7Z1TIE,QC@74140753,12508831,HLB-1665342e-570e-11f0-8cdb-0c42a112278c,1000.0,-477.32,0,60245992,,920835973,2026-04-26,12:21:30,销售订单0060245992创建成功开票：0920835973,S,1,成功
ZRTC20260424025,1-7Z1TIE,QC@74140754,12508831,HLB-1665341a-570e-11f0-8cdb-0c42a112278c,1000.0,-477.32,0,60245992,,920835973,2026-04-26,12:21:30,销售订单0060245992创建成功开票：0920835973,S,1,成功
ZRTC20260424025,1-7Z1TIE,QC@74140755,12508831,HLB-1688d42c-570e-11f0-8cdb-0c42a112278c,1000.0,-477.32,0,60245992,,920835973,2026-04-26,12:21:30,销售订单0060245992创建成功开票：0920835973,S,1,成功
ZRTC20260424025,1-7Z1TIE,QC@74140756,12508831,HLB-1688d3ad-570e-11f0-8cdb-0c42a112278c,1000.0,-477.32,0,60245992,,920835973,2026-04-26,12:21:30,销售订单0060245992创建成功开票：0920835973,S,1,成功
ZRTC20260424025,1-7Z1TIE,QC@74140757,12508831,HLB-1688d394-570e-11f0-8cdb-0c42a112278c,1000.0,-477.32,0,60245992,,920835973,2026-04-26,12:21:30,销售订单0060245992创建成功开票：0920835973,S,1,成功
ZRTC20260424025,1-7Z1TIE,QC@74140758,12508831,HLB-16653440-570e-11f0-8cdb-0c42a112278c,1000.0,-477.32,0,60245992,,920835973,2026-04-26,12:21:30,销售订单0060245992创建成功开票：0920835973,S,1,成功
ZRTC20260424025,1-7Z1TIE,QC@74140760,12508831,HLB-1688d415-570e-11f0-8cdb-0c42a112278c,1000.0,-477.32,0,60245992,,920835973,2026-04-26,12:21:30,销售订单0060245992创建成功开票：0920835973,S,1,成功
ZRTC20260424025,1-7Z1TIE,QC@74140761,12508831,HLB-166534be-570e-11f0-8cdb-0c42a112278c,1000.0,-477.32,0,60245992,,920835973,2026-04-26,12:21:30,销售订单0060245992创建成功开票：0920835973,S,1,成功
ZRTC20260424025,1-7Z1TIE,QC@74140763,12508831,HLB-1688d328-570e-11f0-8cdb-0c42a112278c,1000.0,-477.32,0,60245992,,920835973,2026-04-26,12:21:30,销售订单0060245992创建成功开票：0920835973,S,1,成功
ZRTC20260424025,1-7Z1TIE,QC@74140766,12508831,HLB-16653482-570e-11f0-8cdb-0c42a112278c,1000.0,-477.32,0,60245992,,920835973,2026-04-26,12:21:30,销售订单0060245992创建成功开票：0920835973,S,1,成功
ZRTC20260424025,1-7Z1TIE,QC@74140768,12508831,HLB-16653496-570e-11f0-8cdb-0c42a112278c,1000.0,-477.32,0,60245992,,920835973,2026-04-26,12:21:30,销售订单0060245992创建成功开票：0920835973,S,1,成功
ZRTC20260424025,1-7Z1TIE,QC@74231818,12520932,HLB-7aaa131f-5935-11f0-8cdb-0c42a112278c,1000.0,-477.32,0,60245992,,920835973,2026-04-26,12:21:30,销售订单0060245992创建成功开票：0920835973,S,1,成功
ZRTC20260424025,1-7Z1TIE,QC@74231819,12520932,HLB-7aaa1336-5935-11f0-8cdb-0c42a112278c,1000.0,-477.32,0,60245992,,920835973,2026-04-26,12:21:30,销售订单0060245992创建成功开票：0920835973,S,1,成功
ZRTC20260424025,1-7Z1TIE,QC@74231820,12520932,HLB-7aaa12d0-5935-11f0-8cdb-0c42a112278c,1000.0,-477.32,0,60245992,,920835973,2026-04-26,12:21:30,销售订单0060245992创建成功开票：0920835973,S,1,成功
ZRTC20260424025,1-7Z1TIE,QC@74231821,12520932,HLB-7aaa1480-5935-11f0-8cdb-0c42a112278c,1000.0,-477.32,0,60245992,,920835973,2026-04-26,12:21:30,销售订单0060245992创建成功开票：0920835973,S,1,成功
ZRTC20260424025,1-7Z1TIE,QC@74231822,12520932,HLB-7aaa14e3-5935-11f0-8cdb-0c42a112278c,1000.0,-477.32,0,60245992,,920835973,2026-04-26,12:21:30,销售订单0060245992创建成功开票：0920835973,S,1,成功
ZRTC20260424025,1-7Z1TIE,QC@74231823,12520932,HLB-7aaa1494-5935-11f0-8cdb-0c42a112278c,1000.0,-477.32,0,60245992,,920835973,2026-04-26,12:21:30,销售订单0060245992创建成功开票：0920835973,S,1,成功
ZRTC20260424025,1-7Z1TIE,QC@74231824,12520932,HLB-7aaa1352-5935-11f0-8cdb-0c42a112278c,1000.0,-477.32,0,60245992,,920835973,2026-04-26,12:21:30,销售订单0060245992创建成功开票：0920835973,S,1,成功
ZRTC20260424025,1-7Z1TIE,QC@74231825,12520932,HLB-7aaa142b-5935-11f0-8cdb-0c42a112278c,1000.0,-477.32,0,60245992,,920835973,2026-04-26,12:21:30,销售订单0060245992创建成功开票：0920835973,S,1,成功
ZRTC20260424025,1-7Z1TIE,QC@74231826,12520932,HLB-7aaa13ed-5935-11f0-8cdb-0c42a112278c,1000.0,-477.32,0,60245992,,920835973,2026-04-26,12:21:30,销售订单0060245992创建成功开票：0920835973,S,1,成功
ZRTC20260424025,1-7Z1TIE,QC@74231827,12520932,HLB-7aaa14f7-5935-11f0-8cdb-0c42a112278c,1000.0,-477.32,0,60245992,,920835973,2026-04-26,12:21:30,销售订单0060245992创建成功开票：0920835973,S,1,成功
ZRTC20260424025,1-7Z1TIE,QC@74231828,12520932,HLB-7aaa1367-5935-11f0-8cdb-0c42a112278c,1000.0,-477.32,0,60245992,,920835973,2026-04-26,12:21:30,销售订单0060245992创建成功开票：0920835973,S,1,成功
ZRTC20260424025,1-7Z1TIE,QC@74231829,12520932,HLB-7aaa1522-5935-11f0-8cdb-0c42a112278c,1000.0,-477.32,0,60245992,,920835973,2026-04-26,12:21:30,销售订单0060245992创建成功开票：0920835973,S,1,成功
ZRTC20260424025,1-7Z1TIE,QC@74231830,12520932,HLB-7aaa14a7-5935-11f0-8cdb-0c42a112278c,1000.0,-477.32,0,60245992,,920835973,2026-04-26,12:21:30,销售订单0060245992创建成功开票：0920835973,S,1,成功
ZRTC20260424025,1-7Z1TIE,QC@74231831,12520932,HLB-7aaa13a9-5935-11f0-8cdb-0c42a112278c,1000.0,-477.32,0,60245992,,920835973,2026-04-26,12:21:30,销售订单0060245992创建成功开票：0920835973,S,1,成功
ZRTC20260424025,1-7Z1TIE,QC@74231832,12520932,HLB-7aaa1402-5935-11f0-8cdb-0c42a112278c,1000.0,-477.32,0,60245992,,920835973,2026-04-26,12:21:30,销售订单0060245992创建成功开票：0920835973,S,1,成功
ZRTC20260424025,1-7Z1TIE,QC@74231833,12520932,HLB-7aaa137d-5935-11f0-8cdb-0c42a112278c,1000.0,-477.32,0,60245992,,920835973,2026-04-26,12:21:30,销售订单0060245992创建成功开票：0920835973,S,1,成功
ZRTC20260424025,1-7Z1TIE,QC@74231834,12520932,HLB-7aaa1308-5935-11f0-8cdb-0c42a112278c,1000.0,-477.32,0,60245992,,920835973,2026-04-26,12:21:30,销售订单0060245992创建成功开票：0920835973,S,1,成功
ZRTC20260424025,1-7Z1TIE,QC@74231835,12520932,HLB-7aaa121d-5935-11f0-8cdb-0c42a112278c,1000.0,-477.32,0,60245992,,920835973,2026-04-26,12:21:30,销售订单0060245992创建成功开票：0920835973,S,1,成功
ZRTC20260424025,1-7Z1TIE,QC@74231836,12520932,HLB-7aaa14bd-5935-11f0-8cdb-0c42a112278c,1000.0,-477.32,0,60245992,,920835973,2026-04-26,12:21:30,销售订单0060245992创建成功开票：0920835973,S,1,成功
ZRTC20260424025,1-7Z1TIE,QC@74231837,12520932,HLB-7aaa1440-5935-11f0-8cdb-0c42a112278c,1000.0,-477.32,0,60245992,,920835973,2026-04-26,12:21:30,销售订单0060245992创建成功开票：0920835973,S,1,成功
ZRTC20260424025,1-7Z1TIE,QC@74231838,12520932,HLB-7aaa1287-5935-11f0-8cdb-0c42a112278c,1000.0,-477.32,0,60245992,,920835973,2026-04-26,12:21:30,销售订单0060245992创建成功开票：0920835973,S,1,成功
ZRTC20260424025,1-7Z1TIE,QC@74231839,12520932,HLB-7aaa14d0-5935-11f0-8cdb-0c42a112278c,1000.0,-477.32,0,60245992,,920835973,2026-04-26,12:21:30,销售订单0060245992创建成功开票：0920835973,S,1,成功
ZRTC20260424025,1-7Z1TIE,QC@74231840,12520932,HLB-7aaa146b-5935-11f0-8cdb-0c42a112278c,1000.0,-477.32,0,60245992,,920835973,2026-04-26,12:21:30,销售订单0060245992创建成功开票：0920835973,S,1,成功
ZRTC20260424025,1-7Z1TIE,QC@74231841,12520932,HLB-7aaa12a1-5935-11f0-8cdb-0c42a112278c,1000.0,-477.32,0,60245992,,920835973,2026-04-26,12:21:30,销售订单0060245992创建成功开票：0920835973,S,1,成功
ZRTC20260424025,1-7Z1TIE,QC@74231842,12520932,HLB-7aaa1455-5935-11f0-8cdb-0c42a112278c,1000.0,-477.32,0,60245992,,920835973,2026-04-26,12:21:30,销售订单0060245992创建成功开票：0920835973,S,1,成功
ZRTC20260424025,1-7Z1TIE,QC@74231843,12520932,HLB-7aaa1391-5935-11f0-8cdb-0c42a112278c,1000.0,-477.32,0,60245992,,920835973,2026-04-26,12:21:30,销售订单0060245992创建成功开票：0920835973,S,1,成功
ZRTC20260424025,1-7Z1TIE,QC@74231844,12520932,HLB-7aaa12b9-5935-11f0-8cdb-0c42a112278c,1000.0,-477.32,0,60245992,,920835973,2026-04-26,12:21:30,销售订单0060245992创建成功开票：0920835973,S,1,成功
ZRTC20260424025,1-7Z1TIE,QC@74231845,12520932,HLB-7aaa12f3-5935-11f0-8cdb-0c42a112278c,1000.0,-477.32,0,60245992,,920835973,2026-04-26,12:21:30,销售订单0060245992创建成功开票：0920835973,S,1,成功
ZRTC20260424025,1-7Z1TIE,QC@74231846,12520932,HLB-7aaa13d7-5935-11f0-8cdb-0c42a112278c,1000.0,-477.32,0,60245992,,920835973,2026-04-26,12:21:30,销售订单0060245992创建成功开票：0920835973,S,1,成功
ZRTC20260424025,1-7Z1TIE,QC@74231847,12520932,HLB-7aaa1416-5935-11f0-8cdb-0c42a112278c,1000.0,-477.32,0,60245992,,920835973,2026-04-26,12:21:30,销售订单0060245992创建成功开票：0920835973,S,1,成功
ZRTC20260424025,1-7Z1TIE,QC@74604764,12508823,HLB-15bef89c-570e-11f0-8cdb-0c42a112278c,1000.0,-477.32,0,60245992,,920835973,2026-04-26,12:21:30,销售订单0060245992创建成功开票：0920835973,S,1,成功
ZRTC20260424025,1-7Z1TIE,QC@74604766,12508823,HLB-159a72c7-570e-11f0-8cdb-0c42a112278c,1000.0,-477.32,0,60245992,,920835973,2026-04-26,12:21:30,销售订单0060245992创建成功开票：0920835973,S,1,成功
ZRTC20260424025,1-7Z1TIE,QC@74604767,12508823,HLB-159a7369-570e-11f0-8cdb-0c42a112278c,1000.0,-477.32,0,60245992,,920835973,2026-04-26,12:21:30,销售订单0060245992创建成功开票：0920835973,S,1,成功
ZRTC20260424025,1-7Z1TIE,QC@74604769,12508823,HLB-15bef869-570e-11f0-8cdb-0c42a112278c,1000.0,-477.32,0,60245992,,920835973,2026-04-26,12:21:30,销售订单0060245992创建成功开票：0920835973,S,1,成功
ZRTC20260424025,1-7Z1TIE,QC@74604772,12508823,HLB-159a7261-570e-11f0-8cdb-0c42a112278c,1000.0,-477.32,0,60245992,,920835973,2026-04-26,12:21:30,销售订单0060245992创建成功开票：0920835973,S,1,成功
ZRTC20260424025,1-7Z1TIE,QC@74604774,12508823,HLB-159a729c-570e-11f0-8cdb-0c42a112278c,1000.0,-477.32,0,60245992,,920835973,2026-04-26,12:21:30,销售订单0060245992创建成功开票：0920835973,S,1,成功
ZRTC20260424025,1-7Z1TIE,QC@74604776,12508823,HLB-15bef7eb-570e-11f0-8cdb-0c42a112278c,1000.0,-477.32,0,60245992,,920835973,2026-04-26,12:21:30,销售订单0060245992创建成功开票：0920835973,S,1,成功
ZRTC20260424025,1-7Z1TIE,QC@74604777,12508823,HLB-159a724b-570e-11f0-8cdb-0c42a112278c,1000.0,-477.32,0,60245992,,920835973,2026-04-26,12:21:30,销售订单0060245992创建成功开票：0920835973,S,1,成功
ZRTC20260424025,1-7Z1TIE,QC@74604778,12508823,HLB-159a720c-570e-11f0-8cdb-0c42a112278c,1000.0,-477.32,0,60245992,,920835973,2026-04-26,12:21:30,销售订单0060245992创建成功开票：0920835973,S,1,成功
ZRTC20260424025,1-7Z1TIE,QC@74604779,12508823,HLB-15bef837-570e-11f0-8cdb-0c42a112278c,1000.0,-477.32,0,60245992,,920835973,2026-04-26,12:21:30,销售订单0060245992创建成功开票：0920835973,S,1,成功
ZRTC20260424025,1-7Z1TIE,QC@74604784,12508823,HLB-159a72b1-570e-11f0-8cdb-0c42a112278c,1000.0,-477.32,0,60245992,,920835973,2026-04-26,12:21:30,销售订单0060245992创建成功开票：0920835973,S,1,成功
ZRTC20260424025,1-7Z1TIE,QC@74604785,12508823,HLB-15bef850-570e-11f0-8cdb-0c42a112278c,1000.0,-477.32,0,60245992,,920835973,2026-04-26,12:21:30,销售订单0060245992创建成功开票：0920835973,S,1,成功
ZRTC20260424025,1-7Z1TIE,QC@74604788,12508823,HLB-159a7221-570e-11f0-8cdb-0c42a112278c,1000.0,-477.32,0,60245992,,920835973,2026-04-26,12:21:30,销售订单0060245992创建成功开票：0920835973,S,1,成功
ZRTC20260424025,1-7Z1TIE,QC@74604790,12508823,HLB-159a7275-570e-11f0-8cdb-0c42a112278c,1000.0,-477.32,0,60245992,,920835973,2026-04-26,12:21:30,销售订单0060245992创建成功开票：0920835973,S,1,成功
ZRTC20260424025,1-7Z1TIE,QC@74604793,12508823,HLB-159a7237-570e-11f0-8cdb-0c42a112278c,1000.0,-477.32,0,60245992,,920835973,2026-04-26,12:21:30,销售订单0060245992创建成功开票：0920835973,S,1,成功
ZRTC20260424025,1-7Z1TIE,QC@74604799,12508823,HLB-159a7355-570e-11f0-8cdb-0c42a112278c,1000.0,-477.32,0,60245992,,920835973,2026-04-26,12:21:30,销售订单0060245992创建成功开票：0920835973,S,1,成功
ZRTC20260424025,1-7Z1TIE,QC@74604800,12508823,HLB-159a71f5-570e-11f0-8cdb-0c42a112278c,1000.0,-477.32,0,60245992,,920835973,2026-04-26,12:21:30,销售订单0060245992创建成功开票：0920835973,S,1,成功
ZRTC20260424025,1-7Z1TIE,QC@74604801,12508823,HLB-159a71cb-570e-11f0-8cdb-0c42a112278c,1000.0,-477.32,0,60245992,,920835973,2026-04-26,12:21:30,销售订单0060245992创建成功开票：0920835973,S,1,成功
ZRTC20260424025,1-7Z1TIE,QC@74604802,12508823,HLB-15bef883-570e-11f0-8cdb-0c42a112278c,1000.0,-477.32,0,60245992,,920835973,2026-04-26,12:21:30,销售订单0060245992创建成功开票：0920835973,S,1,成功
ZRTC20260424025,1-7Z1TIE,QC@74604803,12508823,HLB-159a7316-570e-11f0-8cdb-0c42a112278c,1000.0,-477.32,0,60245992,,920835973,2026-04-26,12:21:30,销售订单0060245992创建成功开票：0920835973,S,1,成功
ZRTC20260424025,1-7Z1TIE,QC@74604810,12508823,HLB-15bef8b7-570e-11f0-8cdb-0c42a112278c,1000.0,-477.32,0,60245992,,920835973,2026-04-26,12:21:30,销售订单0060245992创建成功开票：0920835973,S,1,成功
ZRTC20260424025,1-7Z1TIE,QC@74604811,12508823,HLB-159a72fd-570e-11f0-8cdb-0c42a112278c,1000.0,-477.32,0,60245992,,920835973,2026-04-26,12:21:30,销售订单0060245992创建成功开票：0920835973,S,1,成功
ZRTC20260424025,1-7Z1TIE,QC@74604813,12508823,HLB-15bef8eb-570e-11f0-8cdb-0c42a112278c,1000.0,-477.32,0,60245992,,920835973,2026-04-26,12:21:30,销售订单0060245992创建成功开票：0920835973,S,1,成功
ZRTC20260424025,1-7Z1TIE,QC@74604815,12508823,HLB-15bef907-570e-11f0-8cdb-0c42a112278c,1000.0,-477.32,0,60245992,,920835973,2026-04-26,12:21:30,销售订单0060245992创建成功开票：0920835973,S,1,成功
ZRTC20260424025,1-7Z1TIE,QC@74604816,12508823,HLB-15bef8d3-570e-11f0-8cdb-0c42a112278c,1000.0,-477.32,0,60245992,,920835973,2026-04-26,12:21:30,销售订单0060245992创建成功开票：0920835973,S,1,成功
ZRTC20260424025,1-7Z1TIE,QC@74604817,12508823,HLB-159a72e3-570e-11f0-8cdb-0c42a112278c,1000.0,-477.32,0,60245992,,920835973,2026-04-26,12:21:30,销售订单0060245992创建成功开票：0920835973,S,1,成功
ZRTC20260424025,1-7Z1TIE,QC@74604818,12508823,HLB-159a7288-570e-11f0-8cdb-0c42a112278c,1000.0,-477.32,0,60245992,,920835973,2026-04-26,12:21:30,销售订单0060245992创建成功开票：0920835973,S,1,成功
ZRTC20260424025,1-7Z1TIE,QC@74604820,12508823,HLB-159a732b-570e-11f0-8cdb-0c42a112278c,1000.0,-477.32,0,60245992,,920835973,2026-04-26,12:21:30,销售订单0060245992创建成功开票：0920835973,S,1,成功
ZRTC20260424025,1-7Z1TIE,QC@74604822,12508823,HLB-159a71e0-570e-11f0-8cdb-0c42a112278c,1000.0,-477.32,0,60245992,,920835973,2026-04-26,12:21:30,销售订单0060245992创建成功开票：0920835973,S,1,成功
ZRTC20260424025,1-7Z1TIE,QC@74604823,12508823,HLB-159a7340-570e-11f0-8cdb-0c42a112278c,1000.0,-477.32,0,60245992,,920835973,2026-04-26,12:21:30,销售订单0060245992创建成功开票：0920835973,S,1,成功
ZRTC20260424025,1-7Z1TIE,QC@74655438,12506578,HLB-ab6f7709-56e9-11f0-8cdb-0c42a112278c,1000.0,-477.32,0,60245992,,920835973,2026-04-26,12:21:30,销售订单0060245992创建成功开票：0920835973,S,1,成功
ZRTC20260424025,1-7Z1TIE,QC@74655439,12506578,HLB-ab6f772b-56e9-11f0-8cdb-0c42a112278c,1000.0,-477.32,0,60245992,,920835973,2026-04-26,12:21:30,销售订单0060245992创建成功开票：0920835973,S,1,成功
ZRTC20260424025,1-7Z1TIE,QC@74655440,12506578,HLB-ab6f75bd-56e9-11f0-8cdb-0c42a112278c,1000.0,-477.32,0,60245992,,920835973,2026-04-26,12:21:30,销售订单0060245992创建成功开票：0920835973,S,1,成功
ZRTC20260424025,1-7Z1TIE,QC@74655442,12506578,HLB-ab6f764e-56e9-11f0-8cdb-0c42a112278c,1000.0,-477.32,0,60245992,,920835973,2026-04-26,12:21:30,销售订单0060245992创建成功开票：0920835973,S,1,成功
ZRTC20260424025,1-7Z1TIE,QC@74655449,12506578,HLB-ab6f75e8-56e9-11f0-8cdb-0c42a112278c,1000.0,-477.32,0,60245992,,920835973,2026-04-26,12:21:30,销售订单0060245992创建成功开票：0920835973,S,1,成功
ZRTC20260424025,1-7Z1TIE,QC@74655451,12506578,HLB-ab6f7763-56e9-11f0-8cdb-0c42a112278c,1000.0,-477.32,0,60245992,,920835973,2026-04-26,12:21:30,销售订单0060245992创建成功开票：0920835973,S,1,成功
ZRTC20260424025,1-7Z1TIE,QC@74655452,12506578,HLB-ab6f75d3-56e9-11f0-8cdb-0c42a112278c,1000.0,-477.32,0,60245992,,920835973,2026-04-26,12:21:30,销售订单0060245992创建成功开票：0920835973,S,1,成功
ZRTC20260424025,1-7Z1TIE,QC@74655453,12506578,HLB-ab6f76dc-56e9-11f0-8cdb-0c42a112278c,1000.0,-477.32,0,60245992,,920835973,2026-04-26,12:21:30,销售订单0060245992创建成功开票：0920835973,S,1,成功
ZRTC20260424025,1-7Z1TIE,QC@74655454,12506578,HLB-ab6f75fe-56e9-11f0-8cdb-0c42a112278c,1000.0,-477.32,0,60245992,,920835973,2026-04-26,12:21:30,销售订单0060245992创建成功开票：0920835973,S,1,成功
ZRTC20260424025,1-7Z1TIE,QC@74655455,12506578,HLB-ab6f7639-56e9-11f0-8cdb-0c42a112278c,1000.0,-477.32,0,60245992,,920835973,2026-04-26,12:21:30,销售订单0060245992创建成功开票：0920835973,S,1,成功
ZRTC20260424025,1-7Z1TIE,QC@74655457,12506578,HLB-ab6f7612-56e9-11f0-8cdb-0c42a112278c,1000.0,-477.32,0,60245992,,920835973,2026-04-26,12:21:30,销售订单0060245992创建成功开票：0920835973,S,1,成功
ZRTC20260424025,1-7Z1TIE,QC@74655458,12506578,HLB-ab6f7747-56e9-11f0-8cdb-0c42a112278c,1000.0,-477.32,0,60245992,,920835973,2026-04-26,12:21:30,销售订单0060245992创建成功开票：0920835973,S,1,成功
ZRTC20260424025,1-7Z1TIE,QC@74655462,12506578,HLB-ab6f76f0-56e9-11f0-8cdb-0c42a112278c,1000.0,-477.32,0,60245992,,920835973,2026-04-26,12:21:30,销售订单0060245992创建成功开票：0920835973,S,1,成功
ZRTC20260424025,1-7Z1TIE,QC@74655464,12506578,HLB-ab6f7626-56e9-11f0-8cdb-0c42a112278c,1000.0,-477.32,0,60245992,,920835973,2026-04-26,12:21:30,销售订单0060245992创建成功开票：0920835973,S,1,成功
ZRTC20260424025,1-7Z1TIE,QC@74655469,12506578,HLB-ab6f76b4-56e9-11f0-8cdb-0c42a112278c,1000.0,-477.32,0,60245992,,920835973,2026-04-26,12:21:30,销售订单0060245992创建成功开票：0920835973,S,1,成功
ZRTC20260424025,1-7Z1TIE,QC@74655470,12506578,HLB-ab6f76c8-56e9-11f0-8cdb-0c42a112278c,1000.0,-477.32,0,60245992,,920835973,2026-04-26,12:21:30,销售订单0060245992创建成功开票：0920835973,S,1,成功
ZRTC20260424025,1-7Z1TIE,QC@74655472,12506578,HLB-ab6f76a0-56e9-11f0-8cdb-0c42a112278c,1000.0,-477.32,0,60245992,,920835973,2026-04-26,12:21:30,销售订单0060245992创建成功开票：0920835973,S,1,成功
ZRTC20260424025,1-7Z1TIE,QC@74655474,12506578,HLB-ab6f7662-56e9-11f0-8cdb-0c42a112278c,1000.0,-477.32,0,60245992,,920835973,2026-04-26,12:21:30,销售订单0060245992创建成功开票：0920835973,S,1,成功
ZRTC20260424025,1-7Z1TIE,QC@74655475,12506578,HLB-ab6f768c-56e9-11f0-8cdb-0c42a112278c,1000.0,-477.32,0,60245992,,920835973,2026-04-26,12:21:30,销售订单0060245992创建成功开票：0920835973,S,1,成功
ZRTC20260424025,1-7Z1TIE,QC@74964238,12654598,HLB-0bdf947e-69e9-11f0-8cdb-0c42a112278c,1000.0,-477.32,0,60245992,,920835973,2026-04-26,12:21:30,销售订单0060245992创建成功开票：0920835973,S,1,成功
ZRTC20260424025,1-7Z1TIE,QC@74964239,12654598,HLB-0bdf936c-69e9-11f0-8cdb-0c42a112278c,1000.0,-477.32,0,60245992,,920835973,2026-04-26,12:21:30,销售订单0060245992创建成功开票：0920835973,S,1,成功
ZRTC20260424025,1-7Z1TIE,QC@74964240,12654598,HLB-0bdf952c-69e9-11f0-8cdb-0c42a112278c,1000.0,-477.32,0,60245992,,920835973,2026-04-26,12:21:30,销售订单0060245992创建成功开票：0920835973,S,1,成功
ZRTC20260424025,1-7Z1TIE,QC@74964243,12654598,HLB-0bdf94e4-69e9-11f0-8cdb-0c42a112278c,1000.0,-477.32,0,60245992,,920835973,2026-04-26,12:21:30,销售订单0060245992创建成功开票：0920835973,S,1,成功
ZRTC20260424025,1-7Z1TIE,QC@74964245,12654598,HLB-0bdf940f-69e9-11f0-8cdb-0c42a112278c,1000.0,-477.32,0,60245992,,920835973,2026-04-26,12:21:30,销售订单0060245992创建成功开票：0920835973,S,1,成功
ZRTC20260424025,1-7Z1TIE,QC@74964248,12654598,HLB-0bdf93cb-69e9-11f0-8cdb-0c42a112278c,1000.0,-477.32,0,60245992,,920835973,2026-04-26,12:21:30,销售订单0060245992创建成功开票：0920835973,S,1,成功
ZRTC20260424025,1-7Z1TIE,QC@74964249,12654598,HLB-0bdf9440-69e9-11f0-8cdb-0c42a112278c,1000.0,-477.32,0,60245992,,920835973,2026-04-26,12:21:30,销售订单0060245992创建成功开票：0920835973,S,1,成功
ZRTC20260424025,1-7Z1TIE,QC@74964250,12654598,HLB-0bdf93a1-69e9-11f0-8cdb-0c42a112278c,1000.0,-477.32,0,60245992,,920835973,2026-04-26,12:21:30,销售订单0060245992创建成功开票：0920835973,S,1,成功
ZRTC20260424025,1-7Z1TIE,QC@74964253,12654598,HLB-0bdf9306-69e9-11f0-8cdb-0c42a112278c,1000.0,-477.32,0,60245992,,920835973,2026-04-26,12:21:30,销售订单0060245992创建成功开票：0920835973,S,1,成功
ZRTC20260424025,1-7Z1TIE,QC@74964254,12654598,HLB-0bdf931f-69e9-11f0-8cdb-0c42a112278c,1000.0,-477.32,0,60245992,,920835973,2026-04-26,12:21:30,销售订单0060245992创建成功开票：0920835973,S,1,成功
ZRTC20260424025,1-7Z1TIE,QC@74964258,12654598,HLB-0bdf93e3-69e9-11f0-8cdb-0c42a112278c,1000.0,-477.32,0,60245992,,920835973,2026-04-26,12:21:30,销售订单0060245992创建成功开票：0920835973,S,1,成功
ZRTC20260424025,1-7Z1TIE,QC@74964259,12654598,HLB-0bdf93fc-69e9-11f0-8cdb-0c42a112278c,1000.0,-477.32,0,60245992,,920835973,2026-04-26,12:21:30,销售订单0060245992创建成功开票：0920835973,S,1,成功
ZRTC20260424025,1-7Z1TIE,QC@74964260,12654598,HLB-0bdf929e-69e9-11f0-8cdb-0c42a112278c,1000.0,-477.32,0,60245992,,920835973,2026-04-26,12:21:30,销售订单0060245992创建成功开票：0920835973,S,1,成功
ZRTC20260424025,1-7Z1TIE,QC@74964263,12654598,HLB-0bdf9427-69e9-11f0-8cdb-0c42a112278c,1000.0,-477.32,0,60245992,,920835973,2026-04-26,12:21:30,销售订单0060245992创建成功开票：0920835973,S,1,成功
ZRTC20260424025,1-7Z1TIE,QC@74964265,12654598,HLB-0bdf9568-69e9-11f0-8cdb-0c42a112278c,1000.0,-477.32,0,60245992,,920835973,2026-04-26,12:21:30,销售订单0060245992创建成功开票：0920835973,S,1,成功
ZRTC20260424025,1-7Z1TIE,QC@74964266,12654598,HLB-0bdf946a-69e9-11f0-8cdb-0c42a112278c,1000.0,-477.32,0,60245992,,920835973,2026-04-26,12:21:30,销售订单0060245992创建成功开票：0920835973,S,1,成功
ZRTC20260424025,1-7Z1TIE,QC@74964270,12654598,HLB-0bdf9516-69e9-11f0-8cdb-0c42a112278c,1000.0,-477.32,0,60245992,,920835973,2026-04-26,12:21:30,销售订单0060245992创建成功开票：0920835973,S,1,成功
ZRTC20260424025,1-7Z1TIE,QC@74964271,12654598,HLB-0bdf9457-69e9-11f0-8cdb-0c42a112278c,1000.0,-477.32,0,60245992,,920835973,2026-04-26,12:21:30,销售订单0060245992创建成功开票：0920835973,S,1,成功
ZRTC20260424025,1-7Z1TIE,QC@74964272,12654598,HLB-0bdf93b7-69e9-11f0-8cdb-0c42a112278c,1000.0,-477.32,0,60245992,,920835973,2026-04-26,12:21:30,销售订单0060245992创建成功开票：0920835973,S,1,成功
ZRTC20260424025,1-7Z1TIE,QC@74964273,12654598,HLB-0bdf953f-69e9-11f0-8cdb-0c42a112278c,1000.0,-477.32,0,60245992,,920835973,2026-04-26,12:21:30,销售订单0060245992创建成功开票：0920835973,S,1,成功
ZRTC20260424025,1-7Z1TIE,QC@74964275,12654598,HLB-0bdf9354-69e9-11f0-8cdb-0c42a112278c,1000.0,-477.32,0,60245992,,920835973,2026-04-26,12:21:30,销售订单0060245992创建成功开票：0920835973,S,1,成功
ZRTC20260424025,1-7Z1TIE,QC@74964276,12654598,HLB-0bdf92ec-69e9-11f0-8cdb-0c42a112278c,1000.0,-477.32,0,60245992,,920835973,2026-04-26,12:21:30,销售订单0060245992创建成功开票：0920835973,S,1,成功
ZRTC20260424025,1-7Z1TIE,QC@74964280,12654598,HLB-0bdf9492-69e9-11f0-8cdb-0c42a112278c,1000.0,-477.32,0,60245992,,920835973,2026-04-26,12:21:30,销售订单0060245992创建成功开票：0920835973,S,1,成功
ZRTC20260424025,1-7Z1TIE,QC@74964284,12654598,HLB-0bdf9553-69e9-11f0-8cdb-0c42a112278c,1000.0,-477.32,0,60245992,,920835973,2026-04-26,12:21:30,销售订单0060245992创建成功开票：0920835973,S,1,成功
ZRTC20260424025,1-7Z1TIE,QC@74964286,12654598,HLB-0bdf94a7-69e9-11f0-8cdb-0c42a112278c,1000.0,-477.32,0,60245992,,920835973,2026-04-26,12:21:30,销售订单0060245992创建成功开票：0920835973,S,1,成功
ZRTC20260424025,1-7Z1TIE,QC@74964290,12654598,HLB-0bdf9339-69e9-11f0-8cdb-0c42a112278c,1000.0,-477.32,0,60245992,,920835973,2026-04-26,12:21:30,销售订单0060245992创建成功开票：0920835973,S,1,成功
ZRTC20260424025,1-7Z1TIE,QC@74964291,12654598,HLB-0bdf94cf-69e9-11f0-8cdb-0c42a112278c,1000.0,-477.32,0,60245992,,920835973,2026-04-26,12:21:30,销售订单0060245992创建成功开票：0920835973,S,1,成功
ZRTC20260424025,1-7Z1TIE,QC@74964292,12654598,HLB-0bdf9389-69e9-11f0-8cdb-0c42a112278c,1000.0,-477.32,0,60245992,,920835973,2026-04-26,12:21:30,销售订单0060245992创建成功开票：0920835973,S,1,成功
ZRTC20260424025,1-7Z1TIE,QC@74964293,12654598,HLB-0bdf94f8-69e9-11f0-8cdb-0c42a112278c,1000.0,-477.32,0,60245992,,920835973,2026-04-26,12:21:30,销售订单0060245992创建成功开票：0920835973,S,1,成功
ZRTC20260424025,1-7Z1TIE,QC@74964294,12654598,HLB-0bdf94bb-69e9-11f0-8cdb-0c42a112278c,1000.0,-477.32,0,60245992,,920835973,2026-04-26,12:21:30,销售订单0060245992创建成功开票：0920835973,S,1,成功
ZRTC20260424025,1-7Z1TIE,QC@75034913,12377688,HLB-ecec23fc-4f2f-11f0-8cdb-0c42a112278c,1000.0,-477.32,0,60245992,,920835973,2026-04-26,12:21:30,销售订单0060245992创建成功开票：0920835973,S,1,成功
ZRTC20260424025,1-7Z1TIE,QC@75034914,12377688,HLB-ecc7c007-4f2f-11f0-8cdb-0c42a112278c,1000.0,-477.32,0,60245992,,920835973,2026-04-26,12:21:30,销售订单0060245992创建成功开票：0920835973,S,1,成功
ZRTC20260424025,1-7Z1TIE,QC@75034915,12377688,HLB-ecc7c045-4f2f-11f0-8cdb-0c42a112278c,1000.0,-477.32,0,60245992,,920835973,2026-04-26,12:21:30,销售订单0060245992创建成功开票：0920835973,S,1,成功
ZRTC20260424025,1-7Z1TIE,QC@75034916,12377688,HLB-ecc7c084-4f2f-11f0-8cdb-0c42a112278c,1000.0,-477.32,0,60245992,,920835973,2026-04-26,12:21:30,销售订单0060245992创建成功开票：0920835973,S,1,成功
ZRTC20260424025,1-7Z1TIE,QC@75034917,12377688,HLB-ecec2377-4f2f-11f0-8cdb-0c42a112278c,1000.0,-477.32,0,60245992,,920835973,2026-04-26,12:21:30,销售订单0060245992创建成功开票：0920835973,S,1,成功
ZRTC20260424025,1-7Z1TIE,QC@75034918,12377688,HLB-ecc7bfa2-4f2f-11f0-8cdb-0c42a112278c,1000.0,-477.32,0,60245992,,920835973,2026-04-26,12:21:30,销售订单0060245992创建成功开票：0920835973,S,1,成功
ZRTC20260424025,1-7Z1TIE,QC@75034919,12377688,HLB-ecc7c06e-4f2f-11f0-8cdb-0c42a112278c,1000.0,-477.32,0,60245992,,920835973,2026-04-26,12:21:30,销售订单0060245992创建成功开票：0920835973,S,1,成功
ZRTC20260424025,1-7Z1TIE,QC@75034920,12377688,HLB-ecc7c059-4f2f-11f0-8cdb-0c42a112278c,1000.0,-477.32,0,60245992,,920835973,2026-04-26,12:21:30,销售订单0060245992创建成功开票：0920835973,S,1,成功
ZRTC20260424025,1-7Z1TIE,QC@75034921,12377688,HLB-ecec23e4-4f2f-11f0-8cdb-0c42a112278c,1000.0,-477.32,0,60245992,,920835973,2026-04-26,12:21:30,销售订单0060245992创建成功开票：0920835973,S,1,成功
ZRTC20260424025,1-7Z1TIE,QC@75034922,12377688,HLB-ecc7c030-4f2f-11f0-8cdb-0c42a112278c,1000.0,-477.32,0,60245992,,920835973,2026-04-26,12:21:30,销售订单0060245992创建成功开票：0920835973,S,1,成功
ZRTC20260424025,1-7Z1TIE,QC@75034923,12377688,HLB-ecec23ac-4f2f-11f0-8cdb-0c42a112278c,1000.0,-477.32,0,60245992,,920835973,2026-04-26,12:21:30,销售订单0060245992创建成功开票：0920835973,S,1,成功
ZRTC20260424025,1-7Z1TIE,QC@75034924,12377688,HLB-ecc7bfb6-4f2f-11f0-8cdb-0c42a112278c,1000.0,-477.32,0,60245992,,920835973,2026-04-26,12:21:30,销售订单0060245992创建成功开票：0920835973,S,1,成功
ZRTC20260424025,1-7Z1TIE,QC@75034925,12377688,HLB-ecc7c01b-4f2f-11f0-8cdb-0c42a112278c,1000.0,-477.32,0,60245992,,920835973,2026-04-26,12:21:30,销售订单0060245992创建成功开票：0920835973,S,1,成功
ZRTC20260424025,1-7Z1TIE,QC@75034926,12377688,HLB-ecec2342-4f2f-11f0-8cdb-0c42a112278c,1000.0,-477.32,0,60245992,,920835973,2026-04-26,12:21:30,销售订单0060245992创建成功开票：0920835973,S,1,成功
ZRTC20260424025,1-7Z1TIE,QC@75034927,12377688,HLB-ecec23c5-4f2f-11f0-8cdb-0c42a112278c,1000.0,-477.32,0,60245992,,920835973,2026-04-26,12:21:30,销售订单0060245992创建成功开票：0920835973,S,1,成功
ZRTC20260424025,1-7Z1TIE,QC@75034928,12377688,HLB-ecec2325-4f2f-11f0-8cdb-0c42a112278c,1000.0,-477.32,0,60245992,,920835973,2026-04-26,12:21:30,销售订单0060245992创建成功开票：0920835973,S,1,成功
ZRTC20260424025,1-7Z1TIE,QC@75034929,12377688,HLB-ecec2390-4f2f-11f0-8cdb-0c42a112278c,1000.0,-477.32,0,60245992,,920835973,2026-04-26,12:21:30,销售订单0060245992创建成功开票：0920835973,S,1,成功
ZRTC20260424025,1-7Z1TIE,QC@75034931,12377688,HLB-ecc7bff4-4f2f-11f0-8cdb-0c42a112278c,1000.0,-477.32,0,60245992,,920835973,2026-04-26,12:21:30,销售订单0060245992创建成功开票：0920835973,S,1,成功
ZRTC20260424025,1-7Z1TIE,QC@75034932,12377688,HLB-ecec22bd-4f2f-11f0-8cdb-0c42a112278c,1000.0,-477.32,0,60245992,,920835973,2026-04-26,12:21:30,销售订单0060245992创建成功开票：0920835973,S,1,成功
ZRTC20260424025,1-7Z1TIE,QC@75429467,12287989,HLB-7fe93531-4a68-11f0-8cdb-0c42a112278c,1000.0,-477.32,0,60245992,,920835973,2026-04-26,12:21:30,销售订单0060245992创建成功开票：0920835973,S,1,成功
ZRTC20260424025,1-7Z1TIE,QC@75429468,12287989,HLB-7fe933e4-4a68-11f0-8cdb-0c42a112278c,1000.0,-477.32,0,60245992,,920835973,2026-04-26,12:21:30,销售订单0060245992创建成功开票：0920835973,S,1,成功
ZRTC20260424025,1-7Z1TIE,QC@75429469,12287989,HLB-7fe934ca-4a68-11f0-8cdb-0c42a112278c,1000.0,-477.32,0,60245992,,920835973,2026-04-26,12:21:30,销售订单0060245992创建成功开票：0920835973,S,1,成功
ZRTC20260424025,1-7Z1TIE,QC@75429470,12287989,HLB-7fe93412-4a68-11f0-8cdb-0c42a112278c,1000.0,-477.32,0,60245992,,920835973,2026-04-26,12:21:30,销售订单0060245992创建成功开票：0920835973,S,1,成功
ZRTC20260424025,1-7Z1TIE,QC@75429471,12287989,HLB-7fe933fa-4a68-11f0-8cdb-0c42a112278c,1000.0,-477.32,0,60245992,,920835973,2026-04-26,12:21:30,销售订单0060245992创建成功开票：0920835973,S,1,成功
ZRTC20260424025,1-7Z1TIE,QC@75429472,12287989,HLB-7fe934b4-4a68-11f0-8cdb-0c42a112278c,1000.0,-477.32,0,60245992,,920835973,2026-04-26,12:21:30,销售订单0060245992创建成功开票：0920835973,S,1,成功
ZRTC20260424025,1-7Z1TIE,QC@75429473,12287989,HLB-7fe93486-4a68-11f0-8cdb-0c42a112278c,1000.0,-477.32,0,60245992,,920835973,2026-04-26,12:21:30,销售订单0060245992创建成功开票：0920835973,S,1,成功
ZRTC20260424025,1-7Z1TIE,QC@75429474,12287989,HLB-7fe9351c-4a68-11f0-8cdb-0c42a112278c,1000.0,-477.32,0,60245992,,920835973,2026-04-26,12:21:30,销售订单0060245992创建成功开票：0920835973,S,1,成功
ZRTC20260424025,1-7Z1TIE,QC@75429476,12287989,HLB-7fe93456-4a68-11f0-8cdb-0c42a112278c,1000.0,-477.32,0,60245992,,920835973,2026-04-26,12:21:30,销售订单0060245992创建成功开票：0920835973,S,1,成功
ZRTC20260424025,1-7Z1TIE,QC@75429477,12287989,HLB-7fe93471-4a68-11f0-8cdb-0c42a112278c,1000.0,-477.32,0,60245992,,920835973,2026-04-26,12:21:30,销售订单0060245992创建成功开票：0920835973,S,1,成功
ZRTC20260424025,1-7Z1TIE,QC@75429478,12287989,HLB-7fe934de-4a68-11f0-8cdb-0c42a112278c,1000.0,-477.32,0,60245992,,920835973,2026-04-26,12:21:30,销售订单0060245992创建成功开票：0920835973,S,1,成功
ZRTC20260424025,1-7Z1TIE,QC@75429479,12287989,HLB-7fe9355d-4a68-11f0-8cdb-0c42a112278c,1000.0,-477.32,0,60245992,,920835973,2026-04-26,12:21:30,销售订单0060245992创建成功开票：0920835973,S,1,成功
ZRTC20260424025,1-7Z1TIE,QC@75429480,12287989,HLB-7fe933ce-4a68-11f0-8cdb-0c42a112278c,1000.0,-477.32,0,60245992,,920835973,2026-04-26,12:21:30,销售订单0060245992创建成功开票：0920835973,S,1,成功
ZRTC20260424025,1-7Z1TIE,QC@75429481,12287989,HLB-7fe9343d-4a68-11f0-8cdb-0c42a112278c,1000.0,-477.32,0,60245992,,920835973,2026-04-26,12:21:30,销售订单0060245992创建成功开票：0920835973,S,1,成功
ZRTC20260424025,1-7Z1TIE,QC@75429482,12287989,HLB-7fe93425-4a68-11f0-8cdb-0c42a112278c,1000.0,-477.32,0,60245992,,920835973,2026-04-26,12:21:30,销售订单0060245992创建成功开票：0920835973,S,1,成功
ZRTC20260424025,1-7Z1TIE,QC@75429483,12287989,HLB-7fe93570-4a68-11f0-8cdb-0c42a112278c,1000.0,-477.32,0,60245992,,920835973,2026-04-26,12:21:30,销售订单0060245992创建成功开票：0920835973,S,1,成功
ZRTC20260424025,1-7Z1TIE,QC@75429484,12287989,HLB-7fe9349d-4a68-11f0-8cdb-0c42a112278c,1000.0,-477.32,0,60245992,,920835973,2026-04-26,12:21:30,销售订单0060245992创建成功开票：0920835973,S,1,成功
ZRTC20260424025,1-7Z1TIE,QC@75429485,12287989,HLB-7fe93546-4a68-11f0-8cdb-0c42a112278c,1000.0,-477.32,0,60245992,,920835973,2026-04-26,12:21:30,销售订单0060245992创建成功开票：0920835973,S,1,成功
ZRTC20260424025,1-7Z1TIE,QC@75429486,12287989,HLB-7fe93507-4a68-11f0-8cdb-0c42a112278c,1000.0,-477.32,0,60245992,,920835973,2026-04-26,12:21:30,销售订单0060245992创建成功开票：0920835973,S,1,成功
ZRTC20260424025,1-7Z1TIE,QC@75945010,12549584,HLB-6ecc380e-5d4a-11f0-8cdb-0c42a112278c,1000.0,-477.32,0,60245992,,920835973,2026-04-26,12:21:30,销售订单0060245992创建成功开票：0920835973,S,1,成功
ZRTC20260424025,1-7Z1TIE,QC@75945011,12549584,HLB-6ecc37e1-5d4a-11f0-8cdb-0c42a112278c,1000.0,-477.32,0,60245992,,920835973,2026-04-26,12:21:30,销售订单0060245992创建成功开票：0920835973,S,1,成功
ZRTC20260424025,1-7Z1TIE,QC@75945012,12549584,HLB-6ecc37f7-5d4a-11f0-8cdb-0c42a112278c,1000.0,-477.32,0,60245992,,920835973,2026-04-26,12:21:30,销售订单0060245992创建成功开票：0920835973,S,1,成功
ZRTC20260424025,1-7Z1TIE,QC@75945013,12549584,HLB-6ecc37b7-5d4a-11f0-8cdb-0c42a112278c,1000.0,-477.32,0,60245992,,920835973,2026-04-26,12:21:30,销售订单0060245992创建成功开票：0920835973,S,1,成功
ZRTC20260424025,1-7Z1TIE,QC@75945016,12549584,HLB-6ecc376b-5d4a-11f0-8cdb-0c42a112278c,1000.0,-477.32,0,60245992,,920835973,2026-04-26,12:21:30,销售订单0060245992创建成功开票：0920835973,S,1,成功
ZRTC20260424025,1-7Z1TIE,QC@76379684,12506580,HLB-ab94d589-56e9-11f0-8cdb-0c42a112278c,1000.0,-477.32,0,60245992,,920835973,2026-04-26,12:21:30,销售订单0060245992创建成功开票：0920835973,S,1,成功
ZRTC20260424025,1-7Z1TIE,QC@76379685,12506580,HLB-ab94d5b3-56e9-11f0-8cdb-0c42a112278c,1000.0,-477.32,0,60245992,,920835973,2026-04-26,12:21:30,销售订单0060245992创建成功开票：0920835973,S,1,成功
ZRTC20260424025,1-7Z1TIE,QC@76379688,12506580,HLB-abb7cb11-56e9-11f0-8cdb-0c42a112278c,1000.0,-477.32,0,60245992,,920835973,2026-04-26,12:21:30,销售订单0060245992创建成功开票：0920835973,S,1,成功
ZRTC20260424025,1-7Z1TIE,QC@76379689,12506580,HLB-abb7cbcc-56e9-11f0-8cdb-0c42a112278c,1000.0,-477.32,0,60245992,,920835973,2026-04-26,12:21:30,销售订单0060245992创建成功开票：0920835973,S,1,成功
ZRTC20260424025,1-7Z1TIE,QC@76379690,12506580,HLB-abb7cbb0-56e9-11f0-8cdb-0c42a112278c,1000.0,-477.32,0,60245992,,920835973,2026-04-26,12:21:30,销售订单0060245992创建成功开票：0920835973,S,1,成功
ZRTC20260424025,1-7Z1TIE,QC@76379692,12506580,HLB-ab94d507-56e9-11f0-8cdb-0c42a112278c,1000.0,-477.32,0,60245992,,920835973,2026-04-26,12:21:30,销售订单0060245992创建成功开票：0920835973,S,1,成功
ZRTC20260424025,1-7Z1TIE,QC@76379693,12506580,HLB-ab94d55b-56e9-11f0-8cdb-0c42a112278c,1000.0,-477.32,0,60245992,,920835973,2026-04-26,12:21:30,销售订单0060245992创建成功开票：0920835973,S,1,成功
ZRTC20260424025,1-7Z1TIE,QC@76379694,12506580,HLB-abb7cc06-56e9-11f0-8cdb-0c42a112278c,1000.0,-477.32,0,60245992,,920835973,2026-04-26,12:21:30,销售订单0060245992创建成功开票：0920835973,S,1,成功
ZRTC20260424025,1-7Z1TIE,QC@76379700,12506580,HLB-ab94d534-56e9-11f0-8cdb-0c42a112278c,1000.0,-477.32,0,60245992,,920835973,2026-04-26,12:21:30,销售订单0060245992创建成功开票：0920835973,S,1,成功
ZRTC20260424025,1-7Z1TIE,QC@76379703,12506580,HLB-ab94d570-56e9-11f0-8cdb-0c42a112278c,1000.0,-477.32,0,60245992,,920835973,2026-04-26,12:21:30,销售订单0060245992创建成功开票：0920835973,S,1,成功
ZRTC20260424025,1-7Z1TIE,QC@76379704,12506580,HLB-abb7cb97-56e9-11f0-8cdb-0c42a112278c,1000.0,-477.32,0,60245992,,920835973,2026-04-26,12:21:30,销售订单0060245992创建成功开票：0920835973,S,1,成功
ZRTC20260424025,1-7Z1TIE,QC@76379705,12506580,HLB-abb7cbe8-56e9-11f0-8cdb-0c42a112278c,1000.0,-477.32,0,60245992,,920835973,2026-04-26,12:21:30,销售订单0060245992创建成功开票：0920835973,S,1,成功
ZRTC20260424025,1-7Z1TIE,QC@76379706,12506580,HLB-ab94d521-56e9-11f0-8cdb-0c42a112278c,1000.0,-477.32,0,60245992,,920835973,2026-04-26,12:21:30,销售订单0060245992创建成功开票：0920835973,S,1,成功
ZRTC20260424025,1-7Z1TIE,QC@76379707,12506580,HLB-ab94d547-56e9-11f0-8cdb-0c42a112278c,1000.0,-477.32,0,60245992,,920835973,2026-04-26,12:21:30,销售订单0060245992创建成功开票：0920835973,S,1,成功
ZRTC20260424025,1-7Z1TIE,QC@76379711,12506580,HLB-ab94d59e-56e9-11f0-8cdb-0c42a112278c,1000.0,-477.32,0,60245992,,920835973,2026-04-26,12:21:30,销售订单0060245992创建成功开票：0920835973,S,1,成功
ZRTC20260424025,1-7Z1TIE,QC@76379712,12506580,HLB-abb7cb5b-56e9-11f0-8cdb-0c42a112278c,1000.0,-477.32,0,60245992,,920835973,2026-04-26,12:21:30,销售订单0060245992创建成功开票：0920835973,S,1,成功
ZRTC20260424025,1-7Z1TIE,QC@76379715,12506580,HLB-abb7caa0-56e9-11f0-8cdb-0c42a112278c,1000.0,-477.32,0,60245992,,920835973,2026-04-26,12:21:30,销售订单0060245992创建成功开票：0920835973,S,1,成功
ZRTC20260424025,1-7Z1TIE,QC@76379716,12506580,HLB-abb7cb42-56e9-11f0-8cdb-0c42a112278c,1000.0,-477.32,0,60245992,,920835973,2026-04-26,12:21:30,销售订单0060245992创建成功开票：0920835973,S,1,成功
ZRTC20260424025,1-7Z1TIE,QC@76379720,12506580,HLB-abb7cb29-56e9-11f0-8cdb-0c42a112278c,1000.0,-477.32,0,60245992,,920835973,2026-04-26,12:21:30,销售订单0060245992创建成功开票：0920835973,S,1,成功
ZRTC20260424025,1-7Z1TIE,QC@76908288,12506579,HLB-ab94d2b6-56e9-11f0-8cdb-0c42a112278c,1000.0,-477.32,0,60245992,,920835973,2026-04-26,12:21:30,销售订单0060245992创建成功开票：0920835973,S,1,成功
ZRTC20260424025,1-7Z1TIE,QC@76908289,12506579,HLB-ab94d165-56e9-11f0-8cdb-0c42a112278c,1000.0,-477.32,0,60245992,,920835973,2026-04-26,12:21:30,销售订单0060245992创建成功开票：0920835973,S,1,成功
ZRTC20260424025,1-7Z1TIE,QC@76908292,12506579,HLB-ab94d288-56e9-11f0-8cdb-0c42a112278c,1000.0,-477.32,0,60245992,,920835973,2026-04-26,12:21:30,销售订单0060245992创建成功开票：0920835973,S,1,成功
ZRTC20260424025,1-7Z1TIE,QC@76908294,12506579,HLB-ab94d2f7-56e9-11f0-8cdb-0c42a112278c,1000.0,-477.32,0,60245992,,920835973,2026-04-26,12:21:30,销售订单0060245992创建成功开票：0920835973,S,1,成功
ZRTC20260424025,1-7Z1TIE,QC@76908298,12506579,HLB-ab94d272-56e9-11f0-8cdb-0c42a112278c,1000.0,-477.32,0,60245992,,920835973,2026-04-26,12:21:30,销售订单0060245992创建成功开票：0920835973,S,1,成功
ZRTC20260424025,1-7Z1TIE,QC@76908302,12506579,HLB-ab94d2de-56e9-11f0-8cdb-0c42a112278c,1000.0,-477.32,0,60245992,,920835973,2026-04-26,12:21:30,销售订单0060245992创建成功开票：0920835973,S,1,成功
ZRTC20260424025,1-7Z1TIE,QC@76908303,12506579,HLB-ab94d2ca-56e9-11f0-8cdb-0c42a112278c,1000.0,-477.32,0,60245992,,920835973,2026-04-26,12:21:30,销售订单0060245992创建成功开票：0920835973,S,1,成功
ZRTC20260424025,1-7Z1TIE,QC@76908304,12506579,HLB-ab94d336-56e9-11f0-8cdb-0c42a112278c,1000.0,-477.32,0,60245992,,920835973,2026-04-26,12:21:30,销售订单0060245992创建成功开票：0920835973,S,1,成功
ZRTC20260424025,1-7Z1TIE,QC@76908307,12506579,HLB-ab94d30c-56e9-11f0-8cdb-0c42a112278c,1000.0,-477.32,0,60245992,,920835973,2026-04-26,12:21:30,销售订单0060245992创建成功开票：0920835973,S,1,成功
ZRTC20260424025,1-7Z1TIE,QC@76908310,12506579,HLB-ab94d1d3-56e9-11f0-8cdb-0c42a112278c,1000.0,-477.32,0,60245992,,920835973,2026-04-26,12:21:30,销售订单0060245992创建成功开票：0920835973,S,1,成功
ZRTC20260424025,1-7Z1TIE,QC@76908314,12506579,HLB-ab94d21b-56e9-11f0-8cdb-0c42a112278c,1000.0,-477.32,0,60245992,,920835973,2026-04-26,12:21:30,销售订单0060245992创建成功开票：0920835973,S,1,成功
ZRTC20260424025,1-7Z1TIE,QC@76908316,12506579,HLB-ab94d232-56e9-11f0-8cdb-0c42a112278c,1000.0,-477.32,0,60245992,,920835973,2026-04-26,12:21:30,销售订单0060245992创建成功开票：0920835973,S,1,成功
ZRTC20260424025,1-7Z1TIE,QC@76908317,12506579,HLB-ab94d203-56e9-11f0-8cdb-0c42a112278c,1000.0,-477.32,0,60245992,,920835973,2026-04-26,12:21:30,销售订单0060245992创建成功开票：0920835973,S,1,成功
ZRTC20260424025,1-7Z1TIE,QC@76908318,12506579,HLB-ab94d248-56e9-11f0-8cdb-0c42a112278c,1000.0,-477.32,0,60245992,,920835973,2026-04-26,12:21:30,销售订单0060245992创建成功开票：0920835973,S,1,成功
ZRTC20260424025,1-7Z1TIE,QC@76908319,12506579,HLB-ab94d29f-56e9-11f0-8cdb-0c42a112278c,1000.0,-477.32,0,60245992,,920835973,2026-04-26,12:21:30,销售订单0060245992创建成功开票：0920835973,S,1,成功
ZRTC20260424025,1-7Z1TIE,QC@76908320,12506579,HLB-ab94d25c-56e9-11f0-8cdb-0c42a112278c,1000.0,-477.32,0,60245992,,920835973,2026-04-26,12:21:30,销售订单0060245992创建成功开票：0920835973,S,1,成功
ZRTC20260424025,1-7Z1TIE,QC@76908321,12506579,HLB-ab94d1b9-56e9-11f0-8cdb-0c42a112278c,1000.0,-477.32,0,60245992,,920835973,2026-04-26,12:21:30,销售订单0060245992创建成功开票：0920835973,S,1,成功
ZRTC20260424025,1-7Z1TIE,QC@76908322,12506579,HLB-ab94d1eb-56e9-11f0-8cdb-0c42a112278c,1000.0,-477.32,0,60245992,,920835973,2026-04-26,12:21:30,销售订单0060245992创建成功开票：0920835973,S,1,成功
ZRTC20260424025,1-7Z1TIE,QC@76908327,12506579,HLB-ab94d34e-56e9-11f0-8cdb-0c42a112278c,1000.0,-477.32,0,60245992,,920835973,2026-04-26,12:21:30,销售订单0060245992创建成功开票：0920835973,S,1,成功
ZRTC20260424025,1-7Z1TIE,QC@77080178,12287987,HLB-7fc892e6-4a68-11f0-8cdb-0c42a112278c,1000.0,-477.32,0,60245992,,920835973,2026-04-26,12:21:30,销售订单0060245992创建成功开票：0920835973,S,1,成功
ZRTC20260424025,1-7Z1TIE,QC@77080179,12287987,HLB-7fc89297-4a68-11f0-8cdb-0c42a112278c,1000.0,-477.32,0,60245992,,920835973,2026-04-26,12:21:30,销售订单0060245992创建成功开票：0920835973,S,1,成功
ZRTC20260424025,1-7Z1TIE,QC@77080180,12287987,HLB-7fc8917a-4a68-11f0-8cdb-0c42a112278c,1000.0,-477.32,0,60245992,,920835973,2026-04-26,12:21:30,销售订单0060245992创建成功开票：0920835973,S,1,成功
ZRTC20260424025,1-7Z1TIE,QC@77080181,12287987,HLB-7fc892aa-4a68-11f0-8cdb-0c42a112278c,1000.0,-477.32,0,60245992,,920835973,2026-04-26,12:21:30,销售订单0060245992创建成功开票：0920835973,S,1,成功
ZRTC20260424025,1-7Z1TIE,QC@77080182,12287987,HLB-7fc8927f-4a68-11f0-8cdb-0c42a112278c,1000.0,-477.32,0,60245992,,920835973,2026-04-26,12:21:30,销售订单0060245992创建成功开票：0920835973,S,1,成功
ZRTC20260424025,1-7Z1TIE,QC@77080183,12287987,HLB-7fc89214-4a68-11f0-8cdb-0c42a112278c,1000.0,-477.32,0,60245992,,920835973,2026-04-26,12:21:30,销售订单0060245992创建成功开票：0920835973,S,1,成功
ZRTC20260424025,1-7Z1TIE,QC@77080184,12287987,HLB-7fc89255-4a68-11f0-8cdb-0c42a112278c,1000.0,-477.32,0,60245992,,920835973,2026-04-26,12:21:30,销售订单0060245992创建成功开票：0920835973,S,1,成功
ZRTC20260424025,1-7Z1TIE,QC@77080185,12287987,HLB-7fc891d1-4a68-11f0-8cdb-0c42a112278c,1000.0,-477.32,0,60245992,,920835973,2026-04-26,12:21:30,销售订单0060245992创建成功开票：0920835973,S,1,成功
ZRTC20260424025,1-7Z1TIE,QC@77080187,12287987,HLB-7fc89269-4a68-11f0-8cdb-0c42a112278c,1000.0,-477.32,0,60245992,,920835973,2026-04-26,12:21:30,销售订单0060245992创建成功开票：0920835973,S,1,成功
ZRTC20260424025,1-7Z1TIE,QC@77080188,12287987,HLB-7fc89151-4a68-11f0-8cdb-0c42a112278c,1000.0,-477.32,0,60245992,,920835973,2026-04-26,12:21:30,销售订单0060245992创建成功开票：0920835973,S,1,成功
ZRTC20260424025,1-7Z1TIE,QC@77080189,12287987,HLB-7fc892d1-4a68-11f0-8cdb-0c42a112278c,1000.0,-477.32,0,60245992,,920835973,2026-04-26,12:21:30,销售订单0060245992创建成功开票：0920835973,S,1,成功
ZRTC20260424025,1-7Z1TIE,QC@77080190,12287987,HLB-7fc891a6-4a68-11f0-8cdb-0c42a112278c,1000.0,-477.32,0,60245992,,920835973,2026-04-26,12:21:30,销售订单0060245992创建成功开票：0920835973,S,1,成功
ZRTC20260424025,1-7Z1TIE,QC@77080191,12287987,HLB-7fc89164-4a68-11f0-8cdb-0c42a112278c,1000.0,-477.32,0,60245992,,920835973,2026-04-26,12:21:30,销售订单0060245992创建成功开票：0920835973,S,1,成功
ZRTC20260424025,1-7Z1TIE,QC@77080192,12287987,HLB-7fc891b9-4a68-11f0-8cdb-0c42a112278c,1000.0,-477.32,0,60245992,,920835973,2026-04-26,12:21:30,销售订单0060245992创建成功开票：0920835973,S,1,成功
ZRTC20260424025,1-7Z1TIE,QC@77080193,12287987,HLB-7fc8923d-4a68-11f0-8cdb-0c42a112278c,1000.0,-477.32,0,60245992,,920835973,2026-04-26,12:21:30,销售订单0060245992创建成功开票：0920835973,S,1,成功
ZRTC20260424025,1-7Z1TIE,QC@77080194,12287987,HLB-7fc89191-4a68-11f0-8cdb-0c42a112278c,1000.0,-477.32,0,60245992,,920835973,2026-04-26,12:21:30,销售订单0060245992创建成功开票：0920835973,S,1,成功
ZRTC20260424025,1-7Z1TIE,QC@77080195,12287987,HLB-7fc891ea-4a68-11f0-8cdb-0c42a112278c,1000.0,-477.32,0,60245992,,920835973,2026-04-26,12:21:30,销售订单0060245992创建成功开票：0920835973,S,1,成功
ZRTC20260424025,1-7Z1TIE,QC@77080196,12287987,HLB-7fc892bd-4a68-11f0-8cdb-0c42a112278c,1000.0,-477.32,0,60245992,,920835973,2026-04-26,12:21:30,销售订单0060245992创建成功开票：0920835973,S,1,成功
ZRTC20260424025,1-7Z1TIE,QC@77080197,12287987,HLB-7fc891ff-4a68-11f0-8cdb-0c42a112278c,1000.0,-477.32,0,60245992,,920835973,2026-04-26,12:21:30,销售订单0060245992创建成功开票：0920835973,S,1,成功
ZRTC20260424025,1-7Z1TIE,QC@77342553,12508842,HLB-17504381-570e-11f0-8cdb-0c42a112278c,1000.0,-477.32,0,60245992,,920835973,2026-04-26,12:21:30,销售订单0060245992创建成功开票：0920835973,S,1,成功
ZRTC20260424025,1-7Z1TIE,QC@77342555,12508842,HLB-1750436d-570e-11f0-8cdb-0c42a112278c,1000.0,-477.32,0,60245992,,920835973,2026-04-26,12:21:30,销售订单0060245992创建成功开票：0920835973,S,1,成功
ZRTC20260424025,1-7Z1TIE,QC@77342556,12508842,HLB-1750433f-570e-11f0-8cdb-0c42a112278c,1000.0,-477.32,0,60245992,,920835973,2026-04-26,12:21:30,销售订单0060245992创建成功开票：0920835973,S,1,成功
ZRTC20260424025,1-7Z1TIE,QC@77342558,12508842,HLB-17504357-570e-11f0-8cdb-0c42a112278c,1000.0,-477.32,0,60245992,,920835973,2026-04-26,12:21:30,销售订单0060245992创建成功开票：0920835973,S,1,成功
ZRTC20260424025,1-7Z1TIE,QC@77611443,12556053,HLB-93a0dd3d-5e23-11f0-8cdb-0c42a112278c,1000.0,-477.32,0,60245992,,920835973,2026-04-26,12:21:30,销售订单0060245992创建成功开票：0920835973,S,1,成功
ZRTC20260424025,1-7Z1TIE,QC@78181045,12658730,HLB-d5ab0a54-6a84-11f0-8cdb-0c42a112278c,1000.0,477.32,0,60245992,,920835973,2026-04-26,12:21:30,销售订单0060245992创建成功开票：0920835973,S,1,成功
ZRTC20260424025,1-7Z1TIE,QC@78181050,12658730,HLB-d5ab08cb-6a84-11f0-8cdb-0c42a112278c,1000.0,477.32,0,60245992,,920835973,2026-04-26,12:21:30,销售订单0060245992创建成功开票：0920835973,S,1,成功
ZRTC20260424025,1-7Z1TIE,QC@78181051,12658730,HLB-d5ab097b-6a84-11f0-8cdb-0c42a112278c,1000.0,477.32,0,60245992,,920835973,2026-04-26,12:21:30,销售订单0060245992创建成功开票：0920835973,S,1,成功
ZRTC20260424025,1-7Z1TIE,QC@78181052,12658730,HLB-d5ab0967-6a84-11f0-8cdb-0c42a112278c,1000.0,477.32,0,60245992,,920835973,2026-04-26,12:21:30,销售订单0060245992创建成功开票：0920835973,S,1,成功
ZRTC20260424025,1-7Z1TIE,QC@78181055,12658730,HLB-d5ab0a87-6a84-11f0-8cdb-0c42a112278c,1000.0,477.32,0,60245992,,920835973,2026-04-26,12:21:30,销售订单0060245992创建成功开票：0920835973,S,1,成功
ZRTC20260424025,1-7Z1TIE,QC@78181056,12658730,HLB-d5ab09ac-6a84-11f0-8cdb-0c42a112278c,1000.0,477.32,0,60245992,,920835973,2026-04-26,12:21:30,销售订单0060245992创建成功开票：0920835973,S,1,成功
ZRTC20260424025,1-7Z1TIE,QC@78181058,12658730,HLB-d5ab0ab8-6a84-11f0-8cdb-0c42a112278c,1000.0,477.32,0,60245992,,920835973,2026-04-26,12:21:30,销售订单0060245992创建成功开票：0920835973,S,1,成功
ZRTC20260424025,1-7Z1TIE,QC@78181059,12658730,HLB-d5ab0a6b-6a84-11f0-8cdb-0c42a112278c,1000.0,477.32,0,60245992,,920835973,2026-04-26,12:21:30,销售订单0060245992创建成功开票：0920835973,S,1,成功
ZRTC20260424025,1-7Z1TIE,QC@78181060,12658730,HLB-d5ab09c8-6a84-11f0-8cdb-0c42a112278c,1000.0,477.32,0,60245992,,920835973,2026-04-26,12:21:30,销售订单0060245992创建成功开票：0920835973,S,1,成功
ZRTC20260424025,1-7Z1TIE,QC@78181064,12658730,HLB-d5ab08ff-6a84-11f0-8cdb-0c42a112278c,1000.0,477.32,0,60245992,,920835973,2026-04-26,12:21:30,销售订单0060245992创建成功开票：0920835973,S,1,成功
ZRTC20260424025,1-7Z1TIE,QC@78181065,12658730,HLB-d5ab09f6-6a84-11f0-8cdb-0c42a112278c,1000.0,477.32,0,60245992,,920835973,2026-04-26,12:21:30,销售订单0060245992创建成功开票：0920835973,S,1,成功
ZRTC20260424025,1-7Z1TIE,QC@78181066,12658730,HLB-d5ab0a3c-6a84-11f0-8cdb-0c42a112278c,1000.0,477.32,0,60245992,,920835973,2026-04-26,12:21:30,销售订单0060245992创建成功开票：0920835973,S,1,成功
ZRTC20260424025,1-7Z1TIE,QC@78181068,12658730,HLB-d5ab0935-6a84-11f0-8cdb-0c42a112278c,1000.0,477.32,0,60245992,,920835973,2026-04-26,12:21:30,销售订单0060245992创建成功开票：0920835973,S,1,成功
ZRTC20260424025,1-7Z1TIE,QC@78181071,12658730,HLB-d5ab09e2-6a84-11f0-8cdb-0c42a112278c,1000.0,477.32,0,60245992,,920835973,2026-04-26,12:21:30,销售订单0060245992创建成功开票：0920835973,S,1,成功
ZRTC20260424025,1-7Z1TIE,QC@78181074,12658730,HLB-d5ab08e5-6a84-11f0-8cdb-0c42a112278c,1000.0,477.32,0,60245992,,920835973,2026-04-26,12:21:30,销售订单0060245992创建成功开票：0920835973,S,1,成功
ZRTC20260424025,1-7Z1TIE,QC@78181076,12658730,HLB-d5ab0952-6a84-11f0-8cdb-0c42a112278c,1000.0,477.32,0,60245992,,920835973,2026-04-26,12:21:30,销售订单0060245992创建成功开票：0920835973,S,1,成功
ZRTC20260424025,1-7Z1TIE,QC@78181077,12658730,HLB-d5ab0ace-6a84-11f0-8cdb-0c42a112278c,1000.0,477.32,0,60245992,,920835973,2026-04-26,12:21:30,销售订单0060245992创建成功开票：0920835973,S,1,成功
ZRTC20260424025,1-7Z1TIE,QC@78181079,12658730,HLB-d5ab0869-6a84-11f0-8cdb-0c42a112278c,1000.0,477.32,0,60245992,,920835973,2026-04-26,12:21:30,销售订单0060245992创建成功开票：0920835973,S,1,成功
ZRTC20260424025,1-7Z1TIE,QC@78181081,12658730,HLB-d5ab091e-6a84-11f0-8cdb-0c42a112278c,1000.0,477.32,0,60245992,,920835973,2026-04-26,12:21:30,销售订单0060245992创建成功开票：0920835973,S,1,成功
ZRTC20260424025,1-7Z1TIE,QC@78181084,12658730,HLB-d5ab0aa2-6a84-11f0-8cdb-0c42a112278c,1000.0,477.32,0,60245992,,920835973,2026-04-26,12:21:30,销售订单0060245992创建成功开票：0920835973,S,1,成功
ZRTC20260424025,1-7Z1TIE,QC@78633668,12508824,HLB-15dfd944-570e-11f0-8cdb-0c42a112278c,1000.0,-477.32,0,60245992,,920835973,2026-04-26,12:21:30,销售订单0060245992创建成功开票：0920835973,S,1,成功
ZRTC20260424025,1-7Z1TIE,QC@78633669,12508824,HLB-15befc34-570e-11f0-8cdb-0c42a112278c,1000.0,-477.32,0,60245992,,920835973,2026-04-26,12:21:30,销售订单0060245992创建成功开票：0920835973,S,1,成功
ZRTC20260424025,1-7Z1TIE,QC@78633670,12508824,HLB-15befc49-570e-11f0-8cdb-0c42a112278c,1000.0,-477.32,0,60245992,,920835973,2026-04-26,12:21:30,销售订单0060245992创建成功开票：0920835973,S,1,成功
ZRTC20260424025,1-7Z1TIE,QC@78633671,12508824,HLB-15befbdf-570e-11f0-8cdb-0c42a112278c,1000.0,-477.32,0,60245992,,920835973,2026-04-26,12:21:30,销售订单0060245992创建成功开票：0920835973,S,1,成功
ZRTC20260424025,1-7Z1TIE,QC@78633672,12508824,HLB-15befc73-570e-11f0-8cdb-0c42a112278c,1000.0,-477.32,0,60245992,,920835973,2026-04-26,12:21:30,销售订单0060245992创建成功开票：0920835973,S,1,成功
ZRTC20260424025,1-7Z1TIE,QC@78633673,12508824,HLB-15befc60-570e-11f0-8cdb-0c42a112278c,1000.0,-477.32,0,60245992,,920835973,2026-04-26,12:21:30,销售订单0060245992创建成功开票：0920835973,S,1,成功
ZRTC20260424025,1-7Z1TIE,QC@78633674,12508824,HLB-15befbb2-570e-11f0-8cdb-0c42a112278c,1000.0,-477.32,0,60245992,,920835973,2026-04-26,12:21:30,销售订单0060245992创建成功开票：0920835973,S,1,成功
ZRTC20260424025,1-7Z1TIE,QC@78633676,12508824,HLB-15befbca-570e-11f0-8cdb-0c42a112278c,1000.0,-477.32,0,60245992,,920835973,2026-04-26,12:21:30,销售订单0060245992创建成功开票：0920835973,S,1,成功
ZRTC20260424025,1-7Z1TIE,QC@78633678,12508824,HLB-15dfd95e-570e-11f0-8cdb-0c42a112278c,1000.0,-477.32,0,60245992,,920835973,2026-04-26,12:21:30,销售订单0060245992创建成功开票：0920835973,S,1,成功
ZRTC20260424025,1-7Z1TIE,QC@78633680,12508824,HLB-15dfd98f-570e-11f0-8cdb-0c42a112278c,1000.0,-477.32,0,60245992,,920835973,2026-04-26,12:21:30,销售订单0060245992创建成功开票：0920835973,S,1,成功
ZRTC20260424025,1-7Z1TIE,QC@78633684,12508824,HLB-15dfd883-570e-11f0-8cdb-0c42a112278c,1000.0,-477.32,0,60245992,,920835973,2026-04-26,12:21:30,销售订单0060245992创建成功开票：0920835973,S,1,成功
ZRTC20260424025,1-7Z1TIE,QC@78633685,12508824,HLB-15befc0c-570e-11f0-8cdb-0c42a112278c,1000.0,-477.32,0,60245992,,920835973,2026-04-26,12:21:30,销售订单0060245992创建成功开票：0920835973,S,1,成功
ZRTC20260424025,1-7Z1TIE,QC@78633686,12508824,HLB-15dfd8fc-570e-11f0-8cdb-0c42a112278c,1000.0,-477.32,0,60245992,,920835973,2026-04-26,12:21:30,销售订单0060245992创建成功开票：0920835973,S,1,成功
ZRTC20260424025,1-7Z1TIE,QC@78633689,12508824,HLB-15dfd977-570e-11f0-8cdb-0c42a112278c,1000.0,-477.32,0,60245992,,920835973,2026-04-26,12:21:30,销售订单0060245992创建成功开票：0920835973,S,1,成功
ZRTC20260424025,1-7Z1TIE,QC@78633690,12508824,HLB-15dfd8cb-570e-11f0-8cdb-0c42a112278c,1000.0,-477.32,0,60245992,,920835973,2026-04-26,12:21:30,销售订单0060245992创建成功开票：0920835973,S,1,成功
ZRTC20260424025,1-7Z1TIE,QC@78633692,12508824,HLB-15befc21-570e-11f0-8cdb-0c42a112278c,1000.0,-477.32,0,60245992,,920835973,2026-04-26,12:21:30,销售订单0060245992创建成功开票：0920835973,S,1,成功
ZRTC20260424025,1-7Z1TIE,QC@78633698,12508824,HLB-15dfd8e1-570e-11f0-8cdb-0c42a112278c,1000.0,-477.32,0,60245992,,920835973,2026-04-26,12:21:30,销售订单0060245992创建成功开票：0920835973,S,1,成功
ZRTC20260424025,1-7Z1TIE,QC@78633702,12508824,HLB-15dfd915-570e-11f0-8cdb-0c42a112278c,1000.0,-477.32,0,60245992,,920835973,2026-04-26,12:21:30,销售订单0060245992创建成功开票：0920835973,S,1,成功
ZRTC20260424025,1-7Z1TIE,QC@78633706,12508824,HLB-15befbf3-570e-11f0-8cdb-0c42a112278c,1000.0,-477.32,0,60245992,,920835973,2026-04-26,12:21:30,销售订单0060245992创建成功开票：0920835973,S,1,成功
ZRTC20260424025,1-7Z1TIE,QC@78633707,12508824,HLB-15dfd92d-570e-11f0-8cdb-0c42a112278c,1000.0,-477.32,0,60245992,,920835973,2026-04-26,12:21:30,销售订单0060245992创建成功开票：0920835973,S,1,成功
ZRTC20260424025,1-7Z1TIE,QC@79114084,12506583,HLB-abfc0470-56e9-11f0-8cdb-0c42a112278c,1000.0,-477.32,0,60245992,,920835973,2026-04-26,12:21:30,销售订单0060245992创建成功开票：0920835973,S,1,成功
ZRTC20260424025,1-7Z1TIE,QC@79114086,12506583,HLB-abfc0483-56e9-11f0-8cdb-0c42a112278c,1000.0,-477.32,0,60245992,,920835973,2026-04-26,12:21:30,销售订单0060245992创建成功开票：0920835973,S,1,成功
ZRTC20260424025,1-7Z1TIE,QC@79114088,12506583,HLB-abfc0406-56e9-11f0-8cdb-0c42a112278c,1000.0,-477.32,0,60245992,,920835973,2026-04-26,12:21:30,销售订单0060245992创建成功开票：0920835973,S,1,成功
ZRTC20260424025,1-7Z1TIE,QC@79114090,12506583,HLB-abfc03c9-56e9-11f0-8cdb-0c42a112278c,1000.0,-477.32,0,60245992,,920835973,2026-04-26,12:21:30,销售订单0060245992创建成功开票：0920835973,S,1,成功
ZRTC20260424025,1-7Z1TIE,QC@79114091,12506583,HLB-abfc03f1-56e9-11f0-8cdb-0c42a112278c,1000.0,-477.32,0,60245992,,920835973,2026-04-26,12:21:30,销售订单0060245992创建成功开票：0920835973,S,1,成功
ZRTC20260424025,1-7Z1TIE,QC@79114092,12506583,HLB-abfc045a-56e9-11f0-8cdb-0c42a112278c,1000.0,-477.32,0,60245992,,920835973,2026-04-26,12:21:30,销售订单0060245992创建成功开票：0920835973,S,1,成功
ZRTC20260424025,1-7Z1TIE,QC@79114094,12506583,HLB-abfc042d-56e9-11f0-8cdb-0c42a112278c,1000.0,-477.32,0,60245992,,920835973,2026-04-26,12:21:30,销售订单0060245992创建成功开票：0920835973,S,1,成功
ZRTC20260424025,1-7Z1TIE,QC@79114095,12506583,HLB-abfc0419-56e9-11f0-8cdb-0c42a112278c,1000.0,-477.32,0,60245992,,920835973,2026-04-26,12:21:30,销售订单0060245992创建成功开票：0920835973,S,1,成功
ZRTC20260424025,1-7Z1TIE,QC@79114100,12506583,HLB-abfc0446-56e9-11f0-8cdb-0c42a112278c,1000.0,-477.32,0,60245992,,920835973,2026-04-26,12:21:30,销售订单0060245992创建成功开票：0920835973,S,1,成功
ZRTC20260424025,1-7Z1TIE,QC@79114101,12506583,HLB-abfc03de-56e9-11f0-8cdb-0c42a112278c,1000.0,-477.32,0,60245992,,920835973,2026-04-26,12:21:30,销售订单0060245992创建成功开票：0920835973,S,1,成功
ZRTC20260424025,1-7Z1TIE,QC@79212525,12377690,HLB-ecec2644-4f2f-11f0-8cdb-0c42a112278c,1000.0,-477.32,0,60245992,,920835973,2026-04-26,12:21:30,销售订单0060245992创建成功开票：0920835973,S,1,成功
ZRTC20260424025,1-7Z1TIE,QC@79212526,12377690,HLB-ecec25ca-4f2f-11f0-8cdb-0c42a112278c,1000.0,-477.32,0,60245992,,920835973,2026-04-26,12:21:30,销售订单0060245992创建成功开票：0920835973,S,1,成功
ZRTC20260424025,1-7Z1TIE,QC@79212527,12377690,HLB-ecec2607-4f2f-11f0-8cdb-0c42a112278c,1000.0,-477.32,0,60245992,,920835973,2026-04-26,12:21:30,销售订单0060245992创建成功开票：0920835973,S,1,成功
ZRTC20260424025,1-7Z1TIE,QC@79212528,12377690,HLB-ecec261a-4f2f-11f0-8cdb-0c42a112278c,1000.0,-477.32,0,60245992,,920835973,2026-04-26,12:21:30,销售订单0060245992创建成功开票：0920835973,S,1,成功
ZRTC20260424025,1-7Z1TIE,QC@79212529,12377690,HLB-ecec25f2-4f2f-11f0-8cdb-0c42a112278c,1000.0,-477.32,0,60245992,,920835973,2026-04-26,12:21:30,销售订单0060245992创建成功开票：0920835973,S,1,成功
ZRTC20260424025,1-7Z1TIE,QC@79212530,12377690,HLB-ecec25de-4f2f-11f0-8cdb-0c42a112278c,1000.0,-477.32,0,60245992,,920835973,2026-04-26,12:21:30,销售订单0060245992创建成功开票：0920835973,S,1,成功
ZRTC20260424025,1-7Z1TIE,QC@79212531,12377690,HLB-ecec2670-4f2f-11f0-8cdb-0c42a112278c,1000.0,-477.32,0,60245992,,920835973,2026-04-26,12:21:30,销售订单0060245992创建成功开票：0920835973,S,1,成功
ZRTC20260424025,1-7Z1TIE,QC@79212532,12377690,HLB-ecec265a-4f2f-11f0-8cdb-0c42a112278c,1000.0,-477.32,0,60245992,,920835973,2026-04-26,12:21:30,销售订单0060245992创建成功开票：0920835973,S,1,成功
ZRTC20260424025,1-7Z1TIE,QC@79212533,12377690,HLB-ecec262e-4f2f-11f0-8cdb-0c42a112278c,1000.0,-477.32,0,60245992,,920835973,2026-04-26,12:21:30,销售订单0060245992创建成功开票：0920835973,S,1,成功
ZRTC20260424025,1-7Z1TIE,QC@79212534,12377690,HLB-ecec2686-4f2f-11f0-8cdb-0c42a112278c,1000.0,-477.32,0,60245992,,920835973,2026-04-26,12:21:30,销售订单0060245992创建成功开票：0920835973,S,1,成功
ZRTC20260424025,1-7Z1TIE,QC@79483318,12287990,HLB-7fe93662-4a68-11f0-8cdb-0c42a112278c,1000.0,-477.32,0,60245992,,920835973,2026-04-26,12:21:30,销售订单0060245992创建成功开票：0920835973,S,1,成功
ZRTC20260424025,1-7Z1TIE,QC@79483319,12287990,HLB-7fe93598-4a68-11f0-8cdb-0c42a112278c,1000.0,-477.32,0,60245992,,920835973,2026-04-26,12:21:30,销售订单0060245992创建成功开票：0920835973,S,1,成功
ZRTC20260424025,1-7Z1TIE,QC@79483320,12287990,HLB-7fe93700-4a68-11f0-8cdb-0c42a112278c,1000.0,-477.32,0,60245992,,920835973,2026-04-26,12:21:30,销售订单0060245992创建成功开票：0920835973,S,1,成功
ZRTC20260424025,1-7Z1TIE,QC@79483321,12287990,HLB-7fe936c7-4a68-11f0-8cdb-0c42a112278c,1000.0,-477.32,0,60245992,,920835973,2026-04-26,12:21:30,销售订单0060245992创建成功开票：0920835973,S,1,成功
ZRTC20260424025,1-7Z1TIE,QC@79483322,12287990,HLB-7fe935c1-4a68-11f0-8cdb-0c42a112278c,1000.0,-477.32,0,60245992,,920835973,2026-04-26,12:21:30,销售订单0060245992创建成功开票：0920835973,S,1,成功
ZRTC20260424025,1-7Z1TIE,QC@79483323,12287990,HLB-7fe9368a-4a68-11f0-8cdb-0c42a112278c,1000.0,-477.32,0,60245992,,920835973,2026-04-26,12:21:30,销售订单0060245992创建成功开票：0920835973,S,1,成功
ZRTC20260424025,1-7Z1TIE,QC@79483324,12287990,HLB-7fe9363b-4a68-11f0-8cdb-0c42a112278c,1000.0,-477.32,0,60245992,,920835973,2026-04-26,12:21:30,销售订单0060245992创建成功开票：0920835973,S,1,成功
ZRTC20260424025,1-7Z1TIE,QC@79483325,12287990,HLB-7fe9369f-4a68-11f0-8cdb-0c42a112278c,1000.0,-477.32,0,60245992,,920835973,2026-04-26,12:21:30,销售订单0060245992创建成功开票：0920835973,S,1,成功
ZRTC20260424025,1-7Z1TIE,QC@79483326,12287990,HLB-7fe935d6-4a68-11f0-8cdb-0c42a112278c,1000.0,-477.32,0,60245992,,920835973,2026-04-26,12:21:30,销售订单0060245992创建成功开票：0920835973,S,1,成功
ZRTC20260424025,1-7Z1TIE,QC@79483327,12287990,HLB-7fe93585-4a68-11f0-8cdb-0c42a112278c,1000.0,-477.32,0,60245992,,920835973,2026-04-26,12:21:30,销售订单0060245992创建成功开票：0920835973,S,1,成功
ZRTC20260424025,1-7Z1TIE,QC@79483328,12287990,HLB-7fe93612-4a68-11f0-8cdb-0c42a112278c,1000.0,-477.32,0,60245992,,920835973,2026-04-26,12:21:30,销售订单0060245992创建成功开票：0920835973,S,1,成功
ZRTC20260424025,1-7Z1TIE,QC@79483329,12287990,HLB-7fe936b2-4a68-11f0-8cdb-0c42a112278c,1000.0,-477.32,0,60245992,,920835973,2026-04-26,12:21:30,销售订单0060245992创建成功开票：0920835973,S,1,成功
ZRTC20260424025,1-7Z1TIE,QC@79483330,12287990,HLB-7fe936da-4a68-11f0-8cdb-0c42a112278c,1000.0,-477.32,0,60245992,,920835973,2026-04-26,12:21:30,销售订单0060245992创建成功开票：0920835973,S,1,成功
ZRTC20260424025,1-7Z1TIE,QC@79483331,12287990,HLB-7fe93627-4a68-11f0-8cdb-0c42a112278c,1000.0,-477.32,0,60245992,,920835973,2026-04-26,12:21:30,销售订单0060245992创建成功开票：0920835973,S,1,成功
ZRTC20260424025,1-7Z1TIE,QC@79483333,12287990,HLB-7fe93676-4a68-11f0-8cdb-0c42a112278c,1000.0,-477.32,0,60245992,,920835973,2026-04-26,12:21:30,销售订单0060245992创建成功开票：0920835973,S,1,成功
ZRTC20260424025,1-7Z1TIE,QC@79483334,12287990,HLB-7fe935ff-4a68-11f0-8cdb-0c42a112278c,1000.0,-477.32,0,60245992,,920835973,2026-04-26,12:21:30,销售订单0060245992创建成功开票：0920835973,S,1,成功
ZRTC20260424025,1-7Z1TIE,QC@79483335,12287990,HLB-7fe935ec-4a68-11f0-8cdb-0c42a112278c,1000.0,-477.32,0,60245992,,920835973,2026-04-26,12:21:30,销售订单0060245992创建成功开票：0920835973,S,1,成功
ZRTC20260424025,1-7Z1TIE,QC@79483336,12287990,HLB-7fe935ad-4a68-11f0-8cdb-0c42a112278c,1000.0,-477.32,0,60245992,,920835973,2026-04-26,12:21:30,销售订单0060245992创建成功开票：0920835973,S,1,成功
ZRTC20260424025,1-7Z1TIE,QC@79483337,12287990,HLB-7fe9364e-4a68-11f0-8cdb-0c42a112278c,1000.0,-478.47,0,60245992,,920835973,2026-04-26,12:21:30,销售订单0060245992创建成功开票：0920835973,S,1,成功
ZRTC20260424025,1-7Z1TIF,QC@68195765,12506577,HLB-ab4d0b49-56e9-11f0-8cdb-0c42a112278c,1000.0,-477.32,0,60245992,,920835973,2026-04-26,12:21:30,销售订单0060245992创建成功开票：0920835973,S,1,成功
ZRTC20260424025,1-7Z1TIF,QC@70199787,12377686,HLB-ecc7bcd1-4f2f-11f0-8cdb-0c42a112278c,1000.0,-477.32,0,60245992,,920835973,2026-04-26,12:21:30,销售订单0060245992创建成功开票：0920835973,S,1,成功
ZRTC20260424025,1-7Z1TIF,QC@71013528,12287988,HLB-7fc893b1-4a68-11f0-8cdb-0c42a112278c,1000.0,-477.32,0,60245992,,920835973,2026-04-26,12:21:30,销售订单0060245992创建成功开票：0920835973,S,1,成功
ZRTC20260424025,1-7Z1TIF,QC@73897930,12287986,HLB-7fc88f52-4a68-11f0-8cdb-0c42a112278c,1000.0,-477.32,0,60245992,,920835973,2026-04-26,12:21:30,销售订单0060245992创建成功开票：0920835973,S,1,成功
ZRTC20260424025,1-7Z1TIF,QC@74655467,12506578,HLB-ab6f7679-56e9-11f0-8cdb-0c42a112278c,1000.0,-477.32,0,60245992,,920835973,2026-04-26,12:21:30,销售订单0060245992创建成功开票：0920835973,S,1,成功
ZRTC20260424025,1-7Z1TIF,QC@75034930,12377688,HLB-ecec235c-4f2f-11f0-8cdb-0c42a112278c,1000.0,-477.32,0,60245992,,920835973,2026-04-26,12:21:30,销售订单0060245992创建成功开票：0920835973,S,1,成功
ZRTC20260424025,1-7Z1TIF,QC@75429475,12287989,HLB-7fe934f3-4a68-11f0-8cdb-0c42a112278c,1000.0,-477.32,0,60245992,,920835973,2026-04-26,12:21:30,销售订单0060245992创建成功开票：0920835973,S,1,成功
ZRTC20260424025,1-7Z1TIF,QC@76379710,12506580,HLB-ab94d5c6-56e9-11f0-8cdb-0c42a112278c,1000.0,-477.32,0,60245992,,920835973,2026-04-26,12:21:30,销售订单0060245992创建成功开票：0920835973,S,1,成功
ZRTC20260424025,1-7Z1TIF,QC@76908291,12506579,HLB-ab94d31f-56e9-11f0-8cdb-0c42a112278c,1000.0,-477.32,0,60245992,,920835973,2026-04-26,12:21:30,销售订单0060245992创建成功开票：0920835973,S,1,成功
ZRTC20260424025,1-7Z1TIF,QC@77080186,12287987,HLB-7fc89228-4a68-11f0-8cdb-0c42a112278c,1000.0,-477.32,0,60245992,,920835973,2026-04-26,12:21:30,销售订单0060245992创建成功开票：0920835973,S,1,成功
ZRTC20260424025,1-7Z1TIF,QC@79483332,12287990,HLB-7fe936ee-4a68-11f0-8cdb-0c42a112278c,1000.0,-477.37,0,60245992,,920835973,2026-04-26,12:21:30,销售订单0060245992创建成功开票：0920835973,S,1,成功
ZRTC20260424025,1-7Z1TIG,QC@70511446,12506042,HLB-89602fcd-56dd-11f0-8cdb-0c42a112278c,1000.0,-255.05,0,60245992,,920835973,2026-04-26,12:21:30,销售订单0060245992创建成功开票：0920835973,S,1,成功
ZRTC20260424025,1-7Z1TIG,QC@71510473,12506048,HLB-db6e9139-56dd-11f0-8cdb-0c42a112278c,1000.0,-255.05,0,60245992,,920835973,2026-04-26,12:21:30,销售订单0060245992创建成功开票：0920835973,S,1,成功
ZRTC20260424025,1-7Z1TIG,QC@71673174,12437646,HLB-7f0bde4e-52fa-11f0-8cdb-0c42a112278c,1000.0,-255.05,0,60245992,,920835973,2026-04-26,12:21:30,销售订单0060245992创建成功开票：0920835973,S,1,成功
ZRTC20260424025,1-7Z1TIG,QC@72415169,12511212,HLB-37e41359-57ac-11f0-8cdb-0c42a112278c,1000.0,-255.06,0,60245992,,920835973,2026-04-26,12:21:30,销售订单0060245992创建成功开票：0920835973,S,1,成功
ZRTC20260424025,1-7Z1TIH,QC@72442619,12521724,HLB-9ae2b371-5949-11f0-8cdb-0c42a112278c,1000.0,-743.11,0,60245992,,920835973,2026-04-26,12:21:30,销售订单0060245992创建成功开票：0920835973,S,1,成功
ZRTC20260424025,1-7Z1TIH,QC@79238652,12508829,HLB-166531ec-570e-11f0-8cdb-0c42a112278c,1000.0,-743.11,0,60245992,,920835973,2026-04-26,12:21:30,销售订单0060245992创建成功开票：0920835973,S,1,成功
ZRTC20260424025,1-7Z1TII,QC@70234503,12508828,HLB-1665315e-570e-11f0-8cdb-0c42a112278c,1000.0,-743.14,0,60245992,,920835973,2026-04-26,12:21:30,销售订单0060245992创建成功开票：0920835973,S,1,成功
ZRTC20260424025,1-7Z1TII,QC@70234504,12508828,HLB-16653179-570e-11f0-8cdb-0c42a112278c,1000.0,-743.14,0,60245992,,920835973,2026-04-26,12:21:30,销售订单0060245992创建成功开票：0920835973,S,1,成功
ZRTC20260424025,1-7Z1TII,QC@70234505,12508828,HLB-16449744-570e-11f0-8cdb-0c42a112278c,1000.0,-743.14,0,60245992,,920835973,2026-04-26,12:21:30,销售订单0060245992创建成功开票：0920835973,S,1,成功
ZRTC20260424025,1-7Z1TII,QC@70234506,12508828,HLB-1644976d-570e-11f0-8cdb-0c42a112278c,1000.0,-743.14,0,60245992,,920835973,2026-04-26,12:21:30,销售订单0060245992创建成功开票：0920835973,S,1,成功
ZRTC20260424025,1-7Z1TII,QC@70234507,12508828,HLB-16449759-570e-11f0-8cdb-0c42a112278c,1000.0,-743.14,0,60245992,,920835973,2026-04-26,12:21:30,销售订单0060245992创建成功开票：0920835973,S,1,成功
ZRTC20260424025,1-7Z1TII,QC@70234508,12508828,HLB-166530fa-570e-11f0-8cdb-0c42a112278c,1000.0,-743.14,0,60245992,,920835973,2026-04-26,12:21:30,销售订单0060245992创建成功开票：0920835973,S,1,成功
ZRTC20260424025,1-7Z1TII,QC@70234509,12508828,HLB-166530c1-570e-11f0-8cdb-0c42a112278c,1000.0,-743.14,0,60245992,,920835973,2026-04-26,12:21:30,销售订单0060245992创建成功开票：0920835973,S,1,成功
ZRTC20260424025,1-7Z1TII,QC@70234510,12508828,HLB-1644972e-570e-11f0-8cdb-0c42a112278c,1000.0,-743.14,0,60245992,,920835973,2026-04-26,12:21:30,销售订单0060245992创建成功开票：0920835973,S,1,成功
ZRTC20260424025,1-7Z1TII,QC@70234511,12508828,HLB-16449705-570e-11f0-8cdb-0c42a112278c,1000.0,-743.14,0,60245992,,920835973,2026-04-26,12:21:30,销售订单0060245992创建成功开票：0920835973,S,1,成功
ZRTC20260424025,1-7Z1TII,QC@70234512,12508828,HLB-16653112-570e-11f0-8cdb-0c42a112278c,1000.0,-743.14,0,60245992,,920835973,2026-04-26,12:21:30,销售订单0060245992创建成功开票：0920835973,S,1,成功
ZRTC20260424025,1-7Z1TII,QC@70234513,12508828,HLB-164496b1-570e-11f0-8cdb-0c42a112278c,1000.0,-743.14,0,60245992,,920835973,2026-04-26,12:21:30,销售订单0060245992创建成功开票：0920835973,S,1,成功
ZRTC20260424025,1-7Z1TII,QC@70234514,12508828,HLB-164496da-570e-11f0-8cdb-0c42a112278c,1000.0,-743.14,0,60245992,,920835973,2026-04-26,12:21:30,销售订单0060245992创建成功开票：0920835973,S,1,成功
ZRTC20260424025,1-7Z1TII,QC@70234515,12508828,HLB-16449719-570e-11f0-8cdb-0c42a112278c,1000.0,-743.14,0,60245992,,920835973,2026-04-26,12:21:30,销售订单0060245992创建成功开票：0920835973,S,1,成功
ZRTC20260424025,1-7Z1TII,QC@70234516,12508828,HLB-164496f0-570e-11f0-8cdb-0c42a112278c,1000.0,-743.14,0,60245992,,920835973,2026-04-26,12:21:30,销售订单0060245992创建成功开票：0920835973,S,1,成功
ZRTC20260424025,1-7Z1TII,QC@70234517,12508828,HLB-1665312e-570e-11f0-8cdb-0c42a112278c,1000.0,-743.14,0,60245992,,920835973,2026-04-26,12:21:30,销售订单0060245992创建成功开票：0920835973,S,1,成功
ZRTC20260424025,1-7Z1TII,QC@70234518,12508828,HLB-16653149-570e-11f0-8cdb-0c42a112278c,1000.0,-743.14,0,60245992,,920835973,2026-04-26,12:21:30,销售订单0060245992创建成功开票：0920835973,S,1,成功
ZRTC20260424025,1-7Z1TII,QC@70234519,12508828,HLB-1665305d-570e-11f0-8cdb-0c42a112278c,1000.0,-743.14,0,60245992,,920835973,2026-04-26,12:21:30,销售订单0060245992创建成功开票：0920835973,S,1,成功
ZRTC20260424025,1-7Z1TII,QC@70234520,12508828,HLB-166530dd-570e-11f0-8cdb-0c42a112278c,1000.0,-743.14,0,60245992,,920835973,2026-04-26,12:21:30,销售订单0060245992创建成功开票：0920835973,S,1,成功
ZRTC20260424025,1-7Z1TII,QC@70234521,12508828,HLB-164496c5-570e-11f0-8cdb-0c42a112278c,1000.0,-743.14,0,60245992,,920835973,2026-04-26,12:21:30,销售订单0060245992创建成功开票：0920835973,S,1,成功
ZRTC20260424025,1-7Z1TII,QC@70234522,12508828,HLB-166530a6-570e-11f0-8cdb-0c42a112278c,1000.0,-743.14,0,60245992,,920835973,2026-04-26,12:21:30,销售订单0060245992创建成功开票：0920835973,S,1,成功
ZRTC20260424025,1-7Z1TII,QC@70502230,12508830,HLB-1665335a-570e-11f0-8cdb-0c42a112278c,1000.0,-743.14,0,60245992,,920835973,2026-04-26,12:21:30,销售订单0060245992创建成功开票：0920835973,S,1,成功
ZRTC20260424025,1-7Z1TII,QC@70502231,12508830,HLB-16653398-570e-11f0-8cdb-0c42a112278c,1000.0,-743.14,0,60245992,,920835973,2026-04-26,12:21:30,销售订单0060245992创建成功开票：0920835973,S,1,成功
ZRTC20260424025,1-7Z1TII,QC@70502232,12508830,HLB-166533ea-570e-11f0-8cdb-0c42a112278c,1000.0,-743.14,0,60245992,,920835973,2026-04-26,12:21:30,销售订单0060245992创建成功开票：0920835973,S,1,成功
ZRTC20260424025,1-7Z1TII,QC@70502233,12508830,HLB-16653345-570e-11f0-8cdb-0c42a112278c,1000.0,-743.14,0,60245992,,920835973,2026-04-26,12:21:30,销售订单0060245992创建成功开票：0920835973,S,1,成功
ZRTC20260424025,1-7Z1TII,QC@70502234,12508830,HLB-16653384-570e-11f0-8cdb-0c42a112278c,1000.0,-743.14,0,60245992,,920835973,2026-04-26,12:21:30,销售订单0060245992创建成功开票：0920835973,S,1,成功
ZRTC20260424025,1-7Z1TII,QC@70502235,12508830,HLB-166533d6-570e-11f0-8cdb-0c42a112278c,1000.0,-743.14,0,60245992,,920835973,2026-04-26,12:21:30,销售订单0060245992创建成功开票：0920835973,S,1,成功
ZRTC20260424025,1-7Z1TII,QC@70502236,12508830,HLB-16653401-570e-11f0-8cdb-0c42a112278c,1000.0,-743.14,0,60245992,,920835973,2026-04-26,12:21:30,销售订单0060245992创建成功开票：0920835973,S,1,成功
ZRTC20260424025,1-7Z1TII,QC@70502237,12508830,HLB-166533c2-570e-11f0-8cdb-0c42a112278c,1000.0,-743.14,0,60245992,,920835973,2026-04-26,12:21:30,销售订单0060245992创建成功开票：0920835973,S,1,成功
ZRTC20260424025,1-7Z1TII,QC@70502238,12508830,HLB-166533ad-570e-11f0-8cdb-0c42a112278c,1000.0,-743.14,0,60245992,,920835973,2026-04-26,12:21:30,销售订单0060245992创建成功开票：0920835973,S,1,成功
ZRTC20260424025,1-7Z1TII,QC@70502239,12508830,HLB-1665336f-570e-11f0-8cdb-0c42a112278c,1000.0,-743.14,0,60245992,,920835973,2026-04-26,12:21:30,销售订单0060245992创建成功开票：0920835973,S,1,成功
ZRTC20260424025,1-7Z1TII,QC@72161700,12268713,HLB-4ce79ece-4982-11f0-8cdb-0c42a112278c,1000.0,-743.14,0,60245992,,920835973,2026-04-26,12:21:30,销售订单0060245992创建成功开票：0920835973,S,1,成功
ZRTC20260424025,1-7Z1TII,QC@72442605,12521724,HLB-9ae2b45b-5949-11f0-8cdb-0c42a112278c,1000.0,-743.14,0,60245992,,920835973,2026-04-26,12:21:30,销售订单0060245992创建成功开票：0920835973,S,1,成功
ZRTC20260424025,1-7Z1TII,QC@72442606,12521724,HLB-9ae2b3ee-5949-11f0-8cdb-0c42a112278c,1000.0,-743.14,0,60245992,,920835973,2026-04-26,12:21:30,销售订单0060245992创建成功开票：0920835973,S,1,成功
ZRTC20260424025,1-7Z1TII,QC@72442607,12521724,HLB-9ae2b42f-5949-11f0-8cdb-0c42a112278c,1000.0,-743.14,0,60245992,,920835973,2026-04-26,12:21:30,销售订单0060245992创建成功开票：0920835973,S,1,成功
ZRTC20260424025,1-7Z1TII,QC@72442608,12521724,HLB-9ae2b3d5-5949-11f0-8cdb-0c42a112278c,1000.0,-743.14,0,60245992,,920835973,2026-04-26,12:21:30,销售订单0060245992创建成功开票：0920835973,S,1,成功
ZRTC20260424025,1-7Z1TII,QC@72442609,12521724,HLB-9ae2b50f-5949-11f0-8cdb-0c42a112278c,1000.0,-743.14,0,60245992,,920835973,2026-04-26,12:21:30,销售订单0060245992创建成功开票：0920835973,S,1,成功
ZRTC20260424025,1-7Z1TII,QC@72442610,12521724,HLB-9ae2b486-5949-11f0-8cdb-0c42a112278c,1000.0,-743.14,0,60245992,,920835973,2026-04-26,12:21:30,销售订单0060245992创建成功开票：0920835973,S,1,成功
ZRTC20260424025,1-7Z1TII,QC@72442611,12521724,HLB-9ae2b388-5949-11f0-8cdb-0c42a112278c,1000.0,-743.14,0,60245992,,920835973,2026-04-26,12:21:30,销售订单0060245992创建成功开票：0920835973,S,1,成功
ZRTC20260424025,1-7Z1TII,QC@72442612,12521724,HLB-9ae2b4ae-5949-11f0-8cdb-0c42a112278c,1000.0,-743.14,0,60245992,,920835973,2026-04-26,12:21:30,销售订单0060245992创建成功开票：0920835973,S,1,成功
ZRTC20260424025,1-7Z1TII,QC@72442613,12521724,HLB-9ae2b355-5949-11f0-8cdb-0c42a112278c,1000.0,-743.14,0,60245992,,920835973,2026-04-26,12:21:30,销售订单0060245992创建成功开票：0920835973,S,1,成功
ZRTC20260424025,1-7Z1TII,QC@72442614,12521724,HLB-9ae2b2f1-5949-11f0-8cdb-0c42a112278c,1000.0,-743.14,0,60245992,,920835973,2026-04-26,12:21:30,销售订单0060245992创建成功开票：0920835973,S,1,成功
ZRTC20260424025,1-7Z1TII,QC@72442615,12521724,HLB-9ae2b4fb-5949-11f0-8cdb-0c42a112278c,1000.0,-743.14,0,60245992,,920835973,2026-04-26,12:21:30,销售订单0060245992创建成功开票：0920835973,S,1,成功
ZRTC20260424025,1-7Z1TII,QC@72442616,12521724,HLB-9ae2b3a1-5949-11f0-8cdb-0c42a112278c,1000.0,-743.14,0,60245992,,920835973,2026-04-26,12:21:30,销售订单0060245992创建成功开票：0920835973,S,1,成功
ZRTC20260424025,1-7Z1TII,QC@72442617,12521724,HLB-9ae2b46f-5949-11f0-8cdb-0c42a112278c,1000.0,-743.14,0,60245992,,920835973,2026-04-26,12:21:30,销售订单0060245992创建成功开票：0920835973,S,1,成功
ZRTC20260424025,1-7Z1TII,QC@72442618,12521724,HLB-9ae2b419-5949-11f0-8cdb-0c42a112278c,1000.0,-743.14,0,60245992,,920835973,2026-04-26,12:21:30,销售订单0060245992创建成功开票：0920835973,S,1,成功
ZRTC20260424025,1-7Z1TII,QC@72442620,12521724,HLB-9ae2b3bc-5949-11f0-8cdb-0c42a112278c,1000.0,-743.14,0,60245992,,920835973,2026-04-26,12:21:30,销售订单0060245992创建成功开票：0920835973,S,1,成功
ZRTC20260424025,1-7Z1TII,QC@72442621,12521724,HLB-9ae2b445-5949-11f0-8cdb-0c42a112278c,1000.0,-743.14,0,60245992,,920835973,2026-04-26,12:21:30,销售订单0060245992创建成功开票：0920835973,S,1,成功
ZRTC20260424025,1-7Z1TII,QC@72442622,12521724,HLB-9ae2b4e8-5949-11f0-8cdb-0c42a112278c,1000.0,-743.14,0,60245992,,920835973,2026-04-26,12:21:30,销售订单0060245992创建成功开票：0920835973,S,1,成功
ZRTC20260424025,1-7Z1TII,QC@72442623,12521724,HLB-9ae2b403-5949-11f0-8cdb-0c42a112278c,1000.0,-743.14,0,60245992,,920835973,2026-04-26,12:21:30,销售订单0060245992创建成功开票：0920835973,S,1,成功
ZRTC20260424025,1-7Z1TII,QC@72442624,12521724,HLB-9ae2b49a-5949-11f0-8cdb-0c42a112278c,1000.0,-743.14,0,60245992,,920835973,2026-04-26,12:21:30,销售订单0060245992创建成功开票：0920835973,S,1,成功
ZRTC20260424025,1-7Z1TII,QC@74242298,12464752,HLB-507d4786-5482-11f0-8cdb-0c42a112278c,1000.0,-743.14,0,60245992,,920835973,2026-04-26,12:21:30,销售订单0060245992创建成功开票：0920835973,S,1,成功
ZRTC20260424025,1-7Z1TII,QC@75664473,12508838,HLB-172f7984-570e-11f0-8cdb-0c42a112278c,1000.0,-743.14,0,60245992,,920835973,2026-04-26,12:21:30,销售订单0060245992创建成功开票：0920835973,S,1,成功
ZRTC20260424025,1-7Z1TII,QC@75664474,12508838,HLB-172f79eb-570e-11f0-8cdb-0c42a112278c,1000.0,-743.14,0,60245992,,920835973,2026-04-26,12:21:30,销售订单0060245992创建成功开票：0920835973,S,1,成功
ZRTC20260424025,1-7Z1TII,QC@75664475,12508838,HLB-172f7a71-570e-11f0-8cdb-0c42a112278c,1000.0,-743.14,0,60245992,,920835973,2026-04-26,12:21:30,销售订单0060245992创建成功开票：0920835973,S,1,成功
ZRTC20260424025,1-7Z1TII,QC@75664476,12508838,HLB-172f79d0-570e-11f0-8cdb-0c42a112278c,1000.0,-743.14,0,60245992,,920835973,2026-04-26,12:21:30,销售订单0060245992创建成功开票：0920835973,S,1,成功
ZRTC20260424025,1-7Z1TII,QC@75664477,12508838,HLB-172f7a0c-570e-11f0-8cdb-0c42a112278c,1000.0,-743.14,0,60245992,,920835973,2026-04-26,12:21:30,销售订单0060245992创建成功开票：0920835973,S,1,成功
ZRTC20260424025,1-7Z1TII,QC@75664478,12508838,HLB-172f79b9-570e-11f0-8cdb-0c42a112278c,1000.0,-743.14,0,60245992,,920835973,2026-04-26,12:21:30,销售订单0060245992创建成功开票：0920835973,S,1,成功
ZRTC20260424025,1-7Z1TII,QC@75664479,12508838,HLB-172f7a25-570e-11f0-8cdb-0c42a112278c,1000.0,-743.14,0,60245992,,920835973,2026-04-26,12:21:30,销售订单0060245992创建成功开票：0920835973,S,1,成功
ZRTC20260424025,1-7Z1TII,QC@75664480,12508838,HLB-172f7930-570e-11f0-8cdb-0c42a112278c,1000.0,-743.14,0,60245992,,920835973,2026-04-26,12:21:30,销售订单0060245992创建成功开票：0920835973,S,1,成功
ZRTC20260424025,1-7Z1TII,QC@75664481,12508838,HLB-172f7a3e-570e-11f0-8cdb-0c42a112278c,1000.0,-743.14,0,60245992,,920835973,2026-04-26,12:21:30,销售订单0060245992创建成功开票：0920835973,S,1,成功
ZRTC20260424025,1-7Z1TII,QC@75664482,12508838,HLB-172f799f-570e-11f0-8cdb-0c42a112278c,1000.0,-743.14,0,60245992,,920835973,2026-04-26,12:21:30,销售订单0060245992创建成功开票：0920835973,S,1,成功
ZRTC20260424025,1-7Z1TII,QC@76511254,12543939,HLB-0cfe392e-5c75-11f0-8cdb-0c42a112278c,1000.0,-743.14,0,60245992,,920835973,2026-04-26,12:21:30,销售订单0060245992创建成功开票：0920835973,S,1,成功
ZRTC20260424025,1-7Z1TII,QC@76511255,12543939,HLB-0cfe3941-5c75-11f0-8cdb-0c42a112278c,1000.0,-743.14,0,60245992,,920835973,2026-04-26,12:21:30,销售订单0060245992创建成功开票：0920835973,S,1,成功
ZRTC20260424025,1-7Z1TII,QC@76511256,12543939,HLB-0cfe38e0-5c75-11f0-8cdb-0c42a112278c,1000.0,-743.14,0,60245992,,920835973,2026-04-26,12:21:30,销售订单0060245992创建成功开票：0920835973,S,1,成功
ZRTC20260424025,1-7Z1TII,QC@76511257,12543939,HLB-0cfe37df-5c75-11f0-8cdb-0c42a112278c,1000.0,-743.14,0,60245992,,920835973,2026-04-26,12:21:30,销售订单0060245992创建成功开票：0920835973,S,1,成功
ZRTC20260424025,1-7Z1TII,QC@76511258,12543939,HLB-0cfe384b-5c75-11f0-8cdb-0c42a112278c,1000.0,-743.14,0,60245992,,920835973,2026-04-26,12:21:30,销售订单0060245992创建成功开票：0920835973,S,1,成功
ZRTC20260424025,1-7Z1TII,QC@76511259,12543939,HLB-0cfe38a1-5c75-11f0-8cdb-0c42a112278c,1000.0,-743.14,0,60245992,,920835973,2026-04-26,12:21:30,销售订单0060245992创建成功开票：0920835973,S,1,成功
ZRTC20260424025,1-7Z1TII,QC@76511260,12543939,HLB-0cfe3744-5c75-11f0-8cdb-0c42a112278c,1000.0,-743.14,0,60245992,,920835973,2026-04-26,12:21:30,销售订单0060245992创建成功开票：0920835973,S,1,成功
ZRTC20260424025,1-7Z1TII,QC@76511261,12543939,HLB-0cfe3907-5c75-11f0-8cdb-0c42a112278c,1000.0,-743.14,0,60245992,,920835973,2026-04-26,12:21:30,销售订单0060245992创建成功开票：0920835973,S,1,成功
ZRTC20260424025,1-7Z1TII,QC@76511262,12543939,HLB-0cfe3860-5c75-11f0-8cdb-0c42a112278c,1000.0,-743.14,0,60245992,,920835973,2026-04-26,12:21:30,销售订单0060245992创建成功开票：0920835973,S,1,成功
ZRTC20260424025,1-7Z1TII,QC@76511263,12543939,HLB-0cfe380c-5c75-11f0-8cdb-0c42a112278c,1000.0,-743.14,0,60245992,,920835973,2026-04-26,12:21:30,销售订单0060245992创建成功开票：0920835973,S,1,成功
ZRTC20260424025,1-7Z1TII,QC@76511264,12543939,HLB-0cfe38cb-5c75-11f0-8cdb-0c42a112278c,1000.0,-743.14,0,60245992,,920835973,2026-04-26,12:21:30,销售订单0060245992创建成功开票：0920835973,S,1,成功
ZRTC20260424025,1-7Z1TII,QC@76511265,12543939,HLB-0cfe38f2-5c75-11f0-8cdb-0c42a112278c,1000.0,-743.14,0,60245992,,920835973,2026-04-26,12:21:30,销售订单0060245992创建成功开票：0920835973,S,1,成功
ZRTC20260424025,1-7Z1TII,QC@76511266,12543939,HLB-0cfe37f5-5c75-11f0-8cdb-0c42a112278c,1000.0,-743.14,0,60245992,,920835973,2026-04-26,12:21:30,销售订单0060245992创建成功开票：0920835973,S,1,成功
ZRTC20260424025,1-7Z1TII,QC@76511267,12543939,HLB-0cfe391a-5c75-11f0-8cdb-0c42a112278c,1000.0,-743.14,0,60245992,,920835973,2026-04-26,12:21:30,销售订单0060245992创建成功开票：0920835973,S,1,成功
ZRTC20260424025,1-7Z1TII,QC@76511268,12543939,HLB-0cfe3837-5c75-11f0-8cdb-0c42a112278c,1000.0,-743.14,0,60245992,,920835973,2026-04-26,12:21:30,销售订单0060245992创建成功开票：0920835973,S,1,成功
ZRTC20260424025,1-7Z1TII,QC@76511269,12543939,HLB-0cfe388d-5c75-11f0-8cdb-0c42a112278c,1000.0,-743.14,0,60245992,,920835973,2026-04-26,12:21:30,销售订单0060245992创建成功开票：0920835973,S,1,成功
ZRTC20260424025,1-7Z1TII,QC@76511270,12543939,HLB-0cfe36f5-5c75-11f0-8cdb-0c42a112278c,1000.0,-743.14,0,60245992,,920835973,2026-04-26,12:21:30,销售订单0060245992创建成功开票：0920835973,S,1,成功
ZRTC20260424025,1-7Z1TII,QC@76511271,12543939,HLB-0cfe3820-5c75-11f0-8cdb-0c42a112278c,1000.0,-743.14,0,60245992,,920835973,2026-04-26,12:21:30,销售订单0060245992创建成功开票：0920835973,S,1,成功
ZRTC20260424025,1-7Z1TII,QC@76511272,12543939,HLB-0cfe38b6-5c75-11f0-8cdb-0c42a112278c,1000.0,-743.14,0,60245992,,920835973,2026-04-26,12:21:30,销售订单0060245992创建成功开票：0920835973,S,1,成功
ZRTC20260424025,1-7Z1TII,QC@76511273,12543939,HLB-0cfe3876-5c75-11f0-8cdb-0c42a112278c,1000.0,-743.14,0,60245992,,920835973,2026-04-26,12:21:30,销售订单0060245992创建成功开票：0920835973,S,1,成功
ZRTC20260424025,1-7Z1TII,QC@79238647,12508829,HLB-1665325b-570e-11f0-8cdb-0c42a112278c,1000.0,-743.14,0,60245992,,920835973,2026-04-26,12:21:30,销售订单0060245992创建成功开票：0920835973,S,1,成功
ZRTC20260424025,1-7Z1TII,QC@79238648,12508829,HLB-1665321b-570e-11f0-8cdb-0c42a112278c,1000.0,-743.14,0,60245992,,920835973,2026-04-26,12:21:30,销售订单0060245992创建成功开票：0920835973,S,1,成功
ZRTC20260424025,1-7Z1TII,QC@79238649,12508829,HLB-16653306-570e-11f0-8cdb-0c42a112278c,1000.0,-743.14,0,60245992,,920835973,2026-04-26,12:21:30,销售订单0060245992创建成功开票：0920835973,S,1,成功
ZRTC20260424025,1-7Z1TII,QC@79238650,12508829,HLB-1665326e-570e-11f0-8cdb-0c42a112278c,1000.0,-743.14,0,60245992,,920835973,2026-04-26,12:21:30,销售订单0060245992创建成功开票：0920835973,S,1,成功
ZRTC20260424025,1-7Z1TII,QC@79238651,12508829,HLB-16653246-570e-11f0-8cdb-0c42a112278c,1000.0,-743.14,0,60245992,,920835973,2026-04-26,12:21:30,销售订单0060245992创建成功开票：0920835973,S,1,成功
ZRTC20260424025,1-7Z1TII,QC@79238653,12508829,HLB-166532dc-570e-11f0-8cdb-0c42a112278c,1000.0,-743.14,0,60245992,,920835973,2026-04-26,12:21:30,销售订单0060245992创建成功开票：0920835973,S,1,成功
ZRTC20260424025,1-7Z1TII,QC@79238654,12508829,HLB-1665332e-570e-11f0-8cdb-0c42a112278c,1000.0,-743.14,0,60245992,,920835973,2026-04-26,12:21:30,销售订单0060245992创建成功开票：0920835973,S,1,成功
ZRTC20260424025,1-7Z1TII,QC@79238655,12508829,HLB-1665331a-570e-11f0-8cdb-0c42a112278c,1000.0,-743.14,0,60245992,,920835973,2026-04-26,12:21:30,销售订单0060245992创建成功开票：0920835973,S,1,成功
ZRTC20260424025,1-7Z1TII,QC@79238656,12508829,HLB-16653205-570e-11f0-8cdb-0c42a112278c,1000.0,-743.14,0,60245992,,920835973,2026-04-26,12:21:30,销售订单0060245992创建成功开票：0920835973,S,1,成功
ZRTC20260424025,1-7Z1TII,QC@79238657,12508829,HLB-166531d5-570e-11f0-8cdb-0c42a112278c,1000.0,-743.14,0,60245992,,920835973,2026-04-26,12:21:30,销售订单0060245992创建成功开票：0920835973,S,1,成功
ZRTC20260424025,1-7Z1TII,QC@79238658,12508829,HLB-166532c7-570e-11f0-8cdb-0c42a112278c,1000.0,-743.14,0,60245992,,920835973,2026-04-26,12:21:30,销售订单0060245992创建成功开票：0920835973,S,1,成功
ZRTC20260424025,1-7Z1TII,QC@79238659,12508829,HLB-166531a8-570e-11f0-8cdb-0c42a112278c,1000.0,-743.14,0,60245992,,920835973,2026-04-26,12:21:30,销售订单0060245992创建成功开票：0920835973,S,1,成功
ZRTC20260424025,1-7Z1TII,QC@79238660,12508829,HLB-16653234-570e-11f0-8cdb-0c42a112278c,1000.0,-743.14,0,60245992,,920835973,2026-04-26,12:21:30,销售订单0060245992创建成功开票：0920835973,S,1,成功
ZRTC20260424025,1-7Z1TII,QC@79238661,12508829,HLB-16653282-570e-11f0-8cdb-0c42a112278c,1000.0,-743.14,0,60245992,,920835973,2026-04-26,12:21:30,销售订单0060245992创建成功开票：0920835973,S,1,成功
ZRTC20260424025,1-7Z1TII,QC@79238662,12508829,HLB-166531bc-570e-11f0-8cdb-0c42a112278c,1000.0,-743.14,0,60245992,,920835973,2026-04-26,12:21:30,销售订单0060245992创建成功开票：0920835973,S,1,成功
ZRTC20260424025,1-7Z1TII,QC@79238663,12508829,HLB-1665318e-570e-11f0-8cdb-0c42a112278c,1000.0,-743.14,0,60245992,,920835973,2026-04-26,12:21:30,销售订单0060245992创建成功开票：0920835973,S,1,成功
ZRTC20260424025,1-7Z1TII,QC@79238664,12508829,HLB-16653297-570e-11f0-8cdb-0c42a112278c,1000.0,-743.14,0,60245992,,920835973,2026-04-26,12:21:30,销售订单0060245992创建成功开票：0920835973,S,1,成功
ZRTC20260424025,1-7Z1TII,QC@79238665,12508829,HLB-166532b1-570e-11f0-8cdb-0c42a112278c,1000.0,-743.14,0,60245992,,920835973,2026-04-26,12:21:30,销售订单0060245992创建成功开票：0920835973,S,1,成功
ZRTC20260424025,1-7Z1TII,QC@79238666,12508829,HLB-166532f1-570e-11f0-8cdb-0c42a112278c,1000.0,-743.82,0,60245992,,920835973,2026-04-26,12:21:30,销售订单0060245992创建成功开票：0920835973,S,1,成功
ZRTC20260424025,1-7Z1TIJ,QC@74320208,12402602,HLB-ea6830ae-50bf-11f0-8cdb-0c42a112278c,1000.0,-425.09,0,60245992,,920835973,2026-04-26,12:21:30,销售订单0060245992创建成功开票：0920835973,S,1,成功
ZRTC20260424025,1-7Z1TIK,QC@69590849,12425149,HLB-9906fc06-5236-11f0-8cdb-0c42a112278c,1000.0,-566.78,0,60245992,,920835973,2026-04-26,12:21:30,销售订单0060245992创建成功开票：0920835973,S,1,成功
ZRTC20260424025,1-7Z1TIK,QC@69940328,12500935,HLB-43edb31d-5615-11f0-8cdb-0c42a112278c,1000.0,-566.78,0,60245992,,920835973,2026-04-26,12:21:30,销售订单0060245992创建成功开票：0920835973,S,1,成功
ZRTC20260424025,1-7Z1TIK,QC@69976431,12451536,HLB-7279ed55-53b7-11f0-8cdb-0c42a112278c,1000.0,-566.78,0,60245992,,920835973,2026-04-26,12:21:30,销售订单0060245992创建成功开票：0920835973,S,1,成功
ZRTC20260424025,1-7Z1TIK,QC@70584403,12510536,HLB-fc196adb-5728-11f0-8cdb-0c42a112278c,1000.0,566.78,0,60245992,,920835973,2026-04-26,12:21:30,销售订单0060245992创建成功开票：0920835973,S,1,成功
ZRTC20260424025,1-7Z1TIK,QC@71808830,12437045,HLB-ead97acf-52f5-11f0-8cdb-0c42a112278c,1000.0,-566.78,0,60245992,,920835973,2026-04-26,12:21:30,销售订单0060245992创建成功开票：0920835973,S,1,成功
ZRTC20260424025,1-7Z1TIK,QC@72152609,12544980,HLB-fb5cf2a9-5c89-11f0-8cdb-0c42a112278c,1000.0,-566.78,0,60245992,,920835973,2026-04-26,12:21:30,销售订单0060245992创建成功开票：0920835973,S,1,成功
ZRTC20260424025,1-7Z1TIK,QC@72652339,12508816,HLB-14ccfd14-570e-11f0-8cdb-0c42a112278c,1000.0,-566.78,0,60245992,,920835973,2026-04-26,12:21:30,销售订单0060245992创建成功开票：0920835973,S,1,成功
ZRTC20260424025,1-7Z1TIK,QC@72652340,12508816,HLB-14ccfca0-570e-11f0-8cdb-0c42a112278c,1000.0,-566.78,0,60245992,,920835973,2026-04-26,12:21:30,销售订单0060245992创建成功开票：0920835973,S,1,成功
ZRTC20260424025,1-7Z1TIK,QC@72652341,12508816,HLB-14ccfc6c-570e-11f0-8cdb-0c42a112278c,1000.0,-566.78,0,60245992,,920835973,2026-04-26,12:21:30,销售订单0060245992创建成功开票：0920835973,S,1,成功
ZRTC20260424025,1-7Z1TIK,QC@72652342,12508816,HLB-14ccfc83-570e-11f0-8cdb-0c42a112278c,1000.0,-566.78,0,60245992,,920835973,2026-04-26,12:21:30,销售订单0060245992创建成功开票：0920835973,S,1,成功
ZRTC20260424025,1-7Z1TIK,QC@72652343,12508816,HLB-14ccfdde-570e-11f0-8cdb-0c42a112278c,1000.0,-566.78,0,60245992,,920835973,2026-04-26,12:21:30,销售订单0060245992创建成功开票：0920835973,S,1,成功
ZRTC20260424025,1-7Z1TIK,QC@72652344,12508816,HLB-14ccfdb4-570e-11f0-8cdb-0c42a112278c,1000.0,-566.78,0,60245992,,920835973,2026-04-26,12:21:30,销售订单0060245992创建成功开票：0920835973,S,1,成功
ZRTC20260424025,1-7Z1TIK,QC@72652345,12508816,HLB-14ccfd9d-570e-11f0-8cdb-0c42a112278c,1000.0,-566.78,0,60245992,,920835973,2026-04-26,12:21:30,销售订单0060245992创建成功开票：0920835973,S,1,成功
ZRTC20260424025,1-7Z1TIK,QC@72652346,12508816,HLB-14ccfceb-570e-11f0-8cdb-0c42a112278c,1000.0,-566.78,0,60245992,,920835973,2026-04-26,12:21:30,销售订单0060245992创建成功开票：0920835973,S,1,成功
ZRTC20260424025,1-7Z1TIK,QC@72652347,12508816,HLB-14ccfdf3-570e-11f0-8cdb-0c42a112278c,1000.0,-566.78,0,60245992,,920835973,2026-04-26,12:21:30,销售订单0060245992创建成功开票：0920835973,S,1,成功
ZRTC20260424025,1-7Z1TIK,QC@72652348,12508816,HLB-14ccfd56-570e-11f0-8cdb-0c42a112278c,1000.0,-566.78,0,60245992,,920835973,2026-04-26,12:21:30,销售订单0060245992创建成功开票：0920835973,S,1,成功
ZRTC20260424025,1-7Z1TIK,QC@72652349,12508816,HLB-14ccfd6e-570e-11f0-8cdb-0c42a112278c,1000.0,-566.78,0,60245992,,920835973,2026-04-26,12:21:30,销售订单0060245992创建成功开票：0920835973,S,1,成功
ZRTC20260424025,1-7Z1TIK,QC@72652350,12508816,HLB-14ccfc55-570e-11f0-8cdb-0c42a112278c,1000.0,-566.78,0,60245992,,920835973,2026-04-26,12:21:30,销售订单0060245992创建成功开票：0920835973,S,1,成功
ZRTC20260424025,1-7Z1TIK,QC@72652351,12508816,HLB-14ccfc36-570e-11f0-8cdb-0c42a112278c,1000.0,-566.78,0,60245992,,920835973,2026-04-26,12:21:30,销售订单0060245992创建成功开票：0920835973,S,1,成功
ZRTC20260424025,1-7Z1TIK,QC@72652352,12508816,HLB-14ccfc20-570e-11f0-8cdb-0c42a112278c,1000.0,-566.78,0,60245992,,920835973,2026-04-26,12:21:30,销售订单0060245992创建成功开票：0920835973,S,1,成功
ZRTC20260424025,1-7Z1TIK,QC@72652353,12508816,HLB-14ccfc06-570e-11f0-8cdb-0c42a112278c,1000.0,-566.78,0,60245992,,920835973,2026-04-26,12:21:30,销售订单0060245992创建成功开票：0920835973,S,1,成功
ZRTC20260424025,1-7Z1TIK,QC@72652354,12508816,HLB-14ccfdca-570e-11f0-8cdb-0c42a112278c,1000.0,-566.78,0,60245992,,920835973,2026-04-26,12:21:30,销售订单0060245992创建成功开票：0920835973,S,1,成功
ZRTC20260424025,1-7Z1TIK,QC@72652355,12508816,HLB-14ccfcc1-570e-11f0-8cdb-0c42a112278c,1000.0,-566.78,0,60245992,,920835973,2026-04-26,12:21:30,销售订单0060245992创建成功开票：0920835973,S,1,成功
ZRTC20260424025,1-7Z1TIK,QC@72652356,12508816,HLB-14ccfd88-570e-11f0-8cdb-0c42a112278c,1000.0,-566.78,0,60245992,,920835973,2026-04-26,12:21:30,销售订单0060245992创建成功开票：0920835973,S,1,成功
ZRTC20260424025,1-7Z1TIK,QC@72652357,12508816,HLB-14ccfcd8-570e-11f0-8cdb-0c42a112278c,1000.0,-566.78,0,60245992,,920835973,2026-04-26,12:21:30,销售订单0060245992创建成功开票：0920835973,S,1,成功
ZRTC20260424025,1-7Z1TIK,QC@72652358,12508816,HLB-14ccfcff-570e-11f0-8cdb-0c42a112278c,1000.0,-566.78,0,60245992,,920835973,2026-04-26,12:21:30,销售订单0060245992创建成功开票：0920835973,S,1,成功
ZRTC20260424025,1-7Z1TIK,QC@72994060,11930784,HLB-206a2d12-2ef2-11f0-8cdb-0c42a112278c,1000.0,-566.78,0,60245992,,920835973,2026-04-26,12:21:30,销售订单0060245992创建成功开票：0920835973,S,1,成功
ZRTC20260424025,1-7Z1TIK,QC@73046748,12384611,HLB-edef6859-4fc9-11f0-8cdb-0c42a112278c,1000.0,-566.78,0,60245992,,920835973,2026-04-26,12:21:30,销售订单0060245992创建成功开票：0920835973,S,1,成功
ZRTC20260424025,1-7Z1TIK,QC@73733600,12488299,HLB-21bc51e8-556e-11f0-8cdb-0c42a112278c,1000.0,-566.78,0,60245992,,920835973,2026-04-26,12:21:30,销售订单0060245992创建成功开票：0920835973,S,1,成功
ZRTC20260424025,1-7Z1TIK,QC@73757092,12440648,HLB-a0bcdd89-530b-11f0-8cdb-0c42a112278c,1000.0,566.78,0,60245992,,920835973,2026-04-26,12:21:30,销售订单0060245992创建成功开票：0920835973,S,1,成功
ZRTC20260424025,1-7Z1TIK,QC@73848592,12508832,HLB-1688d683-570e-11f0-8cdb-0c42a112278c,1000.0,-566.78,0,60245992,,920835973,2026-04-26,12:21:30,销售订单0060245992创建成功开票：0920835973,S,1,成功
ZRTC20260424025,1-7Z1TIK,QC@73848593,12508832,HLB-1688d698-570e-11f0-8cdb-0c42a112278c,1000.0,-566.78,0,60245992,,920835973,2026-04-26,12:21:30,销售订单0060245992创建成功开票：0920835973,S,1,成功
ZRTC20260424025,1-7Z1TIK,QC@73848594,12508832,HLB-1688d61c-570e-11f0-8cdb-0c42a112278c,1000.0,-566.78,0,60245992,,920835973,2026-04-26,12:21:30,销售订单0060245992创建成功开票：0920835973,S,1,成功
ZRTC20260424025,1-7Z1TIK,QC@73848595,12508832,HLB-1688d632-570e-11f0-8cdb-0c42a112278c,1000.0,-566.78,0,60245992,,920835973,2026-04-26,12:21:30,销售订单0060245992创建成功开票：0920835973,S,1,成功
ZRTC20260424025,1-7Z1TIK,QC@73848596,12508832,HLB-1688d739-570e-11f0-8cdb-0c42a112278c,1000.0,-566.78,0,60245992,,920835973,2026-04-26,12:21:30,销售订单0060245992创建成功开票：0920835973,S,1,成功
ZRTC20260424025,1-7Z1TIK,QC@73848597,12508832,HLB-1688d723-570e-11f0-8cdb-0c42a112278c,1000.0,-566.78,0,60245992,,920835973,2026-04-26,12:21:30,销售订单0060245992创建成功开票：0920835973,S,1,成功
ZRTC20260424025,1-7Z1TIK,QC@73848598,12508832,HLB-1688d6bf-570e-11f0-8cdb-0c42a112278c,1000.0,-566.78,0,60245992,,920835973,2026-04-26,12:21:30,销售订单0060245992创建成功开票：0920835973,S,1,成功
ZRTC20260424025,1-7Z1TIK,QC@73848599,12508832,HLB-1688d646-570e-11f0-8cdb-0c42a112278c,1000.0,-566.78,0,60245992,,920835973,2026-04-26,12:21:30,销售订单0060245992创建成功开票：0920835973,S,1,成功
ZRTC20260424025,1-7Z1TIK,QC@73848600,12508832,HLB-1688d74c-570e-11f0-8cdb-0c42a112278c,1000.0,-566.78,0,60245992,,920835973,2026-04-26,12:21:30,销售订单0060245992创建成功开票：0920835973,S,1,成功
ZRTC20260424025,1-7Z1TIK,QC@73848601,12508832,HLB-1688d75f-570e-11f0-8cdb-0c42a112278c,1000.0,-566.78,0,60245992,,920835973,2026-04-26,12:21:30,销售订单0060245992创建成功开票：0920835973,S,1,成功
ZRTC20260424025,1-7Z1TIK,QC@73848602,12508832,HLB-1688d6d4-570e-11f0-8cdb-0c42a112278c,1000.0,-566.78,0,60245992,,920835973,2026-04-26,12:21:30,销售订单0060245992创建成功开票：0920835973,S,1,成功
ZRTC20260424025,1-7Z1TIK,QC@73848603,12508832,HLB-1688d6fb-570e-11f0-8cdb-0c42a112278c,1000.0,-566.78,0,60245992,,920835973,2026-04-26,12:21:30,销售订单0060245992创建成功开票：0920835973,S,1,成功
ZRTC20260424025,1-7Z1TIK,QC@73848604,12508832,HLB-1688d609-570e-11f0-8cdb-0c42a112278c,1000.0,-566.78,0,60245992,,920835973,2026-04-26,12:21:30,销售订单0060245992创建成功开票：0920835973,S,1,成功
ZRTC20260424025,1-7Z1TIK,QC@73848605,12508832,HLB-1688d6e8-570e-11f0-8cdb-0c42a112278c,1000.0,-566.78,0,60245992,,920835973,2026-04-26,12:21:30,销售订单0060245992创建成功开票：0920835973,S,1,成功
ZRTC20260424025,1-7Z1TIK,QC@73848606,12508832,HLB-1688d670-570e-11f0-8cdb-0c42a112278c,1000.0,-566.78,0,60245992,,920835973,2026-04-26,12:21:30,销售订单0060245992创建成功开票：0920835973,S,1,成功
ZRTC20260424025,1-7Z1TIK,QC@73848607,12508832,HLB-1688d786-570e-11f0-8cdb-0c42a112278c,1000.0,-566.78,0,60245992,,920835973,2026-04-26,12:21:30,销售订单0060245992创建成功开票：0920835973,S,1,成功
ZRTC20260424025,1-7Z1TIK,QC@73848608,12508832,HLB-1688d70e-570e-11f0-8cdb-0c42a112278c,1000.0,-566.78,0,60245992,,920835973,2026-04-26,12:21:30,销售订单0060245992创建成功开票：0920835973,S,1,成功
ZRTC20260424025,1-7Z1TIK,QC@73848609,12508832,HLB-1688d6ac-570e-11f0-8cdb-0c42a112278c,1000.0,-566.78,0,60245992,,920835973,2026-04-26,12:21:30,销售订单0060245992创建成功开票：0920835973,S,1,成功
ZRTC20260424025,1-7Z1TIK,QC@73848610,12508832,HLB-1688d773-570e-11f0-8cdb-0c42a112278c,1000.0,-566.78,0,60245992,,920835973,2026-04-26,12:21:30,销售订单0060245992创建成功开票：0920835973,S,1,成功
ZRTC20260424025,1-7Z1TIK,QC@73848611,12508832,HLB-1688d65a-570e-11f0-8cdb-0c42a112278c,1000.0,-566.78,0,60245992,,920835973,2026-04-26,12:21:30,销售订单0060245992创建成功开票：0920835973,S,1,成功
ZRTC20260424025,1-7Z1TIK,QC@74185692,12500932,HLB-1b5e8441-5615-11f0-8cdb-0c42a112278c,1000.0,-566.78,0,60245992,,920835973,2026-04-26,12:21:30,销售订单0060245992创建成功开票：0920835973,S,1,成功
ZRTC20260424025,1-7Z1TIK,QC@74395745,12365149,HLB-a017b660-4e64-11f0-8cdb-0c42a112278c,1000.0,-566.78,0,60245992,,920835973,2026-04-26,12:21:30,销售订单0060245992创建成功开票：0920835973,S,1,成功
ZRTC20260424025,1-7Z1TIK,QC@74409647,12437015,HLB-97da8477-52f5-11f0-8cdb-0c42a112278c,1000.0,-566.78,0,60245992,,920835973,2026-04-26,12:21:30,销售订单0060245992创建成功开票：0920835973,S,1,成功
ZRTC20260424025,1-7Z1TIK,QC@74822374,12446006,HLB-18906d39-532b-11f0-8cdb-0c42a112278c,1000.0,-566.78,0,60245992,,920835973,2026-04-26,12:21:30,销售订单0060245992创建成功开票：0920835973,S,1,成功
ZRTC20260424025,1-7Z1TIK,QC@74822375,12446006,HLB-18906e4b-532b-11f0-8cdb-0c42a112278c,1000.0,-566.78,0,60245992,,920835973,2026-04-26,12:21:30,销售订单0060245992创建成功开票：0920835973,S,1,成功
ZRTC20260424025,1-7Z1TIK,QC@74822376,12446006,HLB-18906df5-532b-11f0-8cdb-0c42a112278c,1000.0,-566.78,0,60245992,,920835973,2026-04-26,12:21:30,销售订单0060245992创建成功开票：0920835973,S,1,成功
ZRTC20260424025,1-7Z1TIK,QC@74822377,12446006,HLB-18906dde-532b-11f0-8cdb-0c42a112278c,1000.0,-566.78,0,60245992,,920835973,2026-04-26,12:21:30,销售订单0060245992创建成功开票：0920835973,S,1,成功
ZRTC20260424025,1-7Z1TIK,QC@74822378,12446006,HLB-18906dc5-532b-11f0-8cdb-0c42a112278c,1000.0,-566.78,0,60245992,,920835973,2026-04-26,12:21:30,销售订单0060245992创建成功开票：0920835973,S,1,成功
ZRTC20260424025,1-7Z1TIK,QC@74822379,12446006,HLB-18906d88-532b-11f0-8cdb-0c42a112278c,1000.0,-566.78,0,60245992,,920835973,2026-04-26,12:21:30,销售订单0060245992创建成功开票：0920835973,S,1,成功
ZRTC20260424025,1-7Z1TIK,QC@74822380,12446006,HLB-18906e37-532b-11f0-8cdb-0c42a112278c,1000.0,-566.78,0,60245992,,920835973,2026-04-26,12:21:30,销售订单0060245992创建成功开票：0920835973,S,1,成功
ZRTC20260424025,1-7Z1TIK,QC@74822381,12446006,HLB-18906e0c-532b-11f0-8cdb-0c42a112278c,1000.0,-566.78,0,60245992,,920835973,2026-04-26,12:21:30,销售订单0060245992创建成功开票：0920835973,S,1,成功
ZRTC20260424025,1-7Z1TIK,QC@74822382,12446006,HLB-18906db0-532b-11f0-8cdb-0c42a112278c,1000.0,-566.78,0,60245992,,920835973,2026-04-26,12:21:30,销售订单0060245992创建成功开票：0920835973,S,1,成功
ZRTC20260424025,1-7Z1TIK,QC@74822383,12446006,HLB-18906e21-532b-11f0-8cdb-0c42a112278c,1000.0,-566.78,0,60245992,,920835973,2026-04-26,12:21:30,销售订单0060245992创建成功开票：0920835973,S,1,成功
ZRTC20260424025,1-7Z1TIK,QC@74842799,12488471,HLB-59964b08-556f-11f0-8cdb-0c42a112278c,1000.0,-566.78,0,60245992,,920835973,2026-04-26,12:21:30,销售订单0060245992创建成功开票：0920835973,S,1,成功
ZRTC20260424025,1-7Z1TIK,QC@75298232,12386384,HLB-3746385b-4fdc-11f0-8cdb-0c42a112278c,1000.0,-566.78,0,60245992,,920835973,2026-04-26,12:21:30,销售订单0060245992创建成功开票：0920835973,S,1,成功
ZRTC20260424025,1-7Z1TIK,QC@75474677,12512957,HLB-5ee877cb-57ca-11f0-8cdb-0c42a112278c,1000.0,-566.78,0,60245992,,920835973,2026-04-26,12:21:30,销售订单0060245992创建成功开票：0920835973,S,1,成功
ZRTC20260424025,1-7Z1TIK,QC@75814784,12496900,HLB-97640c5e-5594-11f0-8cdb-0c42a112278c,1000.0,-566.78,0,60245992,,920835973,2026-04-26,12:21:30,销售订单0060245992创建成功开票：0920835973,S,1,成功
ZRTC20260424025,1-7Z1TIK,QC@75814785,12496900,HLB-97640c02-5594-11f0-8cdb-0c42a112278c,1000.0,-566.78,0,60245992,,920835973,2026-04-26,12:21:30,销售订单0060245992创建成功开票：0920835973,S,1,成功
ZRTC20260424025,1-7Z1TIK,QC@75814786,12496900,HLB-97640c7d-5594-11f0-8cdb-0c42a112278c,1000.0,-566.78,0,60245992,,920835973,2026-04-26,12:21:30,销售订单0060245992创建成功开票：0920835973,S,1,成功
ZRTC20260424025,1-7Z1TIK,QC@75814787,12496900,HLB-97640c19-5594-11f0-8cdb-0c42a112278c,1000.0,-566.78,0,60245992,,920835973,2026-04-26,12:21:30,销售订单0060245992创建成功开票：0920835973,S,1,成功
ZRTC20260424025,1-7Z1TIK,QC@75814788,12496900,HLB-97640bd2-5594-11f0-8cdb-0c42a112278c,1000.0,-566.78,0,60245992,,920835973,2026-04-26,12:21:30,销售订单0060245992创建成功开票：0920835973,S,1,成功
ZRTC20260424025,1-7Z1TIK,QC@75814789,12496900,HLB-97640bbc-5594-11f0-8cdb-0c42a112278c,1000.0,-566.78,0,60245992,,920835973,2026-04-26,12:21:30,销售订单0060245992创建成功开票：0920835973,S,1,成功
ZRTC20260424025,1-7Z1TIK,QC@75814790,12496900,HLB-97640c32-5594-11f0-8cdb-0c42a112278c,1000.0,-566.78,0,60245992,,920835973,2026-04-26,12:21:30,销售订单0060245992创建成功开票：0920835973,S,1,成功
ZRTC20260424025,1-7Z1TIK,QC@75814791,12496900,HLB-97640c49-5594-11f0-8cdb-0c42a112278c,1000.0,-566.78,0,60245992,,920835973,2026-04-26,12:21:30,销售订单0060245992创建成功开票：0920835973,S,1,成功
ZRTC20260424025,1-7Z1TIK,QC@75814792,12496900,HLB-97640bea-5594-11f0-8cdb-0c42a112278c,1000.0,-566.78,0,60245992,,920835973,2026-04-26,12:21:30,销售订单0060245992创建成功开票：0920835973,S,1,成功
ZRTC20260424025,1-7Z1TIK,QC@75814793,12496900,HLB-97640b68-5594-11f0-8cdb-0c42a112278c,1000.0,-566.78,0,60245992,,920835973,2026-04-26,12:21:30,销售订单0060245992创建成功开票：0920835973,S,1,成功
ZRTC20260424025,1-7Z1TIK,QC@75960286,12375046,HLB-0dead24a-4f18-11f0-8cdb-0c42a112278c,1000.0,-566.78,0,60245992,,920835973,2026-04-26,12:21:30,销售订单0060245992创建成功开票：0920835973,S,1,成功
ZRTC20260424025,1-7Z1TIK,QC@75960287,12375046,HLB-0e0badac-4f18-11f0-8cdb-0c42a112278c,1000.0,-566.78,0,60245992,,920835973,2026-04-26,12:21:30,销售订单0060245992创建成功开票：0920835973,S,1,成功
ZRTC20260424025,1-7Z1TIK,QC@75960288,12375046,HLB-0e0baccc-4f18-11f0-8cdb-0c42a112278c,1000.0,-566.78,0,60245992,,920835973,2026-04-26,12:21:30,销售订单0060245992创建成功开票：0920835973,S,1,成功
ZRTC20260424025,1-7Z1TIK,QC@75960289,12375046,HLB-0e0bad1d-4f18-11f0-8cdb-0c42a112278c,1000.0,-566.78,0,60245992,,920835973,2026-04-26,12:21:30,销售订单0060245992创建成功开票：0920835973,S,1,成功
ZRTC20260424025,1-7Z1TIK,QC@75960290,12375046,HLB-0e0bad98-4f18-11f0-8cdb-0c42a112278c,1000.0,-566.78,0,60245992,,920835973,2026-04-26,12:21:30,销售订单0060245992创建成功开票：0920835973,S,1,成功
ZRTC20260424025,1-7Z1TIK,QC@75960291,12375046,HLB-0e0bab7b-4f18-11f0-8cdb-0c42a112278c,1000.0,-566.78,0,60245992,,920835973,2026-04-26,12:21:30,销售订单0060245992创建成功开票：0920835973,S,1,成功
ZRTC20260424025,1-7Z1TIK,QC@75960292,12375046,HLB-0e0bacdf-4f18-11f0-8cdb-0c42a112278c,1000.0,-566.78,0,60245992,,920835973,2026-04-26,12:21:30,销售订单0060245992创建成功开票：0920835973,S,1,成功
ZRTC20260424025,1-7Z1TIK,QC@75960293,12375046,HLB-0e0bac16-4f18-11f0-8cdb-0c42a112278c,1000.0,-566.78,0,60245992,,920835973,2026-04-26,12:21:30,销售订单0060245992创建成功开票：0920835973,S,1,成功
ZRTC20260424025,1-7Z1TIK,QC@75960294,12375046,HLB-0e0bacf4-4f18-11f0-8cdb-0c42a112278c,1000.0,-566.78,0,60245992,,920835973,2026-04-26,12:21:30,销售订单0060245992创建成功开票：0920835973,S,1,成功
ZRTC20260424025,1-7Z1TIK,QC@75960295,12375046,HLB-0e0bad09-4f18-11f0-8cdb-0c42a112278c,1000.0,-566.78,0,60245992,,920835973,2026-04-26,12:21:30,销售订单0060245992创建成功开票：0920835973,S,1,成功
ZRTC20260424025,1-7Z1TIK,QC@75960296,12375046,HLB-0e0bac2c-4f18-11f0-8cdb-0c42a112278c,1000.0,-566.78,0,60245992,,920835973,2026-04-26,12:21:30,销售订单0060245992创建成功开票：0920835973,S,1,成功
ZRTC20260424025,1-7Z1TIK,QC@75960297,12375046,HLB-0e0badd3-4f18-11f0-8cdb-0c42a112278c,1000.0,-566.78,0,60245992,,920835973,2026-04-26,12:21:30,销售订单0060245992创建成功开票：0920835973,S,1,成功
ZRTC20260424025,1-7Z1TIK,QC@75960298,12375046,HLB-0dead2a2-4f18-11f0-8cdb-0c42a112278c,1000.0,-566.78,0,60245992,,920835973,2026-04-26,12:21:30,销售订单0060245992创建成功开票：0920835973,S,1,成功
ZRTC20260424025,1-7Z1TIK,QC@75960299,12375046,HLB-0e0bab5a-4f18-11f0-8cdb-0c42a112278c,1000.0,-566.78,0,60245992,,920835973,2026-04-26,12:21:30,销售订单0060245992创建成功开票：0920835973,S,1,成功
ZRTC20260424025,1-7Z1TIK,QC@75960300,12375046,HLB-0e0bac72-4f18-11f0-8cdb-0c42a112278c,1000.0,-566.78,0,60245992,,920835973,2026-04-26,12:21:30,销售订单0060245992创建成功开票：0920835973,S,1,成功
ZRTC20260424025,1-7Z1TIK,QC@75960301,12375046,HLB-0e0baaf3-4f18-11f0-8cdb-0c42a112278c,1000.0,-566.78,0,60245992,,920835973,2026-04-26,12:21:30,销售订单0060245992创建成功开票：0920835973,S,1,成功
ZRTC20260424025,1-7Z1TIK,QC@75960302,12375046,HLB-0e0bacb2-4f18-11f0-8cdb-0c42a112278c,1000.0,-566.78,0,60245992,,920835973,2026-04-26,12:21:30,销售订单0060245992创建成功开票：0920835973,S,1,成功
ZRTC20260424025,1-7Z1TIK,QC@75960303,12375046,HLB-0e0bae4f-4f18-11f0-8cdb-0c42a112278c,1000.0,-566.78,0,60245992,,920835973,2026-04-26,12:21:30,销售订单0060245992创建成功开票：0920835973,S,1,成功
ZRTC20260424025,1-7Z1TIK,QC@75960304,12375046,HLB-0e0bad31-4f18-11f0-8cdb-0c42a112278c,1000.0,-566.78,0,60245992,,920835973,2026-04-26,12:21:30,销售订单0060245992创建成功开票：0920835973,S,1,成功
ZRTC20260424025,1-7Z1TIK,QC@75960305,12375046,HLB-0e0bad44-4f18-11f0-8cdb-0c42a112278c,1000.0,-566.78,0,60245992,,920835973,2026-04-26,12:21:30,销售订单0060245992创建成功开票：0920835973,S,1,成功
ZRTC20260424025,1-7Z1TIK,QC@75960306,12375046,HLB-0e0bab13-4f18-11f0-8cdb-0c42a112278c,1000.0,-566.78,0,60245992,,920835973,2026-04-26,12:21:30,销售订单0060245992创建成功开票：0920835973,S,1,成功
ZRTC20260424025,1-7Z1TIK,QC@75960307,12375046,HLB-0e0babea-4f18-11f0-8cdb-0c42a112278c,1000.0,-566.78,0,60245992,,920835973,2026-04-26,12:21:30,销售订单0060245992创建成功开票：0920835973,S,1,成功
ZRTC20260424025,1-7Z1TIK,QC@75960308,12375046,HLB-0e0bac44-4f18-11f0-8cdb-0c42a112278c,1000.0,-566.78,0,60245992,,920835973,2026-04-26,12:21:30,销售订单0060245992创建成功开票：0920835973,S,1,成功
ZRTC20260424025,1-7Z1TIK,QC@75960309,12375046,HLB-0e0badfc-4f18-11f0-8cdb-0c42a112278c,1000.0,-566.78,0,60245992,,920835973,2026-04-26,12:21:30,销售订单0060245992创建成功开票：0920835973,S,1,成功
ZRTC20260424025,1-7Z1TIK,QC@75960310,12375046,HLB-0e0bac5b-4f18-11f0-8cdb-0c42a112278c,1000.0,-566.78,0,60245992,,920835973,2026-04-26,12:21:30,销售订单0060245992创建成功开票：0920835973,S,1,成功
ZRTC20260424025,1-7Z1TIK,QC@75960311,12375046,HLB-0e0bae64-4f18-11f0-8cdb-0c42a112278c,1000.0,-566.78,0,60245992,,920835973,2026-04-26,12:21:30,销售订单0060245992创建成功开票：0920835973,S,1,成功
ZRTC20260424025,1-7Z1TIK,QC@75960312,12375046,HLB-0e0bade6-4f18-11f0-8cdb-0c42a112278c,1000.0,-566.78,0,60245992,,920835973,2026-04-26,12:21:30,销售订单0060245992创建成功开票：0920835973,S,1,成功
ZRTC20260424025,1-7Z1TIK,QC@75960313,12375046,HLB-0dead20f-4f18-11f0-8cdb-0c42a112278c,1000.0,-566.78,0,60245992,,920835973,2026-04-26,12:21:30,销售订单0060245992创建成功开票：0920835973,S,1,成功
ZRTC20260424025,1-7Z1TIK,QC@75960314,12375046,HLB-0e0babd5-4f18-11f0-8cdb-0c42a112278c,1000.0,-566.78,0,60245992,,920835973,2026-04-26,12:21:30,销售订单0060245992创建成功开票：0920835973,S,1,成功
ZRTC20260424025,1-7Z1TIK,QC@75960315,12375046,HLB-0e0baa90-4f18-11f0-8cdb-0c42a112278c,1000.0,-566.78,0,60245992,,920835973,2026-04-26,12:21:30,销售订单0060245992创建成功开票：0920835973,S,1,成功
ZRTC20260424025,1-7Z1TIK,QC@75960316,12375046,HLB-0dead1a9-4f18-11f0-8cdb-0c42a112278c,1000.0,-566.78,0,60245992,,920835973,2026-04-26,12:21:30,销售订单0060245992创建成功开票：0920835973,S,1,成功
ZRTC20260424025,1-7Z1TIK,QC@75960317,12375046,HLB-0dead22d-4f18-11f0-8cdb-0c42a112278c,1000.0,-566.78,0,60245992,,920835973,2026-04-26,12:21:30,销售订单0060245992创建成功开票：0920835973,S,1,成功
ZRTC20260424025,1-7Z1TIK,QC@75960318,12375046,HLB-0e0bae25-4f18-11f0-8cdb-0c42a112278c,1000.0,-566.78,0,60245992,,920835973,2026-04-26,12:21:30,销售订单0060245992创建成功开票：0920835973,S,1,成功
ZRTC20260424025,1-7Z1TIK,QC@75960319,12375046,HLB-0e0bab9e-4f18-11f0-8cdb-0c42a112278c,1000.0,-566.78,0,60245992,,920835973,2026-04-26,12:21:30,销售订单0060245992创建成功开票：0920835973,S,1,成功
ZRTC20260424025,1-7Z1TIK,QC@75960320,12375046,HLB-0e0bab35-4f18-11f0-8cdb-0c42a112278c,1000.0,-566.78,0,60245992,,920835973,2026-04-26,12:21:30,销售订单0060245992创建成功开票：0920835973,S,1,成功
ZRTC20260424025,1-7Z1TIK,QC@75960321,12375046,HLB-0dead26a-4f18-11f0-8cdb-0c42a112278c,1000.0,-566.78,0,60245992,,920835973,2026-04-26,12:21:30,销售订单0060245992创建成功开票：0920835973,S,1,成功
ZRTC20260424025,1-7Z1TIK,QC@75960322,12375046,HLB-0e0bad59-4f18-11f0-8cdb-0c42a112278c,1000.0,-566.78,0,60245992,,920835973,2026-04-26,12:21:30,销售订单0060245992创建成功开票：0920835973,S,1,成功
ZRTC20260424025,1-7Z1TIK,QC@75960323,12375046,HLB-0e0badc0-4f18-11f0-8cdb-0c42a112278c,1000.0,-566.78,0,60245992,,920835973,2026-04-26,12:21:30,销售订单0060245992创建成功开票：0920835973,S,1,成功
ZRTC20260424025,1-7Z1TIK,QC@75960324,12375046,HLB-0e0bae3a-4f18-11f0-8cdb-0c42a112278c,1000.0,-566.78,0,60245992,,920835973,2026-04-26,12:21:30,销售订单0060245992创建成功开票：0920835973,S,1,成功
ZRTC20260424025,1-7Z1TIK,QC@75960325,12375046,HLB-0dead1eb-4f18-11f0-8cdb-0c42a112278c,1000.0,-566.78,0,60245992,,920835973,2026-04-26,12:21:30,销售订单0060245992创建成功开票：0920835973,S,1,成功
ZRTC20260424025,1-7Z1TIK,QC@75960326,12375046,HLB-0dead288-4f18-11f0-8cdb-0c42a112278c,1000.0,-566.78,0,60245992,,920835973,2026-04-26,12:21:30,销售订单0060245992创建成功开票：0920835973,S,1,成功
ZRTC20260424025,1-7Z1TIK,QC@75960327,12375046,HLB-0dead1d4-4f18-11f0-8cdb-0c42a112278c,1000.0,-566.78,0,60245992,,920835973,2026-04-26,12:21:30,销售订单0060245992创建成功开票：0920835973,S,1,成功
ZRTC20260424025,1-7Z1TIK,QC@75960328,12375046,HLB-0e0bad6d-4f18-11f0-8cdb-0c42a112278c,1000.0,-566.78,0,60245992,,920835973,2026-04-26,12:21:30,销售订单0060245992创建成功开票：0920835973,S,1,成功
ZRTC20260424025,1-7Z1TIK,QC@75960329,12375046,HLB-0e0bac9d-4f18-11f0-8cdb-0c42a112278c,1000.0,-566.78,0,60245992,,920835973,2026-04-26,12:21:30,销售订单0060245992创建成功开票：0920835973,S,1,成功
ZRTC20260424025,1-7Z1TIK,QC@75960330,12375046,HLB-0e0bae10-4f18-11f0-8cdb-0c42a112278c,1000.0,-566.78,0,60245992,,920835973,2026-04-26,12:21:30,销售订单0060245992创建成功开票：0920835973,S,1,成功
ZRTC20260424025,1-7Z1TIK,QC@75960331,12375046,HLB-0dead1c0-4f18-11f0-8cdb-0c42a112278c,1000.0,-566.78,0,60245992,,920835973,2026-04-26,12:21:30,销售订单0060245992创建成功开票：0920835973,S,1,成功
ZRTC20260424025,1-7Z1TIK,QC@75960332,12375046,HLB-0e0bac89-4f18-11f0-8cdb-0c42a112278c,1000.0,-566.78,0,60245992,,920835973,2026-04-26,12:21:30,销售订单0060245992创建成功开票：0920835973,S,1,成功
ZRTC20260424025,1-7Z1TIK,QC@75960333,12375046,HLB-0e0bac00-4f18-11f0-8cdb-0c42a112278c,1000.0,-566.78,0,60245992,,920835973,2026-04-26,12:21:30,销售订单0060245992创建成功开票：0920835973,S,1,成功
ZRTC20260424025,1-7Z1TIK,QC@75960334,12375046,HLB-0e0bad81-4f18-11f0-8cdb-0c42a112278c,1000.0,-566.78,0,60245992,,920835973,2026-04-26,12:21:30,销售订单0060245992创建成功开票：0920835973,S,1,成功
ZRTC20260424025,1-7Z1TIK,QC@75960335,12375046,HLB-0e0babbd-4f18-11f0-8cdb-0c42a112278c,1000.0,-566.78,0,60245992,,920835973,2026-04-26,12:21:30,销售订单0060245992创建成功开票：0920835973,S,1,成功
ZRTC20260424025,1-7Z1TIK,QC@76170267,12496901,HLB-97640cce-5594-11f0-8cdb-0c42a112278c,1000.0,-566.78,0,60245992,,920835973,2026-04-26,12:21:30,销售订单0060245992创建成功开票：0920835973,S,1,成功
ZRTC20260424025,1-7Z1TIK,QC@76170268,12496901,HLB-97640d0c-5594-11f0-8cdb-0c42a112278c,1000.0,-566.78,0,60245992,,920835973,2026-04-26,12:21:30,销售订单0060245992创建成功开票：0920835973,S,1,成功
ZRTC20260424025,1-7Z1TIK,QC@76170269,12496901,HLB-97640cf6-5594-11f0-8cdb-0c42a112278c,1000.0,-566.78,0,60245992,,920835973,2026-04-26,12:21:30,销售订单0060245992创建成功开票：0920835973,S,1,成功
ZRTC20260424025,1-7Z1TIK,QC@76170270,12496901,HLB-97640d36-5594-11f0-8cdb-0c42a112278c,1000.0,-566.78,0,60245992,,920835973,2026-04-26,12:21:30,销售订单0060245992创建成功开票：0920835973,S,1,成功
ZRTC20260424025,1-7Z1TIK,QC@76170271,12496901,HLB-97640d4b-5594-11f0-8cdb-0c42a112278c,1000.0,-566.78,0,60245992,,920835973,2026-04-26,12:21:30,销售订单0060245992创建成功开票：0920835973,S,1,成功
ZRTC20260424025,1-7Z1TIK,QC@76170272,12496901,HLB-97640d22-5594-11f0-8cdb-0c42a112278c,1000.0,-566.78,0,60245992,,920835973,2026-04-26,12:21:30,销售订单0060245992创建成功开票：0920835973,S,1,成功
ZRTC20260424025,1-7Z1TIK,QC@76170273,12496901,HLB-97640cb9-5594-11f0-8cdb-0c42a112278c,1000.0,-566.78,0,60245992,,920835973,2026-04-26,12:21:30,销售订单0060245992创建成功开票：0920835973,S,1,成功
ZRTC20260424025,1-7Z1TIK,QC@76170274,12496901,HLB-97640c90-5594-11f0-8cdb-0c42a112278c,1000.0,-566.78,0,60245992,,920835973,2026-04-26,12:21:30,销售订单0060245992创建成功开票：0920835973,S,1,成功
ZRTC20260424025,1-7Z1TIK,QC@76170275,12496901,HLB-97640ce3-5594-11f0-8cdb-0c42a112278c,1000.0,-566.78,0,60245992,,920835973,2026-04-26,12:21:30,销售订单0060245992创建成功开票：0920835973,S,1,成功
ZRTC20260424025,1-7Z1TIK,QC@76170276,12496901,HLB-97640ca5-5594-11f0-8cdb-0c42a112278c,1000.0,-566.78,0,60245992,,920835973,2026-04-26,12:21:30,销售订单0060245992创建成功开票：0920835973,S,1,成功
ZRTC20260424025,1-7Z1TIK,QC@76237951,12464760,HLB-c0b631cd-5482-11f0-8cdb-0c42a112278c,1000.0,-566.78,0,60245992,,920835973,2026-04-26,12:21:30,销售订单0060245992创建成功开票：0920835973,S,1,成功
ZRTC20260424025,1-7Z1TIK,QC@76466388,12402385,HLB-635c038b-50be-11f0-8cdb-0c42a112278c,1000.0,-566.78,0,60245992,,920835973,2026-04-26,12:21:30,销售订单0060245992创建成功开票：0920835973,S,1,成功
ZRTC20260424025,1-7Z1TIK,QC@76466389,12402385,HLB-635c0353-50be-11f0-8cdb-0c42a112278c,1000.0,-566.78,0,60245992,,920835973,2026-04-26,12:21:30,销售订单0060245992创建成功开票：0920835973,S,1,成功
ZRTC20260424025,1-7Z1TIK,QC@76466390,12402385,HLB-635c02ab-50be-11f0-8cdb-0c42a112278c,1000.0,-566.78,0,60245992,,920835973,2026-04-26,12:21:30,销售订单0060245992创建成功开票：0920835973,S,1,成功
ZRTC20260424025,1-7Z1TIK,QC@76466391,12402385,HLB-635c03bd-50be-11f0-8cdb-0c42a112278c,1000.0,-566.78,0,60245992,,920835973,2026-04-26,12:21:30,销售订单0060245992创建成功开票：0920835973,S,1,成功
ZRTC20260424025,1-7Z1TIK,QC@76466392,12402385,HLB-635c0370-50be-11f0-8cdb-0c42a112278c,1000.0,-566.78,0,60245992,,920835973,2026-04-26,12:21:30,销售订单0060245992创建成功开票：0920835973,S,1,成功
ZRTC20260424025,1-7Z1TIK,QC@76466393,12402385,HLB-635c03a7-50be-11f0-8cdb-0c42a112278c,1000.0,-566.78,0,60245992,,920835973,2026-04-26,12:21:30,销售订单0060245992创建成功开票：0920835973,S,1,成功
ZRTC20260424025,1-7Z1TIK,QC@76466394,12402385,HLB-635c0337-50be-11f0-8cdb-0c42a112278c,1000.0,-566.78,0,60245992,,920835973,2026-04-26,12:21:30,销售订单0060245992创建成功开票：0920835973,S,1,成功
ZRTC20260424025,1-7Z1TIK,QC@76466395,12402385,HLB-635c03e9-50be-11f0-8cdb-0c42a112278c,1000.0,-566.78,0,60245992,,920835973,2026-04-26,12:21:30,销售订单0060245992创建成功开票：0920835973,S,1,成功
ZRTC20260424025,1-7Z1TIK,QC@76466396,12402385,HLB-635c03d4-50be-11f0-8cdb-0c42a112278c,1000.0,-566.78,0,60245992,,920835973,2026-04-26,12:21:30,销售订单0060245992创建成功开票：0920835973,S,1,成功
ZRTC20260424025,1-7Z1TIK,QC@76466397,12402385,HLB-635c031e-50be-11f0-8cdb-0c42a112278c,1000.0,-566.78,0,60245992,,920835973,2026-04-26,12:21:30,销售订单0060245992创建成功开票：0920835973,S,1,成功
ZRTC20260424025,1-7Z1TIK,QC@76467326,12376726,HLB-b47023c3-4f28-11f0-8cdb-0c42a112278c,1000.0,-566.78,0,60245992,,920835973,2026-04-26,12:21:30,销售订单0060245992创建成功开票：0920835973,S,1,成功
ZRTC20260424025,1-7Z1TIK,QC@76665774,12556052,HLB-93a0dcbb-5e23-11f0-8cdb-0c42a112278c,1000.0,-566.78,0,60245992,,920835973,2026-04-26,12:21:30,销售订单0060245992创建成功开票：0920835973,S,1,成功
ZRTC20260424025,1-7Z1TIK,QC@76665775,12556052,HLB-93a0dcd0-5e23-11f0-8cdb-0c42a112278c,1000.0,-566.78,0,60245992,,920835973,2026-04-26,12:21:30,销售订单0060245992创建成功开票：0920835973,S,1,成功
ZRTC20260424025,1-7Z1TIK,QC@76665776,12556052,HLB-93a0dcfe-5e23-11f0-8cdb-0c42a112278c,1000.0,-566.78,0,60245992,,920835973,2026-04-26,12:21:30,销售订单0060245992创建成功开票：0920835973,S,1,成功
ZRTC20260424025,1-7Z1TIK,QC@76665777,12556052,HLB-93a0dc53-5e23-11f0-8cdb-0c42a112278c,1000.0,-566.78,0,60245992,,920835973,2026-04-26,12:21:30,销售订单0060245992创建成功开票：0920835973,S,1,成功
ZRTC20260424025,1-7Z1TIK,QC@76665778,12556052,HLB-93a0dce9-5e23-11f0-8cdb-0c42a112278c,1000.0,-566.78,0,60245992,,920835973,2026-04-26,12:21:30,销售订单0060245992创建成功开票：0920835973,S,1,成功
ZRTC20260424025,1-7Z1TIK,QC@76665779,12556052,HLB-93a0dc9d-5e23-11f0-8cdb-0c42a112278c,1000.0,-566.78,0,60245992,,920835973,2026-04-26,12:21:30,销售订单0060245992创建成功开票：0920835973,S,1,成功
ZRTC20260424025,1-7Z1TIK,QC@76665780,12556052,HLB-93a0dd29-5e23-11f0-8cdb-0c42a112278c,1000.0,-566.78,0,60245992,,920835973,2026-04-26,12:21:30,销售订单0060245992创建成功开票：0920835973,S,1,成功
ZRTC20260424025,1-7Z1TIK,QC@76665781,12556052,HLB-93a0dd15-5e23-11f0-8cdb-0c42a112278c,1000.0,-566.78,0,60245992,,920835973,2026-04-26,12:21:30,销售订单0060245992创建成功开票：0920835973,S,1,成功
ZRTC20260424025,1-7Z1TIK,QC@76785198,12488441,HLB-2508cccd-556f-11f0-8cdb-0c42a112278c,1000.0,-566.78,0,60245992,,920835973,2026-04-26,12:21:30,销售订单0060245992创建成功开票：0920835973,S,1,成功
ZRTC20260424025,1-7Z1TIK,QC@77342771,12332297,HLB-946dfd3a-4ca7-11f0-8cdb-0c42a112278c,1000.0,-566.78,0,60245992,,920835973,2026-04-26,12:21:30,销售订单0060245992创建成功开票：0920835973,S,1,成功
ZRTC20260424025,1-7Z1TIK,QC@77346553,12376704,HLB-68a7742e-4f28-11f0-8cdb-0c42a112278c,1000.0,-566.78,0,60245992,,920835973,2026-04-26,12:21:30,销售订单0060245992创建成功开票：0920835973,S,1,成功
ZRTC20260424025,1-7Z1TIK,QC@77534318,12539773,HLB-f8cbdc41-5bc0-11f0-8cdb-0c42a112278c,1000.0,566.78,0,60245992,,920835973,2026-04-26,12:21:30,销售订单0060245992创建成功开票：0920835973,S,1,成功
ZRTC20260424025,1-7Z1TIK,QC@77534319,12539773,HLB-f8cbdd2a-5bc0-11f0-8cdb-0c42a112278c,1000.0,566.78,0,60245992,,920835973,2026-04-26,12:21:30,销售订单0060245992创建成功开票：0920835973,S,1,成功
ZRTC20260424025,1-7Z1TIK,QC@77534320,12539773,HLB-f8cbdd3e-5bc0-11f0-8cdb-0c42a112278c,1000.0,566.78,0,60245992,,920835973,2026-04-26,12:21:30,销售订单0060245992创建成功开票：0920835973,S,1,成功
ZRTC20260424025,1-7Z1TIK,QC@77534321,12539773,HLB-f8cbdd52-5bc0-11f0-8cdb-0c42a112278c,1000.0,566.78,0,60245992,,920835973,2026-04-26,12:21:30,销售订单0060245992创建成功开票：0920835973,S,1,成功
ZRTC20260424025,1-7Z1TIK,QC@77534322,12539773,HLB-f8cbdd16-5bc0-11f0-8cdb-0c42a112278c,1000.0,566.78,0,60245992,,920835973,2026-04-26,12:21:30,销售订单0060245992创建成功开票：0920835973,S,1,成功
ZRTC20260424025,1-7Z1TIK,QC@77534323,12539773,HLB-f8cbdd66-5bc0-11f0-8cdb-0c42a112278c,1000.0,566.78,0,60245992,,920835973,2026-04-26,12:21:30,销售订单0060245992创建成功开票：0920835973,S,1,成功
ZRTC20260424025,1-7Z1TIK,QC@77534324,12539773,HLB-f8cbdcec-5bc0-11f0-8cdb-0c42a112278c,1000.0,566.78,0,60245992,,920835973,2026-04-26,12:21:30,销售订单0060245992创建成功开票：0920835973,S,1,成功
ZRTC20260424025,1-7Z1TIK,QC@77534325,12539773,HLB-f8cbdcd6-5bc0-11f0-8cdb-0c42a112278c,1000.0,566.78,0,60245992,,920835973,2026-04-26,12:21:30,销售订单0060245992创建成功开票：0920835973,S,1,成功
ZRTC20260424025,1-7Z1TIK,QC@77534326,12539773,HLB-f8cbdd01-5bc0-11f0-8cdb-0c42a112278c,1000.0,566.78,0,60245992,,920835973,2026-04-26,12:21:30,销售订单0060245992创建成功开票：0920835973,S,1,成功
ZRTC20260424025,1-7Z1TIK,QC@77534327,12539773,HLB-f8cbdcb9-5bc0-11f0-8cdb-0c42a112278c,1000.0,566.78,0,60245992,,920835973,2026-04-26,12:21:30,销售订单0060245992创建成功开票：0920835973,S,1,成功
ZRTC20260424025,1-7Z1TIK,QC@77969901,12496896,HLB-968e04ed-5594-11f0-8cdb-0c42a112278c,1000.0,-566.78,0,60245992,,920835973,2026-04-26,12:21:30,销售订单0060245992创建成功开票：0920835973,S,1,成功
ZRTC20260424025,1-7Z1TIK,QC@77969902,12496896,HLB-968e049b-5594-11f0-8cdb-0c42a112278c,1000.0,-566.78,0,60245992,,920835973,2026-04-26,12:21:30,销售订单0060245992创建成功开票：0920835973,S,1,成功
ZRTC20260424025,1-7Z1TIK,QC@77969903,12496896,HLB-968e04d8-5594-11f0-8cdb-0c42a112278c,1000.0,-566.78,0,60245992,,920835973,2026-04-26,12:21:30,销售订单0060245992创建成功开票：0920835973,S,1,成功
ZRTC20260424025,1-7Z1TIK,QC@77969904,12496896,HLB-968e0515-5594-11f0-8cdb-0c42a112278c,1000.0,-566.78,0,60245992,,920835973,2026-04-26,12:21:30,销售订单0060245992创建成功开票：0920835973,S,1,成功
ZRTC20260424025,1-7Z1TIK,QC@77969905,12496896,HLB-968e0501-5594-11f0-8cdb-0c42a112278c,1000.0,-566.78,0,60245992,,920835973,2026-04-26,12:21:30,销售订单0060245992创建成功开票：0920835973,S,1,成功
ZRTC20260424025,1-7Z1TIK,QC@77969906,12496896,HLB-968e0540-5594-11f0-8cdb-0c42a112278c,1000.0,-566.78,0,60245992,,920835973,2026-04-26,12:21:30,销售订单0060245992创建成功开票：0920835973,S,1,成功
ZRTC20260424025,1-7Z1TIK,QC@77969907,12496896,HLB-968e04af-5594-11f0-8cdb-0c42a112278c,1000.0,-566.78,0,60245992,,920835973,2026-04-26,12:21:30,销售订单0060245992创建成功开票：0920835973,S,1,成功
ZRTC20260424025,1-7Z1TIK,QC@77969908,12496896,HLB-968e04c4-5594-11f0-8cdb-0c42a112278c,1000.0,-566.78,0,60245992,,920835973,2026-04-26,12:21:30,销售订单0060245992创建成功开票：0920835973,S,1,成功
ZRTC20260424025,1-7Z1TIK,QC@77969909,12496896,HLB-968e0529-5594-11f0-8cdb-0c42a112278c,1000.0,-566.78,0,60245992,,920835973,2026-04-26,12:21:30,销售订单0060245992创建成功开票：0920835973,S,1,成功
ZRTC20260424025,1-7Z1TIK,QC@77969910,12496896,HLB-968e0485-5594-11f0-8cdb-0c42a112278c,1000.0,-566.78,0,60245992,,920835973,2026-04-26,12:21:30,销售订单0060245992创建成功开票：0920835973,S,1,成功
ZRTC20260424025,1-7Z1TIK,QC@78013535,12376747,HLB-e2040ad1-4f28-11f0-8cdb-0c42a112278c,1000.0,-566.78,0,60245992,,920835973,2026-04-26,12:21:30,销售订单0060245992创建成功开票：0920835973,S,1,成功
ZRTC20260424025,1-7Z1TIK,QC@78042934,12539798,HLB-45c9754e-5bc1-11f0-8cdb-0c42a112278c,1000.0,-566.78,0,60245992,,920835973,2026-04-26,12:21:30,销售订单0060245992创建成功开票：0920835973,S,1,成功
ZRTC20260424025,1-7Z1TIK,QC@78042935,12539798,HLB-45c97577-5bc1-11f0-8cdb-0c42a112278c,1000.0,-566.78,0,60245992,,920835973,2026-04-26,12:21:30,销售订单0060245992创建成功开票：0920835973,S,1,成功
ZRTC20260424025,1-7Z1TIK,QC@78042936,12539798,HLB-45c974ef-5bc1-11f0-8cdb-0c42a112278c,1000.0,-566.78,0,60245992,,920835973,2026-04-26,12:21:30,销售订单0060245992创建成功开票：0920835973,S,1,成功
ZRTC20260424025,1-7Z1TIK,QC@78042937,12539798,HLB-45c975f3-5bc1-11f0-8cdb-0c42a112278c,1000.0,-566.78,0,60245992,,920835973,2026-04-26,12:21:30,销售订单0060245992创建成功开票：0920835973,S,1,成功
ZRTC20260424025,1-7Z1TIK,QC@78042938,12539798,HLB-45c97615-5bc1-11f0-8cdb-0c42a112278c,1000.0,-566.78,0,60245992,,920835973,2026-04-26,12:21:30,销售订单0060245992创建成功开票：0920835973,S,1,成功
ZRTC20260424025,1-7Z1TIK,QC@78042939,12539798,HLB-45c975b9-5bc1-11f0-8cdb-0c42a112278c,1000.0,-566.78,0,60245992,,920835973,2026-04-26,12:21:30,销售订单0060245992创建成功开票：0920835973,S,1,成功
ZRTC20260424025,1-7Z1TIK,QC@78042940,12539798,HLB-45c975a4-5bc1-11f0-8cdb-0c42a112278c,1000.0,-566.78,0,60245992,,920835973,2026-04-26,12:21:30,销售订单0060245992创建成功开票：0920835973,S,1,成功
ZRTC20260424025,1-7Z1TIK,QC@78042941,12539798,HLB-45c9758d-5bc1-11f0-8cdb-0c42a112278c,1000.0,-566.78,0,60245992,,920835973,2026-04-26,12:21:30,销售订单0060245992创建成功开票：0920835973,S,1,成功
ZRTC20260424025,1-7Z1TIK,QC@78042942,12539798,HLB-45c97635-5bc1-11f0-8cdb-0c42a112278c,1000.0,-566.78,0,60245992,,920835973,2026-04-26,12:21:30,销售订单0060245992创建成功开票：0920835973,S,1,成功
ZRTC20260424025,1-7Z1TIK,QC@78042943,12539798,HLB-45c975d4-5bc1-11f0-8cdb-0c42a112278c,1000.0,-566.78,0,60245992,,920835973,2026-04-26,12:21:30,销售订单0060245992创建成功开票：0920835973,S,1,成功
ZRTC20260424025,1-7Z1TIK,QC@78795521,12508840,HLB-17504245-570e-11f0-8cdb-0c42a112278c,1000.0,-566.78,0,60245992,,920835973,2026-04-26,12:21:30,销售订单0060245992创建成功开票：0920835973,S,1,成功
ZRTC20260424025,1-7Z1TIK,QC@78795522,12508840,HLB-1750422e-570e-11f0-8cdb-0c42a112278c,1000.0,-566.78,0,60245992,,920835973,2026-04-26,12:21:30,销售订单0060245992创建成功开票：0920835973,S,1,成功
ZRTC20260424025,1-7Z1TIK,QC@78999392,12451540,HLB-95d9fe09-53b7-11f0-8cdb-0c42a112278c,1000.0,-566.78,0,60245992,,920835973,2026-04-26,12:21:30,销售订单0060245992创建成功开票：0920835973,S,1,成功
ZRTC20260424025,1-7Z1TIK,QC@79593669,12375047,HLB-0e2efac8-4f18-11f0-8cdb-0c42a112278c,1000.0,-566.78,0,60245992,,920835973,2026-04-26,12:21:30,销售订单0060245992创建成功开票：0920835973,S,1,成功
ZRTC20260424025,1-7Z1TIK,QC@79593670,12375047,HLB-0e2ef941-4f18-11f0-8cdb-0c42a112278c,1000.0,-566.78,0,60245992,,920835973,2026-04-26,12:21:30,销售订单0060245992创建成功开票：0920835973,S,1,成功
ZRTC20260424025,1-7Z1TIK,QC@79593671,12375047,HLB-0e2efbbf-4f18-11f0-8cdb-0c42a112278c,1000.0,-566.78,0,60245992,,920835973,2026-04-26,12:21:30,销售订单0060245992创建成功开票：0920835973,S,1,成功
ZRTC20260424025,1-7Z1TIK,QC@79593672,12375047,HLB-0e2ef8e0-4f18-11f0-8cdb-0c42a112278c,1000.0,-566.78,0,60245992,,920835973,2026-04-26,12:21:30,销售订单0060245992创建成功开票：0920835973,S,1,成功
ZRTC20260424025,1-7Z1TIK,QC@79593673,12375047,HLB-0e2efa1d-4f18-11f0-8cdb-0c42a112278c,1000.0,-566.78,0,60245992,,920835973,2026-04-26,12:21:30,销售订单0060245992创建成功开票：0920835973,S,1,成功
ZRTC20260424025,1-7Z1TIK,QC@79593674,12375047,HLB-0e0baf1e-4f18-11f0-8cdb-0c42a112278c,1000.0,-566.78,0,60245992,,920835973,2026-04-26,12:21:30,销售订单0060245992创建成功开票：0920835973,S,1,成功
ZRTC20260424025,1-7Z1TIK,QC@79593675,12375047,HLB-0e2efa98-4f18-11f0-8cdb-0c42a112278c,1000.0,-566.78,0,60245992,,920835973,2026-04-26,12:21:30,销售订单0060245992创建成功开票：0920835973,S,1,成功
ZRTC20260424025,1-7Z1TIK,QC@79593676,12375047,HLB-0e2efb07-4f18-11f0-8cdb-0c42a112278c,1000.0,-566.78,0,60245992,,920835973,2026-04-26,12:21:30,销售订单0060245992创建成功开票：0920835973,S,1,成功
ZRTC20260424025,1-7Z1TIK,QC@79593677,12375047,HLB-0e2ef9b6-4f18-11f0-8cdb-0c42a112278c,1000.0,-566.78,0,60245992,,920835973,2026-04-26,12:21:30,销售订单0060245992创建成功开票：0920835973,S,1,成功
ZRTC20260424025,1-7Z1TIK,QC@79593678,12375047,HLB-0e2ef90f-4f18-11f0-8cdb-0c42a112278c,1000.0,-566.78,0,60245992,,920835973,2026-04-26,12:21:30,销售订单0060245992创建成功开票：0920835973,S,1,成功
ZRTC20260424025,1-7Z1TIK,QC@79593679,12375047,HLB-0e2efbea-4f18-11f0-8cdb-0c42a112278c,1000.0,-566.78,0,60245992,,920835973,2026-04-26,12:21:30,销售订单0060245992创建成功开票：0920835973,S,1,成功
ZRTC20260424025,1-7Z1TIK,QC@79593680,12375047,HLB-0e0bae78-4f18-11f0-8cdb-0c42a112278c,1000.0,-566.78,0,60245992,,920835973,2026-04-26,12:21:30,销售订单0060245992创建成功开票：0920835973,S,1,成功
ZRTC20260424025,1-7Z1TIK,QC@79593681,12375047,HLB-0e2efbd4-4f18-11f0-8cdb-0c42a112278c,1000.0,-566.78,0,60245992,,920835973,2026-04-26,12:21:30,销售订单0060245992创建成功开票：0920835973,S,1,成功
ZRTC20260424025,1-7Z1TIK,QC@79593682,12375047,HLB-0e2ef978-4f18-11f0-8cdb-0c42a112278c,1000.0,-566.78,0,60245992,,920835973,2026-04-26,12:21:30,销售订单0060245992创建成功开票：0920835973,S,1,成功
ZRTC20260424025,1-7Z1TIK,QC@79593683,12375047,HLB-0e2efa6c-4f18-11f0-8cdb-0c42a112278c,1000.0,-566.78,0,60245992,,920835973,2026-04-26,12:21:30,销售订单0060245992创建成功开票：0920835973,S,1,成功
ZRTC20260424025,1-7Z1TIK,QC@79593684,12375047,HLB-0e2efb1c-4f18-11f0-8cdb-0c42a112278c,1000.0,-566.78,0,60245992,,920835973,2026-04-26,12:21:30,销售订单0060245992创建成功开票：0920835973,S,1,成功
ZRTC20260424025,1-7Z1TIK,QC@79593685,12375047,HLB-0e2efbaa-4f18-11f0-8cdb-0c42a112278c,1000.0,-566.78,0,60245992,,920835973,2026-04-26,12:21:30,销售订单0060245992创建成功开票：0920835973,S,1,成功
ZRTC20260424025,1-7Z1TIK,QC@79593686,12375047,HLB-0e0baef7-4f18-11f0-8cdb-0c42a112278c,1000.0,-566.78,0,60245992,,920835973,2026-04-26,12:21:30,销售订单0060245992创建成功开票：0920835973,S,1,成功
ZRTC20260424025,1-7Z1TIK,QC@79593687,12375047,HLB-0e0baea5-4f18-11f0-8cdb-0c42a112278c,1000.0,-566.78,0,60245992,,920835973,2026-04-26,12:21:30,销售订单0060245992创建成功开票：0920835973,S,1,成功
ZRTC20260424025,1-7Z1TIK,QC@79593688,12375047,HLB-0e2efa84-4f18-11f0-8cdb-0c42a112278c,1000.0,-566.78,0,60245992,,920835973,2026-04-26,12:21:30,销售订单0060245992创建成功开票：0920835973,S,1,成功
ZRTC20260424025,1-7Z1TIK,QC@79593689,12375047,HLB-0e2efaf3-4f18-11f0-8cdb-0c42a112278c,1000.0,-566.78,0,60245992,,920835973,2026-04-26,12:21:30,销售订单0060245992创建成功开票：0920835973,S,1,成功
ZRTC20260424025,1-7Z1TIK,QC@79593690,12375047,HLB-0e2ef816-4f18-11f0-8cdb-0c42a112278c,1000.0,-566.78,0,60245992,,920835973,2026-04-26,12:21:30,销售订单0060245992创建成功开票：0920835973,S,1,成功
ZRTC20260424025,1-7Z1TIK,QC@79593691,12375047,HLB-0e0baeb9-4f18-11f0-8cdb-0c42a112278c,1000.0,-566.78,0,60245992,,920835973,2026-04-26,12:21:30,销售订单0060245992创建成功开票：0920835973,S,1,成功
ZRTC20260424025,1-7Z1TIK,QC@79593692,12375047,HLB-0e2ef9f9-4f18-11f0-8cdb-0c42a112278c,1000.0,-566.78,0,60245992,,920835973,2026-04-26,12:21:30,销售订单0060245992创建成功开票：0920835973,S,1,成功
ZRTC20260424025,1-7Z1TIK,QC@79593693,12375047,HLB-0e2ef893-4f18-11f0-8cdb-0c42a112278c,1000.0,-566.78,0,60245992,,920835973,2026-04-26,12:21:30,销售订单0060245992创建成功开票：0920835973,S,1,成功
ZRTC20260424025,1-7Z1TIK,QC@79593694,12375047,HLB-0e2efb43-4f18-11f0-8cdb-0c42a112278c,1000.0,-566.78,0,60245992,,920835973,2026-04-26,12:21:30,销售订单0060245992创建成功开票：0920835973,S,1,成功
ZRTC20260424025,1-7Z1TIK,QC@79593695,12375047,HLB-0e2ef926-4f18-11f0-8cdb-0c42a112278c,1000.0,-566.78,0,60245992,,920835973,2026-04-26,12:21:30,销售订单0060245992创建成功开票：0920835973,S,1,成功
ZRTC20260424025,1-7Z1TIK,QC@79593696,12375047,HLB-0e2efab1-4f18-11f0-8cdb-0c42a112278c,1000.0,-566.78,0,60245992,,920835973,2026-04-26,12:21:30,销售订单0060245992创建成功开票：0920835973,S,1,成功
ZRTC20260424025,1-7Z1TIK,QC@79593697,12375047,HLB-0e0baf32-4f18-11f0-8cdb-0c42a112278c,1000.0,-566.78,0,60245992,,920835973,2026-04-26,12:21:30,销售订单0060245992创建成功开票：0920835973,S,1,成功
ZRTC20260424025,1-7Z1TIK,QC@79593698,12375047,HLB-0e0baee4-4f18-11f0-8cdb-0c42a112278c,1000.0,-566.78,0,60245992,,920835973,2026-04-26,12:21:30,销售订单0060245992创建成功开票：0920835973,S,1,成功
ZRTC20260424025,1-7Z1TIK,QC@79593699,12375047,HLB-0e0baecf-4f18-11f0-8cdb-0c42a112278c,1000.0,-566.78,0,60245992,,920835973,2026-04-26,12:21:30,销售订单0060245992创建成功开票：0920835973,S,1,成功
ZRTC20260424025,1-7Z1TIK,QC@79593700,12375047,HLB-0e2efadd-4f18-11f0-8cdb-0c42a112278c,1000.0,-566.78,0,60245992,,920835973,2026-04-26,12:21:30,销售订单0060245992创建成功开票：0920835973,S,1,成功
ZRTC20260424025,1-7Z1TIK,QC@79593701,12375047,HLB-0e2efb81-4f18-11f0-8cdb-0c42a112278c,1000.0,-566.78,0,60245992,,920835973,2026-04-26,12:21:30,销售订单0060245992创建成功开票：0920835973,S,1,成功
ZRTC20260424025,1-7Z1TIK,QC@79593702,12375047,HLB-0e2efb95-4f18-11f0-8cdb-0c42a112278c,1000.0,-566.78,0,60245992,,920835973,2026-04-26,12:21:30,销售订单0060245992创建成功开票：0920835973,S,1,成功
ZRTC20260424025,1-7Z1TIK,QC@79593703,12375047,HLB-0e2efb6c-4f18-11f0-8cdb-0c42a112278c,1000.0,-566.78,0,60245992,,920835973,2026-04-26,12:21:30,销售订单0060245992创建成功开票：0920835973,S,1,成功
ZRTC20260424025,1-7Z1TIK,QC@79593704,12375047,HLB-0e2efc01-4f18-11f0-8cdb-0c42a112278c,1000.0,-566.78,0,60245992,,920835973,2026-04-26,12:21:30,销售订单0060245992创建成功开票：0920835973,S,1,成功
ZRTC20260424025,1-7Z1TIK,QC@79593705,12375047,HLB-0e2efa54-4f18-11f0-8cdb-0c42a112278c,1000.0,-566.78,0,60245992,,920835973,2026-04-26,12:21:30,销售订单0060245992创建成功开票：0920835973,S,1,成功
ZRTC20260424025,1-7Z1TIK,QC@79593706,12375047,HLB-0e2efc15-4f18-11f0-8cdb-0c42a112278c,1000.0,-566.78,0,60245992,,920835973,2026-04-26,12:21:30,销售订单0060245992创建成功开票：0920835973,S,1,成功
ZRTC20260424025,1-7Z1TIK,QC@79593707,12375047,HLB-0e2efa3d-4f18-11f0-8cdb-0c42a112278c,1000.0,-566.78,0,60245992,,920835973,2026-04-26,12:21:30,销售订单0060245992创建成功开票：0920835973,S,1,成功
ZRTC20260424025,1-7Z1TIK,QC@79593708,12375047,HLB-0e2ef8f9-4f18-11f0-8cdb-0c42a112278c,1000.0,-566.78,0,60245992,,920835973,2026-04-26,12:21:30,销售订单0060245992创建成功开票：0920835973,S,1,成功
ZRTC20260424025,1-7Z1TIK,QC@79593709,12375047,HLB-0e2ef95b-4f18-11f0-8cdb-0c42a112278c,1000.0,-566.78,0,60245992,,920835973,2026-04-26,12:21:30,销售订单0060245992创建成功开票：0920835973,S,1,成功
ZRTC20260424025,1-7Z1TIK,QC@79593710,12375047,HLB-0e0baf0b-4f18-11f0-8cdb-0c42a112278c,1000.0,-566.78,0,60245992,,920835973,2026-04-26,12:21:30,销售订单0060245992创建成功开票：0920835973,S,1,成功
ZRTC20260424025,1-7Z1TIK,QC@79593711,12375047,HLB-0e2efb2f-4f18-11f0-8cdb-0c42a112278c,1000.0,-566.78,0,60245992,,920835973,2026-04-26,12:21:30,销售订单0060245992创建成功开票：0920835973,S,1,成功
ZRTC20260424025,1-7Z1TIK,QC@79593712,12375047,HLB-0e2ef8ae-4f18-11f0-8cdb-0c42a112278c,1000.0,-566.78,0,60245992,,920835973,2026-04-26,12:21:30,销售订单0060245992创建成功开票：0920835973,S,1,成功
ZRTC20260424025,1-7Z1TIK,QC@79593713,12375047,HLB-0e0bae90-4f18-11f0-8cdb-0c42a112278c,1000.0,-566.78,0,60245992,,920835973,2026-04-26,12:21:30,销售订单0060245992创建成功开票：0920835973,S,1,成功
ZRTC20260424025,1-7Z1TIK,QC@79593714,12375047,HLB-0e2ef999-4f18-11f0-8cdb-0c42a112278c,1000.0,-566.78,0,60245992,,920835973,2026-04-26,12:21:30,销售订单0060245992创建成功开票：0920835973,S,1,成功
ZRTC20260424025,1-7Z1TIK,QC@79593715,12375047,HLB-0e2efb57-4f18-11f0-8cdb-0c42a112278c,1000.0,-566.78,0,60245992,,920835973,2026-04-26,12:21:30,销售订单0060245992创建成功开票：0920835973,S,1,成功
ZRTC20260424025,1-7Z1TIK,QC@79593716,12375047,HLB-0e2ef9d4-4f18-11f0-8cdb-0c42a112278c,1000.0,-566.78,0,60245992,,920835973,2026-04-26,12:21:30,销售订单0060245992创建成功开票：0920835973,S,1,成功
ZRTC20260424025,1-7Z1TIK,QC@79593717,12375047,HLB-0e2efc2a-4f18-11f0-8cdb-0c42a112278c,1000.0,-566.78,0,60245992,,920835973,2026-04-26,12:21:30,销售订单0060245992创建成功开票：0920835973,S,1,成功
ZRTC20260424025,1-7Z1TIK,QC@79593718,12375047,HLB-0e2ef8c9-4f18-11f0-8cdb-0c42a112278c,1000.0,-568.51,0,60245992,,920835973,2026-04-26,12:21:30,销售订单0060245992创建成功开票：0920835973,S,1,成功
ZRTC20260424025,1-7Z1TIL,QC@73931032,12375044,HLB-0deacf59-4f18-11f0-8cdb-0c42a112278c,1000.0,-400.25,0,60245992,,920835973,2026-04-26,12:21:30,销售订单0060245992创建成功开票：0920835973,S,1,成功
ZRTC20260424025,1-7Z1TIM,QC@68234479,12401204,HLB-d009c207-50b4-11f0-8cdb-0c42a112278c,1000.0,400.26,0,60245992,,920835973,2026-04-26,12:21:30,销售订单0060245992创建成功开票：0920835973,S,1,成功
ZRTC20260424025,1-7Z1TIM,QC@69942689,12508817,HLB-14ccfe81-570e-11f0-8cdb-0c42a112278c,1000.0,-400.26,0,60245992,,920835973,2026-04-26,12:21:30,销售订单0060245992创建成功开票：0920835973,S,1,成功
ZRTC20260424025,1-7Z1TIM,QC@69942690,12508817,HLB-14ccfeaa-570e-11f0-8cdb-0c42a112278c,1000.0,-400.26,0,60245992,,920835973,2026-04-26,12:21:30,销售订单0060245992创建成功开票：0920835973,S,1,成功
ZRTC20260424025,1-7Z1TIM,QC@69942691,12508817,HLB-14ccfe2f-570e-11f0-8cdb-0c42a112278c,1000.0,-400.26,0,60245992,,920835973,2026-04-26,12:21:30,销售订单0060245992创建成功开票：0920835973,S,1,成功
ZRTC20260424025,1-7Z1TIM,QC@69942692,12508817,HLB-14ccfe6d-570e-11f0-8cdb-0c42a112278c,1000.0,-400.26,0,60245992,,920835973,2026-04-26,12:21:30,销售订单0060245992创建成功开票：0920835973,S,1,成功
ZRTC20260424025,1-7Z1TIM,QC@69942693,12508817,HLB-14ccfe07-570e-11f0-8cdb-0c42a112278c,1000.0,-400.26,0,60245992,,920835973,2026-04-26,12:21:30,销售订单0060245992创建成功开票：0920835973,S,1,成功
ZRTC20260424025,1-7Z1TIM,QC@69942695,12508817,HLB-14ccfe96-570e-11f0-8cdb-0c42a112278c,1000.0,-400.26,0,60245992,,920835973,2026-04-26,12:21:30,销售订单0060245992创建成功开票：0920835973,S,1,成功
ZRTC20260424025,1-7Z1TIM,QC@69942696,12508817,HLB-14ccfe1b-570e-11f0-8cdb-0c42a112278c,1000.0,-400.26,0,60245992,,920835973,2026-04-26,12:21:30,销售订单0060245992创建成功开票：0920835973,S,1,成功
ZRTC20260424025,1-7Z1TIM,QC@69942701,12508817,HLB-14ccfe45-570e-11f0-8cdb-0c42a112278c,1000.0,-400.26,0,60245992,,920835973,2026-04-26,12:21:30,销售订单0060245992创建成功开票：0920835973,S,1,成功
ZRTC20260424025,1-7Z1TIM,QC@69942705,12508817,HLB-14ccfe59-570e-11f0-8cdb-0c42a112278c,1000.0,-400.26,0,60245992,,920835973,2026-04-26,12:21:30,销售订单0060245992创建成功开票：0920835973,S,1,成功
ZRTC20260424025,1-7Z1TIM,QC@69942707,12508817,HLB-14ccfebe-570e-11f0-8cdb-0c42a112278c,1000.0,-400.26,0,60245992,,920835973,2026-04-26,12:21:30,销售订单0060245992创建成功开票：0920835973,S,1,成功
ZRTC20260424025,1-7Z1TIM,QC@70494314,12431432,HLB-d8f33965-525d-11f0-8cdb-0c42a112278c,1000.0,-400.26,0,60245992,,920835973,2026-04-26,12:21:30,销售订单0060245992创建成功开票：0920835973,S,1,成功
ZRTC20260424025,1-7Z1TIM,QC@70494317,12431432,HLB-d8f3393b-525d-11f0-8cdb-0c42a112278c,1000.0,-400.26,0,60245992,,920835973,2026-04-26,12:21:30,销售订单0060245992创建成功开票：0920835973,S,1,成功
ZRTC20260424025,1-7Z1TIM,QC@70494319,12431432,HLB-d8f3387a-525d-11f0-8cdb-0c42a112278c,1000.0,-400.26,0,60245992,,920835973,2026-04-26,12:21:30,销售订单0060245992创建成功开票：0920835973,S,1,成功
ZRTC20260424025,1-7Z1TIM,QC@70494320,12431432,HLB-d8f3394f-525d-11f0-8cdb-0c42a112278c,1000.0,-400.26,0,60245992,,920835973,2026-04-26,12:21:30,销售订单0060245992创建成功开票：0920835973,S,1,成功
ZRTC20260424025,1-7Z1TIM,QC@70494321,12431432,HLB-d8f337e6-525d-11f0-8cdb-0c42a112278c,1000.0,-400.26,0,60245992,,920835973,2026-04-26,12:21:30,销售订单0060245992创建成功开票：0920835973,S,1,成功
ZRTC20260424025,1-7Z1TIM,QC@70494323,12431432,HLB-d8f338a3-525d-11f0-8cdb-0c42a112278c,1000.0,-400.26,0,60245992,,920835973,2026-04-26,12:21:30,销售订单0060245992创建成功开票：0920835973,S,1,成功
ZRTC20260424025,1-7Z1TIM,QC@70494325,12431432,HLB-d8f33797-525d-11f0-8cdb-0c42a112278c,1000.0,-400.26,0,60245992,,920835973,2026-04-26,12:21:30,销售订单0060245992创建成功开票：0920835973,S,1,成功
ZRTC20260424025,1-7Z1TIM,QC@70494328,12431432,HLB-d8f33926-525d-11f0-8cdb-0c42a112278c,1000.0,-400.26,0,60245992,,920835973,2026-04-26,12:21:30,销售订单0060245992创建成功开票：0920835973,S,1,成功
ZRTC20260424025,1-7Z1TIM,QC@70494329,12431432,HLB-d8f338b8-525d-11f0-8cdb-0c42a112278c,1000.0,-400.26,0,60245992,,920835973,2026-04-26,12:21:30,销售订单0060245992创建成功开票：0920835973,S,1,成功
ZRTC20260424025,1-7Z1TIM,QC@70494330,12431432,HLB-d8f33979-525d-11f0-8cdb-0c42a112278c,1000.0,-400.26,0,60245992,,920835973,2026-04-26,12:21:30,销售订单0060245992创建成功开票：0920835973,S,1,成功
ZRTC20260424025,1-7Z1TIM,QC@70494331,12431432,HLB-d8f338ce-525d-11f0-8cdb-0c42a112278c,1000.0,-400.26,0,60245992,,920835973,2026-04-26,12:21:30,销售订单0060245992创建成功开票：0920835973,S,1,成功
ZRTC20260424025,1-7Z1TIM,QC@70494332,12431432,HLB-d8f338e5-525d-11f0-8cdb-0c42a112278c,1000.0,-400.26,0,60245992,,920835973,2026-04-26,12:21:30,销售订单0060245992创建成功开票：0920835973,S,1,成功
ZRTC20260424025,1-7Z1TIM,QC@70494333,12431432,HLB-d8f3380b-525d-11f0-8cdb-0c42a112278c,1000.0,-400.26,0,60245992,,920835973,2026-04-26,12:21:30,销售订单0060245992创建成功开票：0920835973,S,1,成功
ZRTC20260424025,1-7Z1TIM,QC@70494337,12431432,HLB-d8f33822-525d-11f0-8cdb-0c42a112278c,1000.0,-400.26,0,60245992,,920835973,2026-04-26,12:21:30,销售订单0060245992创建成功开票：0920835973,S,1,成功
ZRTC20260424025,1-7Z1TIM,QC@70494339,12431432,HLB-d8f33839-525d-11f0-8cdb-0c42a112278c,1000.0,-400.26,0,60245992,,920835973,2026-04-26,12:21:30,销售订单0060245992创建成功开票：0920835973,S,1,成功
ZRTC20260424025,1-7Z1TIM,QC@70494340,12431432,HLB-d8f33911-525d-11f0-8cdb-0c42a112278c,1000.0,-400.26,0,60245992,,920835973,2026-04-26,12:21:30,销售订单0060245992创建成功开票：0920835973,S,1,成功
ZRTC20260424025,1-7Z1TIM,QC@70494343,12431432,HLB-d8f3388f-525d-11f0-8cdb-0c42a112278c,1000.0,-400.26,0,60245992,,920835973,2026-04-26,12:21:30,销售订单0060245992创建成功开票：0920835973,S,1,成功
ZRTC20260424025,1-7Z1TIM,QC@70494347,12431432,HLB-d8f3384e-525d-11f0-8cdb-0c42a112278c,1000.0,-400.26,0,60245992,,920835973,2026-04-26,12:21:30,销售订单0060245992创建成功开票：0920835973,S,1,成功
ZRTC20260424025,1-7Z1TIM,QC@70494349,12431432,HLB-d8f338fb-525d-11f0-8cdb-0c42a112278c,1000.0,-400.26,0,60245992,,920835973,2026-04-26,12:21:30,销售订单0060245992创建成功开票：0920835973,S,1,成功
ZRTC20260424025,1-7Z1TIM,QC@70494350,12431432,HLB-d8f33865-525d-11f0-8cdb-0c42a112278c,1000.0,-400.26,0,60245992,,920835973,2026-04-26,12:21:30,销售订单0060245992创建成功开票：0920835973,S,1,成功
ZRTC20260424025,1-7Z1TIM,QC@70744536,12516720,HLB-29d29c54-5880-11f0-8cdb-0c42a112278c,1000.0,-400.26,0,60245992,,920835973,2026-04-26,12:21:30,销售订单0060245992创建成功开票：0920835973,S,1,成功
ZRTC20260424025,1-7Z1TIM,QC@70744537,12516720,HLB-2992c68a-5880-11f0-8cdb-0c42a112278c,1000.0,-400.26,0,60245992,,920835973,2026-04-26,12:21:30,销售订单0060245992创建成功开票：0920835973,S,1,成功
ZRTC20260424025,1-7Z1TIM,QC@70744538,12516720,HLB-29b1aef4-5880-11f0-8cdb-0c42a112278c,1000.0,-400.26,0,60245992,,920835973,2026-04-26,12:21:30,销售订单0060245992创建成功开票：0920835973,S,1,成功
ZRTC20260424025,1-7Z1TIM,QC@70744539,12516720,HLB-29b1ad68-5880-11f0-8cdb-0c42a112278c,1000.0,-400.26,0,60245992,,920835973,2026-04-26,12:21:30,销售订单0060245992创建成功开票：0920835973,S,1,成功
ZRTC20260424025,1-7Z1TIM,QC@70744541,12516720,HLB-29d29c1c-5880-11f0-8cdb-0c42a112278c,1000.0,-400.26,0,60245992,,920835973,2026-04-26,12:21:30,销售订单0060245992创建成功开票：0920835973,S,1,成功
ZRTC20260424025,1-7Z1TIM,QC@70744542,12516720,HLB-29b1acca-5880-11f0-8cdb-0c42a112278c,1000.0,-400.26,0,60245992,,920835973,2026-04-26,12:21:30,销售订单0060245992创建成功开票：0920835973,S,1,成功
ZRTC20260424025,1-7Z1TIM,QC@70744544,12516720,HLB-29b1aea0-5880-11f0-8cdb-0c42a112278c,1000.0,-400.26,0,60245992,,920835973,2026-04-26,12:21:30,销售订单0060245992创建成功开票：0920835973,S,1,成功
ZRTC20260424025,1-7Z1TIM,QC@70744545,12516720,HLB-29b1adf5-5880-11f0-8cdb-0c42a112278c,1000.0,-400.26,0,60245992,,920835973,2026-04-26,12:21:30,销售订单0060245992创建成功开票：0920835973,S,1,成功
ZRTC20260424025,1-7Z1TIM,QC@70744547,12516720,HLB-29b1acfe-5880-11f0-8cdb-0c42a112278c,1000.0,-400.26,0,60245992,,920835973,2026-04-26,12:21:30,销售订单0060245992创建成功开票：0920835973,S,1,成功
ZRTC20260424025,1-7Z1TIM,QC@70744549,12516720,HLB-29b1afe6-5880-11f0-8cdb-0c42a112278c,1000.0,-400.26,0,60245992,,920835973,2026-04-26,12:21:30,销售订单0060245992创建成功开票：0920835973,S,1,成功
ZRTC20260424025,1-7Z1TIM,QC@70744552,12516720,HLB-29d29bed-5880-11f0-8cdb-0c42a112278c,1000.0,-400.26,0,60245992,,920835973,2026-04-26,12:21:30,销售订单0060245992创建成功开票：0920835973,S,1,成功
ZRTC20260424025,1-7Z1TIM,QC@70744555,12516720,HLB-2992c5e1-5880-11f0-8cdb-0c42a112278c,1000.0,-400.26,0,60245992,,920835973,2026-04-26,12:21:30,销售订单0060245992创建成功开票：0920835973,S,1,成功
ZRTC20260424025,1-7Z1TIM,QC@70744557,12516720,HLB-29b1ae4d-5880-11f0-8cdb-0c42a112278c,1000.0,-400.26,0,60245992,,920835973,2026-04-26,12:21:30,销售订单0060245992创建成功开票：0920835973,S,1,成功
ZRTC20260424025,1-7Z1TIM,QC@70744558,12516720,HLB-2992c661-5880-11f0-8cdb-0c42a112278c,1000.0,-400.26,0,60245992,,920835973,2026-04-26,12:21:30,销售订单0060245992创建成功开票：0920835973,S,1,成功
ZRTC20260424025,1-7Z1TIM,QC@70744563,12516720,HLB-29b1b066-5880-11f0-8cdb-0c42a112278c,1000.0,-400.26,0,60245992,,920835973,2026-04-26,12:21:30,销售订单0060245992创建成功开票：0920835973,S,1,成功
ZRTC20260424025,1-7Z1TIM,QC@70744568,12516720,HLB-29b1b00e-5880-11f0-8cdb-0c42a112278c,1000.0,-400.26,0,60245992,,920835973,2026-04-26,12:21:30,销售订单0060245992创建成功开票：0920835973,S,1,成功
ZRTC20260424025,1-7Z1TIM,QC@70744569,12516720,HLB-29b1ac15-5880-11f0-8cdb-0c42a112278c,1000.0,-400.26,0,60245992,,920835973,2026-04-26,12:21:30,销售订单0060245992创建成功开票：0920835973,S,1,成功
ZRTC20260424025,1-7Z1TIM,QC@70744571,12516720,HLB-2992c731-5880-11f0-8cdb-0c42a112278c,1000.0,-400.26,0,60245992,,920835973,2026-04-26,12:21:30,销售订单0060245992创建成功开票：0920835973,S,1,成功
ZRTC20260424025,1-7Z1TIM,QC@70744572,12516720,HLB-29b1af6d-5880-11f0-8cdb-0c42a112278c,1000.0,-400.26,0,60245992,,920835973,2026-04-26,12:21:30,销售订单0060245992创建成功开票：0920835973,S,1,成功
ZRTC20260424025,1-7Z1TIM,QC@70744574,12516720,HLB-29b1af46-5880-11f0-8cdb-0c42a112278c,1000.0,-400.26,0,60245992,,920835973,2026-04-26,12:21:30,销售订单0060245992创建成功开票：0920835973,S,1,成功
ZRTC20260424025,1-7Z1TIM,QC@70744576,12516720,HLB-2992c706-5880-11f0-8cdb-0c42a112278c,1000.0,-400.26,0,60245992,,920835973,2026-04-26,12:21:30,销售订单0060245992创建成功开票：0920835973,S,1,成功
ZRTC20260424025,1-7Z1TIM,QC@70744577,12516720,HLB-29b1ad37-5880-11f0-8cdb-0c42a112278c,1000.0,-400.26,0,60245992,,920835973,2026-04-26,12:21:30,销售订单0060245992创建成功开票：0920835973,S,1,成功
ZRTC20260424025,1-7Z1TIM,QC@70744580,12516720,HLB-29b1adc2-5880-11f0-8cdb-0c42a112278c,1000.0,-400.26,0,60245992,,920835973,2026-04-26,12:21:30,销售订单0060245992创建成功开票：0920835973,S,1,成功
ZRTC20260424025,1-7Z1TIM,QC@70744581,12516720,HLB-2992c6db-5880-11f0-8cdb-0c42a112278c,1000.0,-400.26,0,60245992,,920835973,2026-04-26,12:21:30,销售订单0060245992创建成功开票：0920835973,S,1,成功
ZRTC20260424025,1-7Z1TIM,QC@70744585,12516720,HLB-29b1ac9d-5880-11f0-8cdb-0c42a112278c,1000.0,-400.26,0,60245992,,920835973,2026-04-26,12:21:30,销售订单0060245992创建成功开票：0920835973,S,1,成功
ZRTC20260424025,1-7Z1TIM,QC@70744586,12516720,HLB-29b1b08e-5880-11f0-8cdb-0c42a112278c,1000.0,-400.26,0,60245992,,920835973,2026-04-26,12:21:30,销售订单0060245992创建成功开票：0920835973,S,1,成功
ZRTC20260424025,1-7Z1TIM,QC@70744588,12516720,HLB-2992c757-5880-11f0-8cdb-0c42a112278c,1000.0,-400.26,0,60245992,,920835973,2026-04-26,12:21:30,销售订单0060245992创建成功开票：0920835973,S,1,成功
ZRTC20260424025,1-7Z1TIM,QC@70744589,12516720,HLB-29b1afbe-5880-11f0-8cdb-0c42a112278c,1000.0,-400.26,0,60245992,,920835973,2026-04-26,12:21:30,销售订单0060245992创建成功开票：0920835973,S,1,成功
ZRTC20260424025,1-7Z1TIM,QC@70744592,12516720,HLB-2992c60c-5880-11f0-8cdb-0c42a112278c,1000.0,-400.26,0,60245992,,920835973,2026-04-26,12:21:30,销售订单0060245992创建成功开票：0920835973,S,1,成功
ZRTC20260424025,1-7Z1TIM,QC@70744593,12516720,HLB-29b1ad96-5880-11f0-8cdb-0c42a112278c,1000.0,-400.26,0,60245992,,920835973,2026-04-26,12:21:30,销售订单0060245992创建成功开票：0920835973,S,1,成功
ZRTC20260424025,1-7Z1TIM,QC@70744595,12516720,HLB-29d29c89-5880-11f0-8cdb-0c42a112278c,1000.0,-400.26,0,60245992,,920835973,2026-04-26,12:21:30,销售订单0060245992创建成功开票：0920835973,S,1,成功
ZRTC20260424025,1-7Z1TIM,QC@70744598,12516720,HLB-29b1aec7-5880-11f0-8cdb-0c42a112278c,1000.0,-400.26,0,60245992,,920835973,2026-04-26,12:21:30,销售订单0060245992创建成功开票：0920835973,S,1,成功
ZRTC20260424025,1-7Z1TIM,QC@70744599,12516720,HLB-29b1ae1f-5880-11f0-8cdb-0c42a112278c,1000.0,-400.26,0,60245992,,920835973,2026-04-26,12:21:30,销售订单0060245992创建成功开票：0920835973,S,1,成功
ZRTC20260424025,1-7Z1TIM,QC@70744602,12516720,HLB-2992c6b2-5880-11f0-8cdb-0c42a112278c,1000.0,-400.26,0,60245992,,920835973,2026-04-26,12:21:30,销售订单0060245992创建成功开票：0920835973,S,1,成功
ZRTC20260424025,1-7Z1TIM,QC@70744603,12516720,HLB-29b1ae75-5880-11f0-8cdb-0c42a112278c,1000.0,-400.26,0,60245992,,920835973,2026-04-26,12:21:30,销售订单0060245992创建成功开票：0920835973,S,1,成功
ZRTC20260424025,1-7Z1TIM,QC@70744604,12516720,HLB-29b1b03c-5880-11f0-8cdb-0c42a112278c,1000.0,-400.26,0,60245992,,920835973,2026-04-26,12:21:30,销售订单0060245992创建成功开票：0920835973,S,1,成功
ZRTC20260424025,1-7Z1TIM,QC@70744609,12516720,HLB-29d29b6d-5880-11f0-8cdb-0c42a112278c,1000.0,-400.26,0,60245992,,920835973,2026-04-26,12:21:30,销售订单0060245992创建成功开票：0920835973,S,1,成功
ZRTC20260424025,1-7Z1TIM,QC@70744610,12516720,HLB-29b1af1c-5880-11f0-8cdb-0c42a112278c,1000.0,-400.26,0,60245992,,920835973,2026-04-26,12:21:30,销售订单0060245992创建成功开票：0920835973,S,1,成功
ZRTC20260424025,1-7Z1TIM,QC@70744611,12516720,HLB-2992c638-5880-11f0-8cdb-0c42a112278c,1000.0,-400.26,0,60245992,,920835973,2026-04-26,12:21:30,销售订单0060245992创建成功开票：0920835973,S,1,成功
ZRTC20260424025,1-7Z1TIM,QC@70744612,12516720,HLB-29b1af95-5880-11f0-8cdb-0c42a112278c,1000.0,-400.26,0,60245992,,920835973,2026-04-26,12:21:30,销售订单0060245992创建成功开票：0920835973,S,1,成功
ZRTC20260424025,1-7Z1TIM,QC@71134358,12440163,HLB-19591d4f-5308-11f0-8cdb-0c42a112278c,1000.0,400.26,0,60245992,,920835973,2026-04-26,12:21:30,销售订单0060245992创建成功开票：0920835973,S,1,成功
ZRTC20260424025,1-7Z1TIM,QC@71325808,12487171,HLB-b51b81b5-5565-11f0-8cdb-0c42a112278c,1000.0,400.26,0,60245992,,920835973,2026-04-26,12:21:30,销售订单0060245992创建成功开票：0920835973,S,1,成功
ZRTC20260424025,1-7Z1TIM,QC@71729459,12508839,HLB-172f7c8d-570e-11f0-8cdb-0c42a112278c,1000.0,-400.26,0,60245992,,920835973,2026-04-26,12:21:30,销售订单0060245992创建成功开票：0920835973,S,1,成功
ZRTC20260424025,1-7Z1TIM,QC@71729461,12508839,HLB-172f7ce4-570e-11f0-8cdb-0c42a112278c,1000.0,-400.26,0,60245992,,920835973,2026-04-26,12:21:30,销售订单0060245992创建成功开票：0920835973,S,1,成功
ZRTC20260424025,1-7Z1TIM,QC@71729462,12508839,HLB-172f7d42-570e-11f0-8cdb-0c42a112278c,1000.0,-400.26,0,60245992,,920835973,2026-04-26,12:21:30,销售订单0060245992创建成功开票：0920835973,S,1,成功
ZRTC20260424025,1-7Z1TIM,QC@71729463,12508839,HLB-172f7ba4-570e-11f0-8cdb-0c42a112278c,1000.0,-400.26,0,60245992,,920835973,2026-04-26,12:21:30,销售订单0060245992创建成功开票：0920835973,S,1,成功
ZRTC20260424025,1-7Z1TIM,QC@71729464,12508839,HLB-172f7c23-570e-11f0-8cdb-0c42a112278c,1000.0,-400.26,0,60245992,,920835973,2026-04-26,12:21:30,销售订单0060245992创建成功开票：0920835973,S,1,成功
ZRTC20260424025,1-7Z1TIM,QC@71729465,12508839,HLB-172f7afd-570e-11f0-8cdb-0c42a112278c,1000.0,-400.26,0,60245992,,920835973,2026-04-26,12:21:30,销售订单0060245992创建成功开票：0920835973,S,1,成功
ZRTC20260424025,1-7Z1TIM,QC@71729470,12508839,HLB-172f7a9d-570e-11f0-8cdb-0c42a112278c,1000.0,-400.26,0,60245992,,920835973,2026-04-26,12:21:30,销售订单0060245992创建成功开票：0920835973,S,1,成功
ZRTC20260424025,1-7Z1TIM,QC@71729472,12508839,HLB-172f7d2d-570e-11f0-8cdb-0c42a112278c,1000.0,-400.26,0,60245992,,920835973,2026-04-26,12:21:30,销售订单0060245992创建成功开票：0920835973,S,1,成功
ZRTC20260424025,1-7Z1TIM,QC@71729473,12508839,HLB-172f7c0d-570e-11f0-8cdb-0c42a112278c,1000.0,-400.26,0,60245992,,920835973,2026-04-26,12:21:30,销售订单0060245992创建成功开票：0920835973,S,1,成功
ZRTC20260424025,1-7Z1TIM,QC@71729476,12508839,HLB-172f7ae7-570e-11f0-8cdb-0c42a112278c,1000.0,-400.26,0,60245992,,920835973,2026-04-26,12:21:30,销售订单0060245992创建成功开票：0920835973,S,1,成功
ZRTC20260424025,1-7Z1TIM,QC@71729480,12508839,HLB-172f7b30-570e-11f0-8cdb-0c42a112278c,1000.0,-400.26,0,60245992,,920835973,2026-04-26,12:21:30,销售订单0060245992创建成功开票：0920835973,S,1,成功
ZRTC20260424025,1-7Z1TIM,QC@71729481,12508839,HLB-172f7bf8-570e-11f0-8cdb-0c42a112278c,1000.0,-400.26,0,60245992,,920835973,2026-04-26,12:21:30,销售订单0060245992创建成功开票：0920835973,S,1,成功
ZRTC20260424025,1-7Z1TIM,QC@71729484,12508839,HLB-172f7ab5-570e-11f0-8cdb-0c42a112278c,1000.0,-400.26,0,60245992,,920835973,2026-04-26,12:21:30,销售订单0060245992创建成功开票：0920835973,S,1,成功
ZRTC20260424025,1-7Z1TIM,QC@71729486,12508839,HLB-172f7a88-570e-11f0-8cdb-0c42a112278c,1000.0,-400.26,0,60245992,,920835973,2026-04-26,12:21:30,销售订单0060245992创建成功开票：0920835973,S,1,成功
ZRTC20260424025,1-7Z1TIM,QC@71729487,12508839,HLB-172f7b62-570e-11f0-8cdb-0c42a112278c,1000.0,-400.26,0,60245992,,920835973,2026-04-26,12:21:30,销售订单0060245992创建成功开票：0920835973,S,1,成功
ZRTC20260424025,1-7Z1TIM,QC@71729488,12508839,HLB-172f7d14-570e-11f0-8cdb-0c42a112278c,1000.0,-400.26,0,60245992,,920835973,2026-04-26,12:21:30,销售订单0060245992创建成功开票：0920835973,S,1,成功
ZRTC20260424025,1-7Z1TIM,QC@71729490,12508839,HLB-172f7ccf-570e-11f0-8cdb-0c42a112278c,1000.0,-400.26,0,60245992,,920835973,2026-04-26,12:21:30,销售订单0060245992创建成功开票：0920835973,S,1,成功
ZRTC20260424025,1-7Z1TIM,QC@71729491,12508839,HLB-172f7b18-570e-11f0-8cdb-0c42a112278c,1000.0,-400.26,0,60245992,,920835973,2026-04-26,12:21:30,销售订单0060245992创建成功开票：0920835973,S,1,成功
ZRTC20260424025,1-7Z1TIM,QC@71729492,12508839,HLB-172f7b8f-570e-11f0-8cdb-0c42a112278c,1000.0,-400.26,0,60245992,,920835973,2026-04-26,12:21:30,销售订单0060245992创建成功开票：0920835973,S,1,成功
ZRTC20260424025,1-7Z1TIM,QC@71729495,12508839,HLB-172f7cb8-570e-11f0-8cdb-0c42a112278c,1000.0,-400.26,0,60245992,,920835973,2026-04-26,12:21:30,销售订单0060245992创建成功开票：0920835973,S,1,成功
ZRTC20260424025,1-7Z1TIM,QC@71729499,12508839,HLB-172f7c65-570e-11f0-8cdb-0c42a112278c,1000.0,-400.26,0,60245992,,920835973,2026-04-26,12:21:30,销售订单0060245992创建成功开票：0920835973,S,1,成功
ZRTC20260424025,1-7Z1TIM,QC@71729500,12508839,HLB-172f7c4e-570e-11f0-8cdb-0c42a112278c,1000.0,-400.26,0,60245992,,920835973,2026-04-26,12:21:30,销售订单0060245992创建成功开票：0920835973,S,1,成功
ZRTC20260424025,1-7Z1TIM,QC@71729501,12508839,HLB-172f7bb8-570e-11f0-8cdb-0c42a112278c,1000.0,-400.26,0,60245992,,920835973,2026-04-26,12:21:30,销售订单0060245992创建成功开票：0920835973,S,1,成功
ZRTC20260424025,1-7Z1TIM,QC@71729503,12508839,HLB-172f7c78-570e-11f0-8cdb-0c42a112278c,1000.0,-400.26,0,60245992,,920835973,2026-04-26,12:21:30,销售订单0060245992创建成功开票：0920835973,S,1,成功
ZRTC20260424025,1-7Z1TIM,QC@71729504,12508839,HLB-172f7cfd-570e-11f0-8cdb-0c42a112278c,1000.0,-400.26,0,60245992,,920835973,2026-04-26,12:21:30,销售订单0060245992创建成功开票：0920835973,S,1,成功
ZRTC20260424025,1-7Z1TIM,QC@71729506,12508839,HLB-172f7ad0-570e-11f0-8cdb-0c42a112278c,1000.0,-400.26,0,60245992,,920835973,2026-04-26,12:21:30,销售订单0060245992创建成功开票：0920835973,S,1,成功
ZRTC20260424025,1-7Z1TIM,QC@71729507,12508839,HLB-172f7bce-570e-11f0-8cdb-0c42a112278c,1000.0,-400.26,0,60245992,,920835973,2026-04-26,12:21:30,销售订单0060245992创建成功开票：0920835973,S,1,成功
ZRTC20260424025,1-7Z1TIM,QC@71729508,12508839,HLB-172f7b4e-570e-11f0-8cdb-0c42a112278c,1000.0,-400.26,0,60245992,,920835973,2026-04-26,12:21:30,销售订单0060245992创建成功开票：0920835973,S,1,成功
ZRTC20260424025,1-7Z1TIM,QC@71729509,12508839,HLB-172f7c36-570e-11f0-8cdb-0c42a112278c,1000.0,-400.26,0,60245992,,920835973,2026-04-26,12:21:30,销售订单0060245992创建成功开票：0920835973,S,1,成功
ZRTC20260424025,1-7Z1TIM,QC@71729512,12508839,HLB-172f7b78-570e-11f0-8cdb-0c42a112278c,1000.0,-400.26,0,60245992,,920835973,2026-04-26,12:21:30,销售订单0060245992创建成功开票：0920835973,S,1,成功
ZRTC20260424025,1-7Z1TIM,QC@71865407,12518910,HLB-ee16a0e5-58a4-11f0-8cdb-0c42a112278c,1000.0,-400.26,0,60245992,,920835973,2026-04-26,12:21:30,销售订单0060245992创建成功开票：0920835973,S,1,成功
ZRTC20260424025,1-7Z1TIM,QC@71865408,12518910,HLB-edfbea14-58a4-11f0-8cdb-0c42a112278c,1000.0,-400.26,0,60245992,,920835973,2026-04-26,12:21:30,销售订单0060245992创建成功开票：0920835973,S,1,成功
ZRTC20260424025,1-7Z1TIM,QC@71865410,12518910,HLB-edfbe9fe-58a4-11f0-8cdb-0c42a112278c,1000.0,-400.26,0,60245992,,920835973,2026-04-26,12:21:30,销售订单0060245992创建成功开票：0920835973,S,1,成功
ZRTC20260424025,1-7Z1TIM,QC@71865413,12518910,HLB-edfbea3c-58a4-11f0-8cdb-0c42a112278c,1000.0,-400.26,0,60245992,,920835973,2026-04-26,12:21:30,销售订单0060245992创建成功开票：0920835973,S,1,成功
ZRTC20260424025,1-7Z1TIM,QC@71865414,12518910,HLB-ee16a083-58a4-11f0-8cdb-0c42a112278c,1000.0,-400.26,0,60245992,,920835973,2026-04-26,12:21:30,销售订单0060245992创建成功开票：0920835973,S,1,成功
ZRTC20260424025,1-7Z1TIM,QC@71865416,12518910,HLB-ee16a0b8-58a4-11f0-8cdb-0c42a112278c,1000.0,-400.26,0,60245992,,920835973,2026-04-26,12:21:30,销售订单0060245992创建成功开票：0920835973,S,1,成功
ZRTC20260424025,1-7Z1TIM,QC@71865419,12518910,HLB-ee16a06d-58a4-11f0-8cdb-0c42a112278c,1000.0,-400.26,0,60245992,,920835973,2026-04-26,12:21:30,销售订单0060245992创建成功开票：0920835973,S,1,成功
ZRTC20260424025,1-7Z1TIM,QC@71865420,12518910,HLB-ee169ff8-58a4-11f0-8cdb-0c42a112278c,1000.0,-400.26,0,60245992,,920835973,2026-04-26,12:21:30,销售订单0060245992创建成功开票：0920835973,S,1,成功
ZRTC20260424025,1-7Z1TIM,QC@71865422,12518910,HLB-ee16a055-58a4-11f0-8cdb-0c42a112278c,1000.0,-400.26,0,60245992,,920835973,2026-04-26,12:21:30,销售订单0060245992创建成功开票：0920835973,S,1,成功
ZRTC20260424025,1-7Z1TIM,QC@71865423,12518910,HLB-edfbeac8-58a4-11f0-8cdb-0c42a112278c,1000.0,-400.26,0,60245992,,920835973,2026-04-26,12:21:30,销售订单0060245992创建成功开票：0920835973,S,1,成功
ZRTC20260424025,1-7Z1TIM,QC@71865426,12518910,HLB-edfbeaa1-58a4-11f0-8cdb-0c42a112278c,1000.0,-400.26,0,60245992,,920835973,2026-04-26,12:21:30,销售订单0060245992创建成功开票：0920835973,S,1,成功
ZRTC20260424025,1-7Z1TIM,QC@71865429,12518910,HLB-ee16a112-58a4-11f0-8cdb-0c42a112278c,1000.0,-400.26,0,60245992,,920835973,2026-04-26,12:21:30,销售订单0060245992创建成功开票：0920835973,S,1,成功
ZRTC20260424025,1-7Z1TIM,QC@71865432,12518910,HLB-edfbeab5-58a4-11f0-8cdb-0c42a112278c,1000.0,-400.26,0,60245992,,920835973,2026-04-26,12:21:30,销售订单0060245992创建成功开票：0920835973,S,1,成功
ZRTC20260424025,1-7Z1TIM,QC@71865433,12518910,HLB-ee16a0fa-58a4-11f0-8cdb-0c42a112278c,1000.0,-400.26,0,60245992,,920835973,2026-04-26,12:21:30,销售订单0060245992创建成功开票：0920835973,S,1,成功
ZRTC20260424025,1-7Z1TIM,QC@71865435,12518910,HLB-edfbea65-58a4-11f0-8cdb-0c42a112278c,1000.0,-400.26,0,60245992,,920835973,2026-04-26,12:21:30,销售订单0060245992创建成功开票：0920835973,S,1,成功
ZRTC20260424025,1-7Z1TIM,QC@71865439,12518910,HLB-ee16a0cf-58a4-11f0-8cdb-0c42a112278c,1000.0,-400.26,0,60245992,,920835973,2026-04-26,12:21:30,销售订单0060245992创建成功开票：0920835973,S,1,成功
ZRTC20260424025,1-7Z1TIM,QC@71865440,12518910,HLB-edfbea29-58a4-11f0-8cdb-0c42a112278c,1000.0,-400.26,0,60245992,,920835973,2026-04-26,12:21:30,销售订单0060245992创建成功开票：0920835973,S,1,成功
ZRTC20260424025,1-7Z1TIM,QC@71865442,12518910,HLB-edfbea8b-58a4-11f0-8cdb-0c42a112278c,1000.0,-400.26,0,60245992,,920835973,2026-04-26,12:21:30,销售订单0060245992创建成功开票：0920835973,S,1,成功
ZRTC20260424025,1-7Z1TIM,QC@71865443,12518910,HLB-ee16a09f-58a4-11f0-8cdb-0c42a112278c,1000.0,-400.26,0,60245992,,920835973,2026-04-26,12:21:30,销售订单0060245992创建成功开票：0920835973,S,1,成功
ZRTC20260424025,1-7Z1TIM,QC@71865444,12518910,HLB-edfbea78-58a4-11f0-8cdb-0c42a112278c,1000.0,-400.26,0,60245992,,920835973,2026-04-26,12:21:30,销售订单0060245992创建成功开票：0920835973,S,1,成功
ZRTC20260424025,1-7Z1TIM,QC@71888325,12430186,HLB-3454321b-5258-11f0-8cdb-0c42a112278c,1000.0,-400.26,0,60245992,,920835973,2026-04-26,12:21:30,销售订单0060245992创建成功开票：0920835973,S,1,成功
ZRTC20260424025,1-7Z1TIM,QC@71888330,12430186,HLB-3454318d-5258-11f0-8cdb-0c42a112278c,1000.0,-400.26,0,60245992,,920835973,2026-04-26,12:21:30,销售订单0060245992创建成功开票：0920835973,S,1,成功
ZRTC20260424025,1-7Z1TIM,QC@71888335,12430186,HLB-34543253-5258-11f0-8cdb-0c42a112278c,1000.0,-400.26,0,60245992,,920835973,2026-04-26,12:21:30,销售订单0060245992创建成功开票：0920835973,S,1,成功
ZRTC20260424025,1-7Z1TIM,QC@71888336,12430186,HLB-345431d1-5258-11f0-8cdb-0c42a112278c,1000.0,-400.26,0,60245992,,920835973,2026-04-26,12:21:30,销售订单0060245992创建成功开票：0920835973,S,1,成功
ZRTC20260424025,1-7Z1TIM,QC@71888337,12430186,HLB-34543079-5258-11f0-8cdb-0c42a112278c,1000.0,-400.26,0,60245992,,920835973,2026-04-26,12:21:30,销售订单0060245992创建成功开票：0920835973,S,1,成功
ZRTC20260424025,1-7Z1TIM,QC@71888338,12430186,HLB-345431e6-5258-11f0-8cdb-0c42a112278c,1000.0,-400.26,0,60245992,,920835973,2026-04-26,12:21:30,销售订单0060245992创建成功开票：0920835973,S,1,成功
ZRTC20260424025,1-7Z1TIM,QC@71888339,12430186,HLB-3454315f-5258-11f0-8cdb-0c42a112278c,1000.0,-400.26,0,60245992,,920835973,2026-04-26,12:21:30,销售订单0060245992创建成功开票：0920835973,S,1,成功
ZRTC20260424025,1-7Z1TIM,QC@71888342,12430186,HLB-345430ae-5258-11f0-8cdb-0c42a112278c,1000.0,-400.26,0,60245992,,920835973,2026-04-26,12:21:30,销售订单0060245992创建成功开票：0920835973,S,1,成功
ZRTC20260424025,1-7Z1TIM,QC@71888350,12430186,HLB-34543146-5258-11f0-8cdb-0c42a112278c,1000.0,-400.26,0,60245992,,920835973,2026-04-26,12:21:30,销售订单0060245992创建成功开票：0920835973,S,1,成功
ZRTC20260424025,1-7Z1TIM,QC@71888351,12430186,HLB-34542fca-5258-11f0-8cdb-0c42a112278c,1000.0,-400.26,0,60245992,,920835973,2026-04-26,12:21:30,销售订单0060245992创建成功开票：0920835973,S,1,成功
ZRTC20260424025,1-7Z1TIM,QC@71888352,12430186,HLB-34543094-5258-11f0-8cdb-0c42a112278c,1000.0,-400.26,0,60245992,,920835973,2026-04-26,12:21:30,销售订单0060245992创建成功开票：0920835973,S,1,成功
ZRTC20260424025,1-7Z1TIM,QC@71888353,12430186,HLB-345431bb-5258-11f0-8cdb-0c42a112278c,1000.0,-400.26,0,60245992,,920835973,2026-04-26,12:21:30,销售订单0060245992创建成功开票：0920835973,S,1,成功
ZRTC20260424025,1-7Z1TIM,QC@71888355,12430186,HLB-345431a3-5258-11f0-8cdb-0c42a112278c,1000.0,-400.26,0,60245992,,920835973,2026-04-26,12:21:30,销售订单0060245992创建成功开票：0920835973,S,1,成功
ZRTC20260424025,1-7Z1TIM,QC@71888356,12430186,HLB-34543203-5258-11f0-8cdb-0c42a112278c,1000.0,-400.26,0,60245992,,920835973,2026-04-26,12:21:30,销售订单0060245992创建成功开票：0920835973,S,1,成功
ZRTC20260424025,1-7Z1TIM,QC@71888357,12430186,HLB-3454323b-5258-11f0-8cdb-0c42a112278c,1000.0,-400.26,0,60245992,,920835973,2026-04-26,12:21:30,销售订单0060245992创建成功开票：0920835973,S,1,成功
ZRTC20260424025,1-7Z1TIM,QC@71888359,12430186,HLB-3454310d-5258-11f0-8cdb-0c42a112278c,1000.0,-400.26,0,60245992,,920835973,2026-04-26,12:21:30,销售订单0060245992创建成功开票：0920835973,S,1,成功
ZRTC20260424025,1-7Z1TIM,QC@71888360,12430186,HLB-345430f3-5258-11f0-8cdb-0c42a112278c,1000.0,-400.26,0,60245992,,920835973,2026-04-26,12:21:30,销售订单0060245992创建成功开票：0920835973,S,1,成功
ZRTC20260424025,1-7Z1TIM,QC@71888361,12430186,HLB-345430de-5258-11f0-8cdb-0c42a112278c,1000.0,-400.26,0,60245992,,920835973,2026-04-26,12:21:30,销售订单0060245992创建成功开票：0920835973,S,1,成功
ZRTC20260424025,1-7Z1TIM,QC@71888362,12430186,HLB-34543177-5258-11f0-8cdb-0c42a112278c,1000.0,-400.26,0,60245992,,920835973,2026-04-26,12:21:30,销售订单0060245992创建成功开票：0920835973,S,1,成功
ZRTC20260424025,1-7Z1TIM,QC@71888363,12430186,HLB-345430c2-5258-11f0-8cdb-0c42a112278c,1000.0,-400.26,0,60245992,,920835973,2026-04-26,12:21:30,销售订单0060245992创建成功开票：0920835973,S,1,成功
ZRTC20260424025,1-7Z1TIM,QC@71968953,12581705,HLB-ad5be07e-615e-11f0-8cdb-0c42a112278c,1000.0,-400.26,0,60245992,,920835973,2026-04-26,12:21:30,销售订单0060245992创建成功开票：0920835973,S,1,成功
ZRTC20260424025,1-7Z1TIM,QC@71968954,12581705,HLB-ad5be054-615e-11f0-8cdb-0c42a112278c,1000.0,-400.26,0,60245992,,920835973,2026-04-26,12:21:30,销售订单0060245992创建成功开票：0920835973,S,1,成功
ZRTC20260424025,1-7Z1TIM,QC@71968959,12581705,HLB-ad5be069-615e-11f0-8cdb-0c42a112278c,1000.0,-400.26,0,60245992,,920835973,2026-04-26,12:21:30,销售订单0060245992创建成功开票：0920835973,S,1,成功
ZRTC20260424025,1-7Z1TIM,QC@71968961,12581705,HLB-ad5be0aa-615e-11f0-8cdb-0c42a112278c,1000.0,-400.26,0,60245992,,920835973,2026-04-26,12:21:30,销售订单0060245992创建成功开票：0920835973,S,1,成功
ZRTC20260424025,1-7Z1TIM,QC@71968962,12581705,HLB-ad5bdf96-615e-11f0-8cdb-0c42a112278c,1000.0,-400.26,0,60245992,,920835973,2026-04-26,12:21:30,销售订单0060245992创建成功开票：0920835973,S,1,成功
ZRTC20260424025,1-7Z1TIM,QC@71968963,12581705,HLB-ad5be0be-615e-11f0-8cdb-0c42a112278c,1000.0,-400.26,0,60245992,,920835973,2026-04-26,12:21:30,销售订单0060245992创建成功开票：0920835973,S,1,成功
ZRTC20260424025,1-7Z1TIM,QC@71968965,12581705,HLB-ad5be092-615e-11f0-8cdb-0c42a112278c,1000.0,-400.26,0,60245992,,920835973,2026-04-26,12:21:30,销售订单0060245992创建成功开票：0920835973,S,1,成功
ZRTC20260424025,1-7Z1TIM,QC@71968966,12581705,HLB-ad5be03f-615e-11f0-8cdb-0c42a112278c,1000.0,-400.26,0,60245992,,920835973,2026-04-26,12:21:30,销售订单0060245992创建成功开票：0920835973,S,1,成功
ZRTC20260424025,1-7Z1TIM,QC@71968969,12581705,HLB-ad5bdffa-615e-11f0-8cdb-0c42a112278c,1000.0,-400.26,0,60245992,,920835973,2026-04-26,12:21:30,销售订单0060245992创建成功开票：0920835973,S,1,成功
ZRTC20260424025,1-7Z1TIM,QC@71968970,12581705,HLB-ad5be0d1-615e-11f0-8cdb-0c42a112278c,1000.0,-400.26,0,60245992,,920835973,2026-04-26,12:21:30,销售订单0060245992创建成功开票：0920835973,S,1,成功
ZRTC20260424025,1-7Z1TIM,QC@72240595,12544992,HLB-2b02a969-5c8a-11f0-8cdb-0c42a112278c,1000.0,-400.26,0,60245992,,920835973,2026-04-26,12:21:30,销售订单0060245992创建成功开票：0920835973,S,1,成功
ZRTC20260424025,1-7Z1TIM,QC@72437235,12544958,HLB-bf69c281-5c89-11f0-8cdb-0c42a112278c,1000.0,-400.26,0,60245992,,920835973,2026-04-26,12:21:30,销售订单0060245992创建成功开票：0920835973,S,1,成功
ZRTC20260424025,1-7Z1TIM,QC@72536715,12508833,HLB-16a9bf99-570e-11f0-8cdb-0c42a112278c,1000.0,-400.26,0,60245992,,920835973,2026-04-26,12:21:30,销售订单0060245992创建成功开票：0920835973,S,1,成功
ZRTC20260424025,1-7Z1TIM,QC@72536716,12508833,HLB-16a9c056-570e-11f0-8cdb-0c42a112278c,1000.0,-400.26,0,60245992,,920835973,2026-04-26,12:21:30,销售订单0060245992创建成功开票：0920835973,S,1,成功
ZRTC20260424025,1-7Z1TIM,QC@72536719,12508833,HLB-16a9c13f-570e-11f0-8cdb-0c42a112278c,1000.0,-400.26,0,60245992,,920835973,2026-04-26,12:21:30,销售订单0060245992创建成功开票：0920835973,S,1,成功
ZRTC20260424025,1-7Z1TIM,QC@72536720,12508833,HLB-16a9c216-570e-11f0-8cdb-0c42a112278c,1000.0,-400.26,0,60245992,,920835973,2026-04-26,12:21:30,销售订单0060245992创建成功开票：0920835973,S,1,成功
ZRTC20260424025,1-7Z1TIM,QC@72536728,12508833,HLB-16a9c0ac-570e-11f0-8cdb-0c42a112278c,1000.0,-400.26,0,60245992,,920835973,2026-04-26,12:21:30,销售订单0060245992创建成功开票：0920835973,S,1,成功
ZRTC20260424025,1-7Z1TIM,QC@72536730,12508833,HLB-16a9c158-570e-11f0-8cdb-0c42a112278c,1000.0,-400.26,0,60245992,,920835973,2026-04-26,12:21:30,销售订单0060245992创建成功开票：0920835973,S,1,成功
ZRTC20260424025,1-7Z1TIM,QC@72536731,12508833,HLB-16a9bfcf-570e-11f0-8cdb-0c42a112278c,1000.0,-400.26,0,60245992,,920835973,2026-04-26,12:21:30,销售订单0060245992创建成功开票：0920835973,S,1,成功
ZRTC20260424025,1-7Z1TIM,QC@72536733,12508833,HLB-16a9c0c0-570e-11f0-8cdb-0c42a112278c,1000.0,-400.26,0,60245992,,920835973,2026-04-26,12:21:30,销售订单0060245992创建成功开票：0920835973,S,1,成功
ZRTC20260424025,1-7Z1TIM,QC@72536734,12508833,HLB-16a9c1bb-570e-11f0-8cdb-0c42a112278c,1000.0,-400.26,0,60245992,,920835973,2026-04-26,12:21:30,销售订单0060245992创建成功开票：0920835973,S,1,成功
ZRTC20260424025,1-7Z1TIM,QC@72536735,12508833,HLB-16a9bfec-570e-11f0-8cdb-0c42a112278c,1000.0,-400.26,0,60245992,,920835973,2026-04-26,12:21:30,销售订单0060245992创建成功开票：0920835973,S,1,成功
ZRTC20260424025,1-7Z1TIM,QC@72536736,12508833,HLB-16a9c188-570e-11f0-8cdb-0c42a112278c,1000.0,-400.26,0,60245992,,920835973,2026-04-26,12:21:30,销售订单0060245992创建成功开票：0920835973,S,1,成功
ZRTC20260424025,1-7Z1TIM,QC@72536738,12508833,HLB-16a9c22e-570e-11f0-8cdb-0c42a112278c,1000.0,-400.26,0,60245992,,920835973,2026-04-26,12:21:30,销售订单0060245992创建成功开票：0920835973,S,1,成功
ZRTC20260424025,1-7Z1TIM,QC@72536743,12508833,HLB-16a9c170-570e-11f0-8cdb-0c42a112278c,1000.0,-400.26,0,60245992,,920835973,2026-04-26,12:21:30,销售订单0060245992创建成功开票：0920835973,S,1,成功
ZRTC20260424025,1-7Z1TIM,QC@72536746,12508833,HLB-16a9bf4a-570e-11f0-8cdb-0c42a112278c,1000.0,-400.26,0,60245992,,920835973,2026-04-26,12:21:30,销售订单0060245992创建成功开票：0920835973,S,1,成功
ZRTC20260424025,1-7Z1TIM,QC@72536747,12508833,HLB-16a9c006-570e-11f0-8cdb-0c42a112278c,1000.0,-400.26,0,60245992,,920835973,2026-04-26,12:21:30,销售订单0060245992创建成功开票：0920835973,S,1,成功
ZRTC20260424025,1-7Z1TIM,QC@72536750,12508833,HLB-16a9c090-570e-11f0-8cdb-0c42a112278c,1000.0,-400.26,0,60245992,,920835973,2026-04-26,12:21:30,销售订单0060245992创建成功开票：0920835973,S,1,成功
ZRTC20260424025,1-7Z1TIM,QC@72536752,12508833,HLB-16a9c1a2-570e-11f0-8cdb-0c42a112278c,1000.0,-400.26,0,60245992,,920835973,2026-04-26,12:21:30,销售订单0060245992创建成功开票：0920835973,S,1,成功
ZRTC20260424025,1-7Z1TIM,QC@72536754,12508833,HLB-16a9c023-570e-11f0-8cdb-0c42a112278c,1000.0,-400.26,0,60245992,,920835973,2026-04-26,12:21:30,销售订单0060245992创建成功开票：0920835973,S,1,成功
ZRTC20260424025,1-7Z1TIM,QC@72536755,12508833,HLB-16a9c03b-570e-11f0-8cdb-0c42a112278c,1000.0,-400.26,0,60245992,,920835973,2026-04-26,12:21:30,销售订单0060245992创建成功开票：0920835973,S,1,成功
ZRTC20260424025,1-7Z1TIM,QC@72536756,12508833,HLB-16a9c1fd-570e-11f0-8cdb-0c42a112278c,1000.0,-400.26,0,60245992,,920835973,2026-04-26,12:21:30,销售订单0060245992创建成功开票：0920835973,S,1,成功
ZRTC20260424025,1-7Z1TIM,QC@72536758,12508833,HLB-16a9bfb5-570e-11f0-8cdb-0c42a112278c,1000.0,-400.26,0,60245992,,920835973,2026-04-26,12:21:30,销售订单0060245992创建成功开票：0920835973,S,1,成功
ZRTC20260424025,1-7Z1TIM,QC@72536761,12508833,HLB-16a9c1e9-570e-11f0-8cdb-0c42a112278c,1000.0,-400.26,0,60245992,,920835973,2026-04-26,12:21:30,销售订单0060245992创建成功开票：0920835973,S,1,成功
ZRTC20260424025,1-7Z1TIM,QC@72536762,12508833,HLB-16a9c25c-570e-11f0-8cdb-0c42a112278c,1000.0,-400.26,0,60245992,,920835973,2026-04-26,12:21:30,销售订单0060245992创建成功开票：0920835973,S,1,成功
ZRTC20260424025,1-7Z1TIM,QC@72536765,12508833,HLB-16a9c246-570e-11f0-8cdb-0c42a112278c,1000.0,-400.26,0,60245992,,920835973,2026-04-26,12:21:30,销售订单0060245992创建成功开票：0920835973,S,1,成功
ZRTC20260424025,1-7Z1TIM,QC@72536767,12508833,HLB-16a9c0da-570e-11f0-8cdb-0c42a112278c,1000.0,-400.26,0,60245992,,920835973,2026-04-26,12:21:30,销售订单0060245992创建成功开票：0920835973,S,1,成功
ZRTC20260424025,1-7Z1TIM,QC@72536768,12508833,HLB-16a9c126-570e-11f0-8cdb-0c42a112278c,1000.0,-400.26,0,60245992,,920835973,2026-04-26,12:21:30,销售订单0060245992创建成功开票：0920835973,S,1,成功
ZRTC20260424025,1-7Z1TIM,QC@72536770,12508833,HLB-16a9c1d2-570e-11f0-8cdb-0c42a112278c,1000.0,-400.26,0,60245992,,920835973,2026-04-26,12:21:30,销售订单0060245992创建成功开票：0920835973,S,1,成功
ZRTC20260424025,1-7Z1TIM,QC@72536771,12508833,HLB-16a9c0f4-570e-11f0-8cdb-0c42a112278c,1000.0,-400.26,0,60245992,,920835973,2026-04-26,12:21:30,销售订单0060245992创建成功开票：0920835973,S,1,成功
ZRTC20260424025,1-7Z1TIM,QC@72536772,12508833,HLB-16a9c071-570e-11f0-8cdb-0c42a112278c,1000.0,-400.26,0,60245992,,920835973,2026-04-26,12:21:30,销售订单0060245992创建成功开票：0920835973,S,1,成功
ZRTC20260424025,1-7Z1TIM,QC@72536773,12508833,HLB-16a9c10b-570e-11f0-8cdb-0c42a112278c,1000.0,-400.26,0,60245992,,920835973,2026-04-26,12:21:30,销售订单0060245992创建成功开票：0920835973,S,1,成功
ZRTC20260424025,1-7Z1TIM,QC@72758797,12517923,HLB-f2e424f2-5896-11f0-8cdb-0c42a112278c,1000.0,400.26,0,60245992,,920835973,2026-04-26,12:21:30,销售订单0060245992创建成功开票：0920835973,S,1,成功
ZRTC20260424025,1-7Z1TIM,QC@72758798,12517923,HLB-f2e4275b-5896-11f0-8cdb-0c42a112278c,1000.0,400.26,0,60245992,,920835973,2026-04-26,12:21:30,销售订单0060245992创建成功开票：0920835973,S,1,成功
ZRTC20260424025,1-7Z1TIM,QC@72758800,12517923,HLB-f2e42907-5896-11f0-8cdb-0c42a112278c,1000.0,400.26,0,60245992,,920835973,2026-04-26,12:21:30,销售订单0060245992创建成功开票：0920835973,S,1,成功
ZRTC20260424025,1-7Z1TIM,QC@72758801,12517923,HLB-f3008f6d-5896-11f0-8cdb-0c42a112278c,1000.0,400.26,0,60245992,,920835973,2026-04-26,12:21:30,销售订单0060245992创建成功开票：0920835973,S,1,成功
ZRTC20260424025,1-7Z1TIM,QC@72758802,12517923,HLB-f2e429cc-5896-11f0-8cdb-0c42a112278c,1000.0,400.26,0,60245992,,920835973,2026-04-26,12:21:30,销售订单0060245992创建成功开票：0920835973,S,1,成功
ZRTC20260424025,1-7Z1TIM,QC@72758803,12517923,HLB-f3008f47-5896-11f0-8cdb-0c42a112278c,1000.0,400.26,0,60245992,,920835973,2026-04-26,12:21:30,销售订单0060245992创建成功开票：0920835973,S,1,成功
ZRTC20260424025,1-7Z1TIM,QC@72758805,12517923,HLB-f3008eb2-5896-11f0-8cdb-0c42a112278c,1000.0,400.26,0,60245992,,920835973,2026-04-26,12:21:30,销售订单0060245992创建成功开票：0920835973,S,1,成功
ZRTC20260424025,1-7Z1TIM,QC@72758807,12517923,HLB-f300905b-5896-11f0-8cdb-0c42a112278c,1000.0,400.26,0,60245992,,920835973,2026-04-26,12:21:30,销售订单0060245992创建成功开票：0920835973,S,1,成功
ZRTC20260424025,1-7Z1TIM,QC@72758810,12517923,HLB-f3008f1f-5896-11f0-8cdb-0c42a112278c,1000.0,400.26,0,60245992,,920835973,2026-04-26,12:21:30,销售订单0060245992创建成功开票：0920835973,S,1,成功
ZRTC20260424025,1-7Z1TIM,QC@72758813,12517923,HLB-f2e42652-5896-11f0-8cdb-0c42a112278c,1000.0,400.26,0,60245992,,920835973,2026-04-26,12:21:30,销售订单0060245992创建成功开票：0920835973,S,1,成功
ZRTC20260424025,1-7Z1TIM,QC@72758815,12517923,HLB-f30090ce-5896-11f0-8cdb-0c42a112278c,1000.0,400.26,0,60245992,,920835973,2026-04-26,12:21:30,销售订单0060245992创建成功开票：0920835973,S,1,成功
ZRTC20260424025,1-7Z1TIM,QC@72758817,12517923,HLB-f3009031-5896-11f0-8cdb-0c42a112278c,1000.0,400.26,0,60245992,,920835973,2026-04-26,12:21:30,销售订单0060245992创建成功开票：0920835973,S,1,成功
ZRTC20260424025,1-7Z1TIM,QC@72758818,12517923,HLB-f2e4278a-5896-11f0-8cdb-0c42a112278c,1000.0,400.26,0,60245992,,920835973,2026-04-26,12:21:30,销售订单0060245992创建成功开票：0920835973,S,1,成功
ZRTC20260424025,1-7Z1TIM,QC@72758821,12517923,HLB-f2e428dc-5896-11f0-8cdb-0c42a112278c,1000.0,400.26,0,60245992,,920835973,2026-04-26,12:21:30,销售订单0060245992创建成功开票：0920835973,S,1,成功
ZRTC20260424025,1-7Z1TIM,QC@72758827,12517923,HLB-f2e429f4-5896-11f0-8cdb-0c42a112278c,1000.0,400.26,0,60245992,,920835973,2026-04-26,12:21:30,销售订单0060245992创建成功开票：0920835973,S,1,成功
ZRTC20260424025,1-7Z1TIM,QC@72758829,12517923,HLB-f2e427e2-5896-11f0-8cdb-0c42a112278c,1000.0,400.26,0,60245992,,920835973,2026-04-26,12:21:30,销售订单0060245992创建成功开票：0920835973,S,1,成功
ZRTC20260424025,1-7Z1TIM,QC@72758832,12517923,HLB-f30090a9-5896-11f0-8cdb-0c42a112278c,1000.0,400.26,0,60245992,,920835973,2026-04-26,12:21:30,销售订单0060245992创建成功开票：0920835973,S,1,成功
ZRTC20260424025,1-7Z1TIM,QC@72758838,12517923,HLB-f2e42617-5896-11f0-8cdb-0c42a112278c,1000.0,400.26,0,60245992,,920835973,2026-04-26,12:21:30,销售订单0060245992创建成功开票：0920835973,S,1,成功
ZRTC20260424025,1-7Z1TIM,QC@72758839,12517923,HLB-f2e4269e-5896-11f0-8cdb-0c42a112278c,1000.0,400.26,0,60245992,,920835973,2026-04-26,12:21:30,销售订单0060245992创建成功开票：0920835973,S,1,成功
ZRTC20260424025,1-7Z1TIM,QC@72758841,12517923,HLB-f3008e46-5896-11f0-8cdb-0c42a112278c,1000.0,400.26,0,60245992,,920835973,2026-04-26,12:21:30,销售订单0060245992创建成功开票：0920835973,S,1,成功
ZRTC20260424025,1-7Z1TIM,QC@72758842,12517923,HLB-f2e42960-5896-11f0-8cdb-0c42a112278c,1000.0,400.26,0,60245992,,920835973,2026-04-26,12:21:30,销售订单0060245992创建成功开票：0920835973,S,1,成功
ZRTC20260424025,1-7Z1TIM,QC@72758844,12517923,HLB-f2e428af-5896-11f0-8cdb-0c42a112278c,1000.0,400.26,0,60245992,,920835973,2026-04-26,12:21:30,销售订单0060245992创建成功开票：0920835973,S,1,成功
ZRTC20260424025,1-7Z1TIM,QC@72758845,12517923,HLB-f3008f97-5896-11f0-8cdb-0c42a112278c,1000.0,400.26,0,60245992,,920835973,2026-04-26,12:21:30,销售订单0060245992创建成功开票：0920835973,S,1,成功
ZRTC20260424025,1-7Z1TIM,QC@72758847,12517923,HLB-f2e42578-5896-11f0-8cdb-0c42a112278c,1000.0,400.26,0,60245992,,920835973,2026-04-26,12:21:30,销售订单0060245992创建成功开票：0920835973,S,1,成功
ZRTC20260424025,1-7Z1TIM,QC@72758851,12517923,HLB-f2e425e3-5896-11f0-8cdb-0c42a112278c,1000.0,400.26,0,60245992,,920835973,2026-04-26,12:21:30,销售订单0060245992创建成功开票：0920835973,S,1,成功
ZRTC20260424025,1-7Z1TIM,QC@72758856,12517923,HLB-f2e429a3-5896-11f0-8cdb-0c42a112278c,1000.0,400.26,0,60245992,,920835973,2026-04-26,12:21:30,销售订单0060245992创建成功开票：0920835973,S,1,成功
ZRTC20260424025,1-7Z1TIM,QC@72758857,12517923,HLB-f2e426fb-5896-11f0-8cdb-0c42a112278c,1000.0,400.26,0,60245992,,920835973,2026-04-26,12:21:30,销售订单0060245992创建成功开票：0920835973,S,1,成功
ZRTC20260424025,1-7Z1TIM,QC@72758858,12517923,HLB-f2e42934-5896-11f0-8cdb-0c42a112278c,1000.0,400.26,0,60245992,,920835973,2026-04-26,12:21:30,销售订单0060245992创建成功开票：0920835973,S,1,成功
ZRTC20260424025,1-7Z1TIM,QC@72758860,12517923,HLB-f2e42822-5896-11f0-8cdb-0c42a112278c,1000.0,400.26,0,60245992,,920835973,2026-04-26,12:21:30,销售订单0060245992创建成功开票：0920835973,S,1,成功
ZRTC20260424025,1-7Z1TIM,QC@72758862,12517923,HLB-f3009081-5896-11f0-8cdb-0c42a112278c,1000.0,400.26,0,60245992,,920835973,2026-04-26,12:21:30,销售订单0060245992创建成功开票：0920835973,S,1,成功
ZRTC20260424025,1-7Z1TIM,QC@72758863,12517923,HLB-f3008fbe-5896-11f0-8cdb-0c42a112278c,1000.0,400.26,0,60245992,,920835973,2026-04-26,12:21:30,销售订单0060245992创建成功开票：0920835973,S,1,成功
ZRTC20260424025,1-7Z1TIM,QC@72758865,12517923,HLB-f2e42729-5896-11f0-8cdb-0c42a112278c,1000.0,400.26,0,60245992,,920835973,2026-04-26,12:21:30,销售订单0060245992创建成功开票：0920835973,S,1,成功
ZRTC20260424025,1-7Z1TIM,QC@72758866,12517923,HLB-f2e42858-5896-11f0-8cdb-0c42a112278c,1000.0,400.26,0,60245992,,920835973,2026-04-26,12:21:30,销售订单0060245992创建成功开票：0920835973,S,1,成功
ZRTC20260424025,1-7Z1TIM,QC@72758867,12517923,HLB-f2e425ab-5896-11f0-8cdb-0c42a112278c,1000.0,400.26,0,60245992,,920835973,2026-04-26,12:21:30,销售订单0060245992创建成功开票：0920835973,S,1,成功
ZRTC20260424025,1-7Z1TIM,QC@72758868,12517923,HLB-f3008fe4-5896-11f0-8cdb-0c42a112278c,1000.0,400.26,0,60245992,,920835973,2026-04-26,12:21:30,销售订单0060245992创建成功开票：0920835973,S,1,成功
ZRTC20260424025,1-7Z1TIM,QC@72758869,12517923,HLB-f300900a-5896-11f0-8cdb-0c42a112278c,1000.0,400.26,0,60245992,,920835973,2026-04-26,12:21:30,销售订单0060245992创建成功开票：0920835973,S,1,成功
ZRTC20260424025,1-7Z1TIM,QC@72758871,12517923,HLB-f2e426d0-5896-11f0-8cdb-0c42a112278c,1000.0,400.26,0,60245992,,920835973,2026-04-26,12:21:30,销售订单0060245992创建成功开票：0920835973,S,1,成功
ZRTC20260424025,1-7Z1TIM,QC@72758872,12517923,HLB-f2e42882-5896-11f0-8cdb-0c42a112278c,1000.0,400.26,0,60245992,,920835973,2026-04-26,12:21:30,销售订单0060245992创建成功开票：0920835973,S,1,成功
ZRTC20260424025,1-7Z1TIM,QC@72758874,12517923,HLB-f2e427b4-5896-11f0-8cdb-0c42a112278c,1000.0,400.26,0,60245992,,920835973,2026-04-26,12:21:30,销售订单0060245992创建成功开票：0920835973,S,1,成功
ZRTC20260424025,1-7Z1TIM,QC@72758876,12517923,HLB-f3008ef3-5896-11f0-8cdb-0c42a112278c,1000.0,400.26,0,60245992,,920835973,2026-04-26,12:21:30,销售订单0060245992创建成功开票：0920835973,S,1,成功
ZRTC20260424025,1-7Z1TIM,QC@73070980,12508822,HLB-157a5ccd-570e-11f0-8cdb-0c42a112278c,1000.0,-400.26,0,60245992,,920835973,2026-04-26,12:21:30,销售订单0060245992创建成功开票：0920835973,S,1,成功
ZRTC20260424025,1-7Z1TIM,QC@73070982,12508822,HLB-15593bc2-570e-11f0-8cdb-0c42a112278c,1000.0,-400.26,0,60245992,,920835973,2026-04-26,12:21:30,销售订单0060245992创建成功开票：0920835973,S,1,成功
ZRTC20260424025,1-7Z1TIM,QC@73070983,12508822,HLB-157a5dc6-570e-11f0-8cdb-0c42a112278c,1000.0,-400.26,0,60245992,,920835973,2026-04-26,12:21:30,销售订单0060245992创建成功开票：0920835973,S,1,成功
ZRTC20260424025,1-7Z1TIM,QC@73070988,12508822,HLB-15593bd7-570e-11f0-8cdb-0c42a112278c,1000.0,-400.26,0,60245992,,920835973,2026-04-26,12:21:30,销售订单0060245992创建成功开票：0920835973,S,1,成功
ZRTC20260424025,1-7Z1TIM,QC@73070989,12508822,HLB-15593b1e-570e-11f0-8cdb-0c42a112278c,1000.0,-400.26,0,60245992,,920835973,2026-04-26,12:21:30,销售订单0060245992创建成功开票：0920835973,S,1,成功
ZRTC20260424025,1-7Z1TIM,QC@73070990,12508822,HLB-15593b77-570e-11f0-8cdb-0c42a112278c,1000.0,-400.26,0,60245992,,920835973,2026-04-26,12:21:30,销售订单0060245992创建成功开票：0920835973,S,1,成功
ZRTC20260424025,1-7Z1TIM,QC@73070993,12508822,HLB-157a5d21-570e-11f0-8cdb-0c42a112278c,1000.0,-400.26,0,60245992,,920835973,2026-04-26,12:21:30,销售订单0060245992创建成功开票：0920835973,S,1,成功
ZRTC20260424025,1-7Z1TIM,QC@73070997,12508822,HLB-157a5e3c-570e-11f0-8cdb-0c42a112278c,1000.0,-400.26,0,60245992,,920835973,2026-04-26,12:21:30,销售订单0060245992创建成功开票：0920835973,S,1,成功
ZRTC20260424025,1-7Z1TIM,QC@73071002,12508822,HLB-157a5eba-570e-11f0-8cdb-0c42a112278c,1000.0,-400.26,0,60245992,,920835973,2026-04-26,12:21:30,销售订单0060245992创建成功开票：0920835973,S,1,成功
ZRTC20260424025,1-7Z1TIM,QC@73071006,12508822,HLB-157a5e92-570e-11f0-8cdb-0c42a112278c,1000.0,-400.26,0,60245992,,920835973,2026-04-26,12:21:30,销售订单0060245992创建成功开票：0920835973,S,1,成功
ZRTC20260424025,1-7Z1TIM,QC@73071007,12508822,HLB-15593af7-570e-11f0-8cdb-0c42a112278c,1000.0,-400.26,0,60245992,,920835973,2026-04-26,12:21:30,销售订单0060245992创建成功开票：0920835973,S,1,成功
ZRTC20260424025,1-7Z1TIM,QC@73071008,12508822,HLB-15593a91-570e-11f0-8cdb-0c42a112278c,1000.0,-400.26,0,60245992,,920835973,2026-04-26,12:21:30,销售订单0060245992创建成功开票：0920835973,S,1,成功
ZRTC20260424025,1-7Z1TIM,QC@73071009,12508822,HLB-157a5ddb-570e-11f0-8cdb-0c42a112278c,1000.0,-400.26,0,60245992,,920835973,2026-04-26,12:21:30,销售订单0060245992创建成功开票：0920835973,S,1,成功
ZRTC20260424025,1-7Z1TIM,QC@73071010,12508822,HLB-157a5e0a-570e-11f0-8cdb-0c42a112278c,1000.0,-400.26,0,60245992,,920835973,2026-04-26,12:21:30,销售订单0060245992创建成功开票：0920835973,S,1,成功
ZRTC20260424025,1-7Z1TIM,QC@73071012,12508822,HLB-157a5c26-570e-11f0-8cdb-0c42a112278c,1000.0,-400.26,0,60245992,,920835973,2026-04-26,12:21:30,销售订单0060245992创建成功开票：0920835973,S,1,成功
ZRTC20260424025,1-7Z1TIM,QC@73071015,12508822,HLB-157a5c40-570e-11f0-8cdb-0c42a112278c,1000.0,-400.26,0,60245992,,920835973,2026-04-26,12:21:30,销售订单0060245992创建成功开票：0920835973,S,1,成功
ZRTC20260424025,1-7Z1TIM,QC@73071017,12508822,HLB-157a5df3-570e-11f0-8cdb-0c42a112278c,1000.0,-400.26,0,60245992,,920835973,2026-04-26,12:21:30,销售订单0060245992创建成功开票：0920835973,S,1,成功
ZRTC20260424025,1-7Z1TIM,QC@73071018,12508822,HLB-157a5d39-570e-11f0-8cdb-0c42a112278c,1000.0,-400.26,0,60245992,,920835973,2026-04-26,12:21:30,销售订单0060245992创建成功开票：0920835973,S,1,成功
ZRTC20260424025,1-7Z1TIM,QC@73071020,12508822,HLB-157a5e7d-570e-11f0-8cdb-0c42a112278c,1000.0,-400.26,0,60245992,,920835973,2026-04-26,12:21:30,销售订单0060245992创建成功开票：0920835973,S,1,成功
ZRTC20260424025,1-7Z1TIM,QC@73071021,12508822,HLB-157a5d7a-570e-11f0-8cdb-0c42a112278c,1000.0,-400.26,0,60245992,,920835973,2026-04-26,12:21:30,销售订单0060245992创建成功开票：0920835973,S,1,成功
ZRTC20260424025,1-7Z1TIM,QC@73071022,12508822,HLB-157a5c09-570e-11f0-8cdb-0c42a112278c,1000.0,-400.26,0,60245992,,920835973,2026-04-26,12:21:30,销售订单0060245992创建成功开票：0920835973,S,1,成功
ZRTC20260424025,1-7Z1TIM,QC@73071023,12508822,HLB-15593b32-570e-11f0-8cdb-0c42a112278c,1000.0,-400.26,0,60245992,,920835973,2026-04-26,12:21:30,销售订单0060245992创建成功开票：0920835973,S,1,成功
ZRTC20260424025,1-7Z1TIM,QC@73071024,12508822,HLB-157a5daf-570e-11f0-8cdb-0c42a112278c,1000.0,-400.26,0,60245992,,920835973,2026-04-26,12:21:30,销售订单0060245992创建成功开票：0920835973,S,1,成功
ZRTC20260424025,1-7Z1TIM,QC@73071029,12508822,HLB-157a5ea6-570e-11f0-8cdb-0c42a112278c,1000.0,-400.26,0,60245992,,920835973,2026-04-26,12:21:30,销售订单0060245992创建成功开票：0920835973,S,1,成功
ZRTC20260424025,1-7Z1TIM,QC@73071030,12508822,HLB-157a5c60-570e-11f0-8cdb-0c42a112278c,1000.0,-400.26,0,60245992,,920835973,2026-04-26,12:21:30,销售订单0060245992创建成功开票：0920835973,S,1,成功
ZRTC20260424025,1-7Z1TIM,QC@73071031,12508822,HLB-157a5e51-570e-11f0-8cdb-0c42a112278c,1000.0,-400.26,0,60245992,,920835973,2026-04-26,12:21:30,销售订单0060245992创建成功开票：0920835973,S,1,成功
ZRTC20260424025,1-7Z1TIM,QC@73071033,12508822,HLB-15593a56-570e-11f0-8cdb-0c42a112278c,1000.0,-400.26,0,60245992,,920835973,2026-04-26,12:21:30,销售订单0060245992创建成功开票：0920835973,S,1,成功
ZRTC20260424025,1-7Z1TIM,QC@73071034,12508822,HLB-157a5cb6-570e-11f0-8cdb-0c42a112278c,1000.0,-400.26,0,60245992,,920835973,2026-04-26,12:21:30,销售订单0060245992创建成功开票：0920835973,S,1,成功
ZRTC20260424025,1-7Z1TIM,QC@73071035,12508822,HLB-157a5e66-570e-11f0-8cdb-0c42a112278c,1000.0,-400.26,0,60245992,,920835973,2026-04-26,12:21:30,销售订单0060245992创建成功开票：0920835973,S,1,成功
ZRTC20260424025,1-7Z1TIM,QC@73071036,12508822,HLB-15593ace-570e-11f0-8cdb-0c42a112278c,1000.0,-400.26,0,60245992,,920835973,2026-04-26,12:21:30,销售订单0060245992创建成功开票：0920835973,S,1,成功
ZRTC20260424025,1-7Z1TIM,QC@73071037,12508822,HLB-15593a7d-570e-11f0-8cdb-0c42a112278c,1000.0,-400.26,0,60245992,,920835973,2026-04-26,12:21:30,销售订单0060245992创建成功开票：0920835973,S,1,成功
ZRTC20260424025,1-7Z1TIM,QC@73071039,12508822,HLB-157a5c7b-570e-11f0-8cdb-0c42a112278c,1000.0,-400.26,0,60245992,,920835973,2026-04-26,12:21:30,销售订单0060245992创建成功开票：0920835973,S,1,成功
ZRTC20260424025,1-7Z1TIM,QC@73071042,12508822,HLB-15593b46-570e-11f0-8cdb-0c42a112278c,1000.0,-400.26,0,60245992,,920835973,2026-04-26,12:21:30,销售订单0060245992创建成功开票：0920835973,S,1,成功
ZRTC20260424025,1-7Z1TIM,QC@73071043,12508822,HLB-157a5ceb-570e-11f0-8cdb-0c42a112278c,1000.0,-400.26,0,60245992,,920835973,2026-04-26,12:21:30,销售订单0060245992创建成功开票：0920835973,S,1,成功
ZRTC20260424025,1-7Z1TIM,QC@73071045,12508822,HLB-15593ae2-570e-11f0-8cdb-0c42a112278c,1000.0,-400.26,0,60245992,,920835973,2026-04-26,12:21:30,销售订单0060245992创建成功开票：0920835973,S,1,成功
ZRTC20260424025,1-7Z1TIM,QC@73071046,12508822,HLB-15593b0a-570e-11f0-8cdb-0c42a112278c,1000.0,-400.26,0,60245992,,920835973,2026-04-26,12:21:30,销售订单0060245992创建成功开票：0920835973,S,1,成功
ZRTC20260424025,1-7Z1TIM,QC@73071047,12508822,HLB-157a5d51-570e-11f0-8cdb-0c42a112278c,1000.0,-400.26,0,60245992,,920835973,2026-04-26,12:21:30,销售订单0060245992创建成功开票：0920835973,S,1,成功
ZRTC20260424025,1-7Z1TIM,QC@73071048,12508822,HLB-15593bb0-570e-11f0-8cdb-0c42a112278c,1000.0,-400.26,0,60245992,,920835973,2026-04-26,12:21:30,销售订单0060245992创建成功开票：0920835973,S,1,成功
ZRTC20260424025,1-7Z1TIM,QC@73071049,12508822,HLB-157a5d05-570e-11f0-8cdb-0c42a112278c,1000.0,-400.26,0,60245992,,920835973,2026-04-26,12:21:30,销售订单0060245992创建成功开票：0920835973,S,1,成功
ZRTC20260424025,1-7Z1TIM,QC@73071051,12508822,HLB-157a5bb8-570e-11f0-8cdb-0c42a112278c,1000.0,-400.26,0,60245992,,920835973,2026-04-26,12:21:30,销售订单0060245992创建成功开票：0920835973,S,1,成功
ZRTC20260424025,1-7Z1TIM,QC@73071053,12508822,HLB-15593b61-570e-11f0-8cdb-0c42a112278c,1000.0,-400.26,0,60245992,,920835973,2026-04-26,12:21:30,销售订单0060245992创建成功开票：0920835973,S,1,成功
ZRTC20260424025,1-7Z1TIM,QC@73071060,12508822,HLB-15593aba-570e-11f0-8cdb-0c42a112278c,1000.0,-400.26,0,60245992,,920835973,2026-04-26,12:21:30,销售订单0060245992创建成功开票：0920835973,S,1,成功
ZRTC20260424025,1-7Z1TIM,QC@73071065,12508822,HLB-15593b9d-570e-11f0-8cdb-0c42a112278c,1000.0,-400.26,0,60245992,,920835973,2026-04-26,12:21:30,销售订单0060245992创建成功开票：0920835973,S,1,成功
ZRTC20260424025,1-7Z1TIM,QC@73071067,12508822,HLB-157a5d94-570e-11f0-8cdb-0c42a112278c,1000.0,-400.26,0,60245992,,920835973,2026-04-26,12:21:30,销售订单0060245992创建成功开票：0920835973,S,1,成功
ZRTC20260424025,1-7Z1TIM,QC@73071068,12508822,HLB-15593a6a-570e-11f0-8cdb-0c42a112278c,1000.0,-400.26,0,60245992,,920835973,2026-04-26,12:21:30,销售订单0060245992创建成功开票：0920835973,S,1,成功
ZRTC20260424025,1-7Z1TIM,QC@73071069,12508822,HLB-157a5c99-570e-11f0-8cdb-0c42a112278c,1000.0,-400.26,0,60245992,,920835973,2026-04-26,12:21:30,销售订单0060245992创建成功开票：0920835973,S,1,成功
ZRTC20260424025,1-7Z1TIM,QC@73071072,12508822,HLB-157a5d65-570e-11f0-8cdb-0c42a112278c,1000.0,-400.26,0,60245992,,920835973,2026-04-26,12:21:30,销售订单0060245992创建成功开票：0920835973,S,1,成功
ZRTC20260424025,1-7Z1TIM,QC@73071074,12508822,HLB-15593aa7-570e-11f0-8cdb-0c42a112278c,1000.0,-400.26,0,60245992,,920835973,2026-04-26,12:21:30,销售订单0060245992创建成功开票：0920835973,S,1,成功
ZRTC20260424025,1-7Z1TIM,QC@73071075,12508822,HLB-157a5e23-570e-11f0-8cdb-0c42a112278c,1000.0,-400.26,0,60245992,,920835973,2026-04-26,12:21:30,销售订单0060245992创建成功开票：0920835973,S,1,成功
ZRTC20260424025,1-7Z1TIM,QC@73071076,12508822,HLB-15593b89-570e-11f0-8cdb-0c42a112278c,1000.0,-400.26,0,60245992,,920835973,2026-04-26,12:21:30,销售订单0060245992创建成功开票：0920835973,S,1,成功
ZRTC20260424025,1-7Z1TIM,QC@73282033,12508818,HLB-14f16fd2-570e-11f0-8cdb-0c42a112278c,1000.0,-400.26,0,60245992,,920835973,2026-04-26,12:21:30,销售订单0060245992创建成功开票：0920835973,S,1,成功
ZRTC20260424025,1-7Z1TIM,QC@73282034,12508818,HLB-14f16f79-570e-11f0-8cdb-0c42a112278c,1000.0,-400.26,0,60245992,,920835973,2026-04-26,12:21:30,销售订单0060245992创建成功开票：0920835973,S,1,成功
ZRTC20260424025,1-7Z1TIM,QC@73282037,12508818,HLB-14f16f09-570e-11f0-8cdb-0c42a112278c,1000.0,-400.26,0,60245992,,920835973,2026-04-26,12:21:30,销售订单0060245992创建成功开票：0920835973,S,1,成功
ZRTC20260424025,1-7Z1TIM,QC@73282039,12508818,HLB-14f16f40-570e-11f0-8cdb-0c42a112278c,1000.0,-400.26,0,60245992,,920835973,2026-04-26,12:21:30,销售订单0060245992创建成功开票：0920835973,S,1,成功
ZRTC20260424025,1-7Z1TIM,QC@73282040,12508818,HLB-14f16f60-570e-11f0-8cdb-0c42a112278c,1000.0,-400.26,0,60245992,,920835973,2026-04-26,12:21:30,销售订单0060245992创建成功开票：0920835973,S,1,成功
ZRTC20260424025,1-7Z1TIM,QC@73282042,12508818,HLB-14f16f98-570e-11f0-8cdb-0c42a112278c,1000.0,-400.26,0,60245992,,920835973,2026-04-26,12:21:30,销售订单0060245992创建成功开票：0920835973,S,1,成功
ZRTC20260424025,1-7Z1TIM,QC@73282044,12508818,HLB-14f16ff3-570e-11f0-8cdb-0c42a112278c,1000.0,-400.26,0,60245992,,920835973,2026-04-26,12:21:30,销售订单0060245992创建成功开票：0920835973,S,1,成功
ZRTC20260424025,1-7Z1TIM,QC@73282046,12508818,HLB-14f16eb9-570e-11f0-8cdb-0c42a112278c,1000.0,-400.26,0,60245992,,920835973,2026-04-26,12:21:30,销售订单0060245992创建成功开票：0920835973,S,1,成功
ZRTC20260424025,1-7Z1TIM,QC@73282048,12508818,HLB-14f16f23-570e-11f0-8cdb-0c42a112278c,1000.0,-400.26,0,60245992,,920835973,2026-04-26,12:21:30,销售订单0060245992创建成功开票：0920835973,S,1,成功
ZRTC20260424025,1-7Z1TIM,QC@73282050,12508818,HLB-14f16fb5-570e-11f0-8cdb-0c42a112278c,1000.0,-400.26,0,60245992,,920835973,2026-04-26,12:21:30,销售订单0060245992创建成功开票：0920835973,S,1,成功
ZRTC20260424025,1-7Z1TIM,QC@73315935,12375042,HLB-0dc872d4-4f18-11f0-8cdb-0c42a112278c,1000.0,-400.26,0,60245992,,920835973,2026-04-26,12:21:30,销售订单0060245992创建成功开票：0920835973,S,1,成功
ZRTC20260424025,1-7Z1TIM,QC@73315936,12375042,HLB-0dc872bd-4f18-11f0-8cdb-0c42a112278c,1000.0,-400.26,0,60245992,,920835973,2026-04-26,12:21:30,销售订单0060245992创建成功开票：0920835973,S,1,成功
ZRTC20260424025,1-7Z1TIM,QC@73315937,12375042,HLB-0dc871b7-4f18-11f0-8cdb-0c42a112278c,1000.0,-400.26,0,60245992,,920835973,2026-04-26,12:21:30,销售订单0060245992创建成功开票：0920835973,S,1,成功
ZRTC20260424025,1-7Z1TIM,QC@73315938,12375042,HLB-0dc871fd-4f18-11f0-8cdb-0c42a112278c,1000.0,-400.26,0,60245992,,920835973,2026-04-26,12:21:30,销售订单0060245992创建成功开票：0920835973,S,1,成功
ZRTC20260424025,1-7Z1TIM,QC@73315939,12375042,HLB-0dc8717a-4f18-11f0-8cdb-0c42a112278c,1000.0,-400.26,0,60245992,,920835973,2026-04-26,12:21:30,销售订单0060245992创建成功开票：0920835973,S,1,成功
ZRTC20260424025,1-7Z1TIM,QC@73315940,12375042,HLB-0da02ac5-4f18-11f0-8cdb-0c42a112278c,1000.0,-400.26,0,60245992,,920835973,2026-04-26,12:21:30,销售订单0060245992创建成功开票：0920835973,S,1,成功
ZRTC20260424025,1-7Z1TIM,QC@73315941,12375042,HLB-0dc8730a-4f18-11f0-8cdb-0c42a112278c,1000.0,-400.26,0,60245992,,920835973,2026-04-26,12:21:30,销售订单0060245992创建成功开票：0920835973,S,1,成功
ZRTC20260424025,1-7Z1TIM,QC@73315942,12375042,HLB-0da02add-4f18-11f0-8cdb-0c42a112278c,1000.0,-400.26,0,60245992,,920835973,2026-04-26,12:21:30,销售订单0060245992创建成功开票：0920835973,S,1,成功
ZRTC20260424025,1-7Z1TIM,QC@73315943,12375042,HLB-0dc87274-4f18-11f0-8cdb-0c42a112278c,1000.0,-400.26,0,60245992,,920835973,2026-04-26,12:21:30,销售订单0060245992创建成功开票：0920835973,S,1,成功
ZRTC20260424025,1-7Z1TIM,QC@73315944,12375042,HLB-0da02af0-4f18-11f0-8cdb-0c42a112278c,1000.0,-400.26,0,60245992,,920835973,2026-04-26,12:21:30,销售订单0060245992创建成功开票：0920835973,S,1,成功
ZRTC20260424025,1-7Z1TIM,QC@73315945,12375042,HLB-0da02b03-4f18-11f0-8cdb-0c42a112278c,1000.0,-400.26,0,60245992,,920835973,2026-04-26,12:21:30,销售订单0060245992创建成功开票：0920835973,S,1,成功
ZRTC20260424025,1-7Z1TIM,QC@73315946,12375042,HLB-0dc873b5-4f18-11f0-8cdb-0c42a112278c,1000.0,-400.26,0,60245992,,920835973,2026-04-26,12:21:30,销售订单0060245992创建成功开票：0920835973,S,1,成功
ZRTC20260424025,1-7Z1TIM,QC@73315947,12375042,HLB-0dc8733d-4f18-11f0-8cdb-0c42a112278c,1000.0,-400.26,0,60245992,,920835973,2026-04-26,12:21:30,销售订单0060245992创建成功开票：0920835973,S,1,成功
ZRTC20260424025,1-7Z1TIM,QC@73315948,12375042,HLB-0dc8719b-4f18-11f0-8cdb-0c42a112278c,1000.0,-400.26,0,60245992,,920835973,2026-04-26,12:21:30,销售订单0060245992创建成功开票：0920835973,S,1,成功
ZRTC20260424025,1-7Z1TIM,QC@73315949,12375042,HLB-0dc8721c-4f18-11f0-8cdb-0c42a112278c,1000.0,-400.26,0,60245992,,920835973,2026-04-26,12:21:30,销售订单0060245992创建成功开票：0920835973,S,1,成功
ZRTC20260424025,1-7Z1TIM,QC@73315950,12375042,HLB-0dc87161-4f18-11f0-8cdb-0c42a112278c,1000.0,-400.26,0,60245992,,920835973,2026-04-26,12:21:30,销售订单0060245992创建成功开票：0920835973,S,1,成功
ZRTC20260424025,1-7Z1TIM,QC@73315951,12375042,HLB-0da02a88-4f18-11f0-8cdb-0c42a112278c,1000.0,-400.26,0,60245992,,920835973,2026-04-26,12:21:30,销售订单0060245992创建成功开票：0920835973,S,1,成功
ZRTC20260424025,1-7Z1TIM,QC@73315952,12375042,HLB-0dc87126-4f18-11f0-8cdb-0c42a112278c,1000.0,-400.26,0,60245992,,920835973,2026-04-26,12:21:30,销售订单0060245992创建成功开票：0920835973,S,1,成功
ZRTC20260424025,1-7Z1TIM,QC@73315953,12375042,HLB-0dc87358-4f18-11f0-8cdb-0c42a112278c,1000.0,-400.26,0,60245992,,920835973,2026-04-26,12:21:30,销售订单0060245992创建成功开票：0920835973,S,1,成功
ZRTC20260424025,1-7Z1TIM,QC@73315954,12375042,HLB-0dc871d0-4f18-11f0-8cdb-0c42a112278c,1000.0,-400.26,0,60245992,,920835973,2026-04-26,12:21:30,销售订单0060245992创建成功开票：0920835973,S,1,成功
ZRTC20260424025,1-7Z1TIM,QC@73315955,12375042,HLB-0dc871e6-4f18-11f0-8cdb-0c42a112278c,1000.0,-400.26,0,60245992,,920835973,2026-04-26,12:21:30,销售订单0060245992创建成功开票：0920835973,S,1,成功
ZRTC20260424025,1-7Z1TIM,QC@73315956,12375042,HLB-0dc872a5-4f18-11f0-8cdb-0c42a112278c,1000.0,-400.26,0,60245992,,920835973,2026-04-26,12:21:30,销售订单0060245992创建成功开票：0920835973,S,1,成功
ZRTC20260424025,1-7Z1TIM,QC@73315957,12375042,HLB-0dc872ef-4f18-11f0-8cdb-0c42a112278c,1000.0,-400.26,0,60245992,,920835973,2026-04-26,12:21:30,销售订单0060245992创建成功开票：0920835973,S,1,成功
ZRTC20260424025,1-7Z1TIM,QC@73315958,12375042,HLB-0dc870d7-4f18-11f0-8cdb-0c42a112278c,1000.0,-400.26,0,60245992,,920835973,2026-04-26,12:21:30,销售订单0060245992创建成功开票：0920835973,S,1,成功
ZRTC20260424025,1-7Z1TIM,QC@73315959,12375042,HLB-0da02a4b-4f18-11f0-8cdb-0c42a112278c,1000.0,-400.26,0,60245992,,920835973,2026-04-26,12:21:30,销售订单0060245992创建成功开票：0920835973,S,1,成功
ZRTC20260424025,1-7Z1TIM,QC@73315960,12375042,HLB-0da02a60-4f18-11f0-8cdb-0c42a112278c,1000.0,-400.26,0,60245992,,920835973,2026-04-26,12:21:30,销售订单0060245992创建成功开票：0920835973,S,1,成功
ZRTC20260424025,1-7Z1TIM,QC@73315961,12375042,HLB-0dc8731f-4f18-11f0-8cdb-0c42a112278c,1000.0,-400.26,0,60245992,,920835973,2026-04-26,12:21:30,销售订单0060245992创建成功开票：0920835973,S,1,成功
ZRTC20260424025,1-7Z1TIM,QC@73315962,12375042,HLB-0dc873c9-4f18-11f0-8cdb-0c42a112278c,1000.0,-400.26,0,60245992,,920835973,2026-04-26,12:21:30,销售订单0060245992创建成功开票：0920835973,S,1,成功
ZRTC20260424025,1-7Z1TIM,QC@73315963,12375042,HLB-0dc87257-4f18-11f0-8cdb-0c42a112278c,1000.0,-400.26,0,60245992,,920835973,2026-04-26,12:21:30,销售订单0060245992创建成功开票：0920835973,S,1,成功
ZRTC20260424025,1-7Z1TIM,QC@73315964,12375042,HLB-0da02a73-4f18-11f0-8cdb-0c42a112278c,1000.0,-400.26,0,60245992,,920835973,2026-04-26,12:21:30,销售订单0060245992创建成功开票：0920835973,S,1,成功
ZRTC20260424025,1-7Z1TIM,QC@73315965,12375042,HLB-0da02a9c-4f18-11f0-8cdb-0c42a112278c,1000.0,-400.26,0,60245992,,920835973,2026-04-26,12:21:30,销售订单0060245992创建成功开票：0920835973,S,1,成功
ZRTC20260424025,1-7Z1TIM,QC@73315966,12375042,HLB-0dc87370-4f18-11f0-8cdb-0c42a112278c,1000.0,-400.26,0,60245992,,920835973,2026-04-26,12:21:30,销售订单0060245992创建成功开票：0920835973,S,1,成功
ZRTC20260424025,1-7Z1TIM,QC@73315967,12375042,HLB-0da02ab1-4f18-11f0-8cdb-0c42a112278c,1000.0,-400.26,0,60245992,,920835973,2026-04-26,12:21:30,销售订单0060245992创建成功开票：0920835973,S,1,成功
ZRTC20260424025,1-7Z1TIM,QC@73315968,12375042,HLB-0dc87239-4f18-11f0-8cdb-0c42a112278c,1000.0,-400.26,0,60245992,,920835973,2026-04-26,12:21:30,销售订单0060245992创建成功开票：0920835973,S,1,成功
ZRTC20260424025,1-7Z1TIM,QC@73315969,12375042,HLB-0dc87386-4f18-11f0-8cdb-0c42a112278c,1000.0,-400.26,0,60245992,,920835973,2026-04-26,12:21:30,销售订单0060245992创建成功开票：0920835973,S,1,成功
ZRTC20260424025,1-7Z1TIM,QC@73931021,12375044,HLB-0dead03a-4f18-11f0-8cdb-0c42a112278c,1000.0,-400.26,0,60245992,,920835973,2026-04-26,12:21:30,销售订单0060245992创建成功开票：0920835973,S,1,成功
ZRTC20260424025,1-7Z1TIM,QC@73931022,12375044,HLB-0deacff5-4f18-11f0-8cdb-0c42a112278c,1000.0,-400.26,0,60245992,,920835973,2026-04-26,12:21:30,销售订单0060245992创建成功开票：0920835973,S,1,成功
ZRTC20260424025,1-7Z1TIM,QC@73931023,12375044,HLB-0dead062-4f18-11f0-8cdb-0c42a112278c,1000.0,-400.26,0,60245992,,920835973,2026-04-26,12:21:30,销售订单0060245992创建成功开票：0920835973,S,1,成功
ZRTC20260424025,1-7Z1TIM,QC@73931024,12375044,HLB-0deacf97-4f18-11f0-8cdb-0c42a112278c,1000.0,-400.26,0,60245992,,920835973,2026-04-26,12:21:30,销售订单0060245992创建成功开票：0920835973,S,1,成功
ZRTC20260424025,1-7Z1TIM,QC@73931025,12375044,HLB-0deacef5-4f18-11f0-8cdb-0c42a112278c,1000.0,-400.26,0,60245992,,920835973,2026-04-26,12:21:30,销售订单0060245992创建成功开票：0920835973,S,1,成功
ZRTC20260424025,1-7Z1TIM,QC@73931026,12375044,HLB-0deacfb0-4f18-11f0-8cdb-0c42a112278c,1000.0,-400.26,0,60245992,,920835973,2026-04-26,12:21:30,销售订单0060245992创建成功开票：0920835973,S,1,成功
ZRTC20260424025,1-7Z1TIM,QC@73931027,12375044,HLB-0dead00b-4f18-11f0-8cdb-0c42a112278c,1000.0,-400.26,0,60245992,,920835973,2026-04-26,12:21:30,销售订单0060245992创建成功开票：0920835973,S,1,成功
ZRTC20260424025,1-7Z1TIM,QC@73931028,12375044,HLB-0dead024-4f18-11f0-8cdb-0c42a112278c,1000.0,-400.26,0,60245992,,920835973,2026-04-26,12:21:30,销售订单0060245992创建成功开票：0920835973,S,1,成功
ZRTC20260424025,1-7Z1TIM,QC@73931029,12375044,HLB-0deacfc7-4f18-11f0-8cdb-0c42a112278c,1000.0,-400.26,0,60245992,,920835973,2026-04-26,12:21:30,销售订单0060245992创建成功开票：0920835973,S,1,成功
ZRTC20260424025,1-7Z1TIM,QC@73931030,12375044,HLB-0dead04e-4f18-11f0-8cdb-0c42a112278c,1000.0,-400.26,0,60245992,,920835973,2026-04-26,12:21:30,销售订单0060245992创建成功开票：0920835973,S,1,成功
ZRTC20260424025,1-7Z1TIM,QC@73931031,12375044,HLB-0deacfdf-4f18-11f0-8cdb-0c42a112278c,1000.0,-400.26,0,60245992,,920835973,2026-04-26,12:21:30,销售订单0060245992创建成功开票：0920835973,S,1,成功
ZRTC20260424025,1-7Z1TIM,QC@73931033,12375044,HLB-0deacf0e-4f18-11f0-8cdb-0c42a112278c,1000.0,-400.26,0,60245992,,920835973,2026-04-26,12:21:30,销售订单0060245992创建成功开票：0920835973,S,1,成功
ZRTC20260424025,1-7Z1TIM,QC@73931034,12375044,HLB-0deacf7b-4f18-11f0-8cdb-0c42a112278c,1000.0,-400.26,0,60245992,,920835973,2026-04-26,12:21:30,销售订单0060245992创建成功开票：0920835973,S,1,成功
ZRTC20260424025,1-7Z1TIM,QC@73931035,12375044,HLB-0deacf32-4f18-11f0-8cdb-0c42a112278c,1000.0,-400.26,0,60245992,,920835973,2026-04-26,12:21:30,销售订单0060245992创建成功开票：0920835973,S,1,成功
ZRTC20260424025,1-7Z1TIM,QC@73999208,12402386,HLB-635c0462-50be-11f0-8cdb-0c42a112278c,1000.0,-400.26,0,60245992,,920835973,2026-04-26,12:21:30,销售订单0060245992创建成功开票：0920835973,S,1,成功
ZRTC20260424025,1-7Z1TIM,QC@73999209,12402386,HLB-635c04a1-50be-11f0-8cdb-0c42a112278c,1000.0,-400.26,0,60245992,,920835973,2026-04-26,12:21:30,销售订单0060245992创建成功开票：0920835973,S,1,成功
ZRTC20260424025,1-7Z1TIM,QC@73999210,12402386,HLB-635c0478-50be-11f0-8cdb-0c42a112278c,1000.0,-400.26,0,60245992,,920835973,2026-04-26,12:21:30,销售订单0060245992创建成功开票：0920835973,S,1,成功
ZRTC20260424025,1-7Z1TIM,QC@73999211,12402386,HLB-635c048b-50be-11f0-8cdb-0c42a112278c,1000.0,-400.26,0,60245992,,920835973,2026-04-26,12:21:30,销售订单0060245992创建成功开票：0920835973,S,1,成功
ZRTC20260424025,1-7Z1TIM,QC@73999212,12402386,HLB-635c04b4-50be-11f0-8cdb-0c42a112278c,1000.0,-400.26,0,60245992,,920835973,2026-04-26,12:21:30,销售订单0060245992创建成功开票：0920835973,S,1,成功
ZRTC20260424025,1-7Z1TIM,QC@73999213,12402386,HLB-635c043d-50be-11f0-8cdb-0c42a112278c,1000.0,-400.26,0,60245992,,920835973,2026-04-26,12:21:30,销售订单0060245992创建成功开票：0920835973,S,1,成功
ZRTC20260424025,1-7Z1TIM,QC@73999214,12402386,HLB-635c0413-50be-11f0-8cdb-0c42a112278c,1000.0,-400.26,0,60245992,,920835973,2026-04-26,12:21:30,销售订单0060245992创建成功开票：0920835973,S,1,成功
ZRTC20260424025,1-7Z1TIM,QC@73999215,12402386,HLB-635c03fd-50be-11f0-8cdb-0c42a112278c,1000.0,-400.26,0,60245992,,920835973,2026-04-26,12:21:30,销售订单0060245992创建成功开票：0920835973,S,1,成功
ZRTC20260424025,1-7Z1TIM,QC@73999216,12402386,HLB-635c044f-50be-11f0-8cdb-0c42a112278c,1000.0,-400.26,0,60245992,,920835973,2026-04-26,12:21:30,销售订单0060245992创建成功开票：0920835973,S,1,成功
ZRTC20260424025,1-7Z1TIM,QC@73999217,12402386,HLB-635c0427-50be-11f0-8cdb-0c42a112278c,1000.0,-400.26,0,60245992,,920835973,2026-04-26,12:21:30,销售订单0060245992创建成功开票：0920835973,S,1,成功
ZRTC20260424025,1-7Z1TIM,QC@74863250,12508819,HLB-14f17159-570e-11f0-8cdb-0c42a112278c,1000.0,-400.26,0,60245992,,920835973,2026-04-26,12:21:30,销售订单0060245992创建成功开票：0920835973,S,1,成功
ZRTC20260424025,1-7Z1TIM,QC@74863253,12508819,HLB-14f1727c-570e-11f0-8cdb-0c42a112278c,1000.0,-400.26,0,60245992,,920835973,2026-04-26,12:21:30,销售订单0060245992创建成功开票：0920835973,S,1,成功
ZRTC20260424025,1-7Z1TIM,QC@74863255,12508819,HLB-14f17213-570e-11f0-8cdb-0c42a112278c,1000.0,-400.26,0,60245992,,920835973,2026-04-26,12:21:30,销售订单0060245992创建成功开票：0920835973,S,1,成功
ZRTC20260424025,1-7Z1TIM,QC@74863257,12508819,HLB-14f171f8-570e-11f0-8cdb-0c42a112278c,1000.0,-400.26,0,60245992,,920835973,2026-04-26,12:21:30,销售订单0060245992创建成功开票：0920835973,S,1,成功
ZRTC20260424025,1-7Z1TIM,QC@74863258,12508819,HLB-14f171b2-570e-11f0-8cdb-0c42a112278c,1000.0,-400.26,0,60245992,,920835973,2026-04-26,12:21:30,销售订单0060245992创建成功开票：0920835973,S,1,成功
ZRTC20260424025,1-7Z1TIM,QC@74863259,12508819,HLB-14f1716f-570e-11f0-8cdb-0c42a112278c,1000.0,-400.26,0,60245992,,920835973,2026-04-26,12:21:30,销售订单0060245992创建成功开票：0920835973,S,1,成功
ZRTC20260424025,1-7Z1TIM,QC@74863260,12508819,HLB-14f1712a-570e-11f0-8cdb-0c42a112278c,1000.0,-400.26,0,60245992,,920835973,2026-04-26,12:21:30,销售订单0060245992创建成功开票：0920835973,S,1,成功
ZRTC20260424025,1-7Z1TIM,QC@74863261,12508819,HLB-14f172b8-570e-11f0-8cdb-0c42a112278c,1000.0,-400.26,0,60245992,,920835973,2026-04-26,12:21:30,销售订单0060245992创建成功开票：0920835973,S,1,成功
ZRTC20260424025,1-7Z1TIM,QC@74863264,12508819,HLB-14f172cc-570e-11f0-8cdb-0c42a112278c,1000.0,-400.26,0,60245992,,920835973,2026-04-26,12:21:30,销售订单0060245992创建成功开票：0920835973,S,1,成功
ZRTC20260424025,1-7Z1TIM,QC@74863265,12508819,HLB-14f17267-570e-11f0-8cdb-0c42a112278c,1000.0,-400.26,0,60245992,,920835973,2026-04-26,12:21:30,销售订单0060245992创建成功开票：0920835973,S,1,成功
ZRTC20260424025,1-7Z1TIM,QC@74863267,12508819,HLB-14f1719a-570e-11f0-8cdb-0c42a112278c,1000.0,-400.26,0,60245992,,920835973,2026-04-26,12:21:30,销售订单0060245992创建成功开票：0920835973,S,1,成功
ZRTC20260424025,1-7Z1TIM,QC@74863269,12508819,HLB-14f171e2-570e-11f0-8cdb-0c42a112278c,1000.0,-400.26,0,60245992,,920835973,2026-04-26,12:21:30,销售订单0060245992创建成功开票：0920835973,S,1,成功
ZRTC20260424025,1-7Z1TIM,QC@74863270,12508819,HLB-14f17290-570e-11f0-8cdb-0c42a112278c,1000.0,-400.26,0,60245992,,920835973,2026-04-26,12:21:30,销售订单0060245992创建成功开票：0920835973,S,1,成功
ZRTC20260424025,1-7Z1TIM,QC@74863275,12508819,HLB-14f17144-570e-11f0-8cdb-0c42a112278c,1000.0,-400.26,0,60245992,,920835973,2026-04-26,12:21:30,销售订单0060245992创建成功开票：0920835973,S,1,成功
ZRTC20260424025,1-7Z1TIM,QC@74863277,12508819,HLB-14f17251-570e-11f0-8cdb-0c42a112278c,1000.0,-400.26,0,60245992,,920835973,2026-04-26,12:21:30,销售订单0060245992创建成功开票：0920835973,S,1,成功
ZRTC20260424025,1-7Z1TIM,QC@74863281,12508819,HLB-14f172a3-570e-11f0-8cdb-0c42a112278c,1000.0,-400.26,0,60245992,,920835973,2026-04-26,12:21:30,销售订单0060245992创建成功开票：0920835973,S,1,成功
ZRTC20260424025,1-7Z1TIM,QC@74863283,12508819,HLB-14f17183-570e-11f0-8cdb-0c42a112278c,1000.0,-400.26,0,60245992,,920835973,2026-04-26,12:21:30,销售订单0060245992创建成功开票：0920835973,S,1,成功
ZRTC20260424025,1-7Z1TIM,QC@74863284,12508819,HLB-14f17114-570e-11f0-8cdb-0c42a112278c,1000.0,-400.26,0,60245992,,920835973,2026-04-26,12:21:30,销售订单0060245992创建成功开票：0920835973,S,1,成功
ZRTC20260424025,1-7Z1TIM,QC@74863286,12508819,HLB-14f1723d-570e-11f0-8cdb-0c42a112278c,1000.0,-400.26,0,60245992,,920835973,2026-04-26,12:21:30,销售订单0060245992创建成功开票：0920835973,S,1,成功
ZRTC20260424025,1-7Z1TIM,QC@74863288,12508819,HLB-14f1722a-570e-11f0-8cdb-0c42a112278c,1000.0,-400.26,0,60245992,,920835973,2026-04-26,12:21:30,销售订单0060245992创建成功开票：0920835973,S,1,成功
ZRTC20260424025,1-7Z1TIM,QC@75351307,12508835,HLB-16ca6513-570e-11f0-8cdb-0c42a112278c,1000.0,-400.26,0,60245992,,920835973,2026-04-26,12:21:30,销售订单0060245992创建成功开票：0920835973,S,1,成功
ZRTC20260424025,1-7Z1TIM,QC@75351308,12508835,HLB-16ca66b2-570e-11f0-8cdb-0c42a112278c,1000.0,-400.26,0,60245992,,920835973,2026-04-26,12:21:30,销售订单0060245992创建成功开票：0920835973,S,1,成功
ZRTC20260424025,1-7Z1TIM,QC@75351310,12508835,HLB-16ca669e-570e-11f0-8cdb-0c42a112278c,1000.0,-400.26,0,60245992,,920835973,2026-04-26,12:21:30,销售订单0060245992创建成功开票：0920835973,S,1,成功
ZRTC20260424025,1-7Z1TIM,QC@75351312,12508835,HLB-16ca6580-570e-11f0-8cdb-0c42a112278c,1000.0,-400.26,0,60245992,,920835973,2026-04-26,12:21:30,销售订单0060245992创建成功开票：0920835973,S,1,成功
ZRTC20260424025,1-7Z1TIM,QC@75351314,12508835,HLB-16ca65f5-570e-11f0-8cdb-0c42a112278c,1000.0,-400.26,0,60245992,,920835973,2026-04-26,12:21:30,销售订单0060245992创建成功开票：0920835973,S,1,成功
ZRTC20260424025,1-7Z1TIM,QC@75351316,12508835,HLB-16ca65db-570e-11f0-8cdb-0c42a112278c,1000.0,-400.26,0,60245992,,920835973,2026-04-26,12:21:30,销售订单0060245992创建成功开票：0920835973,S,1,成功
ZRTC20260424025,1-7Z1TIM,QC@75351317,12508835,HLB-16ca664b-570e-11f0-8cdb-0c42a112278c,1000.0,-400.26,0,60245992,,920835973,2026-04-26,12:21:30,销售订单0060245992创建成功开票：0920835973,S,1,成功
ZRTC20260424025,1-7Z1TIM,QC@75351320,12508835,HLB-16ca6558-570e-11f0-8cdb-0c42a112278c,1000.0,-400.26,0,60245992,,920835973,2026-04-26,12:21:30,销售订单0060245992创建成功开票：0920835973,S,1,成功
ZRTC20260424025,1-7Z1TIM,QC@75351322,12508835,HLB-16ca656b-570e-11f0-8cdb-0c42a112278c,1000.0,-400.26,0,60245992,,920835973,2026-04-26,12:21:30,销售订单0060245992创建成功开票：0920835973,S,1,成功
ZRTC20260424025,1-7Z1TIM,QC@75351323,12508835,HLB-16ca6663-570e-11f0-8cdb-0c42a112278c,1000.0,-400.26,0,60245992,,920835973,2026-04-26,12:21:30,销售订单0060245992创建成功开票：0920835973,S,1,成功
ZRTC20260424025,1-7Z1TIM,QC@75351324,12508835,HLB-16ca6633-570e-11f0-8cdb-0c42a112278c,1000.0,-400.26,0,60245992,,920835973,2026-04-26,12:21:30,销售订单0060245992创建成功开票：0920835973,S,1,成功
ZRTC20260424025,1-7Z1TIM,QC@75351325,12508835,HLB-16ca668a-570e-11f0-8cdb-0c42a112278c,1000.0,-400.26,0,60245992,,920835973,2026-04-26,12:21:30,销售订单0060245992创建成功开票：0920835973,S,1,成功
ZRTC20260424025,1-7Z1TIM,QC@75351328,12508835,HLB-16ca6609-570e-11f0-8cdb-0c42a112278c,1000.0,-400.26,0,60245992,,920835973,2026-04-26,12:21:30,销售订单0060245992创建成功开票：0920835973,S,1,成功
ZRTC20260424025,1-7Z1TIM,QC@75351331,12508835,HLB-16ca6676-570e-11f0-8cdb-0c42a112278c,1000.0,-400.26,0,60245992,,920835973,2026-04-26,12:21:30,销售订单0060245992创建成功开票：0920835973,S,1,成功
ZRTC20260424025,1-7Z1TIM,QC@75351332,12508835,HLB-16ca64f9-570e-11f0-8cdb-0c42a112278c,1000.0,-400.26,0,60245992,,920835973,2026-04-26,12:21:30,销售订单0060245992创建成功开票：0920835973,S,1,成功
ZRTC20260424025,1-7Z1TIM,QC@75351334,12508835,HLB-16ca64e4-570e-11f0-8cdb-0c42a112278c,1000.0,-400.26,0,60245992,,920835973,2026-04-26,12:21:30,销售订单0060245992创建成功开票：0920835973,S,1,成功
ZRTC20260424025,1-7Z1TIM,QC@75351335,12508835,HLB-16ca661c-570e-11f0-8cdb-0c42a112278c,1000.0,-400.26,0,60245992,,920835973,2026-04-26,12:21:30,销售订单0060245992创建成功开票：0920835973,S,1,成功
ZRTC20260424025,1-7Z1TIM,QC@75351337,12508835,HLB-16ca65c4-570e-11f0-8cdb-0c42a112278c,1000.0,-400.26,0,60245992,,920835973,2026-04-26,12:21:30,销售订单0060245992创建成功开票：0920835973,S,1,成功
ZRTC20260424025,1-7Z1TIM,QC@75351341,12508835,HLB-16ca65ae-570e-11f0-8cdb-0c42a112278c,1000.0,-400.26,0,60245992,,920835973,2026-04-26,12:21:30,销售订单0060245992创建成功开票：0920835973,S,1,成功
ZRTC20260424025,1-7Z1TIM,QC@75351345,12508835,HLB-16ca6596-570e-11f0-8cdb-0c42a112278c,1000.0,-400.26,0,60245992,,920835973,2026-04-26,12:21:30,销售订单0060245992创建成功开票：0920835973,S,1,成功
ZRTC20260424025,1-7Z1TIM,QC@76134683,12516721,HLB-29d29ec0-5880-11f0-8cdb-0c42a112278c,1000.0,-400.26,0,60245992,,920835973,2026-04-26,12:21:30,销售订单0060245992创建成功开票：0920835973,S,1,成功
ZRTC20260424025,1-7Z1TIM,QC@76134684,12516721,HLB-29d29d41-5880-11f0-8cdb-0c42a112278c,1000.0,-400.26,0,60245992,,920835973,2026-04-26,12:21:30,销售订单0060245992创建成功开票：0920835973,S,1,成功
ZRTC20260424025,1-7Z1TIM,QC@76134685,12516721,HLB-29d29e6f-5880-11f0-8cdb-0c42a112278c,1000.0,-400.26,0,60245992,,920835973,2026-04-26,12:21:30,销售订单0060245992创建成功开票：0920835973,S,1,成功
ZRTC20260424025,1-7Z1TIM,QC@76134686,12516721,HLB-29d29ee8-5880-11f0-8cdb-0c42a112278c,1000.0,-400.26,0,60245992,,920835973,2026-04-26,12:21:30,销售订单0060245992创建成功开票：0920835973,S,1,成功
ZRTC20260424025,1-7Z1TIM,QC@76134688,12516721,HLB-29d29cea-5880-11f0-8cdb-0c42a112278c,1000.0,-400.26,0,60245992,,920835973,2026-04-26,12:21:30,销售订单0060245992创建成功开票：0920835973,S,1,成功
ZRTC20260424025,1-7Z1TIM,QC@76134690,12516721,HLB-29d29f11-5880-11f0-8cdb-0c42a112278c,1000.0,-400.26,0,60245992,,920835973,2026-04-26,12:21:30,销售订单0060245992创建成功开票：0920835973,S,1,成功
ZRTC20260424025,1-7Z1TIM,QC@76134691,12516721,HLB-29d29d6a-5880-11f0-8cdb-0c42a112278c,1000.0,-400.26,0,60245992,,920835973,2026-04-26,12:21:30,销售订单0060245992创建成功开票：0920835973,S,1,成功
ZRTC20260424025,1-7Z1TIM,QC@76134695,12516721,HLB-29d29fd9-5880-11f0-8cdb-0c42a112278c,1000.0,-400.26,0,60245992,,920835973,2026-04-26,12:21:30,销售订单0060245992创建成功开票：0920835973,S,1,成功
ZRTC20260424025,1-7Z1TIM,QC@76134697,12516721,HLB-29d29f5f-5880-11f0-8cdb-0c42a112278c,1000.0,-400.26,0,60245992,,920835973,2026-04-26,12:21:30,销售订单0060245992创建成功开票：0920835973,S,1,成功
ZRTC20260424025,1-7Z1TIM,QC@76134698,12516721,HLB-29d29d16-5880-11f0-8cdb-0c42a112278c,1000.0,-400.26,0,60245992,,920835973,2026-04-26,12:21:30,销售订单0060245992创建成功开票：0920835973,S,1,成功
ZRTC20260424025,1-7Z1TIM,QC@76134700,12516721,HLB-29d29df2-5880-11f0-8cdb-0c42a112278c,1000.0,-400.26,0,60245992,,920835973,2026-04-26,12:21:30,销售订单0060245992创建成功开票：0920835973,S,1,成功
ZRTC20260424025,1-7Z1TIM,QC@76134702,12516721,HLB-29d29fb0-5880-11f0-8cdb-0c42a112278c,1000.0,-400.26,0,60245992,,920835973,2026-04-26,12:21:30,销售订单0060245992创建成功开票：0920835973,S,1,成功
ZRTC20260424025,1-7Z1TIM,QC@76134703,12516721,HLB-29d29dc8-5880-11f0-8cdb-0c42a112278c,1000.0,-400.26,0,60245992,,920835973,2026-04-26,12:21:30,销售订单0060245992创建成功开票：0920835973,S,1,成功
ZRTC20260424025,1-7Z1TIM,QC@76134704,12516721,HLB-29d29f37-5880-11f0-8cdb-0c42a112278c,1000.0,-400.26,0,60245992,,920835973,2026-04-26,12:21:30,销售订单0060245992创建成功开票：0920835973,S,1,成功
ZRTC20260424025,1-7Z1TIM,QC@76134711,12516721,HLB-29d29e97-5880-11f0-8cdb-0c42a112278c,1000.0,-400.26,0,60245992,,920835973,2026-04-26,12:21:30,销售订单0060245992创建成功开票：0920835973,S,1,成功
ZRTC20260424025,1-7Z1TIM,QC@76134716,12516721,HLB-29d29f89-5880-11f0-8cdb-0c42a112278c,1000.0,-400.26,0,60245992,,920835973,2026-04-26,12:21:30,销售订单0060245992创建成功开票：0920835973,S,1,成功
ZRTC20260424025,1-7Z1TIM,QC@76134718,12516721,HLB-29d29d9c-5880-11f0-8cdb-0c42a112278c,1000.0,-400.26,0,60245992,,920835973,2026-04-26,12:21:30,销售订单0060245992创建成功开票：0920835973,S,1,成功
ZRTC20260424025,1-7Z1TIM,QC@76134719,12516721,HLB-29d29e1a-5880-11f0-8cdb-0c42a112278c,1000.0,-400.26,0,60245992,,920835973,2026-04-26,12:21:30,销售订单0060245992创建成功开票：0920835973,S,1,成功
ZRTC20260424025,1-7Z1TIM,QC@76134720,12516721,HLB-29d29e46-5880-11f0-8cdb-0c42a112278c,1000.0,-400.26,0,60245992,,920835973,2026-04-26,12:21:30,销售订单0060245992创建成功开票：0920835973,S,1,成功
ZRTC20260424025,1-7Z1TIM,QC@76134721,12516721,HLB-29d29cbf-5880-11f0-8cdb-0c42a112278c,1000.0,-400.26,0,60245992,,920835973,2026-04-26,12:21:30,销售订单0060245992创建成功开票：0920835973,S,1,成功
ZRTC20260424025,1-7Z1TIM,QC@76173332,12549578,HLB-316cff05-5d4a-11f0-8cdb-0c42a112278c,1000.0,-400.26,0,60245992,,920835973,2026-04-26,12:21:30,销售订单0060245992创建成功开票：0920835973,S,1,成功
ZRTC20260424025,1-7Z1TIM,QC@76173333,12549578,HLB-316cfdab-5d4a-11f0-8cdb-0c42a112278c,1000.0,-400.26,0,60245992,,920835973,2026-04-26,12:21:30,销售订单0060245992创建成功开票：0920835973,S,1,成功
ZRTC20260424025,1-7Z1TIM,QC@76173336,12549578,HLB-316cfd2d-5d4a-11f0-8cdb-0c42a112278c,1000.0,-400.26,0,60245992,,920835973,2026-04-26,12:21:30,销售订单0060245992创建成功开票：0920835973,S,1,成功
ZRTC20260424025,1-7Z1TIM,QC@76173339,12549578,HLB-316cfe66-5d4a-11f0-8cdb-0c42a112278c,1000.0,-400.26,0,60245992,,920835973,2026-04-26,12:21:30,销售订单0060245992创建成功开票：0920835973,S,1,成功
ZRTC20260424025,1-7Z1TIM,QC@76173343,12549578,HLB-316cfe3d-5d4a-11f0-8cdb-0c42a112278c,1000.0,-400.26,0,60245992,,920835973,2026-04-26,12:21:30,销售订单0060245992创建成功开票：0920835973,S,1,成功
ZRTC20260424025,1-7Z1TIM,QC@76173344,12549578,HLB-316cfde1-5d4a-11f0-8cdb-0c42a112278c,1000.0,-400.26,0,60245992,,920835973,2026-04-26,12:21:30,销售订单0060245992创建成功开票：0920835973,S,1,成功
ZRTC20260424025,1-7Z1TIM,QC@76173345,12549578,HLB-316cfeb7-5d4a-11f0-8cdb-0c42a112278c,1000.0,-400.26,0,60245992,,920835973,2026-04-26,12:21:30,销售订单0060245992创建成功开票：0920835973,S,1,成功
ZRTC20260424025,1-7Z1TIM,QC@76173346,12549578,HLB-316cfe8e-5d4a-11f0-8cdb-0c42a112278c,1000.0,-400.26,0,60245992,,920835973,2026-04-26,12:21:30,销售订单0060245992创建成功开票：0920835973,S,1,成功
ZRTC20260424025,1-7Z1TIM,QC@76173347,12549578,HLB-316cfe10-5d4a-11f0-8cdb-0c42a112278c,1000.0,-400.26,0,60245992,,920835973,2026-04-26,12:21:30,销售订单0060245992创建成功开票：0920835973,S,1,成功
ZRTC20260424025,1-7Z1TIM,QC@76173350,12549578,HLB-316cfede-5d4a-11f0-8cdb-0c42a112278c,1000.0,-400.26,0,60245992,,920835973,2026-04-26,12:21:30,销售订单0060245992创建成功开票：0920835973,S,1,成功
ZRTC20260424025,1-7Z1TIM,QC@76178405,12561327,HLB-52bb4fd0-5eeb-11f0-8cdb-0c42a112278c,1000.0,-400.26,0,60245992,,920835973,2026-04-26,12:21:30,销售订单0060245992创建成功开票：0920835973,S,1,成功
ZRTC20260424025,1-7Z1TIM,QC@76178407,12561327,HLB-52bb5036-5eeb-11f0-8cdb-0c42a112278c,1000.0,-400.26,0,60245992,,920835973,2026-04-26,12:21:30,销售订单0060245992创建成功开票：0920835973,S,1,成功
ZRTC20260424025,1-7Z1TIM,QC@76178408,12561327,HLB-52bb500a-5eeb-11f0-8cdb-0c42a112278c,1000.0,-400.26,0,60245992,,920835973,2026-04-26,12:21:30,销售订单0060245992创建成功开票：0920835973,S,1,成功
ZRTC20260424025,1-7Z1TIM,QC@76178409,12561327,HLB-52bb5084-5eeb-11f0-8cdb-0c42a112278c,1000.0,-400.26,0,60245992,,920835973,2026-04-26,12:21:30,销售订单0060245992创建成功开票：0920835973,S,1,成功
ZRTC20260424025,1-7Z1TIM,QC@76178410,12561327,HLB-52bb4f80-5eeb-11f0-8cdb-0c42a112278c,1000.0,-400.26,0,60245992,,920835973,2026-04-26,12:21:30,销售订单0060245992创建成功开票：0920835973,S,1,成功
ZRTC20260424025,1-7Z1TIM,QC@76178414,12561327,HLB-52bb50ae-5eeb-11f0-8cdb-0c42a112278c,1000.0,-400.26,0,60245992,,920835973,2026-04-26,12:21:30,销售订单0060245992创建成功开票：0920835973,S,1,成功
ZRTC20260424025,1-7Z1TIM,QC@76178416,12561327,HLB-52bb5060-5eeb-11f0-8cdb-0c42a112278c,1000.0,-400.26,0,60245992,,920835973,2026-04-26,12:21:30,销售订单0060245992创建成功开票：0920835973,S,1,成功
ZRTC20260424025,1-7Z1TIM,QC@76178418,12561327,HLB-52bb5022-5eeb-11f0-8cdb-0c42a112278c,1000.0,-400.26,0,60245992,,920835973,2026-04-26,12:21:30,销售订单0060245992创建成功开票：0920835973,S,1,成功
ZRTC20260424025,1-7Z1TIM,QC@76178419,12561327,HLB-52bb504b-5eeb-11f0-8cdb-0c42a112278c,1000.0,-400.26,0,60245992,,920835973,2026-04-26,12:21:30,销售订单0060245992创建成功开票：0920835973,S,1,成功
ZRTC20260424025,1-7Z1TIM,QC@76178422,12561327,HLB-52bb5099-5eeb-11f0-8cdb-0c42a112278c,1000.0,-400.26,0,60245992,,920835973,2026-04-26,12:21:30,销售订单0060245992创建成功开票：0920835973,S,1,成功
ZRTC20260424025,1-7Z1TIM,QC@76917290,12508661,HLB-2d48184d-570c-11f0-8cdb-0c42a112278c,1000.0,-400.26,0,60245992,,920835973,2026-04-26,12:21:30,销售订单0060245992创建成功开票：0920835973,S,1,成功
ZRTC20260424025,1-7Z1TIM,QC@77238459,12521725,HLB-9ae2b5b9-5949-11f0-8cdb-0c42a112278c,1000.0,-400.26,0,60245992,,920835973,2026-04-26,12:21:30,销售订单0060245992创建成功开票：0920835973,S,1,成功
ZRTC20260424025,1-7Z1TIM,QC@77238460,12521725,HLB-9ae2b5df-5949-11f0-8cdb-0c42a112278c,1000.0,-400.26,0,60245992,,920835973,2026-04-26,12:21:30,销售订单0060245992创建成功开票：0920835973,S,1,成功
ZRTC20260424025,1-7Z1TIM,QC@77238461,12521725,HLB-9ae2b57c-5949-11f0-8cdb-0c42a112278c,1000.0,-400.26,0,60245992,,920835973,2026-04-26,12:21:30,销售订单0060245992创建成功开票：0920835973,S,1,成功
ZRTC20260424025,1-7Z1TIM,QC@77238462,12521725,HLB-9ae2b590-5949-11f0-8cdb-0c42a112278c,1000.0,-400.26,0,60245992,,920835973,2026-04-26,12:21:30,销售订单0060245992创建成功开票：0920835973,S,1,成功
ZRTC20260424025,1-7Z1TIM,QC@77238465,12521725,HLB-9ae2b53e-5949-11f0-8cdb-0c42a112278c,1000.0,-400.26,0,60245992,,920835973,2026-04-26,12:21:30,销售订单0060245992创建成功开票：0920835973,S,1,成功
ZRTC20260424025,1-7Z1TIM,QC@77238467,12521725,HLB-9ae2b5cc-5949-11f0-8cdb-0c42a112278c,1000.0,-400.26,0,60245992,,920835973,2026-04-26,12:21:30,销售订单0060245992创建成功开票：0920835973,S,1,成功
ZRTC20260424025,1-7Z1TIM,QC@77238468,12521725,HLB-9ae2b529-5949-11f0-8cdb-0c42a112278c,1000.0,-400.26,0,60245992,,920835973,2026-04-26,12:21:30,销售订单0060245992创建成功开票：0920835973,S,1,成功
ZRTC20260424025,1-7Z1TIM,QC@77238472,12521725,HLB-9ae2b5a4-5949-11f0-8cdb-0c42a112278c,1000.0,-400.26,0,60245992,,920835973,2026-04-26,12:21:30,销售订单0060245992创建成功开票：0920835973,S,1,成功
ZRTC20260424025,1-7Z1TIM,QC@77238474,12521725,HLB-9ae2b554-5949-11f0-8cdb-0c42a112278c,1000.0,-400.26,0,60245992,,920835973,2026-04-26,12:21:30,销售订单0060245992创建成功开票：0920835973,S,1,成功
ZRTC20260424025,1-7Z1TIM,QC@77238478,12521725,HLB-9ae2b568-5949-11f0-8cdb-0c42a112278c,1000.0,-400.26,0,60245992,,920835973,2026-04-26,12:21:30,销售订单0060245992创建成功开票：0920835973,S,1,成功
ZRTC20260424025,1-7Z1TIM,QC@77516360,12508834,HLB-16ca6387-570e-11f0-8cdb-0c42a112278c,1000.0,-400.26,0,60245992,,920835973,2026-04-26,12:21:30,销售订单0060245992创建成功开票：0920835973,S,1,成功
ZRTC20260424025,1-7Z1TIM,QC@77516361,12508834,HLB-16ca636d-570e-11f0-8cdb-0c42a112278c,1000.0,-400.26,0,60245992,,920835973,2026-04-26,12:21:30,销售订单0060245992创建成功开票：0920835973,S,1,成功
ZRTC20260424025,1-7Z1TIM,QC@77516362,12508834,HLB-16ca6353-570e-11f0-8cdb-0c42a112278c,1000.0,-400.26,0,60245992,,920835973,2026-04-26,12:21:30,销售订单0060245992创建成功开票：0920835973,S,1,成功
ZRTC20260424025,1-7Z1TIM,QC@77516363,12508834,HLB-16ca63c4-570e-11f0-8cdb-0c42a112278c,1000.0,-400.26,0,60245992,,920835973,2026-04-26,12:21:30,销售订单0060245992创建成功开票：0920835973,S,1,成功
ZRTC20260424025,1-7Z1TIM,QC@77516364,12508834,HLB-16ca63f2-570e-11f0-8cdb-0c42a112278c,1000.0,-400.26,0,60245992,,920835973,2026-04-26,12:21:30,销售订单0060245992创建成功开票：0920835973,S,1,成功
ZRTC20260424025,1-7Z1TIM,QC@77516369,12508834,HLB-16ca63a9-570e-11f0-8cdb-0c42a112278c,1000.0,-400.26,0,60245992,,920835973,2026-04-26,12:21:30,销售订单0060245992创建成功开票：0920835973,S,1,成功
ZRTC20260424025,1-7Z1TIM,QC@77516371,12508834,HLB-16ca6321-570e-11f0-8cdb-0c42a112278c,1000.0,-400.26,0,60245992,,920835973,2026-04-26,12:21:30,销售订单0060245992创建成功开票：0920835973,S,1,成功
ZRTC20260424025,1-7Z1TIM,QC@77516372,12508834,HLB-16ca6337-570e-11f0-8cdb-0c42a112278c,1000.0,-400.26,0,60245992,,920835973,2026-04-26,12:21:30,销售订单0060245992创建成功开票：0920835973,S,1,成功
ZRTC20260424025,1-7Z1TIM,QC@77516373,12508834,HLB-16ca62e3-570e-11f0-8cdb-0c42a112278c,1000.0,-400.26,0,60245992,,920835973,2026-04-26,12:21:30,销售订单0060245992创建成功开票：0920835973,S,1,成功
ZRTC20260424025,1-7Z1TIM,QC@77516375,12508834,HLB-16ca63db-570e-11f0-8cdb-0c42a112278c,1000.0,-400.26,0,60245992,,920835973,2026-04-26,12:21:30,销售订单0060245992创建成功开票：0920835973,S,1,成功
ZRTC20260424025,1-7Z1TIM,QC@78217264,12508821,HLB-1534b84e-570e-11f0-8cdb-0c42a112278c,1000.0,-400.26,0,60245992,,920835973,2026-04-26,12:21:30,销售订单0060245992创建成功开票：0920835973,S,1,成功
ZRTC20260424025,1-7Z1TIM,QC@78217267,12508821,HLB-1534b767-570e-11f0-8cdb-0c42a112278c,1000.0,-400.26,0,60245992,,920835973,2026-04-26,12:21:30,销售订单0060245992创建成功开票：0920835973,S,1,成功
ZRTC20260424025,1-7Z1TIM,QC@78217269,12508821,HLB-15137269-570e-11f0-8cdb-0c42a112278c,1000.0,-400.26,0,60245992,,920835973,2026-04-26,12:21:30,销售订单0060245992创建成功开票：0920835973,S,1,成功
ZRTC20260424025,1-7Z1TIM,QC@78217270,12508821,HLB-1513730e-570e-11f0-8cdb-0c42a112278c,1000.0,-400.26,0,60245992,,920835973,2026-04-26,12:21:30,销售订单0060245992创建成功开票：0920835973,S,1,成功
ZRTC20260424025,1-7Z1TIM,QC@78217273,12508821,HLB-15137242-570e-11f0-8cdb-0c42a112278c,1000.0,-400.26,0,60245992,,920835973,2026-04-26,12:21:30,销售订单0060245992创建成功开票：0920835973,S,1,成功
ZRTC20260424025,1-7Z1TIM,QC@78217274,12508821,HLB-1534b6a6-570e-11f0-8cdb-0c42a112278c,1000.0,-400.26,0,60245992,,920835973,2026-04-26,12:21:30,销售订单0060245992创建成功开票：0920835973,S,1,成功
ZRTC20260424025,1-7Z1TIM,QC@78217277,12508821,HLB-151372fa-570e-11f0-8cdb-0c42a112278c,1000.0,-400.26,0,60245992,,920835973,2026-04-26,12:21:30,销售订单0060245992创建成功开票：0920835973,S,1,成功
ZRTC20260424025,1-7Z1TIM,QC@78217279,12508821,HLB-151372e6-570e-11f0-8cdb-0c42a112278c,1000.0,-400.26,0,60245992,,920835973,2026-04-26,12:21:30,销售订单0060245992创建成功开票：0920835973,S,1,成功
ZRTC20260424025,1-7Z1TIM,QC@78217282,12508821,HLB-1534b820-570e-11f0-8cdb-0c42a112278c,1000.0,-400.26,0,60245992,,920835973,2026-04-26,12:21:30,销售订单0060245992创建成功开票：0920835973,S,1,成功
ZRTC20260424025,1-7Z1TIM,QC@78217283,12508821,HLB-1534b88f-570e-11f0-8cdb-0c42a112278c,1000.0,-400.26,0,60245992,,920835973,2026-04-26,12:21:30,销售订单0060245992创建成功开票：0920835973,S,1,成功
ZRTC20260424025,1-7Z1TIM,QC@78217284,12508821,HLB-1534b648-570e-11f0-8cdb-0c42a112278c,1000.0,-400.26,0,60245992,,920835973,2026-04-26,12:21:30,销售订单0060245992创建成功开票：0920835973,S,1,成功
ZRTC20260424025,1-7Z1TIM,QC@78217286,12508821,HLB-1534b73d-570e-11f0-8cdb-0c42a112278c,1000.0,-400.26,0,60245992,,920835973,2026-04-26,12:21:30,销售订单0060245992创建成功开票：0920835973,S,1,成功
ZRTC20260424025,1-7Z1TIM,QC@78217288,12508821,HLB-1534b865-570e-11f0-8cdb-0c42a112278c,1000.0,-400.26,0,60245992,,920835973,2026-04-26,12:21:30,销售订单0060245992创建成功开票：0920835973,S,1,成功
ZRTC20260424025,1-7Z1TIM,QC@78217291,12508821,HLB-1534b8ba-570e-11f0-8cdb-0c42a112278c,1000.0,-400.26,0,60245992,,920835973,2026-04-26,12:21:30,销售订单0060245992创建成功开票：0920835973,S,1,成功
ZRTC20260424025,1-7Z1TIM,QC@78217292,12508821,HLB-1534b684-570e-11f0-8cdb-0c42a112278c,1000.0,-400.26,0,60245992,,920835973,2026-04-26,12:21:30,销售订单0060245992创建成功开票：0920835973,S,1,成功
ZRTC20260424025,1-7Z1TIM,QC@78217293,12508821,HLB-1534b7b5-570e-11f0-8cdb-0c42a112278c,1000.0,-400.26,0,60245992,,920835973,2026-04-26,12:21:30,销售订单0060245992创建成功开票：0920835973,S,1,成功
ZRTC20260424025,1-7Z1TIM,QC@78217294,12508821,HLB-1513718a-570e-11f0-8cdb-0c42a112278c,1000.0,-400.26,0,60245992,,920835973,2026-04-26,12:21:30,销售订单0060245992创建成功开票：0920835973,S,1,成功
ZRTC20260424025,1-7Z1TIM,QC@78217300,12508821,HLB-151371f0-570e-11f0-8cdb-0c42a112278c,1000.0,-400.26,0,60245992,,920835973,2026-04-26,12:21:30,销售订单0060245992创建成功开票：0920835973,S,1,成功
ZRTC20260424025,1-7Z1TIM,QC@78217302,12508821,HLB-151371c5-570e-11f0-8cdb-0c42a112278c,1000.0,-400.26,0,60245992,,920835973,2026-04-26,12:21:30,销售订单0060245992创建成功开票：0920835973,S,1,成功
ZRTC20260424025,1-7Z1TIM,QC@78217303,12508821,HLB-1534b79d-570e-11f0-8cdb-0c42a112278c,1000.0,-400.26,0,60245992,,920835973,2026-04-26,12:21:30,销售订单0060245992创建成功开票：0920835973,S,1,成功
ZRTC20260424025,1-7Z1TIM,QC@78217305,12508821,HLB-1534b7f3-570e-11f0-8cdb-0c42a112278c,1000.0,-400.26,0,60245992,,920835973,2026-04-26,12:21:30,销售订单0060245992创建成功开票：0920835973,S,1,成功
ZRTC20260424025,1-7Z1TIM,QC@78217306,12508821,HLB-1534b753-570e-11f0-8cdb-0c42a112278c,1000.0,-400.26,0,60245992,,920835973,2026-04-26,12:21:30,销售订单0060245992创建成功开票：0920835973,S,1,成功
ZRTC20260424025,1-7Z1TIM,QC@78217307,12508821,HLB-1534b8a6-570e-11f0-8cdb-0c42a112278c,1000.0,-400.26,0,60245992,,920835973,2026-04-26,12:21:30,销售订单0060245992创建成功开票：0920835973,S,1,成功
ZRTC20260424025,1-7Z1TIM,QC@78217308,12508821,HLB-15137255-570e-11f0-8cdb-0c42a112278c,1000.0,-400.26,0,60245992,,920835973,2026-04-26,12:21:30,销售订单0060245992创建成功开票：0920835973,S,1,成功
ZRTC20260424025,1-7Z1TIM,QC@78217310,12508821,HLB-1534b5af-570e-11f0-8cdb-0c42a112278c,1000.0,-400.26,0,60245992,,920835973,2026-04-26,12:21:30,销售订单0060245992创建成功开票：0920835973,S,1,成功
ZRTC20260424025,1-7Z1TIM,QC@78217313,12508821,HLB-1534b77f-570e-11f0-8cdb-0c42a112278c,1000.0,-400.26,0,60245992,,920835973,2026-04-26,12:21:30,销售订单0060245992创建成功开票：0920835973,S,1,成功
ZRTC20260424025,1-7Z1TIM,QC@78217314,12508821,HLB-1534b6f8-570e-11f0-8cdb-0c42a112278c,1000.0,-400.26,0,60245992,,920835973,2026-04-26,12:21:30,销售订单0060245992创建成功开票：0920835973,S,1,成功
ZRTC20260424025,1-7Z1TIM,QC@78217318,12508821,HLB-1534b6c6-570e-11f0-8cdb-0c42a112278c,1000.0,-400.26,0,60245992,,920835973,2026-04-26,12:21:30,销售订单0060245992创建成功开票：0920835973,S,1,成功
ZRTC20260424025,1-7Z1TIM,QC@78217319,12508821,HLB-1534b727-570e-11f0-8cdb-0c42a112278c,1000.0,-400.26,0,60245992,,920835973,2026-04-26,12:21:30,销售订单0060245992创建成功开票：0920835973,S,1,成功
ZRTC20260424025,1-7Z1TIM,QC@78217320,12508821,HLB-1534b710-570e-11f0-8cdb-0c42a112278c,1000.0,-400.26,0,60245992,,920835973,2026-04-26,12:21:30,销售订单0060245992创建成功开票：0920835973,S,1,成功
ZRTC20260424025,1-7Z1TIM,QC@78217322,12508821,HLB-1534b667-570e-11f0-8cdb-0c42a112278c,1000.0,-400.26,0,60245992,,920835973,2026-04-26,12:21:30,销售订单0060245992创建成功开票：0920835973,S,1,成功
ZRTC20260424025,1-7Z1TIM,QC@78217323,12508821,HLB-1513727d-570e-11f0-8cdb-0c42a112278c,1000.0,-400.26,0,60245992,,920835973,2026-04-26,12:21:30,销售订单0060245992创建成功开票：0920835973,S,1,成功
ZRTC20260424025,1-7Z1TIM,QC@78217325,12508821,HLB-1534b62c-570e-11f0-8cdb-0c42a112278c,1000.0,-400.26,0,60245992,,920835973,2026-04-26,12:21:30,销售订单0060245992创建成功开票：0920835973,S,1,成功
ZRTC20260424025,1-7Z1TIM,QC@78217328,12508821,HLB-15137204-570e-11f0-8cdb-0c42a112278c,1000.0,-400.26,0,60245992,,920835973,2026-04-26,12:21:30,销售订单0060245992创建成功开票：0920835973,S,1,成功
ZRTC20260424025,1-7Z1TIM,QC@78217332,12508821,HLB-1534b60e-570e-11f0-8cdb-0c42a112278c,1000.0,-400.26,0,60245992,,920835973,2026-04-26,12:21:30,销售订单0060245992创建成功开票：0920835973,S,1,成功
ZRTC20260424025,1-7Z1TIM,QC@78217335,12508821,HLB-151372d3-570e-11f0-8cdb-0c42a112278c,1000.0,-400.26,0,60245992,,920835973,2026-04-26,12:21:30,销售订单0060245992创建成功开票：0920835973,S,1,成功
ZRTC20260424025,1-7Z1TIM,QC@78217336,12508821,HLB-1513719e-570e-11f0-8cdb-0c42a112278c,1000.0,-400.26,0,60245992,,920835973,2026-04-26,12:21:30,销售订单0060245992创建成功开票：0920835973,S,1,成功
ZRTC20260424025,1-7Z1TIM,QC@78217338,12508821,HLB-1534b7de-570e-11f0-8cdb-0c42a112278c,1000.0,-400.26,0,60245992,,920835973,2026-04-26,12:21:30,销售订单0060245992创建成功开票：0920835973,S,1,成功
ZRTC20260424025,1-7Z1TIM,QC@78217339,12508821,HLB-151371b1-570e-11f0-8cdb-0c42a112278c,1000.0,-400.26,0,60245992,,920835973,2026-04-26,12:21:30,销售订单0060245992创建成功开票：0920835973,S,1,成功
ZRTC20260424025,1-7Z1TIM,QC@78217340,12508821,HLB-1534b80a-570e-11f0-8cdb-0c42a112278c,1000.0,-400.26,0,60245992,,920835973,2026-04-26,12:21:30,销售订单0060245992创建成功开票：0920835973,S,1,成功
ZRTC20260424025,1-7Z1TIM,QC@78217343,12508821,HLB-15137290-570e-11f0-8cdb-0c42a112278c,1000.0,-400.26,0,60245992,,920835973,2026-04-26,12:21:30,销售订单0060245992创建成功开票：0920835973,S,1,成功
ZRTC20260424025,1-7Z1TIM,QC@78217348,12508821,HLB-151371db-570e-11f0-8cdb-0c42a112278c,1000.0,-400.26,0,60245992,,920835973,2026-04-26,12:21:30,销售订单0060245992创建成功开票：0920835973,S,1,成功
ZRTC20260424025,1-7Z1TIM,QC@78217349,12508821,HLB-1534b87b-570e-11f0-8cdb-0c42a112278c,1000.0,-400.26,0,60245992,,920835973,2026-04-26,12:21:30,销售订单0060245992创建成功开票：0920835973,S,1,成功
ZRTC20260424025,1-7Z1TIM,QC@78217350,12508821,HLB-1534b6de-570e-11f0-8cdb-0c42a112278c,1000.0,-400.26,0,60245992,,920835973,2026-04-26,12:21:30,销售订单0060245992创建成功开票：0920835973,S,1,成功
ZRTC20260424025,1-7Z1TIM,QC@78217351,12508821,HLB-15137219-570e-11f0-8cdb-0c42a112278c,1000.0,-400.26,0,60245992,,920835973,2026-04-26,12:21:30,销售订单0060245992创建成功开票：0920835973,S,1,成功
ZRTC20260424025,1-7Z1TIM,QC@78217353,12508821,HLB-1534b7c9-570e-11f0-8cdb-0c42a112278c,1000.0,-400.26,0,60245992,,920835973,2026-04-26,12:21:30,销售订单0060245992创建成功开票：0920835973,S,1,成功
ZRTC20260424025,1-7Z1TIM,QC@78217354,12508821,HLB-151372be-570e-11f0-8cdb-0c42a112278c,1000.0,-400.26,0,60245992,,920835973,2026-04-26,12:21:30,销售订单0060245992创建成功开票：0920835973,S,1,成功
ZRTC20260424025,1-7Z1TIM,QC@78217355,12508821,HLB-151372a6-570e-11f0-8cdb-0c42a112278c,1000.0,-400.26,0,60245992,,920835973,2026-04-26,12:21:30,销售订单0060245992创建成功开票：0920835973,S,1,成功
ZRTC20260424025,1-7Z1TIM,QC@78217356,12508821,HLB-1513722d-570e-11f0-8cdb-0c42a112278c,1000.0,-400.26,0,60245992,,920835973,2026-04-26,12:21:30,销售订单0060245992创建成功开票：0920835973,S,1,成功
ZRTC20260424025,1-7Z1TIM,QC@78217361,12508821,HLB-1534b838-570e-11f0-8cdb-0c42a112278c,1000.0,-400.26,0,60245992,,920835973,2026-04-26,12:21:30,销售订单0060245992创建成功开票：0920835973,S,1,成功
ZRTC20260424025,1-7Z1TIM,QC@78597685,12512473,HLB-06a0882a-57bf-11f0-8cdb-0c42a112278c,1000.0,-400.26,0,60245992,,920835973,2026-04-26,12:21:30,销售订单0060245992创建成功开票：0920835973,S,1,成功
ZRTC20260424025,1-7Z1TIM,QC@78597686,12512473,HLB-06a087f1-57bf-11f0-8cdb-0c42a112278c,1000.0,-400.26,0,60245992,,920835973,2026-04-26,12:21:30,销售订单0060245992创建成功开票：0920835973,S,1,成功
ZRTC20260424025,1-7Z1TIM,QC@78597688,12512473,HLB-06a0879f-57bf-11f0-8cdb-0c42a112278c,1000.0,-400.26,0,60245992,,920835973,2026-04-26,12:21:30,销售订单0060245992创建成功开票：0920835973,S,1,成功
ZRTC20260424025,1-7Z1TIM,QC@78597689,12512473,HLB-06a08944-57bf-11f0-8cdb-0c42a112278c,1000.0,-400.26,0,60245992,,920835973,2026-04-26,12:21:30,销售订单0060245992创建成功开票：0920835973,S,1,成功
ZRTC20260424025,1-7Z1TIM,QC@78597691,12512473,HLB-06a088e8-57bf-11f0-8cdb-0c42a112278c,1000.0,-400.26,0,60245992,,920835973,2026-04-26,12:21:30,销售订单0060245992创建成功开票：0920835973,S,1,成功
ZRTC20260424025,1-7Z1TIM,QC@78597693,12512473,HLB-06a086fb-57bf-11f0-8cdb-0c42a112278c,1000.0,-400.26,0,60245992,,920835973,2026-04-26,12:21:30,销售订单0060245992创建成功开票：0920835973,S,1,成功
ZRTC20260424025,1-7Z1TIM,QC@78597695,12512473,HLB-06a08859-57bf-11f0-8cdb-0c42a112278c,1000.0,-400.26,0,60245992,,920835973,2026-04-26,12:21:30,销售订单0060245992创建成功开票：0920835973,S,1,成功
ZRTC20260424025,1-7Z1TIM,QC@78597700,12512473,HLB-06a0888c-57bf-11f0-8cdb-0c42a112278c,1000.0,-400.26,0,60245992,,920835973,2026-04-26,12:21:30,销售订单0060245992创建成功开票：0920835973,S,1,成功
ZRTC20260424025,1-7Z1TIM,QC@78597701,12512473,HLB-06a088b7-57bf-11f0-8cdb-0c42a112278c,1000.0,-400.26,0,60245992,,920835973,2026-04-26,12:21:30,销售订单0060245992创建成功开票：0920835973,S,1,成功
ZRTC20260424025,1-7Z1TIM,QC@78597702,12512473,HLB-06a08915-57bf-11f0-8cdb-0c42a112278c,1000.0,-400.26,0,60245992,,920835973,2026-04-26,12:21:30,销售订单0060245992创建成功开票：0920835973,S,1,成功
ZRTC20260424025,1-7Z1TIM,QC@78950014,12517980,HLB-0496abc3-5898-11f0-8cdb-0c42a112278c,1000.0,-400.26,0,60245992,,920835973,2026-04-26,12:21:30,销售订单0060245992创建成功开票：0920835973,S,1,成功
ZRTC20260424025,1-7Z1TIM,QC@78950016,12517980,HLB-0496acc4-5898-11f0-8cdb-0c42a112278c,1000.0,-400.26,0,60245992,,920835973,2026-04-26,12:21:30,销售订单0060245992创建成功开票：0920835973,S,1,成功
ZRTC20260424025,1-7Z1TIM,QC@78950017,12517980,HLB-0496a88d-5898-11f0-8cdb-0c42a112278c,1000.0,-400.26,0,60245992,,920835973,2026-04-26,12:21:30,销售订单0060245992创建成功开票：0920835973,S,1,成功
ZRTC20260424025,1-7Z1TIM,QC@78950018,12517980,HLB-0496ac21-5898-11f0-8cdb-0c42a112278c,1000.0,-400.26,0,60245992,,920835973,2026-04-26,12:21:30,销售订单0060245992创建成功开票：0920835973,S,1,成功
ZRTC20260424025,1-7Z1TIM,QC@78950019,12517980,HLB-0496ad02-5898-11f0-8cdb-0c42a112278c,1000.0,-400.26,0,60245992,,920835973,2026-04-26,12:21:30,销售订单0060245992创建成功开票：0920835973,S,1,成功
ZRTC20260424025,1-7Z1TIM,QC@78950020,12517980,HLB-0496ad7b-5898-11f0-8cdb-0c42a112278c,1000.0,-400.26,0,60245992,,920835973,2026-04-26,12:21:30,销售订单0060245992创建成功开票：0920835973,S,1,成功
ZRTC20260424025,1-7Z1TIM,QC@78950022,12517980,HLB-0496a9f8-5898-11f0-8cdb-0c42a112278c,1000.0,-400.26,0,60245992,,920835973,2026-04-26,12:21:30,销售订单0060245992创建成功开票：0920835973,S,1,成功
ZRTC20260424025,1-7Z1TIM,QC@78950023,12517980,HLB-0496aa2a-5898-11f0-8cdb-0c42a112278c,1000.0,-400.26,0,60245992,,920835973,2026-04-26,12:21:30,销售订单0060245992创建成功开票：0920835973,S,1,成功
ZRTC20260424025,1-7Z1TIM,QC@78950024,12517980,HLB-0496a9be-5898-11f0-8cdb-0c42a112278c,1000.0,-400.26,0,60245992,,920835973,2026-04-26,12:21:30,销售订单0060245992创建成功开票：0920835973,S,1,成功
ZRTC20260424025,1-7Z1TIM,QC@78950025,12517980,HLB-0496aab7-5898-11f0-8cdb-0c42a112278c,1000.0,-400.26,0,60245992,,920835973,2026-04-26,12:21:30,销售订单0060245992创建成功开票：0920835973,S,1,成功
ZRTC20260424025,1-7Z1TIM,QC@78950026,12517980,HLB-0496abe0-5898-11f0-8cdb-0c42a112278c,1000.0,-400.26,0,60245992,,920835973,2026-04-26,12:21:30,销售订单0060245992创建成功开票：0920835973,S,1,成功
ZRTC20260424025,1-7Z1TIM,QC@78950027,12517980,HLB-0496abad-5898-11f0-8cdb-0c42a112278c,1000.0,-400.26,0,60245992,,920835973,2026-04-26,12:21:30,销售订单0060245992创建成功开票：0920835973,S,1,成功
ZRTC20260424025,1-7Z1TIM,QC@78950028,12517980,HLB-0496aa8b-5898-11f0-8cdb-0c42a112278c,1000.0,-400.26,0,60245992,,920835973,2026-04-26,12:21:30,销售订单0060245992创建成功开票：0920835973,S,1,成功
ZRTC20260424025,1-7Z1TIM,QC@78950029,12517980,HLB-0496ac59-5898-11f0-8cdb-0c42a112278c,1000.0,-400.26,0,60245992,,920835973,2026-04-26,12:21:30,销售订单0060245992创建成功开票：0920835973,S,1,成功
ZRTC20260424025,1-7Z1TIM,QC@78950032,12517980,HLB-0496ad68-5898-11f0-8cdb-0c42a112278c,1000.0,-400.26,0,60245992,,920835973,2026-04-26,12:21:30,销售订单0060245992创建成功开票：0920835973,S,1,成功
ZRTC20260424025,1-7Z1TIM,QC@78950033,12517980,HLB-0496aa59-5898-11f0-8cdb-0c42a112278c,1000.0,-400.26,0,60245992,,920835973,2026-04-26,12:21:30,销售订单0060245992创建成功开票：0920835973,S,1,成功
ZRTC20260424025,1-7Z1TIM,QC@78950035,12517980,HLB-0496adb6-5898-11f0-8cdb-0c42a112278c,1000.0,-400.26,0,60245992,,920835973,2026-04-26,12:21:30,销售订单0060245992创建成功开票：0920835973,S,1,成功
ZRTC20260424025,1-7Z1TIM,QC@78950036,12517980,HLB-0496ac0c-5898-11f0-8cdb-0c42a112278c,1000.0,-400.26,0,60245992,,920835973,2026-04-26,12:21:30,销售订单0060245992创建成功开票：0920835973,S,1,成功
ZRTC20260424025,1-7Z1TIM,QC@78950037,12517980,HLB-0496a901-5898-11f0-8cdb-0c42a112278c,1000.0,-400.26,0,60245992,,920835973,2026-04-26,12:21:30,销售订单0060245992创建成功开票：0920835973,S,1,成功
ZRTC20260424025,1-7Z1TIM,QC@78950038,12517980,HLB-0496ab51-5898-11f0-8cdb-0c42a112278c,1000.0,-400.26,0,60245992,,920835973,2026-04-26,12:21:30,销售订单0060245992创建成功开票：0920835973,S,1,成功
ZRTC20260424025,1-7Z1TIM,QC@78950040,12517980,HLB-0496ab15-5898-11f0-8cdb-0c42a112278c,1000.0,-400.26,0,60245992,,920835973,2026-04-26,12:21:30,销售订单0060245992创建成功开票：0920835973,S,1,成功
ZRTC20260424025,1-7Z1TIM,QC@78950041,12517980,HLB-0496aced-5898-11f0-8cdb-0c42a112278c,1000.0,-400.26,0,60245992,,920835973,2026-04-26,12:21:30,销售订单0060245992创建成功开票：0920835973,S,1,成功
ZRTC20260424025,1-7Z1TIM,QC@78950042,12517980,HLB-0496aafb-5898-11f0-8cdb-0c42a112278c,1000.0,-400.26,0,60245992,,920835973,2026-04-26,12:21:30,销售订单0060245992创建成功开票：0920835973,S,1,成功
ZRTC20260424025,1-7Z1TIM,QC@78950043,12517980,HLB-0496abf8-5898-11f0-8cdb-0c42a112278c,1000.0,-400.26,0,60245992,,920835973,2026-04-26,12:21:30,销售订单0060245992创建成功开票：0920835973,S,1,成功
ZRTC20260424025,1-7Z1TIM,QC@78950044,12517980,HLB-0496ad18-5898-11f0-8cdb-0c42a112278c,1000.0,-400.26,0,60245992,,920835973,2026-04-26,12:21:30,销售订单0060245992创建成功开票：0920835973,S,1,成功
ZRTC20260424025,1-7Z1TIM,QC@78950045,12517980,HLB-0496a98c-5898-11f0-8cdb-0c42a112278c,1000.0,-400.26,0,60245992,,920835973,2026-04-26,12:21:30,销售订单0060245992创建成功开票：0920835973,S,1,成功
ZRTC20260424025,1-7Z1TIM,QC@78950046,12517980,HLB-0496ad90-5898-11f0-8cdb-0c42a112278c,1000.0,-400.26,0,60245992,,920835973,2026-04-26,12:21:30,销售订单0060245992创建成功开票：0920835973,S,1,成功
ZRTC20260424025,1-7Z1TIM,QC@78950049,12517980,HLB-0496ab66-5898-11f0-8cdb-0c42a112278c,1000.0,-400.26,0,60245992,,920835973,2026-04-26,12:21:30,销售订单0060245992创建成功开票：0920835973,S,1,成功
ZRTC20260424025,1-7Z1TIM,QC@78950051,12517980,HLB-0496ac6d-5898-11f0-8cdb-0c42a112278c,1000.0,-400.26,0,60245992,,920835973,2026-04-26,12:21:30,销售订单0060245992创建成功开票：0920835973,S,1,成功
ZRTC20260424025,1-7Z1TIM,QC@78950052,12517980,HLB-0496ac82-5898-11f0-8cdb-0c42a112278c,1000.0,-400.26,0,60245992,,920835973,2026-04-26,12:21:30,销售订单0060245992创建成功开票：0920835973,S,1,成功
ZRTC20260424025,1-7Z1TIM,QC@78950054,12517980,HLB-0496a935-5898-11f0-8cdb-0c42a112278c,1000.0,-400.26,0,60245992,,920835973,2026-04-26,12:21:30,销售订单0060245992创建成功开票：0920835973,S,1,成功
ZRTC20260424025,1-7Z1TIM,QC@78950055,12517980,HLB-0496adca-5898-11f0-8cdb-0c42a112278c,1000.0,-400.26,0,60245992,,920835973,2026-04-26,12:21:30,销售订单0060245992创建成功开票：0920835973,S,1,成功
ZRTC20260424025,1-7Z1TIM,QC@78950056,12517980,HLB-0496ad2b-5898-11f0-8cdb-0c42a112278c,1000.0,-400.26,0,60245992,,920835973,2026-04-26,12:21:30,销售订单0060245992创建成功开票：0920835973,S,1,成功
ZRTC20260424025,1-7Z1TIM,QC@78950057,12517980,HLB-0496acaf-5898-11f0-8cdb-0c42a112278c,1000.0,-400.26,0,60245992,,920835973,2026-04-26,12:21:30,销售订单0060245992创建成功开票：0920835973,S,1,成功
ZRTC20260424025,1-7Z1TIM,QC@78950058,12517980,HLB-0496ad40-5898-11f0-8cdb-0c42a112278c,1000.0,-400.26,0,60245992,,920835973,2026-04-26,12:21:30,销售订单0060245992创建成功开票：0920835973,S,1,成功
ZRTC20260424025,1-7Z1TIM,QC@78950059,12517980,HLB-0496acd8-5898-11f0-8cdb-0c42a112278c,1000.0,-400.26,0,60245992,,920835973,2026-04-26,12:21:30,销售订单0060245992创建成功开票：0920835973,S,1,成功
ZRTC20260424025,1-7Z1TIM,QC@78950060,12517980,HLB-0496ac34-5898-11f0-8cdb-0c42a112278c,1000.0,-400.26,0,60245992,,920835973,2026-04-26,12:21:30,销售订单0060245992创建成功开票：0920835973,S,1,成功
ZRTC20260424025,1-7Z1TIM,QC@78950061,12517980,HLB-0496ab80-5898-11f0-8cdb-0c42a112278c,1000.0,-400.26,0,60245992,,920835973,2026-04-26,12:21:30,销售订单0060245992创建成功开票：0920835973,S,1,成功
ZRTC20260424025,1-7Z1TIM,QC@78950062,12517980,HLB-0496ab97-5898-11f0-8cdb-0c42a112278c,1000.0,-400.26,0,60245992,,920835973,2026-04-26,12:21:30,销售订单0060245992创建成功开票：0920835973,S,1,成功
ZRTC20260424025,1-7Z1TIM,QC@78950063,12517980,HLB-0496ada3-5898-11f0-8cdb-0c42a112278c,1000.0,-400.26,0,60245992,,920835973,2026-04-26,12:21:30,销售订单0060245992创建成功开票：0920835973,S,1,成功
ZRTC20260424025,1-7Z1TIM,QC@79192727,12516719,HLB-297283f1-5880-11f0-8cdb-0c42a112278c,1000.0,-400.26,0,60245992,,920835973,2026-04-26,12:21:30,销售订单0060245992创建成功开票：0920835973,S,1,成功
ZRTC20260424025,1-7Z1TIM,QC@79192729,12516719,HLB-2992c4de-5880-11f0-8cdb-0c42a112278c,1000.0,-400.26,0,60245992,,920835973,2026-04-26,12:21:30,销售订单0060245992创建成功开票：0920835973,S,1,成功
ZRTC20260424025,1-7Z1TIM,QC@79192730,12516719,HLB-29728423-5880-11f0-8cdb-0c42a112278c,1000.0,-400.26,0,60245992,,920835973,2026-04-26,12:21:30,销售订单0060245992创建成功开票：0920835973,S,1,成功
ZRTC20260424025,1-7Z1TIM,QC@79192731,12516719,HLB-29728534-5880-11f0-8cdb-0c42a112278c,1000.0,-400.26,0,60245992,,920835973,2026-04-26,12:21:30,销售订单0060245992创建成功开票：0920835973,S,1,成功
ZRTC20260424025,1-7Z1TIM,QC@79192732,12516719,HLB-2972858e-5880-11f0-8cdb-0c42a112278c,1000.0,-400.26,0,60245992,,920835973,2026-04-26,12:21:30,销售订单0060245992创建成功开票：0920835973,S,1,成功
ZRTC20260424025,1-7Z1TIM,QC@79192734,12516719,HLB-2992c537-5880-11f0-8cdb-0c42a112278c,1000.0,-400.26,0,60245992,,920835973,2026-04-26,12:21:30,销售订单0060245992创建成功开票：0920835973,S,1,成功
ZRTC20260424025,1-7Z1TIM,QC@79192735,12516719,HLB-2992c5b8-5880-11f0-8cdb-0c42a112278c,1000.0,-400.26,0,60245992,,920835973,2026-04-26,12:21:30,销售订单0060245992创建成功开票：0920835973,S,1,成功
ZRTC20260424025,1-7Z1TIM,QC@79192736,12516719,HLB-297285ef-5880-11f0-8cdb-0c42a112278c,1000.0,-400.26,0,60245992,,920835973,2026-04-26,12:21:30,销售订单0060245992创建成功开票：0920835973,S,1,成功
ZRTC20260424025,1-7Z1TIM,QC@79192738,12516719,HLB-2992c3fb-5880-11f0-8cdb-0c42a112278c,1000.0,-400.26,0,60245992,,920835973,2026-04-26,12:21:30,销售订单0060245992创建成功开票：0920835973,S,1,成功
ZRTC20260424025,1-7Z1TIM,QC@79192740,12516719,HLB-29728723-5880-11f0-8cdb-0c42a112278c,1000.0,-400.26,0,60245992,,920835973,2026-04-26,12:21:30,销售订单0060245992创建成功开票：0920835973,S,1,成功
ZRTC20260424025,1-7Z1TIM,QC@79192742,12516719,HLB-29728851-5880-11f0-8cdb-0c42a112278c,1000.0,-400.26,0,60245992,,920835973,2026-04-26,12:21:30,销售订单0060245992创建成功开票：0920835973,S,1,成功
ZRTC20260424025,1-7Z1TIM,QC@79192745,12516719,HLB-2972848e-5880-11f0-8cdb-0c42a112278c,1000.0,-400.26,0,60245992,,920835973,2026-04-26,12:21:30,销售订单0060245992创建成功开票：0920835973,S,1,成功
ZRTC20260424025,1-7Z1TIM,QC@79192749,12516719,HLB-2992c365-5880-11f0-8cdb-0c42a112278c,1000.0,-400.26,0,60245992,,920835973,2026-04-26,12:21:30,销售订单0060245992创建成功开票：0920835973,S,1,成功
ZRTC20260424025,1-7Z1TIM,QC@79192754,12516719,HLB-2992c58b-5880-11f0-8cdb-0c42a112278c,1000.0,-400.26,0,60245992,,920835973,2026-04-26,12:21:30,销售订单0060245992创建成功开票：0920835973,S,1,成功
ZRTC20260424025,1-7Z1TIM,QC@79192758,12516719,HLB-2992c459-5880-11f0-8cdb-0c42a112278c,1000.0,-400.26,0,60245992,,920835973,2026-04-26,12:21:30,销售订单0060245992创建成功开票：0920835973,S,1,成功
ZRTC20260424025,1-7Z1TIM,QC@79192759,12516719,HLB-297287c2-5880-11f0-8cdb-0c42a112278c,1000.0,-400.26,0,60245992,,920835973,2026-04-26,12:21:30,销售订单0060245992创建成功开票：0920835973,S,1,成功
ZRTC20260424025,1-7Z1TIM,QC@79192760,12516719,HLB-297287f5-5880-11f0-8cdb-0c42a112278c,1000.0,-400.26,0,60245992,,920835973,2026-04-26,12:21:30,销售订单0060245992创建成功开票：0920835973,S,1,成功
ZRTC20260424025,1-7Z1TIM,QC@79192761,12516719,HLB-2972861a-5880-11f0-8cdb-0c42a112278c,1000.0,-400.26,0,60245992,,920835973,2026-04-26,12:21:30,销售订单0060245992创建成功开票：0920835973,S,1,成功
ZRTC20260424025,1-7Z1TIM,QC@79192762,12516719,HLB-297286c9-5880-11f0-8cdb-0c42a112278c,1000.0,-400.26,0,60245992,,920835973,2026-04-26,12:21:30,销售订单0060245992创建成功开票：0920835973,S,1,成功
ZRTC20260424025,1-7Z1TIM,QC@79192763,12516719,HLB-2992c2dd-5880-11f0-8cdb-0c42a112278c,1000.0,-400.26,0,60245992,,920835973,2026-04-26,12:21:30,销售订单0060245992创建成功开票：0920835973,S,1,成功
ZRTC20260424025,1-7Z1TIM,QC@79192765,12516719,HLB-29728795-5880-11f0-8cdb-0c42a112278c,1000.0,-400.26,0,60245992,,920835973,2026-04-26,12:21:30,销售订单0060245992创建成功开票：0920835973,S,1,成功
ZRTC20260424025,1-7Z1TIM,QC@79192766,12516719,HLB-29728348-5880-11f0-8cdb-0c42a112278c,1000.0,-400.26,0,60245992,,920835973,2026-04-26,12:21:30,销售订单0060245992创建成功开票：0920835973,S,1,成功
ZRTC20260424025,1-7Z1TIM,QC@79192767,12516719,HLB-2992c562-5880-11f0-8cdb-0c42a112278c,1000.0,-400.26,0,60245992,,920835973,2026-04-26,12:21:30,销售订单0060245992创建成功开票：0920835973,S,1,成功
ZRTC20260424025,1-7Z1TIM,QC@79192768,12516719,HLB-29728646-5880-11f0-8cdb-0c42a112278c,1000.0,-400.26,0,60245992,,920835973,2026-04-26,12:21:30,销售订单0060245992创建成功开票：0920835973,S,1,成功
ZRTC20260424025,1-7Z1TIM,QC@79192770,12516719,HLB-29728821-5880-11f0-8cdb-0c42a112278c,1000.0,-400.26,0,60245992,,920835973,2026-04-26,12:21:30,销售订单0060245992创建成功开票：0920835973,S,1,成功
ZRTC20260424025,1-7Z1TIM,QC@79192774,12516719,HLB-2992c42a-5880-11f0-8cdb-0c42a112278c,1000.0,-400.26,0,60245992,,920835973,2026-04-26,12:21:30,销售订单0060245992创建成功开票：0920835973,S,1,成功
ZRTC20260424025,1-7Z1TIM,QC@79192775,12516719,HLB-2972876c-5880-11f0-8cdb-0c42a112278c,1000.0,-400.26,0,60245992,,920835973,2026-04-26,12:21:30,销售订单0060245992创建成功开票：0920835973,S,1,成功
ZRTC20260424025,1-7Z1TIM,QC@79192776,12516719,HLB-297284ff-5880-11f0-8cdb-0c42a112278c,1000.0,-400.26,0,60245992,,920835973,2026-04-26,12:21:30,销售订单0060245992创建成功开票：0920835973,S,1,成功
ZRTC20260424025,1-7Z1TIM,QC@79192779,12516719,HLB-29728561-5880-11f0-8cdb-0c42a112278c,1000.0,-400.26,0,60245992,,920835973,2026-04-26,12:21:30,销售订单0060245992创建成功开票：0920835973,S,1,成功
ZRTC20260424025,1-7Z1TIM,QC@79192780,12516719,HLB-297286fa-5880-11f0-8cdb-0c42a112278c,1000.0,-400.26,0,60245992,,920835973,2026-04-26,12:21:30,销售订单0060245992创建成功开票：0920835973,S,1,成功
ZRTC20260424025,1-7Z1TIM,QC@79192785,12516719,HLB-2992c50c-5880-11f0-8cdb-0c42a112278c,1000.0,-400.26,0,60245992,,920835973,2026-04-26,12:21:30,销售订单0060245992创建成功开票：0920835973,S,1,成功
ZRTC20260424025,1-7Z1TIM,QC@79192793,12516719,HLB-297284c4-5880-11f0-8cdb-0c42a112278c,1000.0,-400.26,0,60245992,,920835973,2026-04-26,12:21:30,销售订单0060245992创建成功开票：0920835973,S,1,成功
ZRTC20260424025,1-7Z1TIM,QC@79192794,12516719,HLB-2992c3c8-5880-11f0-8cdb-0c42a112278c,1000.0,-400.26,0,60245992,,920835973,2026-04-26,12:21:30,销售订单0060245992创建成功开票：0920835973,S,1,成功
ZRTC20260424025,1-7Z1TIM,QC@79192795,12516719,HLB-297285c0-5880-11f0-8cdb-0c42a112278c,1000.0,-400.26,0,60245992,,920835973,2026-04-26,12:21:30,销售订单0060245992创建成功开票：0920835973,S,1,成功
ZRTC20260424025,1-7Z1TIM,QC@79192796,12516719,HLB-2992c394-5880-11f0-8cdb-0c42a112278c,1000.0,-400.26,0,60245992,,920835973,2026-04-26,12:21:30,销售订单0060245992创建成功开票：0920835973,S,1,成功
ZRTC20260424025,1-7Z1TIM,QC@79192797,12516719,HLB-2992c486-5880-11f0-8cdb-0c42a112278c,1000.0,-400.26,0,60245992,,920835973,2026-04-26,12:21:30,销售订单0060245992创建成功开票：0920835973,S,1,成功
ZRTC20260424025,1-7Z1TIM,QC@79192799,12516719,HLB-2972869c-5880-11f0-8cdb-0c42a112278c,1000.0,-400.26,0,60245992,,920835973,2026-04-26,12:21:30,销售订单0060245992创建成功开票：0920835973,S,1,成功
ZRTC20260424025,1-7Z1TIM,QC@79192800,12516719,HLB-29728671-5880-11f0-8cdb-0c42a112278c,1000.0,-400.26,0,60245992,,920835973,2026-04-26,12:21:30,销售订单0060245992创建成功开票：0920835973,S,1,成功
ZRTC20260424025,1-7Z1TIM,QC@79192802,12516719,HLB-2972845b-5880-11f0-8cdb-0c42a112278c,1000.0,-400.26,0,60245992,,920835973,2026-04-26,12:21:30,销售订单0060245992创建成功开票：0920835973,S,1,成功
ZRTC20260424025,1-7Z1TIM,QC@79192804,12516719,HLB-2992c4b2-5880-11f0-8cdb-0c42a112278c,1000.0,-400.26,0,60245992,,920835973,2026-04-26,12:21:30,销售订单0060245992创建成功开票：0920835973,S,1,成功
ZRTC20260424025,1-7Z1TIM,QC@79266806,12162106,HLB-27defd68-41de-11f0-8cdb-0c42a112278c,1000.0,-400.26,0,60245992,,920835973,2026-04-26,12:21:30,销售订单0060245992创建成功开票：0920835973,S,1,成功
ZRTC20260424025,1-7Z1TIM,QC@79266809,12162106,HLB-27defe56-41de-11f0-8cdb-0c42a112278c,1000.0,-400.26,0,60245992,,920835973,2026-04-26,12:21:30,销售订单0060245992创建成功开票：0920835973,S,1,成功
ZRTC20260424025,1-7Z1TIM,QC@79266811,12162106,HLB-27defbf4-41de-11f0-8cdb-0c42a112278c,1000.0,-400.26,0,60245992,,920835973,2026-04-26,12:21:30,销售订单0060245992创建成功开票：0920835973,S,1,成功
ZRTC20260424025,1-7Z1TIM,QC@79266812,12162106,HLB-27bc33b9-41de-11f0-8cdb-0c42a112278c,1000.0,-400.26,0,60245992,,920835973,2026-04-26,12:21:30,销售订单0060245992创建成功开票：0920835973,S,1,成功
ZRTC20260424025,1-7Z1TIM,QC@79266816,12162106,HLB-27defcc7-41de-11f0-8cdb-0c42a112278c,1000.0,-400.26,0,60245992,,920835973,2026-04-26,12:21:30,销售订单0060245992创建成功开票：0920835973,S,1,成功
ZRTC20260424025,1-7Z1TIM,QC@79266817,12162106,HLB-27defa79-41de-11f0-8cdb-0c42a112278c,1000.0,-400.26,0,60245992,,920835973,2026-04-26,12:21:30,销售订单0060245992创建成功开票：0920835973,S,1,成功
ZRTC20260424025,1-7Z1TIM,QC@79266820,12162106,HLB-27bc3252-41de-11f0-8cdb-0c42a112278c,1000.0,-400.26,0,60245992,,920835973,2026-04-26,12:21:30,销售订单0060245992创建成功开票：0920835973,S,1,成功
ZRTC20260424025,1-7Z1TIM,QC@79266821,12162106,HLB-27bc3329-41de-11f0-8cdb-0c42a112278c,1000.0,-400.26,0,60245992,,920835973,2026-04-26,12:21:30,销售订单0060245992创建成功开票：0920835973,S,1,成功
ZRTC20260424025,1-7Z1TIM,QC@79266822,12162106,HLB-27f4b51a-41de-11f0-8cdb-0c42a112278c,1000.0,-400.26,0,60245992,,920835973,2026-04-26,12:21:30,销售订单0060245992创建成功开票：0920835973,S,1,成功
ZRTC20260424025,1-7Z1TIM,QC@79266826,12162106,HLB-27defe2e-41de-11f0-8cdb-0c42a112278c,1000.0,-400.26,0,60245992,,920835973,2026-04-26,12:21:30,销售订单0060245992创建成功开票：0920835973,S,1,成功
ZRTC20260424025,1-7Z1TIM,QC@79266827,12162106,HLB-27bc313b-41de-11f0-8cdb-0c42a112278c,1000.0,-400.26,0,60245992,,920835973,2026-04-26,12:21:30,销售订单0060245992创建成功开票：0920835973,S,1,成功
ZRTC20260424025,1-7Z1TIM,QC@79266828,12162106,HLB-27bc32f9-41de-11f0-8cdb-0c42a112278c,1000.0,-400.26,0,60245992,,920835973,2026-04-26,12:21:30,销售订单0060245992创建成功开票：0920835973,S,1,成功
ZRTC20260424025,1-7Z1TIM,QC@79266830,12162106,HLB-27bc328c-41de-11f0-8cdb-0c42a112278c,1000.0,-400.26,0,60245992,,920835973,2026-04-26,12:21:30,销售订单0060245992创建成功开票：0920835973,S,1,成功
ZRTC20260424025,1-7Z1TIM,QC@79266832,12162106,HLB-27defafa-41de-11f0-8cdb-0c42a112278c,1000.0,-400.26,0,60245992,,920835973,2026-04-26,12:21:30,销售订单0060245992创建成功开票：0920835973,S,1,成功
ZRTC20260424025,1-7Z1TIM,QC@79266833,12162106,HLB-27defea6-41de-11f0-8cdb-0c42a112278c,1000.0,-400.26,0,60245992,,920835973,2026-04-26,12:21:30,销售订单0060245992创建成功开票：0920835973,S,1,成功
ZRTC20260424025,1-7Z1TIM,QC@79266834,12162106,HLB-27bc338a-41de-11f0-8cdb-0c42a112278c,1000.0,-400.26,0,60245992,,920835973,2026-04-26,12:21:30,销售订单0060245992创建成功开票：0920835973,S,1,成功
ZRTC20260424025,1-7Z1TIM,QC@79266837,12162106,HLB-27defd15-41de-11f0-8cdb-0c42a112278c,1000.0,-400.26,0,60245992,,920835973,2026-04-26,12:21:30,销售订单0060245992创建成功开票：0920835973,S,1,成功
ZRTC20260424025,1-7Z1TIM,QC@79266841,12162106,HLB-27f4b454-41de-11f0-8cdb-0c42a112278c,1000.0,-400.26,0,60245992,,920835973,2026-04-26,12:21:30,销售订单0060245992创建成功开票：0920835973,S,1,成功
ZRTC20260424025,1-7Z1TIM,QC@79266842,12162106,HLB-27defcef-41de-11f0-8cdb-0c42a112278c,1000.0,-400.26,0,60245992,,920835973,2026-04-26,12:21:30,销售订单0060245992创建成功开票：0920835973,S,1,成功
ZRTC20260424025,1-7Z1TIM,QC@79266844,12162106,HLB-27defe06-41de-11f0-8cdb-0c42a112278c,1000.0,-400.26,0,60245992,,920835973,2026-04-26,12:21:30,销售订单0060245992创建成功开票：0920835973,S,1,成功
ZRTC20260424025,1-7Z1TIM,QC@79266850,12162106,HLB-27defe7f-41de-11f0-8cdb-0c42a112278c,1000.0,-400.26,0,60245992,,920835973,2026-04-26,12:21:30,销售订单0060245992创建成功开票：0920835973,S,1,成功
ZRTC20260424025,1-7Z1TIM,QC@79266851,12162106,HLB-27bc3359-41de-11f0-8cdb-0c42a112278c,1000.0,-400.26,0,60245992,,920835973,2026-04-26,12:21:30,销售订单0060245992创建成功开票：0920835973,S,1,成功
ZRTC20260424025,1-7Z1TIM,QC@79266853,12162106,HLB-27bc321f-41de-11f0-8cdb-0c42a112278c,1000.0,-400.26,0,60245992,,920835973,2026-04-26,12:21:30,销售订单0060245992创建成功开票：0920835973,S,1,成功
ZRTC20260424025,1-7Z1TIM,QC@79266854,12162106,HLB-27defc6f-41de-11f0-8cdb-0c42a112278c,1000.0,-400.26,0,60245992,,920835973,2026-04-26,12:21:30,销售订单0060245992创建成功开票：0920835973,S,1,成功
ZRTC20260424025,1-7Z1TIM,QC@79266855,12162106,HLB-27f4b4a5-41de-11f0-8cdb-0c42a112278c,1000.0,-400.26,0,60245992,,920835973,2026-04-26,12:21:30,销售订单0060245992创建成功开票：0920835973,S,1,成功
ZRTC20260424025,1-7Z1TIM,QC@79266857,12162106,HLB-27defba0-41de-11f0-8cdb-0c42a112278c,1000.0,-400.26,0,60245992,,920835973,2026-04-26,12:21:30,销售订单0060245992创建成功开票：0920835973,S,1,成功
ZRTC20260424025,1-7Z1TIM,QC@79266859,12162106,HLB-27bc3443-41de-11f0-8cdb-0c42a112278c,1000.0,-400.26,0,60245992,,920835973,2026-04-26,12:21:30,销售订单0060245992创建成功开票：0920835973,S,1,成功
ZRTC20260424025,1-7Z1TIM,QC@79266860,12162106,HLB-27f4b4cc-41de-11f0-8cdb-0c42a112278c,1000.0,-400.26,0,60245992,,920835973,2026-04-26,12:21:30,销售订单0060245992创建成功开票：0920835973,S,1,成功
ZRTC20260424025,1-7Z1TIM,QC@79266861,12162106,HLB-27defeef-41de-11f0-8cdb-0c42a112278c,1000.0,-400.26,0,60245992,,920835973,2026-04-26,12:21:30,销售订单0060245992创建成功开票：0920835973,S,1,成功
ZRTC20260424025,1-7Z1TIM,QC@79266863,12162106,HLB-27defdde-41de-11f0-8cdb-0c42a112278c,1000.0,-400.26,0,60245992,,920835973,2026-04-26,12:21:30,销售订单0060245992创建成功开票：0920835973,S,1,成功
ZRTC20260424025,1-7Z1TIM,QC@79266864,12162106,HLB-27defbca-41de-11f0-8cdb-0c42a112278c,1000.0,-400.26,0,60245992,,920835973,2026-04-26,12:21:30,销售订单0060245992创建成功开票：0920835973,S,1,成功
ZRTC20260424025,1-7Z1TIM,QC@79266866,12162106,HLB-27defc45-41de-11f0-8cdb-0c42a112278c,1000.0,-400.26,0,60245992,,920835973,2026-04-26,12:21:30,销售订单0060245992创建成功开票：0920835973,S,1,成功
ZRTC20260424025,1-7Z1TIM,QC@79266867,12162106,HLB-27bc31d0-41de-11f0-8cdb-0c42a112278c,1000.0,-400.26,0,60245992,,920835973,2026-04-26,12:21:30,销售订单0060245992创建成功开票：0920835973,S,1,成功
ZRTC20260424025,1-7Z1TIM,QC@79266869,12162106,HLB-27f4b56a-41de-11f0-8cdb-0c42a112278c,1000.0,-400.26,0,60245992,,920835973,2026-04-26,12:21:30,销售订单0060245992创建成功开票：0920835973,S,1,成功
ZRTC20260424025,1-7Z1TIM,QC@79266870,12162106,HLB-27defb42-41de-11f0-8cdb-0c42a112278c,1000.0,-400.26,0,60245992,,920835973,2026-04-26,12:21:30,销售订单0060245992创建成功开票：0920835973,S,1,成功
ZRTC20260424025,1-7Z1TIM,QC@79266871,12162106,HLB-27f4b4f4-41de-11f0-8cdb-0c42a112278c,1000.0,-400.26,0,60245992,,920835973,2026-04-26,12:21:30,销售订单0060245992创建成功开票：0920835973,S,1,成功
ZRTC20260424025,1-7Z1TIM,QC@79266873,12162106,HLB-27defdb6-41de-11f0-8cdb-0c42a112278c,1000.0,-400.26,0,60245992,,920835973,2026-04-26,12:21:30,销售订单0060245992创建成功开票：0920835973,S,1,成功
ZRTC20260424025,1-7Z1TIM,QC@79266875,12162106,HLB-27defc1d-41de-11f0-8cdb-0c42a112278c,1000.0,-400.26,0,60245992,,920835973,2026-04-26,12:21:30,销售订单0060245992创建成功开票：0920835973,S,1,成功
ZRTC20260424025,1-7Z1TIM,QC@79266877,12162106,HLB-27bc32c0-41de-11f0-8cdb-0c42a112278c,1000.0,-400.26,0,60245992,,920835973,2026-04-26,12:21:30,销售订单0060245992创建成功开票：0920835973,S,1,成功
ZRTC20260424025,1-7Z1TIM,QC@79266878,12162106,HLB-27defd3d-41de-11f0-8cdb-0c42a112278c,1000.0,-400.26,0,60245992,,920835973,2026-04-26,12:21:30,销售订单0060245992创建成功开票：0920835973,S,1,成功
ZRTC20260424025,1-7Z1TIM,QC@79266879,12162106,HLB-27bc33e9-41de-11f0-8cdb-0c42a112278c,1000.0,-400.26,0,60245992,,920835973,2026-04-26,12:21:30,销售订单0060245992创建成功开票：0920835973,S,1,成功
ZRTC20260424025,1-7Z1TIM,QC@79266880,12162106,HLB-27bc3184-41de-11f0-8cdb-0c42a112278c,1000.0,-400.26,0,60245992,,920835973,2026-04-26,12:21:30,销售订单0060245992创建成功开票：0920835973,S,1,成功
ZRTC20260424025,1-7Z1TIM,QC@79266882,12162106,HLB-27f4b47c-41de-11f0-8cdb-0c42a112278c,1000.0,-400.26,0,60245992,,920835973,2026-04-26,12:21:30,销售订单0060245992创建成功开票：0920835973,S,1,成功
ZRTC20260424025,1-7Z1TIM,QC@79266883,12162106,HLB-27defc97-41de-11f0-8cdb-0c42a112278c,1000.0,-400.26,0,60245992,,920835973,2026-04-26,12:21:30,销售订单0060245992创建成功开票：0920835973,S,1,成功
ZRTC20260424025,1-7Z1TIM,QC@79266889,12162106,HLB-27bc3415-41de-11f0-8cdb-0c42a112278c,1000.0,-400.26,0,60245992,,920835973,2026-04-26,12:21:30,销售订单0060245992创建成功开票：0920835973,S,1,成功
ZRTC20260424025,1-7Z1TIM,QC@79266892,12162106,HLB-27defd8e-41de-11f0-8cdb-0c42a112278c,1000.0,-400.26,0,60245992,,920835973,2026-04-26,12:21:30,销售订单0060245992创建成功开票：0920835973,S,1,成功
ZRTC20260424025,1-7Z1TIM,QC@79266896,12162106,HLB-27defb71-41de-11f0-8cdb-0c42a112278c,1000.0,-400.26,0,60245992,,920835973,2026-04-26,12:21:30,销售订单0060245992创建成功开票：0920835973,S,1,成功
ZRTC20260424025,1-7Z1TIM,QC@79266900,12162106,HLB-27f4b428-41de-11f0-8cdb-0c42a112278c,1000.0,-400.26,0,60245992,,920835973,2026-04-26,12:21:30,销售订单0060245992创建成功开票：0920835973,S,1,成功
ZRTC20260424025,1-7Z1TIM,QC@79266903,12162106,HLB-27f4b542-41de-11f0-8cdb-0c42a112278c,1000.0,-400.26,0,60245992,,920835973,2026-04-26,12:21:30,销售订单0060245992创建成功开票：0920835973,S,1,成功
ZRTC20260424025,1-7Z1TIM,QC@79266904,12162106,HLB-27f4b3af-41de-11f0-8cdb-0c42a112278c,1000.0,-400.92,0,60245992,,920835973,2026-04-26,12:21:30,销售订单0060245992创建成功开票：0920835973,S,1,成功
ZRTC20260424025,1-7Z1TIN,QC@71626731,12516560,HLB-fa5cf9a2-587d-11f0-8cdb-0c42a112278c,1000.0,-346.61,0,60245992,,920835973,2026-04-26,12:21:30,销售订单0060245992创建成功开票：0920835973,S,1,成功
ZRTC20260424025,1-7Z1TIN,QC@74242411,12410904,HLB-001f611a-5168-11f0-8cdb-0c42a112278c,1000.0,-346.61,0,60245992,,920835973,2026-04-26,12:21:30,销售订单0060245992创建成功开票：0920835973,S,1,成功
ZRTC20260424025,1-7Z1TIO,QC@78953500,12384616,HLB-4fedd37a-4fca-11f0-8cdb-0c42a112278c,1000.0,-558.06,0,60245992,,920835973,2026-04-26,12:21:30,销售订单0060245992创建成功开票：0920835973,S,1,成功
ZRTC20260424025,1-7Z1TIP,QC@75857571,12416211,HLB-591fcb6a-518b-11f0-8cdb-0c42a112278c,1000.0,-281.3,0,60245992,,920835973,2026-04-26,12:21:30,销售订单0060245992创建成功开票：0920835973,S,1,成功
ZRTC20260424025,1-7Z1TIP,QC@75857572,12416211,HLB-591fcbc3-518b-11f0-8cdb-0c42a112278c,1000.0,-281.3,0,60245992,,920835973,2026-04-26,12:21:30,销售订单0060245992创建成功开票：0920835973,S,1,成功
ZRTC20260424025,1-7Z1TIP,QC@75857573,12416211,HLB-591fcb40-518b-11f0-8cdb-0c42a112278c,1000.0,-281.3,0,60245992,,920835973,2026-04-26,12:21:30,销售订单0060245992创建成功开票：0920835973,S,1,成功
ZRTC20260424025,1-7Z1TIP,QC@75857574,12416211,HLB-591fcb57-518b-11f0-8cdb-0c42a112278c,1000.0,-281.3,0,60245992,,920835973,2026-04-26,12:21:30,销售订单0060245992创建成功开票：0920835973,S,1,成功
ZRTC20260424025,1-7Z1TIP,QC@75857575,12416211,HLB-591fcb7e-518b-11f0-8cdb-0c42a112278c,1000.0,-281.3,0,60245992,,920835973,2026-04-26,12:21:30,销售订单0060245992创建成功开票：0920835973,S,1,成功
ZRTC20260424025,1-7Z1TIP,QC@75857576,12416211,HLB-591fcb95-518b-11f0-8cdb-0c42a112278c,1000.0,-281.3,0,60245992,,920835973,2026-04-26,12:21:30,销售订单0060245992创建成功开票：0920835973,S,1,成功
ZRTC20260424025,1-7Z1TIP,QC@75857577,12416211,HLB-591fcb2b-518b-11f0-8cdb-0c42a112278c,1000.0,-281.3,0,60245992,,920835973,2026-04-26,12:21:30,销售订单0060245992创建成功开票：0920835973,S,1,成功
ZRTC20260424025,1-7Z1TIP,QC@75857578,12416211,HLB-591fcb18-518b-11f0-8cdb-0c42a112278c,1000.0,-281.3,0,60245992,,920835973,2026-04-26,12:21:30,销售订单0060245992创建成功开票：0920835973,S,1,成功
ZRTC20260424025,1-7Z1TIP,QC@75857579,12416211,HLB-591fcaec-518b-11f0-8cdb-0c42a112278c,1000.0,-281.3,0,60245992,,920835973,2026-04-26,12:21:30,销售订单0060245992创建成功开票：0920835973,S,1,成功
ZRTC20260424025,1-7Z1TIP,QC@75857580,12416211,HLB-591fcbae-518b-11f0-8cdb-0c42a112278c,1000.0,-281.3,0,60245992,,920835973,2026-04-26,12:21:30,销售订单0060245992创建成功开票：0920835973,S,1,成功
ZRTC20260424025,1-7Z1TIP,QC@77342557,12508842,HLB-175043ab-570e-11f0-8cdb-0c42a112278c,1000.0,-281.3,0,60245992,,920835973,2026-04-26,12:21:30,销售订单0060245992创建成功开票：0920835973,S,1,成功
ZRTC20260424025,1-7Z1TIP,QC@77342559,12508842,HLB-175043c3-570e-11f0-8cdb-0c42a112278c,1000.0,-281.3,0,60245992,,920835973,2026-04-26,12:21:30,销售订单0060245992创建成功开票：0920835973,S,1,成功
ZRTC20260424025,1-7Z1TIP,QC@77342560,12508842,HLB-175043dd-570e-11f0-8cdb-0c42a112278c,1000.0,-281.31,0,60245992,,920835973,2026-04-26,12:21:30,销售订单0060245992创建成功开票：0920835973,S,1,成功
ZRTC20260424025,1-7Z1TIQ,QC@70800273,12517981,HLB-04b07d59-5898-11f0-8cdb-0c42a112278c,1000.0,-282.06,0,60245992,,920835973,2026-04-26,12:21:30,销售订单0060245992创建成功开票：0920835973,S,1,成功
ZRTC20260424025,1-7Z1TIQ,QC@70800274,12517981,HLB-04b07c9c-5898-11f0-8cdb-0c42a112278c,1000.0,-282.06,0,60245992,,920835973,2026-04-26,12:21:30,销售订单0060245992创建成功开票：0920835973,S,1,成功
ZRTC20260424025,1-7Z1TIQ,QC@70800275,12517981,HLB-04b07d9a-5898-11f0-8cdb-0c42a112278c,1000.0,-282.06,0,60245992,,920835973,2026-04-26,12:21:30,销售订单0060245992创建成功开票：0920835973,S,1,成功
ZRTC20260424025,1-7Z1TIQ,QC@70800276,12517981,HLB-04b07bde-5898-11f0-8cdb-0c42a112278c,1000.0,-282.06,0,60245992,,920835973,2026-04-26,12:21:30,销售订单0060245992创建成功开票：0920835973,S,1,成功
ZRTC20260424025,1-7Z1TIQ,QC@70800277,12517981,HLB-04b07d86-5898-11f0-8cdb-0c42a112278c,1000.0,-282.06,0,60245992,,920835973,2026-04-26,12:21:30,销售订单0060245992创建成功开票：0920835973,S,1,成功
ZRTC20260424025,1-7Z1TIQ,QC@70800278,12517981,HLB-04b07b7f-5898-11f0-8cdb-0c42a112278c,1000.0,-282.06,0,60245992,,920835973,2026-04-26,12:21:30,销售订单0060245992创建成功开票：0920835973,S,1,成功
ZRTC20260424025,1-7Z1TIQ,QC@70800279,12517981,HLB-04b07ced-5898-11f0-8cdb-0c42a112278c,1000.0,-282.06,0,60245992,,920835973,2026-04-26,12:21:30,销售订单0060245992创建成功开票：0920835973,S,1,成功
ZRTC20260424025,1-7Z1TIQ,QC@70800280,12517981,HLB-04b07d42-5898-11f0-8cdb-0c42a112278c,1000.0,-282.06,0,60245992,,920835973,2026-04-26,12:21:30,销售订单0060245992创建成功开票：0920835973,S,1,成功
ZRTC20260424025,1-7Z1TIQ,QC@70800281,12517981,HLB-04b07bc8-5898-11f0-8cdb-0c42a112278c,1000.0,-282.06,0,60245992,,920835973,2026-04-26,12:21:30,销售订单0060245992创建成功开票：0920835973,S,1,成功
ZRTC20260424025,1-7Z1TIQ,QC@70800282,12517981,HLB-04b07caf-5898-11f0-8cdb-0c42a112278c,1000.0,-282.06,0,60245992,,920835973,2026-04-26,12:21:30,销售订单0060245992创建成功开票：0920835973,S,1,成功
ZRTC20260424025,1-7Z1TIQ,QC@70800283,12517981,HLB-04b07b68-5898-11f0-8cdb-0c42a112278c,1000.0,-282.06,0,60245992,,920835973,2026-04-26,12:21:30,销售订单0060245992创建成功开票：0920835973,S,1,成功
ZRTC20260424025,1-7Z1TIQ,QC@70800284,12517981,HLB-04b07c21-5898-11f0-8cdb-0c42a112278c,1000.0,-282.06,0,60245992,,920835973,2026-04-26,12:21:30,销售订单0060245992创建成功开票：0920835973,S,1,成功
ZRTC20260424025,1-7Z1TIQ,QC@70800285,12517981,HLB-04b07d04-5898-11f0-8cdb-0c42a112278c,1000.0,-282.06,0,60245992,,920835973,2026-04-26,12:21:30,销售订单0060245992创建成功开票：0920835973,S,1,成功
ZRTC20260424025,1-7Z1TIQ,QC@70800286,12517981,HLB-04b07b37-5898-11f0-8cdb-0c42a112278c,1000.0,-282.06,0,60245992,,920835973,2026-04-26,12:21:30,销售订单0060245992创建成功开票：0920835973,S,1,成功
ZRTC20260424025,1-7Z1TIQ,QC@70800287,12517981,HLB-04b07bb0-5898-11f0-8cdb-0c42a112278c,1000.0,-282.06,0,60245992,,920835973,2026-04-26,12:21:30,销售订单0060245992创建成功开票：0920835973,S,1,成功
ZRTC20260424025,1-7Z1TIQ,QC@70800288,12517981,HLB-04b07c0a-5898-11f0-8cdb-0c42a112278c,1000.0,-282.06,0,60245992,,920835973,2026-04-26,12:21:30,销售订单0060245992创建成功开票：0920835973,S,1,成功
ZRTC20260424025,1-7Z1TIQ,QC@70800289,12517981,HLB-04b07c49-5898-11f0-8cdb-0c42a112278c,1000.0,-282.06,0,60245992,,920835973,2026-04-26,12:21:30,销售订单0060245992创建成功开票：0920835973,S,1,成功
ZRTC20260424025,1-7Z1TIQ,QC@70800290,12517981,HLB-04b07c88-5898-11f0-8cdb-0c42a112278c,1000.0,-282.06,0,60245992,,920835973,2026-04-26,12:21:30,销售订单0060245992创建成功开票：0920835973,S,1,成功
ZRTC20260424025,1-7Z1TIQ,QC@70800291,12517981,HLB-04b07cc2-5898-11f0-8cdb-0c42a112278c,1000.0,-282.06,0,60245992,,920835973,2026-04-26,12:21:30,销售订单0060245992创建成功开票：0920835973,S,1,成功
ZRTC20260424025,1-7Z1TIQ,QC@70800292,12517981,HLB-04b07d17-5898-11f0-8cdb-0c42a112278c,1000.0,-282.06,0,60245992,,920835973,2026-04-26,12:21:30,销售订单0060245992创建成功开票：0920835973,S,1,成功
ZRTC20260424025,1-7Z1TIQ,QC@70800293,12517981,HLB-04b07c5f-5898-11f0-8cdb-0c42a112278c,1000.0,-282.06,0,60245992,,920835973,2026-04-26,12:21:30,销售订单0060245992创建成功开票：0920835973,S,1,成功
ZRTC20260424025,1-7Z1TIQ,QC@70800294,12517981,HLB-04b07bf5-5898-11f0-8cdb-0c42a112278c,1000.0,-282.06,0,60245992,,920835973,2026-04-26,12:21:30,销售订单0060245992创建成功开票：0920835973,S,1,成功
ZRTC20260424025,1-7Z1TIQ,QC@70800295,12517981,HLB-04b07c35-5898-11f0-8cdb-0c42a112278c,1000.0,-282.06,0,60245992,,920835973,2026-04-26,12:21:30,销售订单0060245992创建成功开票：0920835973,S,1,成功
ZRTC20260424025,1-7Z1TIQ,QC@70800296,12517981,HLB-04b07cd8-5898-11f0-8cdb-0c42a112278c,1000.0,-282.06,0,60245992,,920835973,2026-04-26,12:21:30,销售订单0060245992创建成功开票：0920835973,S,1,成功
ZRTC20260424025,1-7Z1TIQ,QC@70800297,12517981,HLB-04b07b52-5898-11f0-8cdb-0c42a112278c,1000.0,-282.06,0,60245992,,920835973,2026-04-26,12:21:30,销售订单0060245992创建成功开票：0920835973,S,1,成功
ZRTC20260424025,1-7Z1TIQ,QC@70800298,12517981,HLB-04b07b95-5898-11f0-8cdb-0c42a112278c,1000.0,-282.06,0,60245992,,920835973,2026-04-26,12:21:30,销售订单0060245992创建成功开票：0920835973,S,1,成功
ZRTC20260424025,1-7Z1TIQ,QC@70800299,12517981,HLB-04b07c74-5898-11f0-8cdb-0c42a112278c,1000.0,-282.06,0,60245992,,920835973,2026-04-26,12:21:30,销售订单0060245992创建成功开票：0920835973,S,1,成功
ZRTC20260424025,1-7Z1TIQ,QC@70800300,12517981,HLB-04b07d2b-5898-11f0-8cdb-0c42a112278c,1000.0,-282.06,0,60245992,,920835973,2026-04-26,12:21:30,销售订单0060245992创建成功开票：0920835973,S,1,成功
ZRTC20260424025,1-7Z1TIQ,QC@70800301,12517981,HLB-04b07aeb-5898-11f0-8cdb-0c42a112278c,1000.0,-282.06,0,60245992,,920835973,2026-04-26,12:21:30,销售订单0060245992创建成功开票：0920835973,S,1,成功
ZRTC20260424025,1-7Z1TIQ,QC@70800302,12517981,HLB-04b07d6d-5898-11f0-8cdb-0c42a112278c,1000.0,-282.06,0,60245992,,920835973,2026-04-26,12:21:30,销售订单0060245992创建成功开票：0920835973,S,1,成功
ZRTC20260424025,1-7Z1TIQ,QC@72495824,12375045,HLB-0dead104-4f18-11f0-8cdb-0c42a112278c,1000.0,-282.06,0,60245992,,920835973,2026-04-26,12:21:30,销售订单0060245992创建成功开票：0920835973,S,1,成功
ZRTC20260424025,1-7Z1TIQ,QC@72495825,12375045,HLB-0dead16e-4f18-11f0-8cdb-0c42a112278c,1000.0,-282.06,0,60245992,,920835973,2026-04-26,12:21:30,销售订单0060245992创建成功开票：0920835973,S,1,成功
ZRTC20260424025,1-7Z1TIQ,QC@72495826,12375045,HLB-0dead0dc-4f18-11f0-8cdb-0c42a112278c,1000.0,-282.06,0,60245992,,920835973,2026-04-26,12:21:30,销售订单0060245992创建成功开票：0920835973,S,1,成功
ZRTC20260424025,1-7Z1TIQ,QC@72495827,12375045,HLB-0dead183-4f18-11f0-8cdb-0c42a112278c,1000.0,-282.06,0,60245992,,920835973,2026-04-26,12:21:30,销售订单0060245992创建成功开票：0920835973,S,1,成功
ZRTC20260424025,1-7Z1TIQ,QC@72495828,12375045,HLB-0dead12d-4f18-11f0-8cdb-0c42a112278c,1000.0,-282.06,0,60245992,,920835973,2026-04-26,12:21:30,销售订单0060245992创建成功开票：0920835973,S,1,成功
ZRTC20260424025,1-7Z1TIQ,QC@72495829,12375045,HLB-0dead0c5-4f18-11f0-8cdb-0c42a112278c,1000.0,-282.06,0,60245992,,920835973,2026-04-26,12:21:30,销售订单0060245992创建成功开票：0920835973,S,1,成功
ZRTC20260424025,1-7Z1TIQ,QC@72495830,12375045,HLB-0dead089-4f18-11f0-8cdb-0c42a112278c,1000.0,-282.06,0,60245992,,920835973,2026-04-26,12:21:30,销售订单0060245992创建成功开票：0920835973,S,1,成功
ZRTC20260424025,1-7Z1TIQ,QC@72495831,12375045,HLB-0dead09e-4f18-11f0-8cdb-0c42a112278c,1000.0,-282.06,0,60245992,,920835973,2026-04-26,12:21:30,销售订单0060245992创建成功开票：0920835973,S,1,成功
ZRTC20260424025,1-7Z1TIQ,QC@72495832,12375045,HLB-0dead075-4f18-11f0-8cdb-0c42a112278c,1000.0,-282.06,0,60245992,,920835973,2026-04-26,12:21:30,销售订单0060245992创建成功开票：0920835973,S,1,成功
ZRTC20260424025,1-7Z1TIQ,QC@72495833,12375045,HLB-0dead119-4f18-11f0-8cdb-0c42a112278c,1000.0,-282.06,0,60245992,,920835973,2026-04-26,12:21:30,销售订单0060245992创建成功开票：0920835973,S,1,成功
ZRTC20260424025,1-7Z1TIQ,QC@72495834,12375045,HLB-0dead0f0-4f18-11f0-8cdb-0c42a112278c,1000.0,-282.06,0,60245992,,920835973,2026-04-26,12:21:30,销售订单0060245992创建成功开票：0920835973,S,1,成功
ZRTC20260424025,1-7Z1TIQ,QC@72495835,12375045,HLB-0dead196-4f18-11f0-8cdb-0c42a112278c,1000.0,-282.06,0,60245992,,920835973,2026-04-26,12:21:30,销售订单0060245992创建成功开票：0920835973,S,1,成功
ZRTC20260424025,1-7Z1TIQ,QC@72495836,12375045,HLB-0dead0b1-4f18-11f0-8cdb-0c42a112278c,1000.0,-282.06,0,60245992,,920835973,2026-04-26,12:21:30,销售订单0060245992创建成功开票：0920835973,S,1,成功
ZRTC20260424025,1-7Z1TIQ,QC@72495837,12375045,HLB-0dead157-4f18-11f0-8cdb-0c42a112278c,1000.0,-282.06,0,60245992,,920835973,2026-04-26,12:21:30,销售订单0060245992创建成功开票：0920835973,S,1,成功
ZRTC20260424025,1-7Z1TIQ,QC@72495838,12375045,HLB-0dead143-4f18-11f0-8cdb-0c42a112278c,1000.0,-282.06,0,60245992,,920835973,2026-04-26,12:21:30,销售订单0060245992创建成功开票：0920835973,S,1,成功
ZRTC20260424025,1-7Z1TIQ,QC@78597694,12512473,HLB-06a0895d-57bf-11f0-8cdb-0c42a112278c,1000.0,-282.06,0,60245992,,920835973,2026-04-26,12:21:30,销售订单0060245992创建成功开票：0920835973,S,1,成功
ZRTC20260424025,1-7Z1TIQ,QC@78597696,12512473,HLB-06a08929-57bf-11f0-8cdb-0c42a112278c,1000.0,-282.06,0,60245992,,920835973,2026-04-26,12:21:30,销售订单0060245992创建成功开票：0920835973,S,1,成功
ZRTC20260424025,1-7Z1TIQ,QC@79266814,12162106,HLB-27f4b556-41de-11f0-8cdb-0c42a112278c,1000.0,-282.06,0,60245992,,920835973,2026-04-26,12:21:30,销售订单0060245992创建成功开票：0920835973,S,1,成功
ZRTC20260424025,1-7Z1TIQ,QC@79266819,12162106,HLB-27f4b40e-41de-11f0-8cdb-0c42a112278c,1000.0,-282.06,0,60245992,,920835973,2026-04-26,12:21:30,销售订单0060245992创建成功开票：0920835973,S,1,成功
ZRTC20260424025,1-7Z1TIQ,QC@79266829,12162106,HLB-27f4b4b8-41de-11f0-8cdb-0c42a112278c,1000.0,-282.06,0,60245992,,920835973,2026-04-26,12:21:30,销售订单0060245992创建成功开票：0920835973,S,1,成功
ZRTC20260424025,1-7Z1TIQ,QC@79266836,12162106,HLB-27f4b52f-41de-11f0-8cdb-0c42a112278c,1000.0,-282.06,0,60245992,,920835973,2026-04-26,12:21:30,销售订单0060245992创建成功开票：0920835973,S,1,成功
ZRTC20260424025,1-7Z1TIQ,QC@79266846,12162106,HLB-27f4b43e-41de-11f0-8cdb-0c42a112278c,1000.0,-282.06,0,60245992,,920835973,2026-04-26,12:21:30,销售订单0060245992创建成功开票：0920835973,S,1,成功
ZRTC20260424025,1-7Z1TIQ,QC@79266847,12162106,HLB-27f4b492-41de-11f0-8cdb-0c42a112278c,1000.0,-282.06,0,60245992,,920835973,2026-04-26,12:21:30,销售订单0060245992创建成功开票：0920835973,S,1,成功
ZRTC20260424025,1-7Z1TIQ,QC@79266856,12162106,HLB-27f4b468-41de-11f0-8cdb-0c42a112278c,1000.0,-282.06,0,60245992,,920835973,2026-04-26,12:21:30,销售订单0060245992创建成功开票：0920835973,S,1,成功
ZRTC20260424025,1-7Z1TIQ,QC@79266887,12162106,HLB-27f4b57d-41de-11f0-8cdb-0c42a112278c,1000.0,-282.06,0,60245992,,920835973,2026-04-26,12:21:30,销售订单0060245992创建成功开票：0920835973,S,1,成功
ZRTC20260424025,1-7Z1TIQ,QC@79266894,12162106,HLB-27f4b4e0-41de-11f0-8cdb-0c42a112278c,1000.0,-282.06,0,60245992,,920835973,2026-04-26,12:21:30,销售订单0060245992创建成功开票：0920835973,S,1,成功
ZRTC20260424025,1-7Z1TIQ,QC@79266895,12162106,HLB-27f4b507-41de-11f0-8cdb-0c42a112278c,1000.0,-282.3,0,60245992,,920835973,2026-04-26,12:21:30,销售订单0060245992创建成功开票：0920835973,S,1,成功
ZRTC20260424025,1-7Z1TIR,QC@73914385,12538556,HLB-39ecef2f-5ba8-11f0-8cdb-0c42a112278c,1000.0,-311.73,0,60245992,,920835973,2026-04-26,12:21:30,销售订单0060245992创建成功开票：0920835973,S,1,成功
ZRTC20260424025,1-7Z1TIS,QC@70664827,12508837,HLB-170d9ec6-570e-11f0-8cdb-0c42a112278c,1000.0,-184.56,0,60245992,,920835973,2026-04-26,12:21:30,销售订单0060245992创建成功开票：0920835973,S,1,成功
ZRTC20260424025,1-7Z1TIS,QC@70664828,12508837,HLB-170d9e4b-570e-11f0-8cdb-0c42a112278c,1000.0,-184.56,0,60245992,,920835973,2026-04-26,12:21:30,销售订单0060245992创建成功开票：0920835973,S,1,成功
ZRTC20260424025,1-7Z1TIS,QC@70664830,12508837,HLB-170d9e24-570e-11f0-8cdb-0c42a112278c,1000.0,-184.56,0,60245992,,920835973,2026-04-26,12:21:30,销售订单0060245992创建成功开票：0920835973,S,1,成功
ZRTC20260424025,1-7Z1TIS,QC@70664831,12508837,HLB-170d9e37-570e-11f0-8cdb-0c42a112278c,1000.0,-184.56,0,60245992,,920835973,2026-04-26,12:21:30,销售订单0060245992创建成功开票：0920835973,S,1,成功
ZRTC20260424025,1-7Z1TIS,QC@70664832,12508837,HLB-170d9e76-570e-11f0-8cdb-0c42a112278c,1000.0,-184.56,0,60245992,,920835973,2026-04-26,12:21:30,销售订单0060245992创建成功开票：0920835973,S,1,成功
ZRTC20260424025,1-7Z1TIS,QC@70664833,12508837,HLB-170d9eb0-570e-11f0-8cdb-0c42a112278c,1000.0,-184.56,0,60245992,,920835973,2026-04-26,12:21:30,销售订单0060245992创建成功开票：0920835973,S,1,成功
ZRTC20260424025,1-7Z1TIS,QC@70664834,12508837,HLB-170d9e8a-570e-11f0-8cdb-0c42a112278c,1000.0,-184.56,0,60245992,,920835973,2026-04-26,12:21:30,销售订单0060245992创建成功开票：0920835973,S,1,成功
ZRTC20260424025,1-7Z1TIS,QC@70664839,12508837,HLB-170d9e5e-570e-11f0-8cdb-0c42a112278c,1000.0,-184.56,0,60245992,,920835973,2026-04-26,12:21:30,销售订单0060245992创建成功开票：0920835973,S,1,成功
ZRTC20260424025,1-7Z1TIS,QC@70664841,12508837,HLB-170d9eda-570e-11f0-8cdb-0c42a112278c,1000.0,-184.56,0,60245992,,920835973,2026-04-26,12:21:30,销售订单0060245992创建成功开票：0920835973,S,1,成功
ZRTC20260424025,1-7Z1TIS,QC@70664842,12508837,HLB-170d9e9d-570e-11f0-8cdb-0c42a112278c,1000.0,-184.56,0,60245992,,920835973,2026-04-26,12:21:30,销售订单0060245992创建成功开票：0920835973,S,1,成功
ZRTC20260424025,1-7Z1TIS,QC@70782782,12542815,HLB-d4e8a625-5c63-11f0-8cdb-0c42a112278c,1000.0,-184.56,0,60245992,,920835973,2026-04-26,12:21:30,销售订单0060245992创建成功开票：0920835973,S,1,成功
ZRTC20260424025,1-7Z1TIS,QC@70782784,12542815,HLB-d4e8a5b9-5c63-11f0-8cdb-0c42a112278c,1000.0,-184.56,0,60245992,,920835973,2026-04-26,12:21:30,销售订单0060245992创建成功开票：0920835973,S,1,成功
ZRTC20260424025,1-7Z1TIS,QC@70782785,12542815,HLB-d4e8a57c-5c63-11f0-8cdb-0c42a112278c,1000.0,-184.56,0,60245992,,920835973,2026-04-26,12:21:30,销售订单0060245992创建成功开票：0920835973,S,1,成功
ZRTC20260424025,1-7Z1TIS,QC@70782786,12542815,HLB-d4e8a5f3-5c63-11f0-8cdb-0c42a112278c,1000.0,-184.56,0,60245992,,920835973,2026-04-26,12:21:30,销售订单0060245992创建成功开票：0920835973,S,1,成功
ZRTC20260424025,1-7Z1TIS,QC@70782788,12542815,HLB-d4e8a5a2-5c63-11f0-8cdb-0c42a112278c,1000.0,-184.56,0,60245992,,920835973,2026-04-26,12:21:30,销售订单0060245992创建成功开票：0920835973,S,1,成功
ZRTC20260424025,1-7Z1TIS,QC@70782789,12542815,HLB-d4e8a569-5c63-11f0-8cdb-0c42a112278c,1000.0,-184.56,0,60245992,,920835973,2026-04-26,12:21:30,销售订单0060245992创建成功开票：0920835973,S,1,成功
ZRTC20260424025,1-7Z1TIS,QC@70782791,12542815,HLB-d4e8a555-5c63-11f0-8cdb-0c42a112278c,1000.0,-184.56,0,60245992,,920835973,2026-04-26,12:21:30,销售订单0060245992创建成功开票：0920835973,S,1,成功
ZRTC20260424025,1-7Z1TIS,QC@70782793,12542815,HLB-d4e8a5cc-5c63-11f0-8cdb-0c42a112278c,1000.0,-184.56,0,60245992,,920835973,2026-04-26,12:21:30,销售订单0060245992创建成功开票：0920835973,S,1,成功
ZRTC20260424025,1-7Z1TIS,QC@70782795,12542815,HLB-d4e8a590-5c63-11f0-8cdb-0c42a112278c,1000.0,-184.56,0,60245992,,920835973,2026-04-26,12:21:30,销售订单0060245992创建成功开票：0920835973,S,1,成功
ZRTC20260424025,1-7Z1TIS,QC@70782796,12542815,HLB-d4e8a5e0-5c63-11f0-8cdb-0c42a112278c,1000.0,-184.56,0,60245992,,920835973,2026-04-26,12:21:30,销售订单0060245992创建成功开票：0920835973,S,1,成功
ZRTC20260424025,1-7Z1TIS,QC@72445323,12508827,HLB-16449504-570e-11f0-8cdb-0c42a112278c,1000.0,-184.56,0,60245992,,920835973,2026-04-26,12:21:30,销售订单0060245992创建成功开票：0920835973,S,1,成功
ZRTC20260424025,1-7Z1TIS,QC@72445324,12508827,HLB-16449533-570e-11f0-8cdb-0c42a112278c,1000.0,-184.56,0,60245992,,920835973,2026-04-26,12:21:30,销售订单0060245992创建成功开票：0920835973,S,1,成功
ZRTC20260424025,1-7Z1TIS,QC@72445325,12508827,HLB-1644951d-570e-11f0-8cdb-0c42a112278c,1000.0,-184.56,0,60245992,,920835973,2026-04-26,12:21:30,销售订单0060245992创建成功开票：0920835973,S,1,成功
ZRTC20260424025,1-7Z1TIS,QC@72445328,12508827,HLB-16240580-570e-11f0-8cdb-0c42a112278c,1000.0,-184.56,0,60245992,,920835973,2026-04-26,12:21:30,销售订单0060245992创建成功开票：0920835973,S,1,成功
ZRTC20260424025,1-7Z1TIS,QC@72445329,12508827,HLB-164495b7-570e-11f0-8cdb-0c42a112278c,1000.0,-184.56,0,60245992,,920835973,2026-04-26,12:21:30,销售订单0060245992创建成功开票：0920835973,S,1,成功
ZRTC20260424025,1-7Z1TIS,QC@72445331,12508827,HLB-1644969e-570e-11f0-8cdb-0c42a112278c,1000.0,-184.56,0,60245992,,920835973,2026-04-26,12:21:30,销售订单0060245992创建成功开票：0920835973,S,1,成功
ZRTC20260424025,1-7Z1TIS,QC@72445332,12508827,HLB-162405d4-570e-11f0-8cdb-0c42a112278c,1000.0,-184.56,0,60245992,,920835973,2026-04-26,12:21:30,销售订单0060245992创建成功开票：0920835973,S,1,成功
ZRTC20260424025,1-7Z1TIS,QC@72445334,12508827,HLB-162405ac-570e-11f0-8cdb-0c42a112278c,1000.0,-184.56,0,60245992,,920835973,2026-04-26,12:21:30,销售订单0060245992创建成功开票：0920835973,S,1,成功
ZRTC20260424025,1-7Z1TIS,QC@72445335,12508827,HLB-164495cc-570e-11f0-8cdb-0c42a112278c,1000.0,-184.56,0,60245992,,920835973,2026-04-26,12:21:30,销售订单0060245992创建成功开票：0920835973,S,1,成功
ZRTC20260424025,1-7Z1TIS,QC@72445341,12508827,HLB-1644960a-570e-11f0-8cdb-0c42a112278c,1000.0,-184.56,0,60245992,,920835973,2026-04-26,12:21:30,销售订单0060245992创建成功开票：0920835973,S,1,成功
ZRTC20260424025,1-7Z1TIS,QC@72445342,12508827,HLB-16240554-570e-11f0-8cdb-0c42a112278c,1000.0,-184.56,0,60245992,,920835973,2026-04-26,12:21:30,销售订单0060245992创建成功开票：0920835973,S,1,成功
ZRTC20260424025,1-7Z1TIS,QC@72445344,12508827,HLB-16449577-570e-11f0-8cdb-0c42a112278c,1000.0,-184.56,0,60245992,,920835973,2026-04-26,12:21:30,销售订单0060245992创建成功开票：0920835973,S,1,成功
ZRTC20260424025,1-7Z1TIS,QC@72445347,12508827,HLB-1644965a-570e-11f0-8cdb-0c42a112278c,1000.0,-184.56,0,60245992,,920835973,2026-04-26,12:21:30,销售订单0060245992创建成功开票：0920835973,S,1,成功
ZRTC20260424025,1-7Z1TIS,QC@72445349,12508827,HLB-1644932c-570e-11f0-8cdb-0c42a112278c,1000.0,-184.56,0,60245992,,920835973,2026-04-26,12:21:30,销售订单0060245992创建成功开票：0920835973,S,1,成功
ZRTC20260424025,1-7Z1TIS,QC@72445350,12508827,HLB-16449430-570e-11f0-8cdb-0c42a112278c,1000.0,-184.56,0,60245992,,920835973,2026-04-26,12:21:30,销售订单0060245992创建成功开票：0920835973,S,1,成功
ZRTC20260424025,1-7Z1TIS,QC@72445353,12508827,HLB-164492bb-570e-11f0-8cdb-0c42a112278c,1000.0,-184.56,0,60245992,,920835973,2026-04-26,12:21:30,销售订单0060245992创建成功开票：0920835973,S,1,成功
ZRTC20260424025,1-7Z1TIS,QC@72445354,12508827,HLB-16449383-570e-11f0-8cdb-0c42a112278c,1000.0,-184.56,0,60245992,,920835973,2026-04-26,12:21:30,销售订单0060245992创建成功开票：0920835973,S,1,成功
ZRTC20260424025,1-7Z1TIS,QC@72445355,12508827,HLB-164495a4-570e-11f0-8cdb-0c42a112278c,1000.0,-184.56,0,60245992,,920835973,2026-04-26,12:21:30,销售订单0060245992创建成功开票：0920835973,S,1,成功
ZRTC20260424025,1-7Z1TIS,QC@72445357,12508827,HLB-16449670-570e-11f0-8cdb-0c42a112278c,1000.0,-184.56,0,60245992,,920835973,2026-04-26,12:21:30,销售订单0060245992创建成功开票：0920835973,S,1,成功
ZRTC20260424025,1-7Z1TIS,QC@72445358,12508827,HLB-16449632-570e-11f0-8cdb-0c42a112278c,1000.0,-184.56,0,60245992,,920835973,2026-04-26,12:21:30,销售订单0060245992创建成功开票：0920835973,S,1,成功
ZRTC20260424025,1-7Z1TIS,QC@72445360,12508827,HLB-16449411-570e-11f0-8cdb-0c42a112278c,1000.0,-184.56,0,60245992,,920835973,2026-04-26,12:21:30,销售订单0060245992创建成功开票：0920835973,S,1,成功
ZRTC20260424025,1-7Z1TIS,QC@72445363,12508827,HLB-164493dd-570e-11f0-8cdb-0c42a112278c,1000.0,-184.56,0,60245992,,920835973,2026-04-26,12:21:30,销售订单0060245992创建成功开票：0920835973,S,1,成功
ZRTC20260424025,1-7Z1TIS,QC@72445365,12508827,HLB-162405ff-570e-11f0-8cdb-0c42a112278c,1000.0,-184.56,0,60245992,,920835973,2026-04-26,12:21:30,销售订单0060245992创建成功开票：0920835973,S,1,成功
ZRTC20260424025,1-7Z1TIS,QC@72445366,12508827,HLB-16449562-570e-11f0-8cdb-0c42a112278c,1000.0,-184.56,0,60245992,,920835973,2026-04-26,12:21:30,销售订单0060245992创建成功开票：0920835973,S,1,成功
ZRTC20260424025,1-7Z1TIS,QC@72445367,12508827,HLB-164493a1-570e-11f0-8cdb-0c42a112278c,1000.0,-184.56,0,60245992,,920835973,2026-04-26,12:21:30,销售订单0060245992创建成功开票：0920835973,S,1,成功
ZRTC20260424025,1-7Z1TIS,QC@72445368,12508827,HLB-164492f7-570e-11f0-8cdb-0c42a112278c,1000.0,-184.56,0,60245992,,920835973,2026-04-26,12:21:30,销售订单0060245992创建成功开票：0920835973,S,1,成功
ZRTC20260424025,1-7Z1TIS,QC@72445371,12508827,HLB-164495f5-570e-11f0-8cdb-0c42a112278c,1000.0,-184.56,0,60245992,,920835973,2026-04-26,12:21:30,销售订单0060245992创建成功开票：0920835973,S,1,成功
ZRTC20260424025,1-7Z1TIS,QC@72445372,12508827,HLB-16449311-570e-11f0-8cdb-0c42a112278c,1000.0,-184.56,0,60245992,,920835973,2026-04-26,12:21:30,销售订单0060245992创建成功开票：0920835973,S,1,成功
ZRTC20260424025,1-7Z1TIS,QC@72445373,12508827,HLB-16240567-570e-11f0-8cdb-0c42a112278c,1000.0,-184.56,0,60245992,,920835973,2026-04-26,12:21:30,销售订单0060245992创建成功开票：0920835973,S,1,成功
ZRTC20260424025,1-7Z1TIS,QC@72445374,12508827,HLB-1644923a-570e-11f0-8cdb-0c42a112278c,1000.0,-184.56,0,60245992,,920835973,2026-04-26,12:21:30,销售订单0060245992创建成功开票：0920835973,S,1,成功
ZRTC20260424025,1-7Z1TIS,QC@72445375,12508827,HLB-164492a3-570e-11f0-8cdb-0c42a112278c,1000.0,-184.56,0,60245992,,920835973,2026-04-26,12:21:30,销售订单0060245992创建成功开票：0920835973,S,1,成功
ZRTC20260424025,1-7Z1TIS,QC@72445376,12508827,HLB-164495e1-570e-11f0-8cdb-0c42a112278c,1000.0,-184.56,0,60245992,,920835973,2026-04-26,12:21:30,销售订单0060245992创建成功开票：0920835973,S,1,成功
ZRTC20260424025,1-7Z1TIS,QC@72445380,12508827,HLB-16449487-570e-11f0-8cdb-0c42a112278c,1000.0,-184.56,0,60245992,,920835973,2026-04-26,12:21:30,销售订单0060245992创建成功开票：0920835973,S,1,成功
ZRTC20260424025,1-7Z1TIS,QC@72445383,12508827,HLB-1644954d-570e-11f0-8cdb-0c42a112278c,1000.0,-184.56,0,60245992,,920835973,2026-04-26,12:21:30,销售订单0060245992创建成功开票：0920835973,S,1,成功
ZRTC20260424025,1-7Z1TIS,QC@72445388,12508827,HLB-1624053e-570e-11f0-8cdb-0c42a112278c,1000.0,-184.56,0,60245992,,920835973,2026-04-26,12:21:30,销售订单0060245992创建成功开票：0920835973,S,1,成功
ZRTC20260424025,1-7Z1TIS,QC@72445389,12508827,HLB-164494cb-570e-11f0-8cdb-0c42a112278c,1000.0,-184.56,0,60245992,,920835973,2026-04-26,12:21:30,销售订单0060245992创建成功开票：0920835973,S,1,成功
ZRTC20260424025,1-7Z1TIS,QC@72445390,12508827,HLB-1644961e-570e-11f0-8cdb-0c42a112278c,1000.0,-184.56,0,60245992,,920835973,2026-04-26,12:21:30,销售订单0060245992创建成功开票：0920835973,S,1,成功
ZRTC20260424025,1-7Z1TIS,QC@72445396,12508827,HLB-162405ec-570e-11f0-8cdb-0c42a112278c,1000.0,-184.56,0,60245992,,920835973,2026-04-26,12:21:30,销售订单0060245992创建成功开票：0920835973,S,1,成功
ZRTC20260424025,1-7Z1TIS,QC@72445397,12508827,HLB-164494aa-570e-11f0-8cdb-0c42a112278c,1000.0,-184.56,0,60245992,,920835973,2026-04-26,12:21:30,销售订单0060245992创建成功开票：0920835973,S,1,成功
ZRTC20260424025,1-7Z1TIS,QC@72445398,12508827,HLB-16240598-570e-11f0-8cdb-0c42a112278c,1000.0,-184.56,0,60245992,,920835973,2026-04-26,12:21:30,销售订单0060245992创建成功开票：0920835973,S,1,成功
ZRTC20260424025,1-7Z1TIS,QC@72445399,12508827,HLB-162405c0-570e-11f0-8cdb-0c42a112278c,1000.0,-184.56,0,60245992,,920835973,2026-04-26,12:21:30,销售订单0060245992创建成功开票：0920835973,S,1,成功
ZRTC20260424025,1-7Z1TIS,QC@72445400,12508827,HLB-16449647-570e-11f0-8cdb-0c42a112278c,1000.0,-184.56,0,60245992,,920835973,2026-04-26,12:21:30,销售订单0060245992创建成功开票：0920835973,S,1,成功
ZRTC20260424025,1-7Z1TIS,QC@72445403,12508827,HLB-164492da-570e-11f0-8cdb-0c42a112278c,1000.0,-184.56,0,60245992,,920835973,2026-04-26,12:21:30,销售订单0060245992创建成功开票：0920835973,S,1,成功
ZRTC20260424025,1-7Z1TIS,QC@72445408,12508827,HLB-164494e7-570e-11f0-8cdb-0c42a112278c,1000.0,-184.56,0,60245992,,920835973,2026-04-26,12:21:30,销售订单0060245992创建成功开票：0920835973,S,1,成功
ZRTC20260424025,1-7Z1TIS,QC@72445410,12508827,HLB-16449468-570e-11f0-8cdb-0c42a112278c,1000.0,-184.56,0,60245992,,920835973,2026-04-26,12:21:30,销售订单0060245992创建成功开票：0920835973,S,1,成功
ZRTC20260424025,1-7Z1TIS,QC@72445411,12508827,HLB-164493bf-570e-11f0-8cdb-0c42a112278c,1000.0,-184.56,0,60245992,,920835973,2026-04-26,12:21:30,销售订单0060245992创建成功开票：0920835973,S,1,成功
ZRTC20260424025,1-7Z1TIS,QC@72445415,12508827,HLB-16449686-570e-11f0-8cdb-0c42a112278c,1000.0,-184.56,0,60245992,,920835973,2026-04-26,12:21:30,销售订单0060245992创建成功开票：0920835973,S,1,成功
ZRTC20260424025,1-7Z1TIS,QC@72445417,12508827,HLB-164493f9-570e-11f0-8cdb-0c42a112278c,1000.0,-184.56,0,60245992,,920835973,2026-04-26,12:21:30,销售订单0060245992创建成功开票：0920835973,S,1,成功
ZRTC20260424025,1-7Z1TIS,QC@72445418,12508827,HLB-1644944a-570e-11f0-8cdb-0c42a112278c,1000.0,-184.56,0,60245992,,920835973,2026-04-26,12:21:30,销售订单0060245992创建成功开票：0920835973,S,1,成功
ZRTC20260424025,1-7Z1TIS,QC@72445421,12508827,HLB-1644958d-570e-11f0-8cdb-0c42a112278c,1000.0,-184.56,0,60245992,,920835973,2026-04-26,12:21:30,销售订单0060245992创建成功开票：0920835973,S,1,成功
ZRTC20260424025,1-7Z1TIS,QC@75331762,12508825,HLB-15dfdcc6-570e-11f0-8cdb-0c42a112278c,1000.0,-184.56,0,60245992,,920835973,2026-04-26,12:21:30,销售订单0060245992创建成功开票：0920835973,S,1,成功
ZRTC20260424025,1-7Z1TIS,QC@75331768,12508825,HLB-15dfdc76-570e-11f0-8cdb-0c42a112278c,1000.0,-184.56,0,60245992,,920835973,2026-04-26,12:21:30,销售订单0060245992创建成功开票：0920835973,S,1,成功
ZRTC20260424025,1-7Z1TIS,QC@75331769,12508825,HLB-15dfdc60-570e-11f0-8cdb-0c42a112278c,1000.0,-184.56,0,60245992,,920835973,2026-04-26,12:21:30,销售订单0060245992创建成功开票：0920835973,S,1,成功
ZRTC20260424025,1-7Z1TIS,QC@75331770,12508825,HLB-15dfdc9e-570e-11f0-8cdb-0c42a112278c,1000.0,-184.56,0,60245992,,920835973,2026-04-26,12:21:30,销售订单0060245992创建成功开票：0920835973,S,1,成功
ZRTC20260424025,1-7Z1TIS,QC@75331771,12508825,HLB-15dfdc25-570e-11f0-8cdb-0c42a112278c,1000.0,-184.56,0,60245992,,920835973,2026-04-26,12:21:30,销售订单0060245992创建成功开票：0920835973,S,1,成功
ZRTC20260424025,1-7Z1TIS,QC@75331772,12508825,HLB-15dfdcdb-570e-11f0-8cdb-0c42a112278c,1000.0,-184.56,0,60245992,,920835973,2026-04-26,12:21:30,销售订单0060245992创建成功开票：0920835973,S,1,成功
ZRTC20260424025,1-7Z1TIS,QC@75331776,12508825,HLB-15dfdc38-570e-11f0-8cdb-0c42a112278c,1000.0,-184.56,0,60245992,,920835973,2026-04-26,12:21:30,销售订单0060245992创建成功开票：0920835973,S,1,成功
ZRTC20260424025,1-7Z1TIS,QC@75331777,12508825,HLB-15dfdcb2-570e-11f0-8cdb-0c42a112278c,1000.0,-184.56,0,60245992,,920835973,2026-04-26,12:21:30,销售订单0060245992创建成功开票：0920835973,S,1,成功
ZRTC20260424025,1-7Z1TIS,QC@75331779,12508825,HLB-15dfdc8a-570e-11f0-8cdb-0c42a112278c,1000.0,-184.56,0,60245992,,920835973,2026-04-26,12:21:30,销售订单0060245992创建成功开票：0920835973,S,1,成功
ZRTC20260424025,1-7Z1TIS,QC@75331780,12508825,HLB-15dfdc4d-570e-11f0-8cdb-0c42a112278c,1000.0,-184.56,0,60245992,,920835973,2026-04-26,12:21:30,销售订单0060245992创建成功开票：0920835973,S,1,成功
ZRTC20260424025,1-7Z1TIS,QC@77176596,12508813,HLB-14a8fd1f-570e-11f0-8cdb-0c42a112278c,1000.0,-184.56,0,60245992,,920835973,2026-04-26,12:21:30,销售订单0060245992创建成功开票：0920835973,S,1,成功
ZRTC20260424025,1-7Z1TIS,QC@77176599,12508813,HLB-14a8fd7b-570e-11f0-8cdb-0c42a112278c,1000.0,-184.56,0,60245992,,920835973,2026-04-26,12:21:30,销售订单0060245992创建成功开票：0920835973,S,1,成功
ZRTC20260424025,1-7Z1TIS,QC@77176600,12508813,HLB-14a8fd03-570e-11f0-8cdb-0c42a112278c,1000.0,-184.56,0,60245992,,920835973,2026-04-26,12:21:30,销售订单0060245992创建成功开票：0920835973,S,1,成功
ZRTC20260424025,1-7Z1TIS,QC@77176601,12508813,HLB-14a8fc91-570e-11f0-8cdb-0c42a112278c,1000.0,-184.56,0,60245992,,920835973,2026-04-26,12:21:30,销售订单0060245992创建成功开票：0920835973,S,1,成功
ZRTC20260424025,1-7Z1TIS,QC@77176602,12508813,HLB-14a8fd67-570e-11f0-8cdb-0c42a112278c,1000.0,-184.56,0,60245992,,920835973,2026-04-26,12:21:30,销售订单0060245992创建成功开票：0920835973,S,1,成功
ZRTC20260424025,1-7Z1TIS,QC@77176603,12508813,HLB-14a8fceb-570e-11f0-8cdb-0c42a112278c,1000.0,-184.56,0,60245992,,920835973,2026-04-26,12:21:30,销售订单0060245992创建成功开票：0920835973,S,1,成功
ZRTC20260424025,1-7Z1TIS,QC@77176605,12508813,HLB-14a8fd52-570e-11f0-8cdb-0c42a112278c,1000.0,-184.56,0,60245992,,920835973,2026-04-26,12:21:30,销售订单0060245992创建成功开票：0920835973,S,1,成功
ZRTC20260424025,1-7Z1TIS,QC@77176607,12508813,HLB-14a8fd38-570e-11f0-8cdb-0c42a112278c,1000.0,-184.56,0,60245992,,920835973,2026-04-26,12:21:30,销售订单0060245992创建成功开票：0920835973,S,1,成功
ZRTC20260424025,1-7Z1TIS,QC@77176608,12508813,HLB-14a8fcd1-570e-11f0-8cdb-0c42a112278c,1000.0,-184.56,0,60245992,,920835973,2026-04-26,12:21:30,销售订单0060245992创建成功开票：0920835973,S,1,成功
ZRTC20260424025,1-7Z1TIS,QC@77176615,12508813,HLB-14a8fc2e-570e-11f0-8cdb-0c42a112278c,1000.0,-184.56,0,60245992,,920835973,2026-04-26,12:21:30,销售订单0060245992创建成功开票：0920835973,S,1,成功
ZRTC20260424025,1-7Z1TIS,QC@77921950,12508826,HLB-16009220-570e-11f0-8cdb-0c42a112278c,1000.0,-184.56,0,60245992,,920835973,2026-04-26,12:21:30,销售订单0060245992创建成功开票：0920835973,S,1,成功
ZRTC20260424025,1-7Z1TIS,QC@77921951,12508826,HLB-16009271-570e-11f0-8cdb-0c42a112278c,1000.0,-184.56,0,60245992,,920835973,2026-04-26,12:21:30,销售订单0060245992创建成功开票：0920835973,S,1,成功
ZRTC20260424025,1-7Z1TIS,QC@77921958,12508826,HLB-16009158-570e-11f0-8cdb-0c42a112278c,1000.0,-184.56,0,60245992,,920835973,2026-04-26,12:21:30,销售订单0060245992创建成功开票：0920835973,S,1,成功
ZRTC20260424025,1-7Z1TIS,QC@77921961,12508826,HLB-16009145-570e-11f0-8cdb-0c42a112278c,1000.0,-184.56,0,60245992,,920835973,2026-04-26,12:21:30,销售订单0060245992创建成功开票：0920835973,S,1,成功
ZRTC20260424025,1-7Z1TIS,QC@77921962,12508826,HLB-160091bd-570e-11f0-8cdb-0c42a112278c,1000.0,-184.56,0,60245992,,920835973,2026-04-26,12:21:30,销售订单0060245992创建成功开票：0920835973,S,1,成功
ZRTC20260424025,1-7Z1TIS,QC@77921963,12508826,HLB-16009248-570e-11f0-8cdb-0c42a112278c,1000.0,-184.56,0,60245992,,920835973,2026-04-26,12:21:30,销售订单0060245992创建成功开票：0920835973,S,1,成功
ZRTC20260424025,1-7Z1TIS,QC@77921964,12508826,HLB-1600920c-570e-11f0-8cdb-0c42a112278c,1000.0,-184.56,0,60245992,,920835973,2026-04-26,12:21:30,销售订单0060245992创建成功开票：0920835973,S,1,成功
ZRTC20260424025,1-7Z1TIS,QC@77921965,12508826,HLB-16009193-570e-11f0-8cdb-0c42a112278c,1000.0,-184.56,0,60245992,,920835973,2026-04-26,12:21:30,销售订单0060245992创建成功开票：0920835973,S,1,成功
ZRTC20260424025,1-7Z1TIS,QC@77921966,12508826,HLB-1600925e-570e-11f0-8cdb-0c42a112278c,1000.0,-184.56,0,60245992,,920835973,2026-04-26,12:21:30,销售订单0060245992创建成功开票：0920835973,S,1,成功
ZRTC20260424025,1-7Z1TIS,QC@77921967,12508826,HLB-160091e4-570e-11f0-8cdb-0c42a112278c,1000.0,-184.56,0,60245992,,920835973,2026-04-26,12:21:30,销售订单0060245992创建成功开票：0920835973,S,1,成功
ZRTC20260424025,1-7Z1TIS,QC@77921970,12508826,HLB-160091a8-570e-11f0-8cdb-0c42a112278c,1000.0,-184.56,0,60245992,,920835973,2026-04-26,12:21:30,销售订单0060245992创建成功开票：0920835973,S,1,成功
ZRTC20260424025,1-7Z1TIS,QC@77921972,12508826,HLB-160091f8-570e-11f0-8cdb-0c42a112278c,1000.0,-184.56,0,60245992,,920835973,2026-04-26,12:21:30,销售订单0060245992创建成功开票：0920835973,S,1,成功
ZRTC20260424025,1-7Z1TIS,QC@77921973,12508826,HLB-1600911c-570e-11f0-8cdb-0c42a112278c,1000.0,-184.56,0,60245992,,920835973,2026-04-26,12:21:30,销售订单0060245992创建成功开票：0920835973,S,1,成功
ZRTC20260424025,1-7Z1TIS,QC@77921975,12508826,HLB-16009235-570e-11f0-8cdb-0c42a112278c,1000.0,-184.56,0,60245992,,920835973,2026-04-26,12:21:30,销售订单0060245992创建成功开票：0920835973,S,1,成功
ZRTC20260424025,1-7Z1TIS,QC@77921983,12508826,HLB-1600916b-570e-11f0-8cdb-0c42a112278c,1000.0,-184.56,0,60245992,,920835973,2026-04-26,12:21:30,销售订单0060245992创建成功开票：0920835973,S,1,成功
ZRTC20260424025,1-7Z1TIS,QC@77921984,12508826,HLB-16009130-570e-11f0-8cdb-0c42a112278c,1000.0,-184.56,0,60245992,,920835973,2026-04-26,12:21:30,销售订单0060245992创建成功开票：0920835973,S,1,成功
ZRTC20260424025,1-7Z1TIS,QC@77921985,12508826,HLB-16009107-570e-11f0-8cdb-0c42a112278c,1000.0,-184.56,0,60245992,,920835973,2026-04-26,12:21:30,销售订单0060245992创建成功开票：0920835973,S,1,成功
ZRTC20260424025,1-7Z1TIS,QC@77921986,12508826,HLB-160091d1-570e-11f0-8cdb-0c42a112278c,1000.0,-184.56,0,60245992,,920835973,2026-04-26,12:21:30,销售订单0060245992创建成功开票：0920835973,S,1,成功
ZRTC20260424025,1-7Z1TIS,QC@77921987,12508826,HLB-16009285-570e-11f0-8cdb-0c42a112278c,1000.0,-184.56,0,60245992,,920835973,2026-04-26,12:21:30,销售订单0060245992创建成功开票：0920835973,S,1,成功
ZRTC20260424025,1-7Z1TIS,QC@77921988,12508826,HLB-1600917f-570e-11f0-8cdb-0c42a112278c,1000.0,-184.56,0,60245992,,920835973,2026-04-26,12:21:30,销售订单0060245992创建成功开票：0920835973,S,1,成功
ZRTC20260424025,1-7Z1TIS,QC@79487331,12512474,HLB-06dc2aac-57bf-11f0-8cdb-0c42a112278c,1000.0,-184.56,0,60245992,,920835973,2026-04-26,12:21:30,销售订单0060245992创建成功开票：0920835973,S,1,成功
ZRTC20260424025,1-7Z1TIS,QC@79487335,12512474,HLB-06c38d18-57bf-11f0-8cdb-0c42a112278c,1000.0,-184.56,0,60245992,,920835973,2026-04-26,12:21:30,销售订单0060245992创建成功开票：0920835973,S,1,成功
ZRTC20260424025,1-7Z1TIS,QC@79487336,12512474,HLB-06dc29fb-57bf-11f0-8cdb-0c42a112278c,1000.0,-184.56,0,60245992,,920835973,2026-04-26,12:21:30,销售订单0060245992创建成功开票：0920835973,S,1,成功
ZRTC20260424025,1-7Z1TIS,QC@79487337,12512474,HLB-06c38c8c-57bf-11f0-8cdb-0c42a112278c,1000.0,-184.56,0,60245992,,920835973,2026-04-26,12:21:30,销售订单0060245992创建成功开票：0920835973,S,1,成功
ZRTC20260424025,1-7Z1TIS,QC@79487338,12512474,HLB-06dc29b0-57bf-11f0-8cdb-0c42a112278c,1000.0,-184.56,0,60245992,,920835973,2026-04-26,12:21:30,销售订单0060245992创建成功开票：0920835973,S,1,成功
ZRTC20260424025,1-7Z1TIS,QC@79487344,12512474,HLB-06dc291f-57bf-11f0-8cdb-0c42a112278c,1000.0,-184.56,0,60245992,,920835973,2026-04-26,12:21:30,销售订单0060245992创建成功开票：0920835973,S,1,成功
ZRTC20260424025,1-7Z1TIS,QC@79487345,12512474,HLB-06c38bf9-57bf-11f0-8cdb-0c42a112278c,1000.0,-184.56,0,60245992,,920835973,2026-04-26,12:21:30,销售订单0060245992创建成功开票：0920835973,S,1,成功
ZRTC20260424025,1-7Z1TIS,QC@79487346,12512474,HLB-06c38d05-57bf-11f0-8cdb-0c42a112278c,1000.0,-184.56,0,60245992,,920835973,2026-04-26,12:21:30,销售订单0060245992创建成功开票：0920835973,S,1,成功
ZRTC20260424025,1-7Z1TIS,QC@79487347,12512474,HLB-06c38c75-57bf-11f0-8cdb-0c42a112278c,1000.0,-184.56,0,60245992,,920835973,2026-04-26,12:21:30,销售订单0060245992创建成功开票：0920835973,S,1,成功
ZRTC20260424025,1-7Z1TIS,QC@79487353,12512474,HLB-06dc2acd-57bf-11f0-8cdb-0c42a112278c,1000.0,-184.56,0,60245992,,920835973,2026-04-26,12:21:30,销售订单0060245992创建成功开票：0920835973,S,1,成功
ZRTC20260424025,1-7Z1TIS,QC@79487354,12512474,HLB-06dc298b-57bf-11f0-8cdb-0c42a112278c,1000.0,-184.56,0,60245992,,920835973,2026-04-26,12:21:30,销售订单0060245992创建成功开票：0920835973,S,1,成功
ZRTC20260424025,1-7Z1TIS,QC@79487355,12512474,HLB-06c38d7c-57bf-11f0-8cdb-0c42a112278c,1000.0,-184.56,0,60245992,,920835973,2026-04-26,12:21:30,销售订单0060245992创建成功开票：0920835973,S,1,成功
ZRTC20260424025,1-7Z1TIS,QC@79487359,12512474,HLB-06c38da4-57bf-11f0-8cdb-0c42a112278c,1000.0,-184.56,0,60245992,,920835973,2026-04-26,12:21:30,销售订单0060245992创建成功开票：0920835973,S,1,成功
ZRTC20260424025,1-7Z1TIS,QC@79487360,12512474,HLB-06c38e07-57bf-11f0-8cdb-0c42a112278c,1000.0,-184.56,0,60245992,,920835973,2026-04-26,12:21:30,销售订单0060245992创建成功开票：0920835973,S,1,成功
ZRTC20260424025,1-7Z1TIS,QC@79487362,12512474,HLB-06c38c4c-57bf-11f0-8cdb-0c42a112278c,1000.0,-184.56,0,60245992,,920835973,2026-04-26,12:21:30,销售订单0060245992创建成功开票：0920835973,S,1,成功
ZRTC20260424025,1-7Z1TIS,QC@79487364,12512474,HLB-06c38c61-57bf-11f0-8cdb-0c42a112278c,1000.0,-184.56,0,60245992,,920835973,2026-04-26,12:21:30,销售订单0060245992创建成功开票：0920835973,S,1,成功
ZRTC20260424025,1-7Z1TIS,QC@79487366,12512474,HLB-06c38c25-57bf-11f0-8cdb-0c42a112278c,1000.0,-184.56,0,60245992,,920835973,2026-04-26,12:21:30,销售订单0060245992创建成功开票：0920835973,S,1,成功
ZRTC20260424025,1-7Z1TIS,QC@79487368,12512474,HLB-06c38e1a-57bf-11f0-8cdb-0c42a112278c,1000.0,-184.56,0,60245992,,920835973,2026-04-26,12:21:30,销售订单0060245992创建成功开票：0920835973,S,1,成功
ZRTC20260424025,1-7Z1TIS,QC@79487369,12512474,HLB-06c38df3-57bf-11f0-8cdb-0c42a112278c,1000.0,-184.56,0,60245992,,920835973,2026-04-26,12:21:30,销售订单0060245992创建成功开票：0920835973,S,1,成功
ZRTC20260424025,1-7Z1TIS,QC@79487371,12512474,HLB-06c38d90-57bf-11f0-8cdb-0c42a112278c,1000.0,-184.56,0,60245992,,920835973,2026-04-26,12:21:30,销售订单0060245992创建成功开票：0920835973,S,1,成功
ZRTC20260424025,1-7Z1TIS,QC@79487374,12512474,HLB-06dc27d7-57bf-11f0-8cdb-0c42a112278c,1000.0,-184.56,0,60245992,,920835973,2026-04-26,12:21:30,销售订单0060245992创建成功开票：0920835973,S,1,成功
ZRTC20260424025,1-7Z1TIS,QC@79487375,12512474,HLB-06dc2832-57bf-11f0-8cdb-0c42a112278c,1000.0,-184.56,0,60245992,,920835973,2026-04-26,12:21:30,销售订单0060245992创建成功开票：0920835973,S,1,成功
ZRTC20260424025,1-7Z1TIS,QC@79487377,12512474,HLB-06c38be3-57bf-11f0-8cdb-0c42a112278c,1000.0,-184.56,0,60245992,,920835973,2026-04-26,12:21:30,销售订单0060245992创建成功开票：0920835973,S,1,成功
ZRTC20260424025,1-7Z1TIS,QC@79487380,12512474,HLB-06dc2941-57bf-11f0-8cdb-0c42a112278c,1000.0,-184.56,0,60245992,,920835973,2026-04-26,12:21:30,销售订单0060245992创建成功开票：0920835973,S,1,成功
ZRTC20260424025,1-7Z1TIS,QC@79487381,12512474,HLB-06dc2a67-57bf-11f0-8cdb-0c42a112278c,1000.0,-184.56,0,60245992,,920835973,2026-04-26,12:21:30,销售订单0060245992创建成功开票：0920835973,S,1,成功
ZRTC20260424025,1-7Z1TIS,QC@79487382,12512474,HLB-06dc29d8-57bf-11f0-8cdb-0c42a112278c,1000.0,-184.56,0,60245992,,920835973,2026-04-26,12:21:30,销售订单0060245992创建成功开票：0920835973,S,1,成功
ZRTC20260424025,1-7Z1TIS,QC@79487383,12512474,HLB-06dc2a1e-57bf-11f0-8cdb-0c42a112278c,1000.0,-184.56,0,60245992,,920835973,2026-04-26,12:21:30,销售订单0060245992创建成功开票：0920835973,S,1,成功
ZRTC20260424025,1-7Z1TIS,QC@79487384,12512474,HLB-06dc2a44-57bf-11f0-8cdb-0c42a112278c,1000.0,-184.56,0,60245992,,920835973,2026-04-26,12:21:30,销售订单0060245992创建成功开票：0920835973,S,1,成功
ZRTC20260424025,1-7Z1TIS,QC@79487385,12512474,HLB-06c38cb4-57bf-11f0-8cdb-0c42a112278c,1000.0,-184.56,0,60245992,,920835973,2026-04-26,12:21:30,销售订单0060245992创建成功开票：0920835973,S,1,成功
ZRTC20260424025,1-7Z1TIS,QC@79487386,12512474,HLB-06c38cf0-57bf-11f0-8cdb-0c42a112278c,1000.0,-184.56,0,60245992,,920835973,2026-04-26,12:21:30,销售订单0060245992创建成功开票：0920835973,S,1,成功
ZRTC20260424025,1-7Z1TIS,QC@79487389,12512474,HLB-06c38ca1-57bf-11f0-8cdb-0c42a112278c,1000.0,-184.56,0,60245992,,920835973,2026-04-26,12:21:30,销售订单0060245992创建成功开票：0920835973,S,1,成功
ZRTC20260424025,1-7Z1TIS,QC@79487390,12512474,HLB-06c38cc8-57bf-11f0-8cdb-0c42a112278c,1000.0,-184.56,0,60245992,,920835973,2026-04-26,12:21:30,销售订单0060245992创建成功开票：0920835973,S,1,成功
ZRTC20260424025,1-7Z1TIS,QC@79487392,12512474,HLB-06c38c11-57bf-11f0-8cdb-0c42a112278c,1000.0,-184.56,0,60245992,,920835973,2026-04-26,12:21:30,销售订单0060245992创建成功开票：0920835973,S,1,成功
ZRTC20260424025,1-7Z1TIS,QC@79487394,12512474,HLB-06c38e2f-57bf-11f0-8cdb-0c42a112278c,1000.0,-184.56,0,60245992,,920835973,2026-04-26,12:21:30,销售订单0060245992创建成功开票：0920835973,S,1,成功
ZRTC20260424025,1-7Z1TIS,QC@79487396,12512474,HLB-06dc2a8c-57bf-11f0-8cdb-0c42a112278c,1000.0,-184.56,0,60245992,,920835973,2026-04-26,12:21:30,销售订单0060245992创建成功开票：0920835973,S,1,成功
ZRTC20260424025,1-7Z1TIS,QC@79487397,12512474,HLB-06c38d41-57bf-11f0-8cdb-0c42a112278c,1000.0,-184.56,0,60245992,,920835973,2026-04-26,12:21:30,销售订单0060245992创建成功开票：0920835973,S,1,成功
ZRTC20260424025,1-7Z1TIS,QC@79487399,12512474,HLB-06dc28fa-57bf-11f0-8cdb-0c42a112278c,1000.0,-184.56,0,60245992,,920835973,2026-04-26,12:21:30,销售订单0060245992创建成功开票：0920835973,S,1,成功
ZRTC20260424025,1-7Z1TIS,QC@79487400,12512474,HLB-06c38db8-57bf-11f0-8cdb-0c42a112278c,1000.0,-184.56,0,60245992,,920835973,2026-04-26,12:21:30,销售订单0060245992创建成功开票：0920835973,S,1,成功
ZRTC20260424025,1-7Z1TIS,QC@79487402,12512474,HLB-06c38c39-57bf-11f0-8cdb-0c42a112278c,1000.0,-184.56,0,60245992,,920835973,2026-04-26,12:21:30,销售订单0060245992创建成功开票：0920835973,S,1,成功
ZRTC20260424025,1-7Z1TIS,QC@79487403,12512474,HLB-06c38dcc-57bf-11f0-8cdb-0c42a112278c,1000.0,-184.56,0,60245992,,920835973,2026-04-26,12:21:30,销售订单0060245992创建成功开票：0920835973,S,1,成功
ZRTC20260424025,1-7Z1TIS,QC@79487406,12512474,HLB-06dc28db-57bf-11f0-8cdb-0c42a112278c,1000.0,-184.56,0,60245992,,920835973,2026-04-26,12:21:30,销售订单0060245992创建成功开票：0920835973,S,1,成功
ZRTC20260424025,1-7Z1TIS,QC@79487409,12512474,HLB-06c38d69-57bf-11f0-8cdb-0c42a112278c,1000.0,-184.56,0,60245992,,920835973,2026-04-26,12:21:30,销售订单0060245992创建成功开票：0920835973,S,1,成功
ZRTC20260424025,1-7Z1TIS,QC@79487410,12512474,HLB-06c38de0-57bf-11f0-8cdb-0c42a112278c,1000.0,-184.56,0,60245992,,920835973,2026-04-26,12:21:30,销售订单0060245992创建成功开票：0920835973,S,1,成功
ZRTC20260424025,1-7Z1TIS,QC@79487412,12512474,HLB-06dc28b9-57bf-11f0-8cdb-0c42a112278c,1000.0,-184.56,0,60245992,,920835973,2026-04-26,12:21:30,销售订单0060245992创建成功开票：0920835973,S,1,成功
ZRTC20260424025,1-7Z1TIS,QC@79487417,12512474,HLB-06dc289b-57bf-11f0-8cdb-0c42a112278c,1000.0,-184.56,0,60245992,,920835973,2026-04-26,12:21:30,销售订单0060245992创建成功开票：0920835973,S,1,成功
ZRTC20260424025,1-7Z1TIS,QC@79487418,12512474,HLB-06c38d2d-57bf-11f0-8cdb-0c42a112278c,1000.0,-184.56,0,60245992,,920835973,2026-04-26,12:21:30,销售订单0060245992创建成功开票：0920835973,S,1,成功
ZRTC20260424025,1-7Z1TIS,QC@79487420,12512474,HLB-06dc2aed-57bf-11f0-8cdb-0c42a112278c,1000.0,-184.56,0,60245992,,920835973,2026-04-26,12:21:30,销售订单0060245992创建成功开票：0920835973,S,1,成功
ZRTC20260424025,1-7Z1TIS,QC@79487421,12512474,HLB-06c38cdd-57bf-11f0-8cdb-0c42a112278c,1000.0,-184.56,0,60245992,,920835973,2026-04-26,12:21:30,销售订单0060245992创建成功开票：0920835973,S,1,成功
ZRTC20260424025,1-7Z1TIS,QC@79487423,12512474,HLB-06dc2965-57bf-11f0-8cdb-0c42a112278c,1000.0,-184.56,0,60245992,,920835973,2026-04-26,12:21:30,销售订单0060245992创建成功开票：0920835973,S,1,成功
ZRTC20260424025,1-7Z1TIS,QC@79487425,12512474,HLB-06c38d54-57bf-11f0-8cdb-0c42a112278c,1000.0,-184.8,0,60245992,,920835973,2026-04-26,12:21:30,销售订单0060245992创建成功开票：0920835973,S,1,成功
ZRTC20260424025,1-7Z1TIT,QC@75032888,12376715,HLB-8d41186e-4f28-11f0-8cdb-0c42a112278c,1000.0,-213.63,0,60245992,,920835973,2026-04-26,12:21:30,销售订单0060245992创建成功开票：0920835973,S,1,成功
ZRTC20260424025,1-7Z1TIU,QC@68195757,12506577,HLB-ab6f7550-56e9-11f0-8cdb-0c42a112278c,1000.0,-281.3,0,60245992,,920835973,2026-04-26,12:21:30,销售订单0060245992创建成功开票：0920835973,S,1,成功
ZRTC20260424025,1-7Z1TIU,QC@68195758,12506577,HLB-ab6f7520-56e9-11f0-8cdb-0c42a112278c,1000.0,-281.3,0,60245992,,920835973,2026-04-26,12:21:30,销售订单0060245992创建成功开票：0920835973,S,1,成功
ZRTC20260424025,1-7Z1TIU,QC@68195760,12506577,HLB-ab6f74ec-56e9-11f0-8cdb-0c42a112278c,1000.0,-281.3,0,60245992,,920835973,2026-04-26,12:21:30,销售订单0060245992创建成功开票：0920835973,S,1,成功
ZRTC20260424025,1-7Z1TIU,QC@68195763,12506577,HLB-ab6f75a7-56e9-11f0-8cdb-0c42a112278c,1000.0,-281.3,0,60245992,,920835973,2026-04-26,12:21:30,销售订单0060245992创建成功开票：0920835973,S,1,成功
ZRTC20260424025,1-7Z1TIU,QC@68195764,12506577,HLB-ab6f7568-56e9-11f0-8cdb-0c42a112278c,1000.0,-281.3,0,60245992,,920835973,2026-04-26,12:21:30,销售订单0060245992创建成功开票：0920835973,S,1,成功
ZRTC20260424025,1-7Z1TIU,QC@68195766,12506577,HLB-ab6f7592-56e9-11f0-8cdb-0c42a112278c,1000.0,-281.3,0,60245992,,920835973,2026-04-26,12:21:30,销售订单0060245992创建成功开票：0920835973,S,1,成功
ZRTC20260424025,1-7Z1TIU,QC@68195767,12506577,HLB-ab6f7539-56e9-11f0-8cdb-0c42a112278c,1000.0,-281.3,0,60245992,,920835973,2026-04-26,12:21:30,销售订单0060245992创建成功开票：0920835973,S,1,成功
ZRTC20260424025,1-7Z1TIU,QC@68195769,12506577,HLB-ab6f757d-56e9-11f0-8cdb-0c42a112278c,1000.0,-281.3,0,60245992,,920835973,2026-04-26,12:21:30,销售订单0060245992创建成功开票：0920835973,S,1,成功
ZRTC20260424025,1-7Z1TIU,QC@68195770,12506577,HLB-ab6f7508-56e9-11f0-8cdb-0c42a112278c,1000.0,-281.3,0,60245992,,920835973,2026-04-26,12:21:30,销售订单0060245992创建成功开票：0920835973,S,1,成功
ZRTC20260424025,1-7Z1TIU,QC@68195772,12506577,HLB-ab6f74a2-56e9-11f0-8cdb-0c42a112278c,1000.0,-281.3,0,60245992,,920835973,2026-04-26,12:21:30,销售订单0060245992创建成功开票：0920835973,S,1,成功
ZRTC20260424025,1-7Z1TIU,QC@69745441,12377693,HLB-ed0dda4e-4f2f-11f0-8cdb-0c42a112278c,1000.0,-281.3,0,60245992,,920835973,2026-04-26,12:21:30,销售订单0060245992创建成功开票：0920835973,S,1,成功
ZRTC20260424025,1-7Z1TIU,QC@69745442,12377693,HLB-ed0dda0c-4f2f-11f0-8cdb-0c42a112278c,1000.0,-281.3,0,60245992,,920835973,2026-04-26,12:21:30,销售订单0060245992创建成功开票：0920835973,S,1,成功
ZRTC20260424025,1-7Z1TIU,QC@69745443,12377693,HLB-ed0dda3b-4f2f-11f0-8cdb-0c42a112278c,1000.0,-281.3,0,60245992,,920835973,2026-04-26,12:21:30,销售订单0060245992创建成功开票：0920835973,S,1,成功
ZRTC20260424025,1-7Z1TIU,QC@69745444,12377693,HLB-ed0dd9bb-4f2f-11f0-8cdb-0c42a112278c,1000.0,-281.3,0,60245992,,920835973,2026-04-26,12:21:30,销售订单0060245992创建成功开票：0920835973,S,1,成功
ZRTC20260424025,1-7Z1TIU,QC@69745445,12377693,HLB-ed0dda22-4f2f-11f0-8cdb-0c42a112278c,1000.0,-281.3,0,60245992,,920835973,2026-04-26,12:21:30,销售订单0060245992创建成功开票：0920835973,S,1,成功
ZRTC20260424025,1-7Z1TIU,QC@69745446,12377693,HLB-ed0dd9f8-4f2f-11f0-8cdb-0c42a112278c,1000.0,-281.3,0,60245992,,920835973,2026-04-26,12:21:30,销售订单0060245992创建成功开票：0920835973,S,1,成功
ZRTC20260424025,1-7Z1TIU,QC@69745447,12377693,HLB-ed0dd9cf-4f2f-11f0-8cdb-0c42a112278c,1000.0,-281.3,0,60245992,,920835973,2026-04-26,12:21:30,销售订单0060245992创建成功开票：0920835973,S,1,成功
ZRTC20260424025,1-7Z1TIU,QC@69745448,12377693,HLB-ed0dd9e4-4f2f-11f0-8cdb-0c42a112278c,1000.0,-281.3,0,60245992,,920835973,2026-04-26,12:21:30,销售订单0060245992创建成功开票：0920835973,S,1,成功
ZRTC20260424025,1-7Z1TIU,QC@69745449,12377693,HLB-ed0dda66-4f2f-11f0-8cdb-0c42a112278c,1000.0,-281.3,0,60245992,,920835973,2026-04-26,12:21:30,销售订单0060245992创建成功开票：0920835973,S,1,成功
ZRTC20260424025,1-7Z1TIU,QC@69745450,12377693,HLB-ed0dd9a4-4f2f-11f0-8cdb-0c42a112278c,1000.0,-281.3,0,60245992,,920835973,2026-04-26,12:21:30,销售订单0060245992创建成功开票：0920835973,S,1,成功
ZRTC20260424025,1-7Z1TIU,QC@70087307,12556054,HLB-93a0dd51-5e23-11f0-8cdb-0c42a112278c,1000.0,-281.3,0,60245992,,920835973,2026-04-26,12:21:30,销售订单0060245992创建成功开票：0920835973,S,1,成功
ZRTC20260424025,1-7Z1TIU,QC@70235499,12508820,HLB-151370d0-570e-11f0-8cdb-0c42a112278c,1000.0,-281.3,0,60245992,,920835973,2026-04-26,12:21:30,销售订单0060245992创建成功开票：0920835973,S,1,成功
ZRTC20260424025,1-7Z1TIU,QC@70235500,12508820,HLB-1513714b-570e-11f0-8cdb-0c42a112278c,1000.0,-281.3,0,60245992,,920835973,2026-04-26,12:21:30,销售订单0060245992创建成功开票：0920835973,S,1,成功
ZRTC20260424025,1-7Z1TIU,QC@70235502,12508820,HLB-151370e4-570e-11f0-8cdb-0c42a112278c,1000.0,-281.3,0,60245992,,920835973,2026-04-26,12:21:30,销售订单0060245992创建成功开票：0920835973,S,1,成功
ZRTC20260424025,1-7Z1TIU,QC@70235503,12508820,HLB-15137123-570e-11f0-8cdb-0c42a112278c,1000.0,-281.3,0,60245992,,920835973,2026-04-26,12:21:30,销售订单0060245992创建成功开票：0920835973,S,1,成功
ZRTC20260424025,1-7Z1TIU,QC@70235506,12508820,HLB-1513710e-570e-11f0-8cdb-0c42a112278c,1000.0,-281.3,0,60245992,,920835973,2026-04-26,12:21:30,销售订单0060245992创建成功开票：0920835973,S,1,成功
ZRTC20260424025,1-7Z1TIU,QC@70235508,12508820,HLB-1513715f-570e-11f0-8cdb-0c42a112278c,1000.0,-281.3,0,60245992,,920835973,2026-04-26,12:21:30,销售订单0060245992创建成功开票：0920835973,S,1,成功
ZRTC20260424025,1-7Z1TIU,QC@70235513,12508820,HLB-15137136-570e-11f0-8cdb-0c42a112278c,1000.0,-281.3,0,60245992,,920835973,2026-04-26,12:21:30,销售订单0060245992创建成功开票：0920835973,S,1,成功
ZRTC20260424025,1-7Z1TIU,QC@70235514,12508820,HLB-151370bc-570e-11f0-8cdb-0c42a112278c,1000.0,-281.3,0,60245992,,920835973,2026-04-26,12:21:30,销售订单0060245992创建成功开票：0920835973,S,1,成功
ZRTC20260424025,1-7Z1TIU,QC@70235516,12508820,HLB-15137174-570e-11f0-8cdb-0c42a112278c,1000.0,-281.3,0,60245992,,920835973,2026-04-26,12:21:30,销售订单0060245992创建成功开票：0920835973,S,1,成功
ZRTC20260424025,1-7Z1TIU,QC@70235517,12508820,HLB-151370f9-570e-11f0-8cdb-0c42a112278c,1000.0,-281.3,0,60245992,,920835973,2026-04-26,12:21:30,销售订单0060245992创建成功开票：0920835973,S,1,成功
ZRTC20260424025,1-7Z1TIU,QC@70969310,12518909,HLB-edfbe882-58a4-11f0-8cdb-0c42a112278c,1000.0,-281.3,0,60245992,,920835973,2026-04-26,12:21:30,销售订单0060245992创建成功开票：0920835973,S,1,成功
ZRTC20260424025,1-7Z1TIU,QC@70969311,12518909,HLB-edfbe9a9-58a4-11f0-8cdb-0c42a112278c,1000.0,-281.3,0,60245992,,920835973,2026-04-26,12:21:30,销售订单0060245992创建成功开票：0920835973,S,1,成功
ZRTC20260424025,1-7Z1TIU,QC@70969312,12518909,HLB-edfbe9bd-58a4-11f0-8cdb-0c42a112278c,1000.0,-281.3,0,60245992,,920835973,2026-04-26,12:21:30,销售订单0060245992创建成功开票：0920835973,S,1,成功
ZRTC20260424025,1-7Z1TIU,QC@70969317,12518909,HLB-edfbe953-58a4-11f0-8cdb-0c42a112278c,1000.0,-281.3,0,60245992,,920835973,2026-04-26,12:21:30,销售订单0060245992创建成功开票：0920835973,S,1,成功
ZRTC20260424025,1-7Z1TIU,QC@70969319,12518909,HLB-edfbe93c-58a4-11f0-8cdb-0c42a112278c,1000.0,-281.3,0,60245992,,920835973,2026-04-26,12:21:30,销售订单0060245992创建成功开票：0920835973,S,1,成功
ZRTC20260424025,1-7Z1TIU,QC@70969321,12518909,HLB-edfbe90d-58a4-11f0-8cdb-0c42a112278c,1000.0,-281.3,0,60245992,,920835973,2026-04-26,12:21:30,销售订单0060245992创建成功开票：0920835973,S,1,成功
ZRTC20260424025,1-7Z1TIU,QC@70969324,12518909,HLB-edfbe923-58a4-11f0-8cdb-0c42a112278c,1000.0,-281.3,0,60245992,,920835973,2026-04-26,12:21:30,销售订单0060245992创建成功开票：0920835973,S,1,成功
ZRTC20260424025,1-7Z1TIU,QC@70969325,12518909,HLB-edfbe8f4-58a4-11f0-8cdb-0c42a112278c,1000.0,-281.3,0,60245992,,920835973,2026-04-26,12:21:30,销售订单0060245992创建成功开票：0920835973,S,1,成功
ZRTC20260424025,1-7Z1TIU,QC@70969326,12518909,HLB-edfbe9d5-58a4-11f0-8cdb-0c42a112278c,1000.0,-281.3,0,60245992,,920835973,2026-04-26,12:21:30,销售订单0060245992创建成功开票：0920835973,S,1,成功
ZRTC20260424025,1-7Z1TIU,QC@70969329,12518909,HLB-edfbe869-58a4-11f0-8cdb-0c42a112278c,1000.0,-281.3,0,60245992,,920835973,2026-04-26,12:21:30,销售订单0060245992创建成功开票：0920835973,S,1,成功
ZRTC20260424025,1-7Z1TIU,QC@70969330,12518909,HLB-edfbe9e9-58a4-11f0-8cdb-0c42a112278c,1000.0,-281.3,0,60245992,,920835973,2026-04-26,12:21:30,销售订单0060245992创建成功开票：0920835973,S,1,成功
ZRTC20260424025,1-7Z1TIU,QC@70969333,12518909,HLB-edfbe89a-58a4-11f0-8cdb-0c42a112278c,1000.0,-281.3,0,60245992,,920835973,2026-04-26,12:21:30,销售订单0060245992创建成功开票：0920835973,S,1,成功
ZRTC20260424025,1-7Z1TIU,QC@70969334,12518909,HLB-edfbe816-58a4-11f0-8cdb-0c42a112278c,1000.0,-281.3,0,60245992,,920835973,2026-04-26,12:21:30,销售订单0060245992创建成功开票：0920835973,S,1,成功
ZRTC20260424025,1-7Z1TIU,QC@70969337,12518909,HLB-edfbe97e-58a4-11f0-8cdb-0c42a112278c,1000.0,-281.3,0,60245992,,920835973,2026-04-26,12:21:30,销售订单0060245992创建成功开票：0920835973,S,1,成功
ZRTC20260424025,1-7Z1TIU,QC@70969338,12518909,HLB-edfbe82f-58a4-11f0-8cdb-0c42a112278c,1000.0,-281.3,0,60245992,,920835973,2026-04-26,12:21:30,销售订单0060245992创建成功开票：0920835973,S,1,成功
ZRTC20260424025,1-7Z1TIU,QC@70969340,12518909,HLB-edfbe8df-58a4-11f0-8cdb-0c42a112278c,1000.0,-281.3,0,60245992,,920835973,2026-04-26,12:21:30,销售订单0060245992创建成功开票：0920835973,S,1,成功
ZRTC20260424025,1-7Z1TIU,QC@70969341,12518909,HLB-edfbe991-58a4-11f0-8cdb-0c42a112278c,1000.0,-281.3,0,60245992,,920835973,2026-04-26,12:21:30,销售订单0060245992创建成功开票：0920835973,S,1,成功
ZRTC20260424025,1-7Z1TIU,QC@70969343,12518909,HLB-edfbe966-58a4-11f0-8cdb-0c42a112278c,1000.0,-281.3,0,60245992,,920835973,2026-04-26,12:21:30,销售订单0060245992创建成功开票：0920835973,S,1,成功
ZRTC20260424025,1-7Z1TIU,QC@70969344,12518909,HLB-edfbe8af-58a4-11f0-8cdb-0c42a112278c,1000.0,-281.3,0,60245992,,920835973,2026-04-26,12:21:30,销售订单0060245992创建成功开票：0920835973,S,1,成功
ZRTC20260424025,1-7Z1TIU,QC@70969345,12518909,HLB-edfbe8c7-58a4-11f0-8cdb-0c42a112278c,1000.0,-281.3,0,60245992,,920835973,2026-04-26,12:21:30,销售订单0060245992创建成功开票：0920835973,S,1,成功
ZRTC20260424025,1-7Z1TIU,QC@71061338,12508836,HLB-170d9b78-570e-11f0-8cdb-0c42a112278c,1000.0,-281.3,0,60245992,,920835973,2026-04-26,12:21:30,销售订单0060245992创建成功开票：0920835973,S,1,成功
ZRTC20260424025,1-7Z1TIU,QC@71061340,12508836,HLB-170d9c7f-570e-11f0-8cdb-0c42a112278c,1000.0,-281.3,0,60245992,,920835973,2026-04-26,12:21:30,销售订单0060245992创建成功开票：0920835973,S,1,成功
ZRTC20260424025,1-7Z1TIU,QC@71061343,12508836,HLB-170d9cbb-570e-11f0-8cdb-0c42a112278c,1000.0,-281.3,0,60245992,,920835973,2026-04-26,12:21:30,销售订单0060245992创建成功开票：0920835973,S,1,成功
ZRTC20260424025,1-7Z1TIU,QC@71061345,12508836,HLB-170d9c29-570e-11f0-8cdb-0c42a112278c,1000.0,-281.3,0,60245992,,920835973,2026-04-26,12:21:30,销售订单0060245992创建成功开票：0920835973,S,1,成功
ZRTC20260424025,1-7Z1TIU,QC@71061346,12508836,HLB-170d9b45-570e-11f0-8cdb-0c42a112278c,1000.0,-281.3,0,60245992,,920835973,2026-04-26,12:21:30,销售订单0060245992创建成功开票：0920835973,S,1,成功
ZRTC20260424025,1-7Z1TIU,QC@71061353,12508836,HLB-170d9d44-570e-11f0-8cdb-0c42a112278c,1000.0,-281.3,0,60245992,,920835973,2026-04-26,12:21:30,销售订单0060245992创建成功开票：0920835973,S,1,成功
ZRTC20260424025,1-7Z1TIU,QC@71061354,12508836,HLB-170d9b27-570e-11f0-8cdb-0c42a112278c,1000.0,-281.3,0,60245992,,920835973,2026-04-26,12:21:30,销售订单0060245992创建成功开票：0920835973,S,1,成功
ZRTC20260424025,1-7Z1TIU,QC@71061357,12508836,HLB-170d9c54-570e-11f0-8cdb-0c42a112278c,1000.0,-281.3,0,60245992,,920835973,2026-04-26,12:21:30,销售订单0060245992创建成功开票：0920835973,S,1,成功
ZRTC20260424025,1-7Z1TIU,QC@71061358,12508836,HLB-170d9bf9-570e-11f0-8cdb-0c42a112278c,1000.0,-281.3,0,60245992,,920835973,2026-04-26,12:21:30,销售订单0060245992创建成功开票：0920835973,S,1,成功
ZRTC20260424025,1-7Z1TIU,QC@71061359,12508836,HLB-170d9b61-570e-11f0-8cdb-0c42a112278c,1000.0,-281.3,0,60245992,,920835973,2026-04-26,12:21:30,销售订单0060245992创建成功开票：0920835973,S,1,成功
ZRTC20260424025,1-7Z1TIU,QC@71061360,12508836,HLB-170d9d17-570e-11f0-8cdb-0c42a112278c,1000.0,-281.3,0,60245992,,920835973,2026-04-26,12:21:30,销售订单0060245992创建成功开票：0920835973,S,1,成功
ZRTC20260424025,1-7Z1TIU,QC@71061361,12508836,HLB-170d9bba-570e-11f0-8cdb-0c42a112278c,1000.0,-281.3,0,60245992,,920835973,2026-04-26,12:21:30,销售订单0060245992创建成功开票：0920835973,S,1,成功
ZRTC20260424025,1-7Z1TIU,QC@71061363,12508836,HLB-170d9ba4-570e-11f0-8cdb-0c42a112278c,1000.0,-281.3,0,60245992,,920835973,2026-04-26,12:21:30,销售订单0060245992创建成功开票：0920835973,S,1,成功
ZRTC20260424025,1-7Z1TIU,QC@71061364,12508836,HLB-170d9ce7-570e-11f0-8cdb-0c42a112278c,1000.0,-281.3,0,60245992,,920835973,2026-04-26,12:21:30,销售订单0060245992创建成功开票：0920835973,S,1,成功
ZRTC20260424025,1-7Z1TIU,QC@71061365,12508836,HLB-170d9b90-570e-11f0-8cdb-0c42a112278c,1000.0,-281.3,0,60245992,,920835973,2026-04-26,12:21:30,销售订单0060245992创建成功开票：0920835973,S,1,成功
ZRTC20260424025,1-7Z1TIU,QC@71061366,12508836,HLB-170d9cd1-570e-11f0-8cdb-0c42a112278c,1000.0,-281.3,0,60245992,,920835973,2026-04-26,12:21:30,销售订单0060245992创建成功开票：0920835973,S,1,成功
ZRTC20260424025,1-7Z1TIU,QC@71061367,12508836,HLB-170d9ab7-570e-11f0-8cdb-0c42a112278c,1000.0,-281.3,0,60245992,,920835973,2026-04-26,12:21:30,销售订单0060245992创建成功开票：0920835973,S,1,成功
ZRTC20260424025,1-7Z1TIU,QC@71061369,12508836,HLB-170d9cff-570e-11f0-8cdb-0c42a112278c,1000.0,-281.3,0,60245992,,920835973,2026-04-26,12:21:30,销售订单0060245992创建成功开票：0920835973,S,1,成功
ZRTC20260424025,1-7Z1TIU,QC@71061370,12508836,HLB-170d9c6b-570e-11f0-8cdb-0c42a112278c,1000.0,-281.3,0,60245992,,920835973,2026-04-26,12:21:30,销售订单0060245992创建成功开票：0920835973,S,1,成功
ZRTC20260424025,1-7Z1TIU,QC@71061372,12508836,HLB-170d9af1-570e-11f0-8cdb-0c42a112278c,1000.0,-281.3,0,60245992,,920835973,2026-04-26,12:21:30,销售订单0060245992创建成功开票：0920835973,S,1,成功
ZRTC20260424025,1-7Z1TIU,QC@71061373,12508836,HLB-170d9ca7-570e-11f0-8cdb-0c42a112278c,1000.0,-281.3,0,60245992,,920835973,2026-04-26,12:21:30,销售订单0060245992创建成功开票：0920835973,S,1,成功
ZRTC20260424025,1-7Z1TIU,QC@71061375,12508836,HLB-170d9bcc-570e-11f0-8cdb-0c42a112278c,1000.0,-281.3,0,60245992,,920835973,2026-04-26,12:21:30,销售订单0060245992创建成功开票：0920835973,S,1,成功
ZRTC20260424025,1-7Z1TIU,QC@71061376,12508836,HLB-170d9a6a-570e-11f0-8cdb-0c42a112278c,1000.0,-281.3,0,60245992,,920835973,2026-04-26,12:21:30,销售订单0060245992创建成功开票：0920835973,S,1,成功
ZRTC20260424025,1-7Z1TIU,QC@71061379,12508836,HLB-170d9c0f-570e-11f0-8cdb-0c42a112278c,1000.0,-281.3,0,60245992,,920835973,2026-04-26,12:21:30,销售订单0060245992创建成功开票：0920835973,S,1,成功
ZRTC20260424025,1-7Z1TIU,QC@71061381,12508836,HLB-170d9b10-570e-11f0-8cdb-0c42a112278c,1000.0,-281.3,0,60245992,,920835973,2026-04-26,12:21:30,销售订单0060245992创建成功开票：0920835973,S,1,成功
ZRTC20260424025,1-7Z1TIU,QC@71061383,12508836,HLB-170d9c40-570e-11f0-8cdb-0c42a112278c,1000.0,-281.3,0,60245992,,920835973,2026-04-26,12:21:30,销售订单0060245992创建成功开票：0920835973,S,1,成功
ZRTC20260424025,1-7Z1TIU,QC@71061385,12508836,HLB-170d9d2b-570e-11f0-8cdb-0c42a112278c,1000.0,-281.3,0,60245992,,920835973,2026-04-26,12:21:30,销售订单0060245992创建成功开票：0920835973,S,1,成功
ZRTC20260424025,1-7Z1TIU,QC@71061387,12508836,HLB-170d9be2-570e-11f0-8cdb-0c42a112278c,1000.0,-281.3,0,60245992,,920835973,2026-04-26,12:21:30,销售订单0060245992创建成功开票：0920835973,S,1,成功
ZRTC20260424025,1-7Z1TIU,QC@71061392,12508836,HLB-170d9c93-570e-11f0-8cdb-0c42a112278c,1000.0,-281.3,0,60245992,,920835973,2026-04-26,12:21:30,销售订单0060245992创建成功开票：0920835973,S,1,成功
ZRTC20260424025,1-7Z1TIU,QC@71061394,12508836,HLB-170d9ad3-570e-11f0-8cdb-0c42a112278c,1000.0,-281.3,0,60245992,,920835973,2026-04-26,12:21:30,销售订单0060245992创建成功开票：0920835973,S,1,成功
ZRTC20260424025,1-7Z1TIU,QC@71442036,12658722,HLB-518bee86-6a84-11f0-8cdb-0c42a112278c,1000.0,-281.3,0,60245992,,920835973,2026-04-26,12:21:30,销售订单0060245992创建成功开票：0920835973,S,1,成功
ZRTC20260424025,1-7Z1TIU,QC@71442038,12658722,HLB-518bed3a-6a84-11f0-8cdb-0c42a112278c,1000.0,-281.3,0,60245992,,920835973,2026-04-26,12:21:30,销售订单0060245992创建成功开票：0920835973,S,1,成功
ZRTC20260424025,1-7Z1TIU,QC@71442039,12658722,HLB-518bede1-6a84-11f0-8cdb-0c42a112278c,1000.0,-281.3,0,60245992,,920835973,2026-04-26,12:21:30,销售订单0060245992创建成功开票：0920835973,S,1,成功
ZRTC20260424025,1-7Z1TIU,QC@71442042,12658722,HLB-518bee13-6a84-11f0-8cdb-0c42a112278c,1000.0,-281.3,0,60245992,,920835973,2026-04-26,12:21:30,销售订单0060245992创建成功开票：0920835973,S,1,成功
ZRTC20260424025,1-7Z1TIU,QC@71442045,12658722,HLB-518bed9c-6a84-11f0-8cdb-0c42a112278c,1000.0,-281.3,0,60245992,,920835973,2026-04-26,12:21:30,销售订单0060245992创建成功开票：0920835973,S,1,成功
ZRTC20260424025,1-7Z1TIU,QC@71442047,12658722,HLB-518bed6d-6a84-11f0-8cdb-0c42a112278c,1000.0,-281.3,0,60245992,,920835973,2026-04-26,12:21:30,销售订单0060245992创建成功开票：0920835973,S,1,成功
ZRTC20260424025,1-7Z1TIU,QC@71442050,12658722,HLB-518bee43-6a84-11f0-8cdb-0c42a112278c,1000.0,-281.3,0,60245992,,920835973,2026-04-26,12:21:30,销售订单0060245992创建成功开票：0920835973,S,1,成功
ZRTC20260424025,1-7Z1TIU,QC@71442051,12658722,HLB-518bee9b-6a84-11f0-8cdb-0c42a112278c,1000.0,-281.3,0,60245992,,920835973,2026-04-26,12:21:30,销售订单0060245992创建成功开票：0920835973,S,1,成功
ZRTC20260424025,1-7Z1TIU,QC@71442053,12658722,HLB-518beeb2-6a84-11f0-8cdb-0c42a112278c,1000.0,-281.3,0,60245992,,920835973,2026-04-26,12:21:30,销售订单0060245992创建成功开票：0920835973,S,1,成功
ZRTC20260424025,1-7Z1TIU,QC@71442054,12658722,HLB-518bedf9-6a84-11f0-8cdb-0c42a112278c,1000.0,-281.3,0,60245992,,920835973,2026-04-26,12:21:30,销售订单0060245992创建成功开票：0920835973,S,1,成功
ZRTC20260424025,1-7Z1TIU,QC@71442060,12658722,HLB-518becbf-6a84-11f0-8cdb-0c42a112278c,1000.0,-281.3,0,60245992,,920835973,2026-04-26,12:21:30,销售订单0060245992创建成功开票：0920835973,S,1,成功
ZRTC20260424025,1-7Z1TIU,QC@71442062,12658722,HLB-518beedf-6a84-11f0-8cdb-0c42a112278c,1000.0,-281.3,0,60245992,,920835973,2026-04-26,12:21:30,销售订单0060245992创建成功开票：0920835973,S,1,成功
ZRTC20260424025,1-7Z1TIU,QC@71442064,12658722,HLB-518bee2a-6a84-11f0-8cdb-0c42a112278c,1000.0,-281.3,0,60245992,,920835973,2026-04-26,12:21:30,销售订单0060245992创建成功开票：0920835973,S,1,成功
ZRTC20260424025,1-7Z1TIU,QC@71442065,12658722,HLB-518bee58-6a84-11f0-8cdb-0c42a112278c,1000.0,-281.3,0,60245992,,920835973,2026-04-26,12:21:30,销售订单0060245992创建成功开票：0920835973,S,1,成功
ZRTC20260424025,1-7Z1TIU,QC@71442067,12658722,HLB-518bed83-6a84-11f0-8cdb-0c42a112278c,1000.0,-281.3,0,60245992,,920835973,2026-04-26,12:21:30,销售订单0060245992创建成功开票：0920835973,S,1,成功
ZRTC20260424025,1-7Z1TIU,QC@71442068,12658722,HLB-518bee72-6a84-11f0-8cdb-0c42a112278c,1000.0,-281.3,0,60245992,,920835973,2026-04-26,12:21:30,销售订单0060245992创建成功开票：0920835973,S,1,成功
ZRTC20260424025,1-7Z1TIU,QC@71442069,12658722,HLB-518becd5-6a84-11f0-8cdb-0c42a112278c,1000.0,-281.3,0,60245992,,920835973,2026-04-26,12:21:30,销售订单0060245992创建成功开票：0920835973,S,1,成功
ZRTC20260424025,1-7Z1TIU,QC@71442071,12658722,HLB-518bed54-6a84-11f0-8cdb-0c42a112278c,1000.0,-281.3,0,60245992,,920835973,2026-04-26,12:21:30,销售订单0060245992创建成功开票：0920835973,S,1,成功
ZRTC20260424025,1-7Z1TIU,QC@71442072,12658722,HLB-518beef5-6a84-11f0-8cdb-0c42a112278c,1000.0,-281.3,0,60245992,,920835973,2026-04-26,12:21:30,销售订单0060245992创建成功开票：0920835973,S,1,成功
ZRTC20260424025,1-7Z1TIU,QC@71442075,12658722,HLB-518beeca-6a84-11f0-8cdb-0c42a112278c,1000.0,-281.3,0,60245992,,920835973,2026-04-26,12:21:30,销售订单0060245992创建成功开票：0920835973,S,1,成功
ZRTC20260424025,1-7Z1TIU,QC@72164412,12490347,HLB-ef4e6eb4-5578-11f0-8cdb-0c42a112278c,1000.0,-281.3,0,60245992,,920835973,2026-04-26,12:21:30,销售订单0060245992创建成功开票：0920835973,S,1,成功
ZRTC20260424025,1-7Z1TIU,QC@72164413,12490347,HLB-ef4e6ef6-5578-11f0-8cdb-0c42a112278c,1000.0,-281.3,0,60245992,,920835973,2026-04-26,12:21:30,销售订单0060245992创建成功开票：0920835973,S,1,成功
ZRTC20260424025,1-7Z1TIU,QC@72164414,12490347,HLB-ef4e7088-5578-11f0-8cdb-0c42a112278c,1000.0,-281.3,0,60245992,,920835973,2026-04-26,12:21:30,销售订单0060245992创建成功开票：0920835973,S,1,成功
ZRTC20260424025,1-7Z1TIU,QC@72164415,12490347,HLB-ef4e6f3c-5578-11f0-8cdb-0c42a112278c,1000.0,-281.3,0,60245992,,920835973,2026-04-26,12:21:30,销售订单0060245992创建成功开票：0920835973,S,1,成功
ZRTC20260424025,1-7Z1TIU,QC@72164416,12490347,HLB-ef4e6e85-5578-11f0-8cdb-0c42a112278c,1000.0,-281.3,0,60245992,,920835973,2026-04-26,12:21:30,销售订单0060245992创建成功开票：0920835973,S,1,成功
ZRTC20260424025,1-7Z1TIU,QC@72164417,12490347,HLB-ef4e6e53-5578-11f0-8cdb-0c42a112278c,1000.0,-281.3,0,60245992,,920835973,2026-04-26,12:21:30,销售订单0060245992创建成功开票：0920835973,S,1,成功
ZRTC20260424025,1-7Z1TIU,QC@72164418,12490347,HLB-ef4e6f81-5578-11f0-8cdb-0c42a112278c,1000.0,-281.3,0,60245992,,920835973,2026-04-26,12:21:30,销售订单0060245992创建成功开票：0920835973,S,1,成功
ZRTC20260424025,1-7Z1TIU,QC@72164419,12490347,HLB-ef4e6f94-5578-11f0-8cdb-0c42a112278c,1000.0,-281.3,0,60245992,,920835973,2026-04-26,12:21:30,销售订单0060245992创建成功开票：0920835973,S,1,成功
ZRTC20260424025,1-7Z1TIU,QC@72164420,12490347,HLB-ef4e6fd3-5578-11f0-8cdb-0c42a112278c,1000.0,-281.3,0,60245992,,920835973,2026-04-26,12:21:30,销售订单0060245992创建成功开票：0920835973,S,1,成功
ZRTC20260424025,1-7Z1TIU,QC@72164421,12490347,HLB-ef4e709e-5578-11f0-8cdb-0c42a112278c,1000.0,-281.3,0,60245992,,920835973,2026-04-26,12:21:30,销售订单0060245992创建成功开票：0920835973,S,1,成功
ZRTC20260424025,1-7Z1TIU,QC@72164422,12490347,HLB-ef4e70cb-5578-11f0-8cdb-0c42a112278c,1000.0,-281.3,0,60245992,,920835973,2026-04-26,12:21:30,销售订单0060245992创建成功开票：0920835973,S,1,成功
ZRTC20260424025,1-7Z1TIU,QC@72164423,12490347,HLB-ef4e70e0-5578-11f0-8cdb-0c42a112278c,1000.0,-281.3,0,60245992,,920835973,2026-04-26,12:21:30,销售订单0060245992创建成功开票：0920835973,S,1,成功
ZRTC20260424025,1-7Z1TIU,QC@72164424,12490347,HLB-ef4e70b5-5578-11f0-8cdb-0c42a112278c,1000.0,-281.3,0,60245992,,920835973,2026-04-26,12:21:30,销售订单0060245992创建成功开票：0920835973,S,1,成功
ZRTC20260424025,1-7Z1TIU,QC@72164425,12490347,HLB-ef4e6eca-5578-11f0-8cdb-0c42a112278c,1000.0,-281.3,0,60245992,,920835973,2026-04-26,12:21:30,销售订单0060245992创建成功开票：0920835973,S,1,成功
ZRTC20260424025,1-7Z1TIU,QC@72164426,12490347,HLB-ef4e7043-5578-11f0-8cdb-0c42a112278c,1000.0,-281.3,0,60245992,,920835973,2026-04-26,12:21:30,销售订单0060245992创建成功开票：0920835973,S,1,成功
ZRTC20260424025,1-7Z1TIU,QC@72164427,12490347,HLB-ef4e6e05-5578-11f0-8cdb-0c42a112278c,1000.0,-281.3,0,60245992,,920835973,2026-04-26,12:21:30,销售订单0060245992创建成功开票：0920835973,S,1,成功
ZRTC20260424025,1-7Z1TIU,QC@72164428,12490347,HLB-ef4e6faa-5578-11f0-8cdb-0c42a112278c,1000.0,-281.3,0,60245992,,920835973,2026-04-26,12:21:30,销售订单0060245992创建成功开票：0920835973,S,1,成功
ZRTC20260424025,1-7Z1TIU,QC@72164429,12490347,HLB-ef4e6e25-5578-11f0-8cdb-0c42a112278c,1000.0,-281.3,0,60245992,,920835973,2026-04-26,12:21:30,销售订单0060245992创建成功开票：0920835973,S,1,成功
ZRTC20260424025,1-7Z1TIU,QC@72164430,12490347,HLB-ef4e6f28-5578-11f0-8cdb-0c42a112278c,1000.0,-281.3,0,60245992,,920835973,2026-04-26,12:21:30,销售订单0060245992创建成功开票：0920835973,S,1,成功
ZRTC20260424025,1-7Z1TIU,QC@72164431,12490347,HLB-ef4e6e3d-5578-11f0-8cdb-0c42a112278c,1000.0,-281.3,0,60245992,,920835973,2026-04-26,12:21:30,销售订单0060245992创建成功开票：0920835973,S,1,成功
ZRTC20260424025,1-7Z1TIU,QC@72164432,12490347,HLB-ef4e6fbe-5578-11f0-8cdb-0c42a112278c,1000.0,-281.3,0,60245992,,920835973,2026-04-26,12:21:30,销售订单0060245992创建成功开票：0920835973,S,1,成功
ZRTC20260424025,1-7Z1TIU,QC@72164433,12490347,HLB-ef4e6ee0-5578-11f0-8cdb-0c42a112278c,1000.0,-281.3,0,60245992,,920835973,2026-04-26,12:21:30,销售订单0060245992创建成功开票：0920835973,S,1,成功
ZRTC20260424025,1-7Z1TIU,QC@72164434,12490347,HLB-ef4e705a-5578-11f0-8cdb-0c42a112278c,1000.0,-281.3,0,60245992,,920835973,2026-04-26,12:21:30,销售订单0060245992创建成功开票：0920835973,S,1,成功
ZRTC20260424025,1-7Z1TIU,QC@72164435,12490347,HLB-ef4e6f52-5578-11f0-8cdb-0c42a112278c,1000.0,-281.3,0,60245992,,920835973,2026-04-26,12:21:30,销售订单0060245992创建成功开票：0920835973,S,1,成功
ZRTC20260424025,1-7Z1TIU,QC@72164436,12490347,HLB-ef4e702e-5578-11f0-8cdb-0c42a112278c,1000.0,-281.3,0,60245992,,920835973,2026-04-26,12:21:30,销售订单0060245992创建成功开票：0920835973,S,1,成功
ZRTC20260424025,1-7Z1TIU,QC@72164437,12490347,HLB-ef4e7072-5578-11f0-8cdb-0c42a112278c,1000.0,-281.3,0,60245992,,920835973,2026-04-26,12:21:30,销售订单0060245992创建成功开票：0920835973,S,1,成功
ZRTC20260424025,1-7Z1TIU,QC@72164438,12490347,HLB-ef4e6e9d-5578-11f0-8cdb-0c42a112278c,1000.0,-281.3,0,60245992,,920835973,2026-04-26,12:21:30,销售订单0060245992创建成功开票：0920835973,S,1,成功
ZRTC20260424025,1-7Z1TIU,QC@72164439,12490347,HLB-ef4e6f66-5578-11f0-8cdb-0c42a112278c,1000.0,-281.3,0,60245992,,920835973,2026-04-26,12:21:30,销售订单0060245992创建成功开票：0920835973,S,1,成功
ZRTC20260424025,1-7Z1TIU,QC@72164440,12490347,HLB-ef4e6e68-5578-11f0-8cdb-0c42a112278c,1000.0,-281.3,0,60245992,,920835973,2026-04-26,12:21:30,销售订单0060245992创建成功开票：0920835973,S,1,成功
ZRTC20260424025,1-7Z1TIU,QC@72164441,12490347,HLB-ef4e6f0f-5578-11f0-8cdb-0c42a112278c,1000.0,-281.3,0,60245992,,920835973,2026-04-26,12:21:30,销售订单0060245992创建成功开票：0920835973,S,1,成功
ZRTC20260424025,1-7Z1TIU,QC@72623518,12571648,HLB-97488b46-605f-11f0-8cdb-0c42a112278c,1000.0,-281.3,0,60245992,,920835973,2026-04-26,12:21:30,销售订单0060245992创建成功开票：0920835973,S,1,成功
ZRTC20260424025,1-7Z1TIU,QC@72623520,12571648,HLB-97488a9a-605f-11f0-8cdb-0c42a112278c,1000.0,-281.3,0,60245992,,920835973,2026-04-26,12:21:30,销售订单0060245992创建成功开票：0920835973,S,1,成功
ZRTC20260424025,1-7Z1TIU,QC@72623521,12571648,HLB-97488b84-605f-11f0-8cdb-0c42a112278c,1000.0,-281.3,0,60245992,,920835973,2026-04-26,12:21:30,销售订单0060245992创建成功开票：0920835973,S,1,成功
ZRTC20260424025,1-7Z1TIU,QC@72623525,12571648,HLB-97488bd8-605f-11f0-8cdb-0c42a112278c,1000.0,-281.3,0,60245992,,920835973,2026-04-26,12:21:30,销售订单0060245992创建成功开票：0920835973,S,1,成功
ZRTC20260424025,1-7Z1TIU,QC@72623528,12571648,HLB-97488ab5-605f-11f0-8cdb-0c42a112278c,1000.0,-281.3,0,60245992,,920835973,2026-04-26,12:21:30,销售订单0060245992创建成功开票：0920835973,S,1,成功
ZRTC20260424025,1-7Z1TIU,QC@72623529,12571648,HLB-97488b07-605f-11f0-8cdb-0c42a112278c,1000.0,-281.3,0,60245992,,920835973,2026-04-26,12:21:30,销售订单0060245992创建成功开票：0920835973,S,1,成功
ZRTC20260424025,1-7Z1TIU,QC@72623530,12571648,HLB-97488bc2-605f-11f0-8cdb-0c42a112278c,1000.0,-281.3,0,60245992,,920835973,2026-04-26,12:21:30,销售订单0060245992创建成功开票：0920835973,S,1,成功
ZRTC20260424025,1-7Z1TIU,QC@72623533,12571648,HLB-97488b5c-605f-11f0-8cdb-0c42a112278c,1000.0,-281.3,0,60245992,,920835973,2026-04-26,12:21:30,销售订单0060245992创建成功开票：0920835973,S,1,成功
ZRTC20260424025,1-7Z1TIU,QC@72623538,12571648,HLB-97488b1a-605f-11f0-8cdb-0c42a112278c,1000.0,-281.3,0,60245992,,920835973,2026-04-26,12:21:30,销售订单0060245992创建成功开票：0920835973,S,1,成功
ZRTC20260424025,1-7Z1TIU,QC@72623541,12571648,HLB-97488b32-605f-11f0-8cdb-0c42a112278c,1000.0,-281.3,0,60245992,,920835973,2026-04-26,12:21:30,销售订单0060245992创建成功开票：0920835973,S,1,成功
ZRTC20260424025,1-7Z1TIU,QC@72623542,12571648,HLB-97488bae-605f-11f0-8cdb-0c42a112278c,1000.0,-281.3,0,60245992,,920835973,2026-04-26,12:21:30,销售订单0060245992创建成功开票：0920835973,S,1,成功
ZRTC20260424025,1-7Z1TIU,QC@72623543,12571648,HLB-97488b70-605f-11f0-8cdb-0c42a112278c,1000.0,-281.3,0,60245992,,920835973,2026-04-26,12:21:30,销售订单0060245992创建成功开票：0920835973,S,1,成功
ZRTC20260424025,1-7Z1TIU,QC@72623545,12571648,HLB-97488bee-605f-11f0-8cdb-0c42a112278c,1000.0,-281.3,0,60245992,,920835973,2026-04-26,12:21:30,销售订单0060245992创建成功开票：0920835973,S,1,成功
ZRTC20260424025,1-7Z1TIU,QC@72623546,12571648,HLB-97488b99-605f-11f0-8cdb-0c42a112278c,1000.0,-281.3,0,60245992,,920835973,2026-04-26,12:21:30,销售订单0060245992创建成功开票：0920835973,S,1,成功
ZRTC20260424025,1-7Z1TIU,QC@72623547,12571648,HLB-97488aca-605f-11f0-8cdb-0c42a112278c,1000.0,-281.3,0,60245992,,920835973,2026-04-26,12:21:30,销售订单0060245992创建成功开票：0920835973,S,1,成功
ZRTC20260424025,1-7Z1TIU,QC@72623548,12571648,HLB-97488c19-605f-11f0-8cdb-0c42a112278c,1000.0,-281.3,0,60245992,,920835973,2026-04-26,12:21:30,销售订单0060245992创建成功开票：0920835973,S,1,成功
ZRTC20260424025,1-7Z1TIU,QC@72623550,12571648,HLB-97488c03-605f-11f0-8cdb-0c42a112278c,1000.0,-281.3,0,60245992,,920835973,2026-04-26,12:21:30,销售订单0060245992创建成功开票：0920835973,S,1,成功
ZRTC20260424025,1-7Z1TIU,QC@72623551,12571648,HLB-97488ade-605f-11f0-8cdb-0c42a112278c,1000.0,-281.3,0,60245992,,920835973,2026-04-26,12:21:30,销售订单0060245992创建成功开票：0920835973,S,1,成功
ZRTC20260424025,1-7Z1TIU,QC@72623555,12571648,HLB-97488af3-605f-11f0-8cdb-0c42a112278c,1000.0,-281.3,0,60245992,,920835973,2026-04-26,12:21:30,销售订单0060245992创建成功开票：0920835973,S,1,成功
ZRTC20260424025,1-7Z1TIU,QC@72623556,12571648,HLB-97488a85-605f-11f0-8cdb-0c42a112278c,1000.0,-281.3,0,60245992,,920835973,2026-04-26,12:21:30,销售订单0060245992创建成功开票：0920835973,S,1,成功
ZRTC20260424025,1-7Z1TIU,QC@72655063,12571660,HLB-b979a2e9-605f-11f0-8cdb-0c42a112278c,1000.0,-281.3,0,60245992,,920835973,2026-04-26,12:21:30,销售订单0060245992创建成功开票：0920835973,S,1,成功
ZRTC20260424025,1-7Z1TIU,QC@72655065,12571660,HLB-b979a311-605f-11f0-8cdb-0c42a112278c,1000.0,-281.3,0,60245992,,920835973,2026-04-26,12:21:30,销售订单0060245992创建成功开票：0920835973,S,1,成功
ZRTC20260424025,1-7Z1TIU,QC@72655067,12571660,HLB-b979a2fd-605f-11f0-8cdb-0c42a112278c,1000.0,-281.3,0,60245992,,920835973,2026-04-26,12:21:30,销售订单0060245992创建成功开票：0920835973,S,1,成功
ZRTC20260424025,1-7Z1TIU,QC@72655069,12571660,HLB-b979a2c0-605f-11f0-8cdb-0c42a112278c,1000.0,-281.3,0,60245992,,920835973,2026-04-26,12:21:30,销售订单0060245992创建成功开票：0920835973,S,1,成功
ZRTC20260424025,1-7Z1TIU,QC@72655070,12571660,HLB-b979a33b-605f-11f0-8cdb-0c42a112278c,1000.0,-281.3,0,60245992,,920835973,2026-04-26,12:21:30,销售订单0060245992创建成功开票：0920835973,S,1,成功
ZRTC20260424025,1-7Z1TIU,QC@72655072,12571660,HLB-b979a273-605f-11f0-8cdb-0c42a112278c,1000.0,-281.3,0,60245992,,920835973,2026-04-26,12:21:30,销售订单0060245992创建成功开票：0920835973,S,1,成功
ZRTC20260424025,1-7Z1TIU,QC@72655073,12571660,HLB-b979a2a9-605f-11f0-8cdb-0c42a112278c,1000.0,-281.3,0,60245992,,920835973,2026-04-26,12:21:30,销售订单0060245992创建成功开票：0920835973,S,1,成功
ZRTC20260424025,1-7Z1TIU,QC@72655075,12571660,HLB-b979a324-605f-11f0-8cdb-0c42a112278c,1000.0,-281.3,0,60245992,,920835973,2026-04-26,12:21:30,销售订单0060245992创建成功开票：0920835973,S,1,成功
ZRTC20260424025,1-7Z1TIU,QC@72655076,12571660,HLB-b979a2d5-605f-11f0-8cdb-0c42a112278c,1000.0,-281.3,0,60245992,,920835973,2026-04-26,12:21:30,销售订单0060245992创建成功开票：0920835973,S,1,成功
ZRTC20260424025,1-7Z1TIU,QC@72655078,12571660,HLB-b979a294-605f-11f0-8cdb-0c42a112278c,1000.0,-281.3,0,60245992,,920835973,2026-04-26,12:21:30,销售订单0060245992创建成功开票：0920835973,S,1,成功
ZRTC20260424025,1-7Z1TIU,QC@73100760,12501315,HLB-55a31094-561d-11f0-8cdb-0c42a112278c,1000.0,-281.3,0,60245992,,920835973,2026-04-26,12:21:30,销售订单0060245992创建成功开票：0920835973,S,1,成功
ZRTC20260424025,1-7Z1TIU,QC@73100761,12501315,HLB-55a31050-561d-11f0-8cdb-0c42a112278c,1000.0,-281.3,0,60245992,,920835973,2026-04-26,12:21:30,销售订单0060245992创建成功开票：0920835973,S,1,成功
ZRTC20260424025,1-7Z1TIU,QC@73100762,12501315,HLB-55a30fca-561d-11f0-8cdb-0c42a112278c,1000.0,-281.3,0,60245992,,920835973,2026-04-26,12:21:30,销售订单0060245992创建成功开票：0920835973,S,1,成功
ZRTC20260424025,1-7Z1TIU,QC@73100763,12501315,HLB-55a30f30-561d-11f0-8cdb-0c42a112278c,1000.0,-281.3,0,60245992,,920835973,2026-04-26,12:21:30,销售订单0060245992创建成功开票：0920835973,S,1,成功
ZRTC20260424025,1-7Z1TIU,QC@73100764,12501315,HLB-55a31005-561d-11f0-8cdb-0c42a112278c,1000.0,-281.3,0,60245992,,920835973,2026-04-26,12:21:30,销售订单0060245992创建成功开票：0920835973,S,1,成功
ZRTC20260424025,1-7Z1TIU,QC@73100765,12501315,HLB-55a31028-561d-11f0-8cdb-0c42a112278c,1000.0,-281.3,0,60245992,,920835973,2026-04-26,12:21:30,销售订单0060245992创建成功开票：0920835973,S,1,成功
ZRTC20260424025,1-7Z1TIU,QC@73100766,12501315,HLB-55a30edf-561d-11f0-8cdb-0c42a112278c,1000.0,-281.3,0,60245992,,920835973,2026-04-26,12:21:30,销售订单0060245992创建成功开票：0920835973,S,1,成功
ZRTC20260424025,1-7Z1TIU,QC@73100767,12501315,HLB-55a30f99-561d-11f0-8cdb-0c42a112278c,1000.0,-281.3,0,60245992,,920835973,2026-04-26,12:21:30,销售订单0060245992创建成功开票：0920835973,S,1,成功
ZRTC20260424025,1-7Z1TIU,QC@73100768,12501315,HLB-55a30fb3-561d-11f0-8cdb-0c42a112278c,1000.0,-281.3,0,60245992,,920835973,2026-04-26,12:21:30,销售订单0060245992创建成功开票：0920835973,S,1,成功
ZRTC20260424025,1-7Z1TIU,QC@73100769,12501315,HLB-55a3106d-561d-11f0-8cdb-0c42a112278c,1000.0,-281.3,0,60245992,,920835973,2026-04-26,12:21:30,销售订单0060245992创建成功开票：0920835973,S,1,成功
ZRTC20260424025,1-7Z1TIU,QC@73473045,12416210,HLB-591fca54-518b-11f0-8cdb-0c42a112278c,1000.0,-281.3,0,60245992,,920835973,2026-04-26,12:21:30,销售订单0060245992创建成功开票：0920835973,S,1,成功
ZRTC20260424025,1-7Z1TIU,QC@73473046,12416210,HLB-591fca81-518b-11f0-8cdb-0c42a112278c,1000.0,-281.3,0,60245992,,920835973,2026-04-26,12:21:30,销售订单0060245992创建成功开票：0920835973,S,1,成功
ZRTC20260424025,1-7Z1TIU,QC@73473047,12416210,HLB-591fcabe-518b-11f0-8cdb-0c42a112278c,1000.0,-281.3,0,60245992,,920835973,2026-04-26,12:21:30,销售订单0060245992创建成功开票：0920835973,S,1,成功
ZRTC20260424025,1-7Z1TIU,QC@73473048,12416210,HLB-591fcaaa-518b-11f0-8cdb-0c42a112278c,1000.0,-281.3,0,60245992,,920835973,2026-04-26,12:21:30,销售订单0060245992创建成功开票：0920835973,S,1,成功
ZRTC20260424025,1-7Z1TIU,QC@73473049,12416210,HLB-591fc941-518b-11f0-8cdb-0c42a112278c,1000.0,-281.3,0,60245992,,920835973,2026-04-26,12:21:30,销售订单0060245992创建成功开票：0920835973,S,1,成功
ZRTC20260424025,1-7Z1TIU,QC@73473050,12416210,HLB-591fc9d1-518b-11f0-8cdb-0c42a112278c,1000.0,-281.3,0,60245992,,920835973,2026-04-26,12:21:30,销售订单0060245992创建成功开票：0920835973,S,1,成功
ZRTC20260424025,1-7Z1TIU,QC@73473051,12416210,HLB-591fc9a5-518b-11f0-8cdb-0c42a112278c,1000.0,-281.3,0,60245992,,920835973,2026-04-26,12:21:30,销售订单0060245992创建成功开票：0920835973,S,1,成功
ZRTC20260424025,1-7Z1TIU,QC@73473052,12416210,HLB-591fca3c-518b-11f0-8cdb-0c42a112278c,1000.0,-281.3,0,60245992,,920835973,2026-04-26,12:21:30,销售订单0060245992创建成功开票：0920835973,S,1,成功
ZRTC20260424025,1-7Z1TIU,QC@73473053,12416210,HLB-591fc961-518b-11f0-8cdb-0c42a112278c,1000.0,-281.3,0,60245992,,920835973,2026-04-26,12:21:30,销售订单0060245992创建成功开票：0920835973,S,1,成功
ZRTC20260424025,1-7Z1TIU,QC@73473054,12416210,HLB-591fca6b-518b-11f0-8cdb-0c42a112278c,1000.0,-281.3,0,60245992,,920835973,2026-04-26,12:21:30,销售订单0060245992创建成功开票：0920835973,S,1,成功
ZRTC20260424025,1-7Z1TIU,QC@73473055,12416210,HLB-591fc978-518b-11f0-8cdb-0c42a112278c,1000.0,-281.3,0,60245992,,920835973,2026-04-26,12:21:30,销售订单0060245992创建成功开票：0920835973,S,1,成功
ZRTC20260424025,1-7Z1TIU,QC@73473056,12416210,HLB-591fc9bc-518b-11f0-8cdb-0c42a112278c,1000.0,-281.3,0,60245992,,920835973,2026-04-26,12:21:30,销售订单0060245992创建成功开票：0920835973,S,1,成功
ZRTC20260424025,1-7Z1TIU,QC@73473057,12416210,HLB-591fcad5-518b-11f0-8cdb-0c42a112278c,1000.0,-281.3,0,60245992,,920835973,2026-04-26,12:21:30,销售订单0060245992创建成功开票：0920835973,S,1,成功
ZRTC20260424025,1-7Z1TIU,QC@73473058,12416210,HLB-591fc8b9-518b-11f0-8cdb-0c42a112278c,1000.0,-281.3,0,60245992,,920835973,2026-04-26,12:21:30,销售订单0060245992创建成功开票：0920835973,S,1,成功
ZRTC20260424025,1-7Z1TIU,QC@73473059,12416210,HLB-591fc991-518b-11f0-8cdb-0c42a112278c,1000.0,-281.3,0,60245992,,920835973,2026-04-26,12:21:30,销售订单0060245992创建成功开票：0920835973,S,1,成功
ZRTC20260424025,1-7Z1TIU,QC@73473060,12416210,HLB-591fc9e6-518b-11f0-8cdb-0c42a112278c,1000.0,-281.3,0,60245992,,920835973,2026-04-26,12:21:30,销售订单0060245992创建成功开票：0920835973,S,1,成功
ZRTC20260424025,1-7Z1TIU,QC@73473061,12416210,HLB-591fc910-518b-11f0-8cdb-0c42a112278c,1000.0,-281.3,0,60245992,,920835973,2026-04-26,12:21:30,销售订单0060245992创建成功开票：0920835973,S,1,成功
ZRTC20260424025,1-7Z1TIU,QC@73473062,12416210,HLB-591fc9fc-518b-11f0-8cdb-0c42a112278c,1000.0,-281.3,0,60245992,,920835973,2026-04-26,12:21:30,销售订单0060245992创建成功开票：0920835973,S,1,成功
ZRTC20260424025,1-7Z1TIU,QC@73473063,12416210,HLB-591fca13-518b-11f0-8cdb-0c42a112278c,1000.0,-281.3,0,60245992,,920835973,2026-04-26,12:21:30,销售订单0060245992创建成功开票：0920835973,S,1,成功
ZRTC20260424025,1-7Z1TIU,QC@73473064,12416210,HLB-591fca26-518b-11f0-8cdb-0c42a112278c,1000.0,-281.3,0,60245992,,920835973,2026-04-26,12:21:30,销售订单0060245992创建成功开票：0920835973,S,1,成功
ZRTC20260424025,1-7Z1TIU,QC@73506897,12501318,HLB-55b93b00-561d-11f0-8cdb-0c42a112278c,1000.0,-281.3,0,60245992,,920835973,2026-04-26,12:21:30,销售订单0060245992创建成功开票：0920835973,S,1,成功
ZRTC20260424025,1-7Z1TIU,QC@73506898,12501318,HLB-55b93bda-561d-11f0-8cdb-0c42a112278c,1000.0,-281.3,0,60245992,,920835973,2026-04-26,12:21:30,销售订单0060245992创建成功开票：0920835973,S,1,成功
ZRTC20260424025,1-7Z1TIU,QC@73506899,12501318,HLB-55b93b14-561d-11f0-8cdb-0c42a112278c,1000.0,-281.3,0,60245992,,920835973,2026-04-26,12:21:30,销售订单0060245992创建成功开票：0920835973,S,1,成功
ZRTC20260424025,1-7Z1TIU,QC@73506900,12501318,HLB-55b93c27-561d-11f0-8cdb-0c42a112278c,1000.0,-281.3,0,60245992,,920835973,2026-04-26,12:21:30,销售订单0060245992创建成功开票：0920835973,S,1,成功
ZRTC20260424025,1-7Z1TIU,QC@73506901,12501318,HLB-55b93bb2-561d-11f0-8cdb-0c42a112278c,1000.0,-281.3,0,60245992,,920835973,2026-04-26,12:21:30,销售订单0060245992创建成功开票：0920835973,S,1,成功
ZRTC20260424025,1-7Z1TIU,QC@73506902,12501318,HLB-55b93bc6-561d-11f0-8cdb-0c42a112278c,1000.0,-281.3,0,60245992,,920835973,2026-04-26,12:21:30,销售订单0060245992创建成功开票：0920835973,S,1,成功
ZRTC20260424025,1-7Z1TIU,QC@73506903,12501318,HLB-55b93aeb-561d-11f0-8cdb-0c42a112278c,1000.0,-281.3,0,60245992,,920835973,2026-04-26,12:21:30,销售订单0060245992创建成功开票：0920835973,S,1,成功
ZRTC20260424025,1-7Z1TIU,QC@73506904,12501318,HLB-55b93b29-561d-11f0-8cdb-0c42a112278c,1000.0,-281.3,0,60245992,,920835973,2026-04-26,12:21:30,销售订单0060245992创建成功开票：0920835973,S,1,成功
ZRTC20260424025,1-7Z1TIU,QC@73506905,12501318,HLB-55b93bed-561d-11f0-8cdb-0c42a112278c,1000.0,-281.3,0,60245992,,920835973,2026-04-26,12:21:30,销售订单0060245992创建成功开票：0920835973,S,1,成功
ZRTC20260424025,1-7Z1TIU,QC@73506906,12501318,HLB-55b93b64-561d-11f0-8cdb-0c42a112278c,1000.0,-281.3,0,60245992,,920835973,2026-04-26,12:21:30,销售订单0060245992创建成功开票：0920835973,S,1,成功
ZRTC20260424025,1-7Z1TIU,QC@73506907,12501318,HLB-55b93c02-561d-11f0-8cdb-0c42a112278c,1000.0,-281.3,0,60245992,,920835973,2026-04-26,12:21:30,销售订单0060245992创建成功开票：0920835973,S,1,成功
ZRTC20260424025,1-7Z1TIU,QC@73506908,12501318,HLB-55b93aa7-561d-11f0-8cdb-0c42a112278c,1000.0,-281.3,0,60245992,,920835973,2026-04-26,12:21:30,销售订单0060245992创建成功开票：0920835973,S,1,成功
ZRTC20260424025,1-7Z1TIU,QC@73506909,12501318,HLB-55b93b3c-561d-11f0-8cdb-0c42a112278c,1000.0,-281.3,0,60245992,,920835973,2026-04-26,12:21:30,销售订单0060245992创建成功开票：0920835973,S,1,成功
ZRTC20260424025,1-7Z1TIU,QC@73506910,12501318,HLB-55b93b77-561d-11f0-8cdb-0c42a112278c,1000.0,-281.3,0,60245992,,920835973,2026-04-26,12:21:30,销售订单0060245992创建成功开票：0920835973,S,1,成功
ZRTC20260424025,1-7Z1TIU,QC@73506911,12501318,HLB-55b93a57-561d-11f0-8cdb-0c42a112278c,1000.0,-281.3,0,60245992,,920835973,2026-04-26,12:21:30,销售订单0060245992创建成功开票：0920835973,S,1,成功
ZRTC20260424025,1-7Z1TIU,QC@73506912,12501318,HLB-55b93b50-561d-11f0-8cdb-0c42a112278c,1000.0,-281.3,0,60245992,,920835973,2026-04-26,12:21:30,销售订单0060245992创建成功开票：0920835973,S,1,成功
ZRTC20260424025,1-7Z1TIU,QC@73506913,12501318,HLB-55b93b9e-561d-11f0-8cdb-0c42a112278c,1000.0,-281.3,0,60245992,,920835973,2026-04-26,12:21:30,销售订单0060245992创建成功开票：0920835973,S,1,成功
ZRTC20260424025,1-7Z1TIU,QC@73506914,12501318,HLB-55b93ac1-561d-11f0-8cdb-0c42a112278c,1000.0,-281.3,0,60245992,,920835973,2026-04-26,12:21:30,销售订单0060245992创建成功开票：0920835973,S,1,成功
ZRTC20260424025,1-7Z1TIU,QC@73506915,12501318,HLB-55b93ad6-561d-11f0-8cdb-0c42a112278c,1000.0,-281.3,0,60245992,,920835973,2026-04-26,12:21:30,销售订单0060245992创建成功开票：0920835973,S,1,成功
ZRTC20260424025,1-7Z1TIU,QC@73506916,12501318,HLB-55b93b8a-561d-11f0-8cdb-0c42a112278c,1000.0,-281.3,0,60245992,,920835973,2026-04-26,12:21:30,销售订单0060245992创建成功开票：0920835973,S,1,成功
ZRTC20260424025,1-7Z1TIU,QC@73587426,12501316,HLB-55a311e9-561d-11f0-8cdb-0c42a112278c,1000.0,-281.3,0,60245992,,920835973,2026-04-26,12:21:30,销售订单0060245992创建成功开票：0920835973,S,1,成功
ZRTC20260424025,1-7Z1TIU,QC@73587427,12501316,HLB-55a31171-561d-11f0-8cdb-0c42a112278c,1000.0,-281.3,0,60245992,,920835973,2026-04-26,12:21:30,销售订单0060245992创建成功开票：0920835973,S,1,成功
ZRTC20260424025,1-7Z1TIU,QC@73587428,12501316,HLB-55a31234-561d-11f0-8cdb-0c42a112278c,1000.0,-281.3,0,60245992,,920835973,2026-04-26,12:21:30,销售订单0060245992创建成功开票：0920835973,S,1,成功
ZRTC20260424025,1-7Z1TIU,QC@73587429,12501316,HLB-55a31201-561d-11f0-8cdb-0c42a112278c,1000.0,-281.3,0,60245992,,920835973,2026-04-26,12:21:30,销售订单0060245992创建成功开票：0920835973,S,1,成功
ZRTC20260424025,1-7Z1TIU,QC@73587430,12501316,HLB-55a310f3-561d-11f0-8cdb-0c42a112278c,1000.0,-281.3,0,60245992,,920835973,2026-04-26,12:21:30,销售订单0060245992创建成功开票：0920835973,S,1,成功
ZRTC20260424025,1-7Z1TIU,QC@73587431,12501316,HLB-55a311a2-561d-11f0-8cdb-0c42a112278c,1000.0,-281.3,0,60245992,,920835973,2026-04-26,12:21:30,销售订单0060245992创建成功开票：0920835973,S,1,成功
ZRTC20260424025,1-7Z1TIU,QC@73587432,12501316,HLB-55a310b3-561d-11f0-8cdb-0c42a112278c,1000.0,-281.3,0,60245992,,920835973,2026-04-26,12:21:30,销售订单0060245992创建成功开票：0920835973,S,1,成功
ZRTC20260424025,1-7Z1TIU,QC@73587433,12501316,HLB-55a3113d-561d-11f0-8cdb-0c42a112278c,1000.0,-281.3,0,60245992,,920835973,2026-04-26,12:21:30,销售订单0060245992创建成功开票：0920835973,S,1,成功
ZRTC20260424025,1-7Z1TIU,QC@73587434,12501316,HLB-55a312b5-561d-11f0-8cdb-0c42a112278c,1000.0,-281.3,0,60245992,,920835973,2026-04-26,12:21:30,销售订单0060245992创建成功开票：0920835973,S,1,成功
ZRTC20260424025,1-7Z1TIU,QC@73587435,12501316,HLB-55a31250-561d-11f0-8cdb-0c42a112278c,1000.0,-281.3,0,60245992,,920835973,2026-04-26,12:21:30,销售订单0060245992创建成功开票：0920835973,S,1,成功
ZRTC20260424025,1-7Z1TIU,QC@73587436,12501316,HLB-55a311be-561d-11f0-8cdb-0c42a112278c,1000.0,-281.3,0,60245992,,920835973,2026-04-26,12:21:30,销售订单0060245992创建成功开票：0920835973,S,1,成功
ZRTC20260424025,1-7Z1TIU,QC@73587437,12501316,HLB-55a311d4-561d-11f0-8cdb-0c42a112278c,1000.0,-281.3,0,60245992,,920835973,2026-04-26,12:21:30,销售订单0060245992创建成功开票：0920835973,S,1,成功
ZRTC20260424025,1-7Z1TIU,QC@73587438,12501316,HLB-55a3115b-561d-11f0-8cdb-0c42a112278c,1000.0,-281.3,0,60245992,,920835973,2026-04-26,12:21:30,销售订单0060245992创建成功开票：0920835973,S,1,成功
ZRTC20260424025,1-7Z1TIU,QC@73587439,12501316,HLB-55a3129b-561d-11f0-8cdb-0c42a112278c,1000.0,-281.3,0,60245992,,920835973,2026-04-26,12:21:30,销售订单0060245992创建成功开票：0920835973,S,1,成功
ZRTC20260424025,1-7Z1TIU,QC@73587440,12501316,HLB-55a310d5-561d-11f0-8cdb-0c42a112278c,1000.0,-281.3,0,60245992,,920835973,2026-04-26,12:21:30,销售订单0060245992创建成功开票：0920835973,S,1,成功
ZRTC20260424025,1-7Z1TIU,QC@73587441,12501316,HLB-55a31119-561d-11f0-8cdb-0c42a112278c,1000.0,-281.3,0,60245992,,920835973,2026-04-26,12:21:30,销售订单0060245992创建成功开票：0920835973,S,1,成功
ZRTC20260424025,1-7Z1TIU,QC@73587442,12501316,HLB-55a31188-561d-11f0-8cdb-0c42a112278c,1000.0,-281.3,0,60245992,,920835973,2026-04-26,12:21:30,销售订单0060245992创建成功开票：0920835973,S,1,成功
ZRTC20260424025,1-7Z1TIU,QC@73587443,12501316,HLB-55a312cd-561d-11f0-8cdb-0c42a112278c,1000.0,-281.3,0,60245992,,920835973,2026-04-26,12:21:30,销售订单0060245992创建成功开票：0920835973,S,1,成功
ZRTC20260424025,1-7Z1TIU,QC@73587444,12501316,HLB-55a31281-561d-11f0-8cdb-0c42a112278c,1000.0,-281.3,0,60245992,,920835973,2026-04-26,12:21:30,销售订单0060245992创建成功开票：0920835973,S,1,成功
ZRTC20260424025,1-7Z1TIU,QC@73587445,12501316,HLB-55a31269-561d-11f0-8cdb-0c42a112278c,1000.0,-281.3,0,60245992,,920835973,2026-04-26,12:21:30,销售订单0060245992创建成功开票：0920835973,S,1,成功
ZRTC20260424025,1-7Z1TIU,QC@73721184,12377685,HLB-eca5a0a6-4f2f-11f0-8cdb-0c42a112278c,1000.0,-281.3,0,60245992,,920835973,2026-04-26,12:21:30,销售订单0060245992创建成功开票：0920835973,S,1,成功
ZRTC20260424025,1-7Z1TIU,QC@73721185,12377685,HLB-eca5a093-4f2f-11f0-8cdb-0c42a112278c,1000.0,-281.3,0,60245992,,920835973,2026-04-26,12:21:30,销售订单0060245992创建成功开票：0920835973,S,1,成功
ZRTC20260424025,1-7Z1TIU,QC@73721186,12377685,HLB-eca5a0ba-4f2f-11f0-8cdb-0c42a112278c,1000.0,-281.3,0,60245992,,920835973,2026-04-26,12:21:30,销售订单0060245992创建成功开票：0920835973,S,1,成功
ZRTC20260424025,1-7Z1TIU,QC@73721187,12377685,HLB-eca5a149-4f2f-11f0-8cdb-0c42a112278c,1000.0,-281.3,0,60245992,,920835973,2026-04-26,12:21:30,销售订单0060245992创建成功开票：0920835973,S,1,成功
ZRTC20260424025,1-7Z1TIU,QC@73721188,12377685,HLB-eca5a0ce-4f2f-11f0-8cdb-0c42a112278c,1000.0,-281.3,0,60245992,,920835973,2026-04-26,12:21:30,销售订单0060245992创建成功开票：0920835973,S,1,成功
ZRTC20260424025,1-7Z1TIU,QC@73721189,12377685,HLB-eca5a122-4f2f-11f0-8cdb-0c42a112278c,1000.0,-281.3,0,60245992,,920835973,2026-04-26,12:21:30,销售订单0060245992创建成功开票：0920835973,S,1,成功
ZRTC20260424025,1-7Z1TIU,QC@73721190,12377685,HLB-eca5a136-4f2f-11f0-8cdb-0c42a112278c,1000.0,-281.3,0,60245992,,920835973,2026-04-26,12:21:30,销售订单0060245992创建成功开票：0920835973,S,1,成功
ZRTC20260424025,1-7Z1TIU,QC@73721191,12377685,HLB-eca5a0f8-4f2f-11f0-8cdb-0c42a112278c,1000.0,-281.3,0,60245992,,920835973,2026-04-26,12:21:30,销售订单0060245992创建成功开票：0920835973,S,1,成功
ZRTC20260424025,1-7Z1TIU,QC@73721192,12377685,HLB-eca5a10f-4f2f-11f0-8cdb-0c42a112278c,1000.0,-281.3,0,60245992,,920835973,2026-04-26,12:21:30,销售订单0060245992创建成功开票：0920835973,S,1,成功
ZRTC20260424025,1-7Z1TIU,QC@73721193,12377685,HLB-eca5a0e4-4f2f-11f0-8cdb-0c42a112278c,1000.0,-281.3,0,60245992,,920835973,2026-04-26,12:21:30,销售订单0060245992创建成功开票：0920835973,S,1,成功
ZRTC20260424025,1-7Z1TIU,QC@74140729,12508831,HLB-1688d4c9-570e-11f0-8cdb-0c42a112278c,1000.0,-281.3,0,60245992,,920835973,2026-04-26,12:21:30,销售订单0060245992创建成功开票：0920835973,S,1,成功
ZRTC20260424025,1-7Z1TIU,QC@74140732,12508831,HLB-1688d489-570e-11f0-8cdb-0c42a112278c,1000.0,-281.3,0,60245992,,920835973,2026-04-26,12:21:30,销售订单0060245992创建成功开票：0920835973,S,1,成功
ZRTC20260424025,1-7Z1TIU,QC@74140733,12508831,HLB-1688d4e0-570e-11f0-8cdb-0c42a112278c,1000.0,-281.3,0,60245992,,920835973,2026-04-26,12:21:30,销售订单0060245992创建成功开票：0920835973,S,1,成功
ZRTC20260424025,1-7Z1TIU,QC@74140735,12508831,HLB-1688d45e-570e-11f0-8cdb-0c42a112278c,1000.0,-281.3,0,60245992,,920835973,2026-04-26,12:21:30,销售订单0060245992创建成功开票：0920835973,S,1,成功
ZRTC20260424025,1-7Z1TIU,QC@74140737,12508831,HLB-1688d4a0-570e-11f0-8cdb-0c42a112278c,1000.0,-281.3,0,60245992,,920835973,2026-04-26,12:21:30,销售订单0060245992创建成功开票：0920835973,S,1,成功
ZRTC20260424025,1-7Z1TIU,QC@74140738,12508831,HLB-1688d5ce-570e-11f0-8cdb-0c42a112278c,1000.0,-281.3,0,60245992,,920835973,2026-04-26,12:21:30,销售订单0060245992创建成功开票：0920835973,S,1,成功
ZRTC20260424025,1-7Z1TIU,QC@74140739,12508831,HLB-1688d5e1-570e-11f0-8cdb-0c42a112278c,1000.0,-281.3,0,60245992,,920835973,2026-04-26,12:21:30,销售订单0060245992创建成功开票：0920835973,S,1,成功
ZRTC20260424025,1-7Z1TIU,QC@74140741,12508831,HLB-1688d50c-570e-11f0-8cdb-0c42a112278c,1000.0,-281.3,0,60245992,,920835973,2026-04-26,12:21:30,销售订单0060245992创建成功开票：0920835973,S,1,成功
ZRTC20260424025,1-7Z1TIU,QC@74140743,12508831,HLB-1688d5a7-570e-11f0-8cdb-0c42a112278c,1000.0,-281.3,0,60245992,,920835973,2026-04-26,12:21:30,销售订单0060245992创建成功开票：0920835973,S,1,成功
ZRTC20260424025,1-7Z1TIU,QC@74140744,12508831,HLB-1688d4f9-570e-11f0-8cdb-0c42a112278c,1000.0,-281.3,0,60245992,,920835973,2026-04-26,12:21:30,销售订单0060245992创建成功开票：0920835973,S,1,成功
ZRTC20260424025,1-7Z1TIU,QC@74140745,12508831,HLB-1688d54c-570e-11f0-8cdb-0c42a112278c,1000.0,-281.3,0,60245992,,920835973,2026-04-26,12:21:30,销售订单0060245992创建成功开票：0920835973,S,1,成功
ZRTC20260424025,1-7Z1TIU,QC@74140746,12508831,HLB-1688d5f5-570e-11f0-8cdb-0c42a112278c,1000.0,-281.3,0,60245992,,920835973,2026-04-26,12:21:30,销售订单0060245992创建成功开票：0920835973,S,1,成功
ZRTC20260424025,1-7Z1TIU,QC@74140748,12508831,HLB-1688d476-570e-11f0-8cdb-0c42a112278c,1000.0,-281.3,0,60245992,,920835973,2026-04-26,12:21:30,销售订单0060245992创建成功开票：0920835973,S,1,成功
ZRTC20260424025,1-7Z1TIU,QC@74140749,12508831,HLB-1688d57e-570e-11f0-8cdb-0c42a112278c,1000.0,-281.3,0,60245992,,920835973,2026-04-26,12:21:30,销售订单0060245992创建成功开票：0920835973,S,1,成功
ZRTC20260424025,1-7Z1TIU,QC@74140752,12508831,HLB-1688d565-570e-11f0-8cdb-0c42a112278c,1000.0,-281.3,0,60245992,,920835973,2026-04-26,12:21:30,销售订单0060245992创建成功开票：0920835973,S,1,成功
ZRTC20260424025,1-7Z1TIU,QC@74140759,12508831,HLB-1688d536-570e-11f0-8cdb-0c42a112278c,1000.0,-281.3,0,60245992,,920835973,2026-04-26,12:21:30,销售订单0060245992创建成功开票：0920835973,S,1,成功
ZRTC20260424025,1-7Z1TIU,QC@74140762,12508831,HLB-1688d4b6-570e-11f0-8cdb-0c42a112278c,1000.0,-281.3,0,60245992,,920835973,2026-04-26,12:21:30,销售订单0060245992创建成功开票：0920835973,S,1,成功
ZRTC20260424025,1-7Z1TIU,QC@74140764,12508831,HLB-1688d522-570e-11f0-8cdb-0c42a112278c,1000.0,-281.3,0,60245992,,920835973,2026-04-26,12:21:30,销售订单0060245992创建成功开票：0920835973,S,1,成功
ZRTC20260424025,1-7Z1TIU,QC@74140765,12508831,HLB-1688d5bb-570e-11f0-8cdb-0c42a112278c,1000.0,-281.3,0,60245992,,920835973,2026-04-26,12:21:30,销售订单0060245992创建成功开票：0920835973,S,1,成功
ZRTC20260424025,1-7Z1TIU,QC@74140767,12508831,HLB-1688d592-570e-11f0-8cdb-0c42a112278c,1000.0,-281.3,0,60245992,,920835973,2026-04-26,12:21:30,销售订单0060245992创建成功开票：0920835973,S,1,成功
ZRTC20260424025,1-7Z1TIU,QC@74604765,12508823,HLB-15bef9b8-570e-11f0-8cdb-0c42a112278c,1000.0,-281.3,0,60245992,,920835973,2026-04-26,12:21:30,销售订单0060245992创建成功开票：0920835973,S,1,成功
ZRTC20260424025,1-7Z1TIU,QC@74604768,12508823,HLB-15befab0-570e-11f0-8cdb-0c42a112278c,1000.0,-281.3,0,60245992,,920835973,2026-04-26,12:21:30,销售订单0060245992创建成功开票：0920835973,S,1,成功
ZRTC20260424025,1-7Z1TIU,QC@74604770,12508823,HLB-15bef9fd-570e-11f0-8cdb-0c42a112278c,1000.0,-281.3,0,60245992,,920835973,2026-04-26,12:21:30,销售订单0060245992创建成功开票：0920835973,S,1,成功
ZRTC20260424025,1-7Z1TIU,QC@74604771,12508823,HLB-15befa9b-570e-11f0-8cdb-0c42a112278c,1000.0,-281.3,0,60245992,,920835973,2026-04-26,12:21:30,销售订单0060245992创建成功开票：0920835973,S,1,成功
ZRTC20260424025,1-7Z1TIU,QC@74604773,12508823,HLB-15befaf4-570e-11f0-8cdb-0c42a112278c,1000.0,-281.3,0,60245992,,920835973,2026-04-26,12:21:30,销售订单0060245992创建成功开票：0920835973,S,1,成功
ZRTC20260424025,1-7Z1TIU,QC@74604775,12508823,HLB-15bef936-570e-11f0-8cdb-0c42a112278c,1000.0,-281.3,0,60245992,,920835973,2026-04-26,12:21:30,销售订单0060245992创建成功开票：0920835973,S,1,成功
ZRTC20260424025,1-7Z1TIU,QC@74604780,12508823,HLB-15befa72-570e-11f0-8cdb-0c42a112278c,1000.0,-281.3,0,60245992,,920835973,2026-04-26,12:21:30,销售订单0060245992创建成功开票：0920835973,S,1,成功
ZRTC20260424025,1-7Z1TIU,QC@74604781,12508823,HLB-15bef9a2-570e-11f0-8cdb-0c42a112278c,1000.0,-281.3,0,60245992,,920835973,2026-04-26,12:21:30,销售订单0060245992创建成功开票：0920835973,S,1,成功
ZRTC20260424025,1-7Z1TIU,QC@74604782,12508823,HLB-15befb9d-570e-11f0-8cdb-0c42a112278c,1000.0,-281.3,0,60245992,,920835973,2026-04-26,12:21:30,销售订单0060245992创建成功开票：0920835973,S,1,成功
ZRTC20260424025,1-7Z1TIU,QC@74604783,12508823,HLB-15befb60-570e-11f0-8cdb-0c42a112278c,1000.0,-281.3,0,60245992,,920835973,2026-04-26,12:21:30,销售订单0060245992创建成功开票：0920835973,S,1,成功
ZRTC20260424025,1-7Z1TIU,QC@74604786,12508823,HLB-15befb76-570e-11f0-8cdb-0c42a112278c,1000.0,-281.3,0,60245992,,920835973,2026-04-26,12:21:30,销售订单0060245992创建成功开票：0920835973,S,1,成功
ZRTC20260424025,1-7Z1TIU,QC@74604787,12508823,HLB-15befb21-570e-11f0-8cdb-0c42a112278c,1000.0,-281.3,0,60245992,,920835973,2026-04-26,12:21:30,销售订单0060245992创建成功开票：0920835973,S,1,成功
ZRTC20260424025,1-7Z1TIU,QC@74604789,12508823,HLB-15bef98a-570e-11f0-8cdb-0c42a112278c,1000.0,-281.3,0,60245992,,920835973,2026-04-26,12:21:30,销售订单0060245992创建成功开票：0920835973,S,1,成功
ZRTC20260424025,1-7Z1TIU,QC@74604791,12508823,HLB-15bef975-570e-11f0-8cdb-0c42a112278c,1000.0,-281.3,0,60245992,,920835973,2026-04-26,12:21:30,销售订单0060245992创建成功开票：0920835973,S,1,成功
ZRTC20260424025,1-7Z1TIU,QC@74604792,12508823,HLB-15befb4d-570e-11f0-8cdb-0c42a112278c,1000.0,-281.3,0,60245992,,920835973,2026-04-26,12:21:30,销售订单0060245992创建成功开票：0920835973,S,1,成功
ZRTC20260424025,1-7Z1TIU,QC@74604794,12508823,HLB-15befa88-570e-11f0-8cdb-0c42a112278c,1000.0,-281.3,0,60245992,,920835973,2026-04-26,12:21:30,销售订单0060245992创建成功开票：0920835973,S,1,成功
ZRTC20260424025,1-7Z1TIU,QC@74604795,12508823,HLB-15befa5b-570e-11f0-8cdb-0c42a112278c,1000.0,-281.3,0,60245992,,920835973,2026-04-26,12:21:30,销售订单0060245992创建成功开票：0920835973,S,1,成功
ZRTC20260424025,1-7Z1TIU,QC@74604796,12508823,HLB-15bef949-570e-11f0-8cdb-0c42a112278c,1000.0,-281.3,0,60245992,,920835973,2026-04-26,12:21:30,销售订单0060245992创建成功开票：0920835973,S,1,成功
ZRTC20260424025,1-7Z1TIU,QC@74604797,12508823,HLB-15befb0d-570e-11f0-8cdb-0c42a112278c,1000.0,-281.3,0,60245992,,920835973,2026-04-26,12:21:30,销售订单0060245992创建成功开票：0920835973,S,1,成功
ZRTC20260424025,1-7Z1TIU,QC@74604798,12508823,HLB-15befa2b-570e-11f0-8cdb-0c42a112278c,1000.0,-281.3,0,60245992,,920835973,2026-04-26,12:21:30,销售订单0060245992创建成功开票：0920835973,S,1,成功
ZRTC20260424025,1-7Z1TIU,QC@74604804,12508823,HLB-15befa45-570e-11f0-8cdb-0c42a112278c,1000.0,-281.3,0,60245992,,920835973,2026-04-26,12:21:30,销售订单0060245992创建成功开票：0920835973,S,1,成功
ZRTC20260424025,1-7Z1TIU,QC@74604805,12508823,HLB-15befb89-570e-11f0-8cdb-0c42a112278c,1000.0,-281.3,0,60245992,,920835973,2026-04-26,12:21:30,销售订单0060245992创建成功开票：0920835973,S,1,成功
ZRTC20260424025,1-7Z1TIU,QC@74604806,12508823,HLB-15bef9e4-570e-11f0-8cdb-0c42a112278c,1000.0,-281.3,0,60245992,,920835973,2026-04-26,12:21:30,销售订单0060245992创建成功开票：0920835973,S,1,成功
ZRTC20260424025,1-7Z1TIU,QC@74604807,12508823,HLB-15befb36-570e-11f0-8cdb-0c42a112278c,1000.0,-281.3,0,60245992,,920835973,2026-04-26,12:21:30,销售订单0060245992创建成功开票：0920835973,S,1,成功
ZRTC20260424025,1-7Z1TIU,QC@74604808,12508823,HLB-15befac9-570e-11f0-8cdb-0c42a112278c,1000.0,-281.3,0,60245992,,920835973,2026-04-26,12:21:30,销售订单0060245992创建成功开票：0920835973,S,1,成功
ZRTC20260424025,1-7Z1TIU,QC@74604809,12508823,HLB-15befade-570e-11f0-8cdb-0c42a112278c,1000.0,-281.3,0,60245992,,920835973,2026-04-26,12:21:30,销售订单0060245992创建成功开票：0920835973,S,1,成功
ZRTC20260424025,1-7Z1TIU,QC@74604812,12508823,HLB-15befa13-570e-11f0-8cdb-0c42a112278c,1000.0,-281.3,0,60245992,,920835973,2026-04-26,12:21:30,销售订单0060245992创建成功开票：0920835973,S,1,成功
ZRTC20260424025,1-7Z1TIU,QC@74604814,12508823,HLB-15bef960-570e-11f0-8cdb-0c42a112278c,1000.0,-281.3,0,60245992,,920835973,2026-04-26,12:21:30,销售订单0060245992创建成功开票：0920835973,S,1,成功
ZRTC20260424025,1-7Z1TIU,QC@74604819,12508823,HLB-15bef9ce-570e-11f0-8cdb-0c42a112278c,1000.0,-281.3,0,60245992,,920835973,2026-04-26,12:21:30,销售订单0060245992创建成功开票：0920835973,S,1,成功
ZRTC20260424025,1-7Z1TIU,QC@74604821,12508823,HLB-15bef91e-570e-11f0-8cdb-0c42a112278c,1000.0,-281.3,0,60245992,,920835973,2026-04-26,12:21:30,销售订单0060245992创建成功开票：0920835973,S,1,成功
ZRTC20260424025,1-7Z1TIU,QC@74655436,12506578,HLB-ab6f788b-56e9-11f0-8cdb-0c42a112278c,1000.0,-281.3,0,60245992,,920835973,2026-04-26,12:21:30,销售订单0060245992创建成功开票：0920835973,S,1,成功
ZRTC20260424025,1-7Z1TIU,QC@74655437,12506578,HLB-ab6f7824-56e9-11f0-8cdb-0c42a112278c,1000.0,-281.3,0,60245992,,920835973,2026-04-26,12:21:30,销售订单0060245992创建成功开票：0920835973,S,1,成功
ZRTC20260424025,1-7Z1TIU,QC@74655441,12506578,HLB-ab6f7838-56e9-11f0-8cdb-0c42a112278c,1000.0,-281.3,0,60245992,,920835973,2026-04-26,12:21:30,销售订单0060245992创建成功开票：0920835973,S,1,成功
ZRTC20260424025,1-7Z1TIU,QC@74655443,12506578,HLB-ab6f77c0-56e9-11f0-8cdb-0c42a112278c,1000.0,-281.3,0,60245992,,920835973,2026-04-26,12:21:30,销售订单0060245992创建成功开票：0920835973,S,1,成功
ZRTC20260424025,1-7Z1TIU,QC@74655444,12506578,HLB-ab6f78b7-56e9-11f0-8cdb-0c42a112278c,1000.0,-281.3,0,60245992,,920835973,2026-04-26,12:21:30,销售订单0060245992创建成功开票：0920835973,S,1,成功
ZRTC20260424025,1-7Z1TIU,QC@74655445,12506578,HLB-ab6f784c-56e9-11f0-8cdb-0c42a112278c,1000.0,-281.3,0,60245992,,920835973,2026-04-26,12:21:30,销售订单0060245992创建成功开票：0920835973,S,1,成功
ZRTC20260424025,1-7Z1TIU,QC@74655446,12506578,HLB-ab6f7877-56e9-11f0-8cdb-0c42a112278c,1000.0,-281.3,0,60245992,,920835973,2026-04-26,12:21:30,销售订单0060245992创建成功开票：0920835973,S,1,成功
ZRTC20260424025,1-7Z1TIU,QC@74655447,12506578,HLB-ab6f780f-56e9-11f0-8cdb-0c42a112278c,1000.0,-281.3,0,60245992,,920835973,2026-04-26,12:21:30,销售订单0060245992创建成功开票：0920835973,S,1,成功
ZRTC20260424025,1-7Z1TIU,QC@74655448,12506578,HLB-ab6f78e8-56e9-11f0-8cdb-0c42a112278c,1000.0,-281.3,0,60245992,,920835973,2026-04-26,12:21:30,销售订单0060245992创建成功开票：0920835973,S,1,成功
ZRTC20260424025,1-7Z1TIU,QC@74655450,12506578,HLB-ab6f77d4-56e9-11f0-8cdb-0c42a112278c,1000.0,-281.3,0,60245992,,920835973,2026-04-26,12:21:30,销售订单0060245992创建成功开票：0920835973,S,1,成功
ZRTC20260424025,1-7Z1TIU,QC@74655456,12506578,HLB-ab6f7924-56e9-11f0-8cdb-0c42a112278c,1000.0,-281.3,0,60245992,,920835973,2026-04-26,12:21:30,销售订单0060245992创建成功开票：0920835973,S,1,成功
ZRTC20260424025,1-7Z1TIU,QC@74655459,12506578,HLB-ab6f77a8-56e9-11f0-8cdb-0c42a112278c,1000.0,-281.3,0,60245992,,920835973,2026-04-26,12:21:30,销售订单0060245992创建成功开票：0920835973,S,1,成功
ZRTC20260424025,1-7Z1TIU,QC@74655460,12506578,HLB-ab6f77fb-56e9-11f0-8cdb-0c42a112278c,1000.0,-281.3,0,60245992,,920835973,2026-04-26,12:21:30,销售订单0060245992创建成功开票：0920835973,S,1,成功
ZRTC20260424025,1-7Z1TIU,QC@74655461,12506578,HLB-ab6f78cd-56e9-11f0-8cdb-0c42a112278c,1000.0,-281.3,0,60245992,,920835973,2026-04-26,12:21:30,销售订单0060245992创建成功开票：0920835973,S,1,成功
ZRTC20260424025,1-7Z1TIU,QC@74655463,12506578,HLB-ab6f77e7-56e9-11f0-8cdb-0c42a112278c,1000.0,-281.3,0,60245992,,920835973,2026-04-26,12:21:30,销售订单0060245992创建成功开票：0920835973,S,1,成功
ZRTC20260424025,1-7Z1TIU,QC@74655465,12506578,HLB-ab6f7861-56e9-11f0-8cdb-0c42a112278c,1000.0,-281.3,0,60245992,,920835973,2026-04-26,12:21:30,销售订单0060245992创建成功开票：0920835973,S,1,成功
ZRTC20260424025,1-7Z1TIU,QC@74655466,12506578,HLB-ab6f7911-56e9-11f0-8cdb-0c42a112278c,1000.0,-281.3,0,60245992,,920835973,2026-04-26,12:21:30,销售订单0060245992创建成功开票：0920835973,S,1,成功
ZRTC20260424025,1-7Z1TIU,QC@74655468,12506578,HLB-ab6f7785-56e9-11f0-8cdb-0c42a112278c,1000.0,-281.3,0,60245992,,920835973,2026-04-26,12:21:30,销售订单0060245992创建成功开票：0920835973,S,1,成功
ZRTC20260424025,1-7Z1TIU,QC@74655471,12506578,HLB-ab6f78a0-56e9-11f0-8cdb-0c42a112278c,1000.0,-281.3,0,60245992,,920835973,2026-04-26,12:21:30,销售订单0060245992创建成功开票：0920835973,S,1,成功
ZRTC20260424025,1-7Z1TIU,QC@74655473,12506578,HLB-ab6f78fb-56e9-11f0-8cdb-0c42a112278c,1000.0,-281.3,0,60245992,,920835973,2026-04-26,12:21:30,销售订单0060245992创建成功开票：0920835973,S,1,成功
ZRTC20260424025,1-7Z1TIU,QC@74964236,12654598,HLB-0bf2df54-69e9-11f0-8cdb-0c42a112278c,1000.0,-281.3,0,60245992,,920835973,2026-04-26,12:21:30,销售订单0060245992创建成功开票：0920835973,S,1,成功
ZRTC20260424025,1-7Z1TIU,QC@74964237,12654598,HLB-0bdf95b7-69e9-11f0-8cdb-0c42a112278c,1000.0,-281.3,0,60245992,,920835973,2026-04-26,12:21:30,销售订单0060245992创建成功开票：0920835973,S,1,成功
ZRTC20260424025,1-7Z1TIU,QC@74964241,12654598,HLB-0bdf957b-69e9-11f0-8cdb-0c42a112278c,1000.0,-281.3,0,60245992,,920835973,2026-04-26,12:21:30,销售订单0060245992创建成功开票：0920835973,S,1,成功
ZRTC20260424025,1-7Z1TIU,QC@74964242,12654598,HLB-0bf2df12-69e9-11f0-8cdb-0c42a112278c,1000.0,-281.3,0,60245992,,920835973,2026-04-26,12:21:30,销售订单0060245992创建成功开票：0920835973,S,1,成功
ZRTC20260424025,1-7Z1TIU,QC@74964244,12654598,HLB-0bdf96f5-69e9-11f0-8cdb-0c42a112278c,1000.0,-281.3,0,60245992,,920835973,2026-04-26,12:21:30,销售订单0060245992创建成功开票：0920835973,S,1,成功
ZRTC20260424025,1-7Z1TIU,QC@74964246,12654598,HLB-0bf2df28-69e9-11f0-8cdb-0c42a112278c,1000.0,-281.3,0,60245992,,920835973,2026-04-26,12:21:30,销售订单0060245992创建成功开票：0920835973,S,1,成功
ZRTC20260424025,1-7Z1TIU,QC@74964247,12654598,HLB-0bdf9656-69e9-11f0-8cdb-0c42a112278c,1000.0,-281.3,0,60245992,,920835973,2026-04-26,12:21:30,销售订单0060245992创建成功开票：0920835973,S,1,成功
ZRTC20260424025,1-7Z1TIU,QC@74964251,12654598,HLB-0bf2df95-69e9-11f0-8cdb-0c42a112278c,1000.0,-281.3,0,60245992,,920835973,2026-04-26,12:21:30,销售订单0060245992创建成功开票：0920835973,S,1,成功
ZRTC20260424025,1-7Z1TIU,QC@74964252,12654598,HLB-0bdf9631-69e9-11f0-8cdb-0c42a112278c,1000.0,-281.3,0,60245992,,920835973,2026-04-26,12:21:30,销售订单0060245992创建成功开票：0920835973,S,1,成功
ZRTC20260424025,1-7Z1TIU,QC@74964255,12654598,HLB-0bdf95f7-69e9-11f0-8cdb-0c42a112278c,1000.0,-281.3,0,60245992,,920835973,2026-04-26,12:21:30,销售订单0060245992创建成功开票：0920835973,S,1,成功
ZRTC20260424025,1-7Z1TIU,QC@74964256,12654598,HLB-0bdf96a6-69e9-11f0-8cdb-0c42a112278c,1000.0,-281.3,0,60245992,,920835973,2026-04-26,12:21:30,销售订单0060245992创建成功开票：0920835973,S,1,成功
ZRTC20260424025,1-7Z1TIU,QC@74964257,12654598,HLB-0bdf967f-69e9-11f0-8cdb-0c42a112278c,1000.0,-281.3,0,60245992,,920835973,2026-04-26,12:21:30,销售订单0060245992创建成功开票：0920835973,S,1,成功
ZRTC20260424025,1-7Z1TIU,QC@74964261,12654598,HLB-0bdf958e-69e9-11f0-8cdb-0c42a112278c,1000.0,-281.3,0,60245992,,920835973,2026-04-26,12:21:30,销售订单0060245992创建成功开票：0920835973,S,1,成功
ZRTC20260424025,1-7Z1TIU,QC@74964262,12654598,HLB-0bdf9643-69e9-11f0-8cdb-0c42a112278c,1000.0,-281.3,0,60245992,,920835973,2026-04-26,12:21:30,销售订单0060245992创建成功开票：0920835973,S,1,成功
ZRTC20260424025,1-7Z1TIU,QC@74964264,12654598,HLB-0bf2defb-69e9-11f0-8cdb-0c42a112278c,1000.0,-281.3,0,60245992,,920835973,2026-04-26,12:21:30,销售订单0060245992创建成功开票：0920835973,S,1,成功
ZRTC20260424025,1-7Z1TIU,QC@74964267,12654598,HLB-0bdf95cc-69e9-11f0-8cdb-0c42a112278c,1000.0,-281.3,0,60245992,,920835973,2026-04-26,12:21:30,销售订单0060245992创建成功开票：0920835973,S,1,成功
ZRTC20260424025,1-7Z1TIU,QC@74964268,12654598,HLB-0bdf96e0-69e9-11f0-8cdb-0c42a112278c,1000.0,-281.3,0,60245992,,920835973,2026-04-26,12:21:30,销售订单0060245992创建成功开票：0920835973,S,1,成功
ZRTC20260424025,1-7Z1TIU,QC@74964269,12654598,HLB-0bdf96cd-69e9-11f0-8cdb-0c42a112278c,1000.0,-281.3,0,60245992,,920835973,2026-04-26,12:21:30,销售订单0060245992创建成功开票：0920835973,S,1,成功
ZRTC20260424025,1-7Z1TIU,QC@74964274,12654598,HLB-0bf2df3f-69e9-11f0-8cdb-0c42a112278c,1000.0,-281.3,0,60245992,,920835973,2026-04-26,12:21:30,销售订单0060245992创建成功开票：0920835973,S,1,成功
ZRTC20260424025,1-7Z1TIU,QC@74964277,12654598,HLB-0bdf961e-69e9-11f0-8cdb-0c42a112278c,1000.0,-281.3,0,60245992,,920835973,2026-04-26,12:21:30,销售订单0060245992创建成功开票：0920835973,S,1,成功
ZRTC20260424025,1-7Z1TIU,QC@74964278,12654598,HLB-0bf2dfa9-69e9-11f0-8cdb-0c42a112278c,1000.0,-281.3,0,60245992,,920835973,2026-04-26,12:21:30,销售订单0060245992创建成功开票：0920835973,S,1,成功
ZRTC20260424025,1-7Z1TIU,QC@74964279,12654598,HLB-0bf2df6d-69e9-11f0-8cdb-0c42a112278c,1000.0,-281.3,0,60245992,,920835973,2026-04-26,12:21:30,销售订单0060245992创建成功开票：0920835973,S,1,成功
ZRTC20260424025,1-7Z1TIU,QC@74964281,12654598,HLB-0bdf96ba-69e9-11f0-8cdb-0c42a112278c,1000.0,-281.3,0,60245992,,920835973,2026-04-26,12:21:30,销售订单0060245992创建成功开票：0920835973,S,1,成功
ZRTC20260424025,1-7Z1TIU,QC@74964282,12654598,HLB-0bdf966a-69e9-11f0-8cdb-0c42a112278c,1000.0,-281.3,0,60245992,,920835973,2026-04-26,12:21:30,销售订单0060245992创建成功开票：0920835973,S,1,成功
ZRTC20260424025,1-7Z1TIU,QC@74964283,12654598,HLB-0bdf95e2-69e9-11f0-8cdb-0c42a112278c,1000.0,-281.3,0,60245992,,920835973,2026-04-26,12:21:30,销售订单0060245992创建成功开票：0920835973,S,1,成功
ZRTC20260424025,1-7Z1TIU,QC@74964285,12654598,HLB-0bf2deaa-69e9-11f0-8cdb-0c42a112278c,1000.0,-281.3,0,60245992,,920835973,2026-04-26,12:21:30,销售订单0060245992创建成功开票：0920835973,S,1,成功
ZRTC20260424025,1-7Z1TIU,QC@74964287,12654598,HLB-0bdf95a4-69e9-11f0-8cdb-0c42a112278c,1000.0,-281.3,0,60245992,,920835973,2026-04-26,12:21:30,销售订单0060245992创建成功开票：0920835973,S,1,成功
ZRTC20260424025,1-7Z1TIU,QC@74964288,12654598,HLB-0bf2df81-69e9-11f0-8cdb-0c42a112278c,1000.0,-281.3,0,60245992,,920835973,2026-04-26,12:21:30,销售订单0060245992创建成功开票：0920835973,S,1,成功
ZRTC20260424025,1-7Z1TIU,QC@74964289,12654598,HLB-0bdf960b-69e9-11f0-8cdb-0c42a112278c,1000.0,-281.3,0,60245992,,920835973,2026-04-26,12:21:30,销售订单0060245992创建成功开票：0920835973,S,1,成功
ZRTC20260424025,1-7Z1TIU,QC@74964295,12654598,HLB-0bdf9693-69e9-11f0-8cdb-0c42a112278c,1000.0,-281.3,0,60245992,,920835973,2026-04-26,12:21:30,销售订单0060245992创建成功开票：0920835973,S,1,成功
ZRTC20260424025,1-7Z1TIU,QC@75400843,12377691,HLB-ecec269c-4f2f-11f0-8cdb-0c42a112278c,1000.0,-281.3,0,60245992,,920835973,2026-04-26,12:21:30,销售订单0060245992创建成功开票：0920835973,S,1,成功
ZRTC20260424025,1-7Z1TIU,QC@75400844,12377691,HLB-ecec26da-4f2f-11f0-8cdb-0c42a112278c,1000.0,-281.3,0,60245992,,920835973,2026-04-26,12:21:30,销售订单0060245992创建成功开票：0920835973,S,1,成功
ZRTC20260424025,1-7Z1TIU,QC@75400845,12377691,HLB-ecec273f-4f2f-11f0-8cdb-0c42a112278c,1000.0,-281.3,0,60245992,,920835973,2026-04-26,12:21:30,销售订单0060245992创建成功开票：0920835973,S,1,成功
ZRTC20260424025,1-7Z1TIU,QC@75400846,12377691,HLB-ecec2752-4f2f-11f0-8cdb-0c42a112278c,1000.0,-281.3,0,60245992,,920835973,2026-04-26,12:21:30,销售订单0060245992创建成功开票：0920835973,S,1,成功
ZRTC20260424025,1-7Z1TIU,QC@75400847,12377691,HLB-ecec26ee-4f2f-11f0-8cdb-0c42a112278c,1000.0,-281.3,0,60245992,,920835973,2026-04-26,12:21:30,销售订单0060245992创建成功开票：0920835973,S,1,成功
ZRTC20260424025,1-7Z1TIU,QC@75400848,12377691,HLB-ecec26b1-4f2f-11f0-8cdb-0c42a112278c,1000.0,-281.3,0,60245992,,920835973,2026-04-26,12:21:30,销售订单0060245992创建成功开票：0920835973,S,1,成功
ZRTC20260424025,1-7Z1TIU,QC@75400849,12377691,HLB-ecec26c4-4f2f-11f0-8cdb-0c42a112278c,1000.0,-281.3,0,60245992,,920835973,2026-04-26,12:21:30,销售订单0060245992创建成功开票：0920835973,S,1,成功
ZRTC20260424025,1-7Z1TIU,QC@75400850,12377691,HLB-ecec2704-4f2f-11f0-8cdb-0c42a112278c,1000.0,-281.3,0,60245992,,920835973,2026-04-26,12:21:30,销售订单0060245992创建成功开票：0920835973,S,1,成功
ZRTC20260424025,1-7Z1TIU,QC@75400851,12377691,HLB-ecec272c-4f2f-11f0-8cdb-0c42a112278c,1000.0,-281.3,0,60245992,,920835973,2026-04-26,12:21:30,销售订单0060245992创建成功开票：0920835973,S,1,成功
ZRTC20260424025,1-7Z1TIU,QC@75400852,12377691,HLB-ecec2717-4f2f-11f0-8cdb-0c42a112278c,1000.0,-281.3,0,60245992,,920835973,2026-04-26,12:21:30,销售订单0060245992创建成功开票：0920835973,S,1,成功
ZRTC20260424025,1-7Z1TIU,QC@75945014,12549584,HLB-6ecc384b-5d4a-11f0-8cdb-0c42a112278c,1000.0,-281.3,0,60245992,,920835973,2026-04-26,12:21:30,销售订单0060245992创建成功开票：0920835973,S,1,成功
ZRTC20260424025,1-7Z1TIU,QC@75945015,12549584,HLB-6ecc3822-5d4a-11f0-8cdb-0c42a112278c,1000.0,-281.3,0,60245992,,920835973,2026-04-26,12:21:30,销售订单0060245992创建成功开票：0920835973,S,1,成功
ZRTC20260424025,1-7Z1TIU,QC@75945017,12549584,HLB-6ecc3838-5d4a-11f0-8cdb-0c42a112278c,1000.0,-281.3,0,60245992,,920835973,2026-04-26,12:21:30,销售订单0060245992创建成功开票：0920835973,S,1,成功
ZRTC20260424025,1-7Z1TIU,QC@75945018,12549584,HLB-6ecc385f-5d4a-11f0-8cdb-0c42a112278c,1000.0,-281.3,0,60245992,,920835973,2026-04-26,12:21:30,销售订单0060245992创建成功开票：0920835973,S,1,成功
ZRTC20260424025,1-7Z1TIU,QC@75945019,12549584,HLB-6ecc3874-5d4a-11f0-8cdb-0c42a112278c,1000.0,-281.3,0,60245992,,920835973,2026-04-26,12:21:30,销售订单0060245992创建成功开票：0920835973,S,1,成功
ZRTC20260424025,1-7Z1TIU,QC@76316717,12377687,HLB-ecc7be53-4f2f-11f0-8cdb-0c42a112278c,1000.0,-281.3,0,60245992,,920835973,2026-04-26,12:21:30,销售订单0060245992创建成功开票：0920835973,S,1,成功
ZRTC20260424025,1-7Z1TIU,QC@76316718,12377687,HLB-ecc7be40-4f2f-11f0-8cdb-0c42a112278c,1000.0,-281.3,0,60245992,,920835973,2026-04-26,12:21:30,销售订单0060245992创建成功开票：0920835973,S,1,成功
ZRTC20260424025,1-7Z1TIU,QC@76316719,12377687,HLB-ecc7be95-4f2f-11f0-8cdb-0c42a112278c,1000.0,-281.3,0,60245992,,920835973,2026-04-26,12:21:30,销售订单0060245992创建成功开票：0920835973,S,1,成功
ZRTC20260424025,1-7Z1TIU,QC@76316720,12377687,HLB-ecc7beac-4f2f-11f0-8cdb-0c42a112278c,1000.0,-281.3,0,60245992,,920835973,2026-04-26,12:21:30,销售订单0060245992创建成功开票：0920835973,S,1,成功
ZRTC20260424025,1-7Z1TIU,QC@76316721,12377687,HLB-ecc7be2d-4f2f-11f0-8cdb-0c42a112278c,1000.0,-281.3,0,60245992,,920835973,2026-04-26,12:21:30,销售订单0060245992创建成功开票：0920835973,S,1,成功
ZRTC20260424025,1-7Z1TIU,QC@76316722,12377687,HLB-ecc7bf17-4f2f-11f0-8cdb-0c42a112278c,1000.0,-281.3,0,60245992,,920835973,2026-04-26,12:21:30,销售订单0060245992创建成功开票：0920835973,S,1,成功
ZRTC20260424025,1-7Z1TIU,QC@76316723,12377687,HLB-ecc7bec0-4f2f-11f0-8cdb-0c42a112278c,1000.0,-281.3,0,60245992,,920835973,2026-04-26,12:21:30,销售订单0060245992创建成功开票：0920835973,S,1,成功
ZRTC20260424025,1-7Z1TIU,QC@76316724,12377687,HLB-ecc7bf67-4f2f-11f0-8cdb-0c42a112278c,1000.0,-281.3,0,60245992,,920835973,2026-04-26,12:21:30,销售订单0060245992创建成功开票：0920835973,S,1,成功
ZRTC20260424025,1-7Z1TIU,QC@76316725,12377687,HLB-ecc7be16-4f2f-11f0-8cdb-0c42a112278c,1000.0,-281.3,0,60245992,,920835973,2026-04-26,12:21:30,销售订单0060245992创建成功开票：0920835973,S,1,成功
ZRTC20260424025,1-7Z1TIU,QC@76316726,12377687,HLB-ecc7be81-4f2f-11f0-8cdb-0c42a112278c,1000.0,-281.3,0,60245992,,920835973,2026-04-26,12:21:30,销售订单0060245992创建成功开票：0920835973,S,1,成功
ZRTC20260424025,1-7Z1TIU,QC@76316727,12377687,HLB-ecc7bf8f-4f2f-11f0-8cdb-0c42a112278c,1000.0,-281.3,0,60245992,,920835973,2026-04-26,12:21:30,销售订单0060245992创建成功开票：0920835973,S,1,成功
ZRTC20260424025,1-7Z1TIU,QC@76316728,12377687,HLB-ecc7bef0-4f2f-11f0-8cdb-0c42a112278c,1000.0,-281.3,0,60245992,,920835973,2026-04-26,12:21:30,销售订单0060245992创建成功开票：0920835973,S,1,成功
ZRTC20260424025,1-7Z1TIU,QC@76316729,12377687,HLB-ecc7bf04-4f2f-11f0-8cdb-0c42a112278c,1000.0,-281.3,0,60245992,,920835973,2026-04-26,12:21:30,销售订单0060245992创建成功开票：0920835973,S,1,成功
ZRTC20260424025,1-7Z1TIU,QC@76316730,12377687,HLB-ecc7bf51-4f2f-11f0-8cdb-0c42a112278c,1000.0,-281.3,0,60245992,,920835973,2026-04-26,12:21:30,销售订单0060245992创建成功开票：0920835973,S,1,成功
ZRTC20260424025,1-7Z1TIU,QC@76316731,12377687,HLB-ecc7bf7b-4f2f-11f0-8cdb-0c42a112278c,1000.0,-281.3,0,60245992,,920835973,2026-04-26,12:21:30,销售订单0060245992创建成功开票：0920835973,S,1,成功
ZRTC20260424025,1-7Z1TIU,QC@76316732,12377687,HLB-ecc7be6c-4f2f-11f0-8cdb-0c42a112278c,1000.0,-281.3,0,60245992,,920835973,2026-04-26,12:21:30,销售订单0060245992创建成功开票：0920835973,S,1,成功
ZRTC20260424025,1-7Z1TIU,QC@76316733,12377687,HLB-ecc7be00-4f2f-11f0-8cdb-0c42a112278c,1000.0,-281.3,0,60245992,,920835973,2026-04-26,12:21:30,销售订单0060245992创建成功开票：0920835973,S,1,成功
ZRTC20260424025,1-7Z1TIU,QC@76316734,12377687,HLB-ecc7bedb-4f2f-11f0-8cdb-0c42a112278c,1000.0,-281.3,0,60245992,,920835973,2026-04-26,12:21:30,销售订单0060245992创建成功开票：0920835973,S,1,成功
ZRTC20260424025,1-7Z1TIU,QC@76316735,12377687,HLB-ecc7bf2a-4f2f-11f0-8cdb-0c42a112278c,1000.0,-281.3,0,60245992,,920835973,2026-04-26,12:21:30,销售订单0060245992创建成功开票：0920835973,S,1,成功
ZRTC20260424025,1-7Z1TIU,QC@76316736,12377687,HLB-ecc7bf3e-4f2f-11f0-8cdb-0c42a112278c,1000.0,-281.3,0,60245992,,920835973,2026-04-26,12:21:30,销售订单0060245992创建成功开票：0920835973,S,1,成功
ZRTC20260424025,1-7Z1TIU,QC@76379681,12506580,HLB-abb7ccaf-56e9-11f0-8cdb-0c42a112278c,1000.0,-281.3,0,60245992,,920835973,2026-04-26,12:21:30,销售订单0060245992创建成功开票：0920835973,S,1,成功
ZRTC20260424025,1-7Z1TIU,QC@76379682,12506580,HLB-abb7cdfe-56e9-11f0-8cdb-0c42a112278c,1000.0,-281.3,0,60245992,,920835973,2026-04-26,12:21:30,销售订单0060245992创建成功开票：0920835973,S,1,成功
ZRTC20260424025,1-7Z1TIU,QC@76379683,12506580,HLB-abb7cda9-56e9-11f0-8cdb-0c42a112278c,1000.0,-281.3,0,60245992,,920835973,2026-04-26,12:21:30,销售订单0060245992创建成功开票：0920835973,S,1,成功
ZRTC20260424025,1-7Z1TIU,QC@76379686,12506580,HLB-abb7cde8-56e9-11f0-8cdb-0c42a112278c,1000.0,-281.3,0,60245992,,920835973,2026-04-26,12:21:30,销售订单0060245992创建成功开票：0920835973,S,1,成功
ZRTC20260424025,1-7Z1TIU,QC@76379687,12506580,HLB-abb7cc98-56e9-11f0-8cdb-0c42a112278c,1000.0,-281.3,0,60245992,,920835973,2026-04-26,12:21:30,销售订单0060245992创建成功开票：0920835973,S,1,成功
ZRTC20260424025,1-7Z1TIU,QC@76379691,12506580,HLB-abb7ccf6-56e9-11f0-8cdb-0c42a112278c,1000.0,-281.3,0,60245992,,920835973,2026-04-26,12:21:30,销售订单0060245992创建成功开票：0920835973,S,1,成功
ZRTC20260424025,1-7Z1TIU,QC@76379695,12506580,HLB-abb7ccc6-56e9-11f0-8cdb-0c42a112278c,1000.0,-281.3,0,60245992,,920835973,2026-04-26,12:21:30,销售订单0060245992创建成功开票：0920835973,S,1,成功
ZRTC20260424025,1-7Z1TIU,QC@76379696,12506580,HLB-abb7cc1f-56e9-11f0-8cdb-0c42a112278c,1000.0,-281.3,0,60245992,,920835973,2026-04-26,12:21:30,销售订单0060245992创建成功开票：0920835973,S,1,成功
ZRTC20260424025,1-7Z1TIU,QC@76379697,12506580,HLB-abb7cdc0-56e9-11f0-8cdb-0c42a112278c,1000.0,-281.3,0,60245992,,920835973,2026-04-26,12:21:30,销售订单0060245992创建成功开票：0920835973,S,1,成功
ZRTC20260424025,1-7Z1TIU,QC@76379698,12506580,HLB-abb7cd96-56e9-11f0-8cdb-0c42a112278c,1000.0,-281.3,0,60245992,,920835973,2026-04-26,12:21:30,销售订单0060245992创建成功开票：0920835973,S,1,成功
ZRTC20260424025,1-7Z1TIU,QC@76379699,12506580,HLB-abb7cd48-56e9-11f0-8cdb-0c42a112278c,1000.0,-281.3,0,60245992,,920835973,2026-04-26,12:21:30,销售订单0060245992创建成功开票：0920835973,S,1,成功
ZRTC20260424025,1-7Z1TIU,QC@76379701,12506580,HLB-abb7cd81-56e9-11f0-8cdb-0c42a112278c,1000.0,-281.3,0,60245992,,920835973,2026-04-26,12:21:30,销售订单0060245992创建成功开票：0920835973,S,1,成功
ZRTC20260424025,1-7Z1TIU,QC@76379702,12506580,HLB-abb7ce16-56e9-11f0-8cdb-0c42a112278c,1000.0,-281.3,0,60245992,,920835973,2026-04-26,12:21:30,销售订单0060245992创建成功开票：0920835973,S,1,成功
ZRTC20260424025,1-7Z1TIU,QC@76379708,12506580,HLB-abb7cc34-56e9-11f0-8cdb-0c42a112278c,1000.0,-281.3,0,60245992,,920835973,2026-04-26,12:21:30,销售订单0060245992创建成功开票：0920835973,S,1,成功
ZRTC20260424025,1-7Z1TIU,QC@76379709,12506580,HLB-abb7cd0a-56e9-11f0-8cdb-0c42a112278c,1000.0,-281.3,0,60245992,,920835973,2026-04-26,12:21:30,销售订单0060245992创建成功开票：0920835973,S,1,成功
ZRTC20260424025,1-7Z1TIU,QC@76379713,12506580,HLB-abb7ccdb-56e9-11f0-8cdb-0c42a112278c,1000.0,-281.3,0,60245992,,920835973,2026-04-26,12:21:30,销售订单0060245992创建成功开票：0920835973,S,1,成功
ZRTC20260424025,1-7Z1TIU,QC@76379714,12506580,HLB-abb7cc68-56e9-11f0-8cdb-0c42a112278c,1000.0,-281.3,0,60245992,,920835973,2026-04-26,12:21:30,销售订单0060245992创建成功开票：0920835973,S,1,成功
ZRTC20260424025,1-7Z1TIU,QC@76379717,12506580,HLB-abb7cd1f-56e9-11f0-8cdb-0c42a112278c,1000.0,-281.3,0,60245992,,920835973,2026-04-26,12:21:30,销售订单0060245992创建成功开票：0920835973,S,1,成功
ZRTC20260424025,1-7Z1TIU,QC@76379718,12506580,HLB-abb7cdd4-56e9-11f0-8cdb-0c42a112278c,1000.0,-281.3,0,60245992,,920835973,2026-04-26,12:21:30,销售订单0060245992创建成功开票：0920835973,S,1,成功
ZRTC20260424025,1-7Z1TIU,QC@76379719,12506580,HLB-abb7cc7f-56e9-11f0-8cdb-0c42a112278c,1000.0,-281.3,0,60245992,,920835973,2026-04-26,12:21:30,销售订单0060245992创建成功开票：0920835973,S,1,成功
ZRTC20260424025,1-7Z1TIU,QC@76908290,12506579,HLB-ab94d362-56e9-11f0-8cdb-0c42a112278c,1000.0,-281.3,0,60245992,,920835973,2026-04-26,12:21:30,销售订单0060245992创建成功开票：0920835973,S,1,成功
ZRTC20260424025,1-7Z1TIU,QC@76908293,12506579,HLB-ab94d407-56e9-11f0-8cdb-0c42a112278c,1000.0,-281.3,0,60245992,,920835973,2026-04-26,12:21:30,销售订单0060245992创建成功开票：0920835973,S,1,成功
ZRTC20260424025,1-7Z1TIU,QC@76908295,12506579,HLB-ab94d438-56e9-11f0-8cdb-0c42a112278c,1000.0,-281.3,0,60245992,,920835973,2026-04-26,12:21:30,销售订单0060245992创建成功开票：0920835973,S,1,成功
ZRTC20260424025,1-7Z1TIU,QC@76908296,12506579,HLB-ab94d3de-56e9-11f0-8cdb-0c42a112278c,1000.0,-281.3,0,60245992,,920835973,2026-04-26,12:21:30,销售订单0060245992创建成功开票：0920835973,S,1,成功
ZRTC20260424025,1-7Z1TIU,QC@76908297,12506579,HLB-ab94d4f4-56e9-11f0-8cdb-0c42a112278c,1000.0,-281.3,0,60245992,,920835973,2026-04-26,12:21:30,销售订单0060245992创建成功开票：0920835973,S,1,成功
ZRTC20260424025,1-7Z1TIU,QC@76908299,12506579,HLB-ab94d4ca-56e9-11f0-8cdb-0c42a112278c,1000.0,-281.3,0,60245992,,920835973,2026-04-26,12:21:30,销售订单0060245992创建成功开票：0920835973,S,1,成功
ZRTC20260424025,1-7Z1TIU,QC@76908300,12506579,HLB-ab94d48d-56e9-11f0-8cdb-0c42a112278c,1000.0,-281.3,0,60245992,,920835973,2026-04-26,12:21:30,销售订单0060245992创建成功开票：0920835973,S,1,成功
ZRTC20260424025,1-7Z1TIU,QC@76908301,12506579,HLB-ab94d44e-56e9-11f0-8cdb-0c42a112278c,1000.0,-281.3,0,60245992,,920835973,2026-04-26,12:21:30,销售订单0060245992创建成功开票：0920835973,S,1,成功
ZRTC20260424025,1-7Z1TIU,QC@76908305,12506579,HLB-ab94d38c-56e9-11f0-8cdb-0c42a112278c,1000.0,-281.3,0,60245992,,920835973,2026-04-26,12:21:30,销售订单0060245992创建成功开票：0920835973,S,1,成功
ZRTC20260424025,1-7Z1TIU,QC@76908306,12506579,HLB-ab94d4a1-56e9-11f0-8cdb-0c42a112278c,1000.0,-281.3,0,60245992,,920835973,2026-04-26,12:21:30,销售订单0060245992创建成功开票：0920835973,S,1,成功
ZRTC20260424025,1-7Z1TIU,QC@76908308,12506579,HLB-ab94d47a-56e9-11f0-8cdb-0c42a112278c,1000.0,-281.3,0,60245992,,920835973,2026-04-26,12:21:30,销售订单0060245992创建成功开票：0920835973,S,1,成功
ZRTC20260424025,1-7Z1TIU,QC@76908309,12506579,HLB-ab94d377-56e9-11f0-8cdb-0c42a112278c,1000.0,-281.3,0,60245992,,920835973,2026-04-26,12:21:30,销售订单0060245992创建成功开票：0920835973,S,1,成功
ZRTC20260424025,1-7Z1TIU,QC@76908311,12506579,HLB-ab94d3ca-56e9-11f0-8cdb-0c42a112278c,1000.0,-281.3,0,60245992,,920835973,2026-04-26,12:21:30,销售订单0060245992创建成功开票：0920835973,S,1,成功
ZRTC20260424025,1-7Z1TIU,QC@76908312,12506579,HLB-ab94d466-56e9-11f0-8cdb-0c42a112278c,1000.0,-281.3,0,60245992,,920835973,2026-04-26,12:21:30,销售订单0060245992创建成功开票：0920835973,S,1,成功
ZRTC20260424025,1-7Z1TIU,QC@76908313,12506579,HLB-ab94d4b6-56e9-11f0-8cdb-0c42a112278c,1000.0,-281.3,0,60245992,,920835973,2026-04-26,12:21:30,销售订单0060245992创建成功开票：0920835973,S,1,成功
ZRTC20260424025,1-7Z1TIU,QC@76908315,12506579,HLB-ab94d41f-56e9-11f0-8cdb-0c42a112278c,1000.0,-281.3,0,60245992,,920835973,2026-04-26,12:21:30,销售订单0060245992创建成功开票：0920835973,S,1,成功
ZRTC20260424025,1-7Z1TIU,QC@76908323,12506579,HLB-ab94d3a3-56e9-11f0-8cdb-0c42a112278c,1000.0,-281.3,0,60245992,,920835973,2026-04-26,12:21:30,销售订单0060245992创建成功开票：0920835973,S,1,成功
ZRTC20260424025,1-7Z1TIU,QC@76908324,12506579,HLB-ab94d3f3-56e9-11f0-8cdb-0c42a112278c,1000.0,-281.3,0,60245992,,920835973,2026-04-26,12:21:30,销售订单0060245992创建成功开票：0920835973,S,1,成功
ZRTC20260424025,1-7Z1TIU,QC@76908325,12506579,HLB-ab94d3b6-56e9-11f0-8cdb-0c42a112278c,1000.0,-281.3,0,60245992,,920835973,2026-04-26,12:21:30,销售订单0060245992创建成功开票：0920835973,S,1,成功
ZRTC20260424025,1-7Z1TIU,QC@76908326,12506579,HLB-ab94d4e0-56e9-11f0-8cdb-0c42a112278c,1000.0,-281.3,0,60245992,,920835973,2026-04-26,12:21:30,销售订单0060245992创建成功开票：0920835973,S,1,成功
ZRTC20260424025,1-7Z1TIU,QC@77342554,12508842,HLB-17504396-570e-11f0-8cdb-0c42a112278c,1000.0,-281.3,0,60245992,,920835973,2026-04-26,12:21:30,销售订单0060245992创建成功开票：0920835973,S,1,成功
ZRTC20260424025,1-7Z1TIU,QC@78181046,12658730,HLB-d5ab0b59-6a84-11f0-8cdb-0c42a112278c,1000.0,281.3,0,60245992,,920835973,2026-04-26,12:21:30,销售订单0060245992创建成功开票：0920835973,S,1,成功
ZRTC20260424025,1-7Z1TIU,QC@78181047,12658730,HLB-d5ab0b83-6a84-11f0-8cdb-0c42a112278c,1000.0,281.3,0,60245992,,920835973,2026-04-26,12:21:30,销售订单0060245992创建成功开票：0920835973,S,1,成功
ZRTC20260424025,1-7Z1TIU,QC@78181048,12658730,HLB-d5ab0b3f-6a84-11f0-8cdb-0c42a112278c,1000.0,281.3,0,60245992,,920835973,2026-04-26,12:21:30,销售订单0060245992创建成功开票：0920835973,S,1,成功
ZRTC20260424025,1-7Z1TIU,QC@78181049,12658730,HLB-d5ab0c44-6a84-11f0-8cdb-0c42a112278c,1000.0,281.3,0,60245992,,920835973,2026-04-26,12:21:30,销售订单0060245992创建成功开票：0920835973,S,1,成功
ZRTC20260424025,1-7Z1TIU,QC@78181053,12658730,HLB-d5ab0c57-6a84-11f0-8cdb-0c42a112278c,1000.0,281.3,0,60245992,,920835973,2026-04-26,12:21:30,销售订单0060245992创建成功开票：0920835973,S,1,成功
ZRTC20260424025,1-7Z1TIU,QC@78181054,12658730,HLB-d5ab0b98-6a84-11f0-8cdb-0c42a112278c,1000.0,281.3,0,60245992,,920835973,2026-04-26,12:21:30,销售订单0060245992创建成功开票：0920835973,S,1,成功
ZRTC20260424025,1-7Z1TIU,QC@78181057,12658730,HLB-d5ab0c95-6a84-11f0-8cdb-0c42a112278c,1000.0,281.3,0,60245992,,920835973,2026-04-26,12:21:30,销售订单0060245992创建成功开票：0920835973,S,1,成功
ZRTC20260424025,1-7Z1TIU,QC@78181061,12658730,HLB-d5ab0bdb-6a84-11f0-8cdb-0c42a112278c,1000.0,281.3,0,60245992,,920835973,2026-04-26,12:21:30,销售订单0060245992创建成功开票：0920835973,S,1,成功
ZRTC20260424025,1-7Z1TIU,QC@78181062,12658730,HLB-d5ab0b29-6a84-11f0-8cdb-0c42a112278c,1000.0,281.3,0,60245992,,920835973,2026-04-26,12:21:30,销售订单0060245992创建成功开票：0920835973,S,1,成功
ZRTC20260424025,1-7Z1TIU,QC@78181063,12658730,HLB-d5ab0c09-6a84-11f0-8cdb-0c42a112278c,1000.0,281.3,0,60245992,,920835973,2026-04-26,12:21:30,销售订单0060245992创建成功开票：0920835973,S,1,成功
ZRTC20260424025,1-7Z1TIU,QC@78181067,12658730,HLB-d5ab0c30-6a84-11f0-8cdb-0c42a112278c,1000.0,281.3,0,60245992,,920835973,2026-04-26,12:21:30,销售订单0060245992创建成功开票：0920835973,S,1,成功
ZRTC20260424025,1-7Z1TIU,QC@78181069,12658730,HLB-d5ab0b13-6a84-11f0-8cdb-0c42a112278c,1000.0,281.3,0,60245992,,920835973,2026-04-26,12:21:30,销售订单0060245992创建成功开票：0920835973,S,1,成功
ZRTC20260424025,1-7Z1TIU,QC@78181070,12658730,HLB-d5ab0afa-6a84-11f0-8cdb-0c42a112278c,1000.0,281.3,0,60245992,,920835973,2026-04-26,12:21:30,销售订单0060245992创建成功开票：0920835973,S,1,成功
ZRTC20260424025,1-7Z1TIU,QC@78181072,12658730,HLB-d5ab0ae4-6a84-11f0-8cdb-0c42a112278c,1000.0,281.3,0,60245992,,920835973,2026-04-26,12:21:30,销售订单0060245992创建成功开票：0920835973,S,1,成功
ZRTC20260424025,1-7Z1TIU,QC@78181073,12658730,HLB-d5ab0b6f-6a84-11f0-8cdb-0c42a112278c,1000.0,281.3,0,60245992,,920835973,2026-04-26,12:21:30,销售订单0060245992创建成功开票：0920835973,S,1,成功
ZRTC20260424025,1-7Z1TIU,QC@78181075,12658730,HLB-d5ab0bc3-6a84-11f0-8cdb-0c42a112278c,1000.0,281.3,0,60245992,,920835973,2026-04-26,12:21:30,销售订单0060245992创建成功开票：0920835973,S,1,成功
ZRTC20260424025,1-7Z1TIU,QC@78181078,12658730,HLB-d5ab0c1c-6a84-11f0-8cdb-0c42a112278c,1000.0,281.3,0,60245992,,920835973,2026-04-26,12:21:30,销售订单0060245992创建成功开票：0920835973,S,1,成功
ZRTC20260424025,1-7Z1TIU,QC@78181080,12658730,HLB-d5ab0c6c-6a84-11f0-8cdb-0c42a112278c,1000.0,281.3,0,60245992,,920835973,2026-04-26,12:21:30,销售订单0060245992创建成功开票：0920835973,S,1,成功
ZRTC20260424025,1-7Z1TIU,QC@78181082,12658730,HLB-d5ab0c7f-6a84-11f0-8cdb-0c42a112278c,1000.0,281.3,0,60245992,,920835973,2026-04-26,12:21:30,销售订单0060245992创建成功开票：0920835973,S,1,成功
ZRTC20260424025,1-7Z1TIU,QC@78181083,12658730,HLB-d5ab0bb0-6a84-11f0-8cdb-0c42a112278c,1000.0,281.3,0,60245992,,920835973,2026-04-26,12:21:30,销售订单0060245992创建成功开票：0920835973,S,1,成功
ZRTC20260424025,1-7Z1TIU,QC@78633675,12508824,HLB-15dfdaed-570e-11f0-8cdb-0c42a112278c,1000.0,-281.3,0,60245992,,920835973,2026-04-26,12:21:30,销售订单0060245992创建成功开票：0920835973,S,1,成功
ZRTC20260424025,1-7Z1TIU,QC@78633677,12508824,HLB-15dfda0d-570e-11f0-8cdb-0c42a112278c,1000.0,-281.3,0,60245992,,920835973,2026-04-26,12:21:30,销售订单0060245992创建成功开票：0920835973,S,1,成功
ZRTC20260424025,1-7Z1TIU,QC@78633679,12508824,HLB-15dfdb05-570e-11f0-8cdb-0c42a112278c,1000.0,-281.3,0,60245992,,920835973,2026-04-26,12:21:30,销售订单0060245992创建成功开票：0920835973,S,1,成功
ZRTC20260424025,1-7Z1TIU,QC@78633681,12508824,HLB-15dfda98-570e-11f0-8cdb-0c42a112278c,1000.0,-281.3,0,60245992,,920835973,2026-04-26,12:21:30,销售订单0060245992创建成功开票：0920835973,S,1,成功
ZRTC20260424025,1-7Z1TIU,QC@78633682,12508824,HLB-15dfdaad-570e-11f0-8cdb-0c42a112278c,1000.0,-281.3,0,60245992,,920835973,2026-04-26,12:21:30,销售订单0060245992创建成功开票：0920835973,S,1,成功
ZRTC20260424025,1-7Z1TIU,QC@78633683,12508824,HLB-15dfda53-570e-11f0-8cdb-0c42a112278c,1000.0,-281.3,0,60245992,,920835973,2026-04-26,12:21:30,销售订单0060245992创建成功开票：0920835973,S,1,成功
ZRTC20260424025,1-7Z1TIU,QC@78633687,12508824,HLB-15dfdad6-570e-11f0-8cdb-0c42a112278c,1000.0,-281.3,0,60245992,,920835973,2026-04-26,12:21:30,销售订单0060245992创建成功开票：0920835973,S,1,成功
ZRTC20260424025,1-7Z1TIU,QC@78633688,12508824,HLB-15dfd9cd-570e-11f0-8cdb-0c42a112278c,1000.0,-281.3,0,60245992,,920835973,2026-04-26,12:21:30,销售订单0060245992创建成功开票：0920835973,S,1,成功
ZRTC20260424025,1-7Z1TIU,QC@78633691,12508824,HLB-15dfda24-570e-11f0-8cdb-0c42a112278c,1000.0,-281.3,0,60245992,,920835973,2026-04-26,12:21:30,销售订单0060245992创建成功开票：0920835973,S,1,成功
ZRTC20260424025,1-7Z1TIU,QC@78633693,12508824,HLB-15dfda84-570e-11f0-8cdb-0c42a112278c,1000.0,-281.3,0,60245992,,920835973,2026-04-26,12:21:30,销售订单0060245992创建成功开票：0920835973,S,1,成功
ZRTC20260424025,1-7Z1TIU,QC@78633694,12508824,HLB-15dfdb40-570e-11f0-8cdb-0c42a112278c,1000.0,-281.3,0,60245992,,920835973,2026-04-26,12:21:30,销售订单0060245992创建成功开票：0920835973,S,1,成功
ZRTC20260424025,1-7Z1TIU,QC@78633695,12508824,HLB-15dfdb19-570e-11f0-8cdb-0c42a112278c,1000.0,-281.3,0,60245992,,920835973,2026-04-26,12:21:30,销售订单0060245992创建成功开票：0920835973,S,1,成功
ZRTC20260424025,1-7Z1TIU,QC@78633696,12508824,HLB-15dfd9f9-570e-11f0-8cdb-0c42a112278c,1000.0,-281.3,0,60245992,,920835973,2026-04-26,12:21:30,销售订单0060245992创建成功开票：0920835973,S,1,成功
ZRTC20260424025,1-7Z1TIU,QC@78633697,12508824,HLB-15dfda6c-570e-11f0-8cdb-0c42a112278c,1000.0,-281.3,0,60245992,,920835973,2026-04-26,12:21:30,销售订单0060245992创建成功开票：0920835973,S,1,成功
ZRTC20260424025,1-7Z1TIU,QC@78633699,12508824,HLB-15dfdb2c-570e-11f0-8cdb-0c42a112278c,1000.0,-281.3,0,60245992,,920835973,2026-04-26,12:21:30,销售订单0060245992创建成功开票：0920835973,S,1,成功
ZRTC20260424025,1-7Z1TIU,QC@78633700,12508824,HLB-15dfd9e3-570e-11f0-8cdb-0c42a112278c,1000.0,-281.3,0,60245992,,920835973,2026-04-26,12:21:30,销售订单0060245992创建成功开票：0920835973,S,1,成功
ZRTC20260424025,1-7Z1TIU,QC@78633701,12508824,HLB-15dfda3f-570e-11f0-8cdb-0c42a112278c,1000.0,-281.3,0,60245992,,920835973,2026-04-26,12:21:30,销售订单0060245992创建成功开票：0920835973,S,1,成功
ZRTC20260424025,1-7Z1TIU,QC@78633703,12508824,HLB-15dfd9a3-570e-11f0-8cdb-0c42a112278c,1000.0,-281.3,0,60245992,,920835973,2026-04-26,12:21:30,销售订单0060245992创建成功开票：0920835973,S,1,成功
ZRTC20260424025,1-7Z1TIU,QC@78633704,12508824,HLB-15dfdac2-570e-11f0-8cdb-0c42a112278c,1000.0,-281.3,0,60245992,,920835973,2026-04-26,12:21:30,销售订单0060245992创建成功开票：0920835973,S,1,成功
ZRTC20260424025,1-7Z1TIU,QC@78633705,12508824,HLB-15dfd9ba-570e-11f0-8cdb-0c42a112278c,1000.0,-281.3,0,60245992,,920835973,2026-04-26,12:21:30,销售订单0060245992创建成功开票：0920835973,S,1,成功
ZRTC20260424025,1-7Z1TIU,QC@78639527,12501317,HLB-55a313d0-561d-11f0-8cdb-0c42a112278c,1000.0,-281.3,0,60245992,,920835973,2026-04-26,12:21:30,销售订单0060245992创建成功开票：0920835973,S,1,成功
ZRTC20260424025,1-7Z1TIU,QC@78639528,12501317,HLB-55a313e7-561d-11f0-8cdb-0c42a112278c,1000.0,-281.3,0,60245992,,920835973,2026-04-26,12:21:30,销售订单0060245992创建成功开票：0920835973,S,1,成功
ZRTC20260424025,1-7Z1TIU,QC@78639529,12501317,HLB-55a31371-561d-11f0-8cdb-0c42a112278c,1000.0,-281.3,0,60245992,,920835973,2026-04-26,12:21:30,销售订单0060245992创建成功开票：0920835973,S,1,成功
ZRTC20260424025,1-7Z1TIU,QC@78639530,12501317,HLB-55a31426-561d-11f0-8cdb-0c42a112278c,1000.0,-281.3,0,60245992,,920835973,2026-04-26,12:21:30,销售订单0060245992创建成功开票：0920835973,S,1,成功
ZRTC20260424025,1-7Z1TIU,QC@78639531,12501317,HLB-55a31413-561d-11f0-8cdb-0c42a112278c,1000.0,-281.3,0,60245992,,920835973,2026-04-26,12:21:30,销售订单0060245992创建成功开票：0920835973,S,1,成功
ZRTC20260424025,1-7Z1TIU,QC@78639532,12501317,HLB-55a3133b-561d-11f0-8cdb-0c42a112278c,1000.0,-281.3,0,60245992,,920835973,2026-04-26,12:21:30,销售订单0060245992创建成功开票：0920835973,S,1,成功
ZRTC20260424025,1-7Z1TIU,QC@78639533,12501317,HLB-55a31354-561d-11f0-8cdb-0c42a112278c,1000.0,-281.3,0,60245992,,920835973,2026-04-26,12:21:30,销售订单0060245992创建成功开票：0920835973,S,1,成功
ZRTC20260424025,1-7Z1TIU,QC@78639534,12501317,HLB-55a3139f-561d-11f0-8cdb-0c42a112278c,1000.0,-281.3,0,60245992,,920835973,2026-04-26,12:21:30,销售订单0060245992创建成功开票：0920835973,S,1,成功
ZRTC20260424025,1-7Z1TIU,QC@78639535,12501317,HLB-55a31386-561d-11f0-8cdb-0c42a112278c,1000.0,-281.3,0,60245992,,920835973,2026-04-26,12:21:30,销售订单0060245992创建成功开票：0920835973,S,1,成功
ZRTC20260424025,1-7Z1TIU,QC@78639536,12501317,HLB-55a313ba-561d-11f0-8cdb-0c42a112278c,1000.0,-281.3,0,60245992,,920835973,2026-04-26,12:21:30,销售订单0060245992创建成功开票：0920835973,S,1,成功
ZRTC20260424025,1-7Z1TIU,QC@78639537,12501317,HLB-55a31325-561d-11f0-8cdb-0c42a112278c,1000.0,-281.3,0,60245992,,920835973,2026-04-26,12:21:30,销售订单0060245992创建成功开票：0920835973,S,1,成功
ZRTC20260424025,1-7Z1TIU,QC@78639538,12501317,HLB-55a31479-561d-11f0-8cdb-0c42a112278c,1000.0,-281.3,0,60245992,,920835973,2026-04-26,12:21:30,销售订单0060245992创建成功开票：0920835973,S,1,成功
ZRTC20260424025,1-7Z1TIU,QC@78639539,12501317,HLB-55a312e1-561d-11f0-8cdb-0c42a112278c,1000.0,-281.3,0,60245992,,920835973,2026-04-26,12:21:30,销售订单0060245992创建成功开票：0920835973,S,1,成功
ZRTC20260424025,1-7Z1TIU,QC@78639540,12501317,HLB-55a31492-561d-11f0-8cdb-0c42a112278c,1000.0,-281.3,0,60245992,,920835973,2026-04-26,12:21:30,销售订单0060245992创建成功开票：0920835973,S,1,成功
ZRTC20260424025,1-7Z1TIU,QC@78639541,12501317,HLB-55a313fe-561d-11f0-8cdb-0c42a112278c,1000.0,-281.3,0,60245992,,920835973,2026-04-26,12:21:30,销售订单0060245992创建成功开票：0920835973,S,1,成功
ZRTC20260424025,1-7Z1TIU,QC@78639542,12501317,HLB-55a314a6-561d-11f0-8cdb-0c42a112278c,1000.0,-281.3,0,60245992,,920835973,2026-04-26,12:21:30,销售订单0060245992创建成功开票：0920835973,S,1,成功
ZRTC20260424025,1-7Z1TIU,QC@78639543,12501317,HLB-55a31311-561d-11f0-8cdb-0c42a112278c,1000.0,-281.3,0,60245992,,920835973,2026-04-26,12:21:30,销售订单0060245992创建成功开票：0920835973,S,1,成功
ZRTC20260424025,1-7Z1TIU,QC@78639544,12501317,HLB-55a312fa-561d-11f0-8cdb-0c42a112278c,1000.0,-281.3,0,60245992,,920835973,2026-04-26,12:21:30,销售订单0060245992创建成功开票：0920835973,S,1,成功
ZRTC20260424025,1-7Z1TIU,QC@78639545,12501317,HLB-55a31465-561d-11f0-8cdb-0c42a112278c,1000.0,-281.3,0,60245992,,920835973,2026-04-26,12:21:30,销售订单0060245992创建成功开票：0920835973,S,1,成功
ZRTC20260424025,1-7Z1TIU,QC@78639546,12501317,HLB-55a31450-561d-11f0-8cdb-0c42a112278c,1000.0,-281.3,0,60245992,,920835973,2026-04-26,12:21:30,销售订单0060245992创建成功开票：0920835973,S,1,成功
ZRTC20260424025,1-7Z1TIU,QC@78894864,12377689,HLB-ecec2588-4f2f-11f0-8cdb-0c42a112278c,1000.0,-281.3,0,60245992,,920835973,2026-04-26,12:21:30,销售订单0060245992创建成功开票：0920835973,S,1,成功
ZRTC20260424025,1-7Z1TIU,QC@78894865,12377689,HLB-ecec2459-4f2f-11f0-8cdb-0c42a112278c,1000.0,-281.3,0,60245992,,920835973,2026-04-26,12:21:30,销售订单0060245992创建成功开票：0920835973,S,1,成功
ZRTC20260424025,1-7Z1TIU,QC@78894866,12377689,HLB-ecec2561-4f2f-11f0-8cdb-0c42a112278c,1000.0,-281.3,0,60245992,,920835973,2026-04-26,12:21:30,销售订单0060245992创建成功开票：0920835973,S,1,成功
ZRTC20260424025,1-7Z1TIU,QC@78894867,12377689,HLB-ecec2486-4f2f-11f0-8cdb-0c42a112278c,1000.0,-281.3,0,60245992,,920835973,2026-04-26,12:21:30,销售订单0060245992创建成功开票：0920835973,S,1,成功
ZRTC20260424025,1-7Z1TIU,QC@78894868,12377689,HLB-ecec253a-4f2f-11f0-8cdb-0c42a112278c,1000.0,-281.3,0,60245992,,920835973,2026-04-26,12:21:30,销售订单0060245992创建成功开票：0920835973,S,1,成功
ZRTC20260424025,1-7Z1TIU,QC@78894869,12377689,HLB-ecec2512-4f2f-11f0-8cdb-0c42a112278c,1000.0,-281.3,0,60245992,,920835973,2026-04-26,12:21:30,销售订单0060245992创建成功开票：0920835973,S,1,成功
ZRTC20260424025,1-7Z1TIU,QC@78894870,12377689,HLB-ecec25b1-4f2f-11f0-8cdb-0c42a112278c,1000.0,-281.3,0,60245992,,920835973,2026-04-26,12:21:30,销售订单0060245992创建成功开票：0920835973,S,1,成功
ZRTC20260424025,1-7Z1TIU,QC@78894871,12377689,HLB-ecec24e6-4f2f-11f0-8cdb-0c42a112278c,1000.0,-281.3,0,60245992,,920835973,2026-04-26,12:21:30,销售订单0060245992创建成功开票：0920835973,S,1,成功
ZRTC20260424025,1-7Z1TIU,QC@78894872,12377689,HLB-ecec259e-4f2f-11f0-8cdb-0c42a112278c,1000.0,-281.3,0,60245992,,920835973,2026-04-26,12:21:30,销售订单0060245992创建成功开票：0920835973,S,1,成功
ZRTC20260424025,1-7Z1TIU,QC@78894873,12377689,HLB-ecec24ca-4f2f-11f0-8cdb-0c42a112278c,1000.0,-281.3,0,60245992,,920835973,2026-04-26,12:21:30,销售订单0060245992创建成功开票：0920835973,S,1,成功
ZRTC20260424025,1-7Z1TIU,QC@78894874,12377689,HLB-ecec24b2-4f2f-11f0-8cdb-0c42a112278c,1000.0,-281.3,0,60245992,,920835973,2026-04-26,12:21:30,销售订单0060245992创建成功开票：0920835973,S,1,成功
ZRTC20260424025,1-7Z1TIU,QC@78894875,12377689,HLB-ecec2470-4f2f-11f0-8cdb-0c42a112278c,1000.0,-281.3,0,60245992,,920835973,2026-04-26,12:21:30,销售订单0060245992创建成功开票：0920835973,S,1,成功
ZRTC20260424025,1-7Z1TIU,QC@78894876,12377689,HLB-ecec2575-4f2f-11f0-8cdb-0c42a112278c,1000.0,-281.3,0,60245992,,920835973,2026-04-26,12:21:30,销售订单0060245992创建成功开票：0920835973,S,1,成功
ZRTC20260424025,1-7Z1TIU,QC@78894877,12377689,HLB-ecec2527-4f2f-11f0-8cdb-0c42a112278c,1000.0,-281.3,0,60245992,,920835973,2026-04-26,12:21:30,销售订单0060245992创建成功开票：0920835973,S,1,成功
ZRTC20260424025,1-7Z1TIU,QC@78894878,12377689,HLB-ecec242e-4f2f-11f0-8cdb-0c42a112278c,1000.0,-281.3,0,60245992,,920835973,2026-04-26,12:21:30,销售订单0060245992创建成功开票：0920835973,S,1,成功
ZRTC20260424025,1-7Z1TIU,QC@78894879,12377689,HLB-ecec249d-4f2f-11f0-8cdb-0c42a112278c,1000.0,-281.3,0,60245992,,920835973,2026-04-26,12:21:30,销售订单0060245992创建成功开票：0920835973,S,1,成功
ZRTC20260424025,1-7Z1TIU,QC@78894880,12377689,HLB-ecec2442-4f2f-11f0-8cdb-0c42a112278c,1000.0,-281.3,0,60245992,,920835973,2026-04-26,12:21:30,销售订单0060245992创建成功开票：0920835973,S,1,成功
ZRTC20260424025,1-7Z1TIU,QC@78894881,12377689,HLB-ecec2415-4f2f-11f0-8cdb-0c42a112278c,1000.0,-281.3,0,60245992,,920835973,2026-04-26,12:21:30,销售订单0060245992创建成功开票：0920835973,S,1,成功
ZRTC20260424025,1-7Z1TIU,QC@78894882,12377689,HLB-ecec254d-4f2f-11f0-8cdb-0c42a112278c,1000.0,-281.3,0,60245992,,920835973,2026-04-26,12:21:30,销售订单0060245992创建成功开票：0920835973,S,1,成功
ZRTC20260424025,1-7Z1TIU,QC@78894883,12377689,HLB-ecec24fc-4f2f-11f0-8cdb-0c42a112278c,1000.0,-281.3,0,60245992,,920835973,2026-04-26,12:21:30,销售订单0060245992创建成功开票：0920835973,S,1,成功
ZRTC20260424025,1-7Z1TIU,QC@79114082,12506583,HLB-abfc04ab-56e9-11f0-8cdb-0c42a112278c,1000.0,-281.3,0,60245992,,920835973,2026-04-26,12:21:30,销售订单0060245992创建成功开票：0920835973,S,1,成功
ZRTC20260424025,1-7Z1TIU,QC@79114083,12506583,HLB-abfc04e8-56e9-11f0-8cdb-0c42a112278c,1000.0,-281.3,0,60245992,,920835973,2026-04-26,12:21:30,销售订单0060245992创建成功开票：0920835973,S,1,成功
ZRTC20260424025,1-7Z1TIU,QC@79114085,12506583,HLB-abfc04bf-56e9-11f0-8cdb-0c42a112278c,1000.0,-281.3,0,60245992,,920835973,2026-04-26,12:21:30,销售订单0060245992创建成功开票：0920835973,S,1,成功
ZRTC20260424025,1-7Z1TIU,QC@79114087,12506583,HLB-abfc04d6-56e9-11f0-8cdb-0c42a112278c,1000.0,-281.3,0,60245992,,920835973,2026-04-26,12:21:30,销售订单0060245992创建成功开票：0920835973,S,1,成功
ZRTC20260424025,1-7Z1TIU,QC@79114089,12506583,HLB-abfc054c-56e9-11f0-8cdb-0c42a112278c,1000.0,-281.3,0,60245992,,920835973,2026-04-26,12:21:30,销售订单0060245992创建成功开票：0920835973,S,1,成功
ZRTC20260424025,1-7Z1TIU,QC@79114093,12506583,HLB-abfc04fd-56e9-11f0-8cdb-0c42a112278c,1000.0,-281.3,0,60245992,,920835973,2026-04-26,12:21:30,销售订单0060245992创建成功开票：0920835973,S,1,成功
ZRTC20260424025,1-7Z1TIU,QC@79114096,12506583,HLB-abfc0525-56e9-11f0-8cdb-0c42a112278c,1000.0,-281.3,0,60245992,,920835973,2026-04-26,12:21:30,销售订单0060245992创建成功开票：0920835973,S,1,成功
ZRTC20260424025,1-7Z1TIU,QC@79114097,12506583,HLB-abfc0497-56e9-11f0-8cdb-0c42a112278c,1000.0,-281.3,0,60245992,,920835973,2026-04-26,12:21:30,销售订单0060245992创建成功开票：0920835973,S,1,成功
ZRTC20260424025,1-7Z1TIU,QC@79114098,12506583,HLB-abfc0538-56e9-11f0-8cdb-0c42a112278c,1000.0,-281.3,0,60245992,,920835973,2026-04-26,12:21:30,销售订单0060245992创建成功开票：0920835973,S,1,成功
ZRTC20260424025,1-7Z1TIU,QC@79114099,12506583,HLB-abfc0511-56e9-11f0-8cdb-0c42a112278c,1000.0,-281.95,0,60245992,,920835973,2026-04-26,12:21:30,销售订单0060245992创建成功开票：0920835973,S,1,成功
ZRTC20260424025,1-7Z1TIV,QC@69942694,12508817,HLB-14ccff0f-570e-11f0-8cdb-0c42a112278c,1000.0,-282.06,0,60245992,,920835973,2026-04-26,12:21:30,销售订单0060245992创建成功开票：0920835973,S,1,成功
ZRTC20260424025,1-7Z1TIV,QC@69942697,12508817,HLB-14ccfee6-570e-11f0-8cdb-0c42a112278c,1000.0,-282.06,0,60245992,,920835973,2026-04-26,12:21:30,销售订单0060245992创建成功开票：0920835973,S,1,成功
ZRTC20260424025,1-7Z1TIV,QC@69942698,12508817,HLB-14ccff75-570e-11f0-8cdb-0c42a112278c,1000.0,-282.06,0,60245992,,920835973,2026-04-26,12:21:30,销售订单0060245992创建成功开票：0920835973,S,1,成功
ZRTC20260424025,1-7Z1TIV,QC@69942699,12508817,HLB-14ccff88-570e-11f0-8cdb-0c42a112278c,1000.0,-282.06,0,60245992,,920835973,2026-04-26,12:21:30,销售订单0060245992创建成功开票：0920835973,S,1,成功
ZRTC20260424025,1-7Z1TIV,QC@69942700,12508817,HLB-14ccff61-570e-11f0-8cdb-0c42a112278c,1000.0,-282.06,0,60245992,,920835973,2026-04-26,12:21:30,销售订单0060245992创建成功开票：0920835973,S,1,成功
ZRTC20260424025,1-7Z1TIV,QC@69942702,12508817,HLB-14ccfefc-570e-11f0-8cdb-0c42a112278c,1000.0,-282.06,0,60245992,,920835973,2026-04-26,12:21:30,销售订单0060245992创建成功开票：0920835973,S,1,成功
ZRTC20260424025,1-7Z1TIV,QC@69942703,12508817,HLB-14ccff4e-570e-11f0-8cdb-0c42a112278c,1000.0,-282.06,0,60245992,,920835973,2026-04-26,12:21:30,销售订单0060245992创建成功开票：0920835973,S,1,成功
ZRTC20260424025,1-7Z1TIV,QC@69942704,12508817,HLB-14ccff9d-570e-11f0-8cdb-0c42a112278c,1000.0,-282.06,0,60245992,,920835973,2026-04-26,12:21:30,销售订单0060245992创建成功开票：0920835973,S,1,成功
ZRTC20260424025,1-7Z1TIV,QC@69942706,12508817,HLB-14ccff39-570e-11f0-8cdb-0c42a112278c,1000.0,-282.06,0,60245992,,920835973,2026-04-26,12:21:30,销售订单0060245992创建成功开票：0920835973,S,1,成功
ZRTC20260424025,1-7Z1TIV,QC@69942708,12508817,HLB-14ccfed1-570e-11f0-8cdb-0c42a112278c,1000.0,-282.06,0,60245992,,920835973,2026-04-26,12:21:30,销售订单0060245992创建成功开票：0920835973,S,1,成功
ZRTC20260424025,1-7Z1TIV,QC@70329873,12402387,HLB-635c04dd-50be-11f0-8cdb-0c42a112278c,1000.0,-282.06,0,60245992,,920835973,2026-04-26,12:21:30,销售订单0060245992创建成功开票：0920835973,S,1,成功
ZRTC20260424025,1-7Z1TIV,QC@70329874,12402387,HLB-635c057c-50be-11f0-8cdb-0c42a112278c,1000.0,-282.06,0,60245992,,920835973,2026-04-26,12:21:30,销售订单0060245992创建成功开票：0920835973,S,1,成功
ZRTC20260424025,1-7Z1TIV,QC@70329875,12402387,HLB-635c0519-50be-11f0-8cdb-0c42a112278c,1000.0,-282.06,0,60245992,,920835973,2026-04-26,12:21:30,销售订单0060245992创建成功开票：0920835973,S,1,成功
ZRTC20260424025,1-7Z1TIV,QC@70329876,12402387,HLB-635c04f1-50be-11f0-8cdb-0c42a112278c,1000.0,-282.06,0,60245992,,920835973,2026-04-26,12:21:30,销售订单0060245992创建成功开票：0920835973,S,1,成功
ZRTC20260424025,1-7Z1TIV,QC@70329877,12402387,HLB-635c04c8-50be-11f0-8cdb-0c42a112278c,1000.0,-282.06,0,60245992,,920835973,2026-04-26,12:21:30,销售订单0060245992创建成功开票：0920835973,S,1,成功
ZRTC20260424025,1-7Z1TIV,QC@70329878,12402387,HLB-635c0569-50be-11f0-8cdb-0c42a112278c,1000.0,-282.06,0,60245992,,920835973,2026-04-26,12:21:30,销售订单0060245992创建成功开票：0920835973,S,1,成功
ZRTC20260424025,1-7Z1TIV,QC@70329879,12402387,HLB-635c0543-50be-11f0-8cdb-0c42a112278c,1000.0,-282.06,0,60245992,,920835973,2026-04-26,12:21:30,销售订单0060245992创建成功开票：0920835973,S,1,成功
ZRTC20260424025,1-7Z1TIV,QC@70329880,12402387,HLB-635c052d-50be-11f0-8cdb-0c42a112278c,1000.0,-282.06,0,60245992,,920835973,2026-04-26,12:21:30,销售订单0060245992创建成功开票：0920835973,S,1,成功
ZRTC20260424025,1-7Z1TIV,QC@70329881,12402387,HLB-635c0504-50be-11f0-8cdb-0c42a112278c,1000.0,-282.06,0,60245992,,920835973,2026-04-26,12:21:30,销售订单0060245992创建成功开票：0920835973,S,1,成功
ZRTC20260424025,1-7Z1TIV,QC@70329882,12402387,HLB-635c0556-50be-11f0-8cdb-0c42a112278c,1000.0,-282.06,0,60245992,,920835973,2026-04-26,12:21:30,销售订单0060245992创建成功开票：0920835973,S,1,成功
ZRTC20260424025,1-7Z1TIV,QC@70494312,12431432,HLB-d8f33a6b-525d-11f0-8cdb-0c42a112278c,1000.0,-282.06,0,60245992,,920835973,2026-04-26,12:21:30,销售订单0060245992创建成功开票：0920835973,S,1,成功
ZRTC20260424025,1-7Z1TIV,QC@70494313,12431432,HLB-d8f33ad3-525d-11f0-8cdb-0c42a112278c,1000.0,-282.06,0,60245992,,920835973,2026-04-26,12:21:30,销售订单0060245992创建成功开票：0920835973,S,1,成功
ZRTC20260424025,1-7Z1TIV,QC@70494315,12431432,HLB-d8f33a95-525d-11f0-8cdb-0c42a112278c,1000.0,-282.06,0,60245992,,920835973,2026-04-26,12:21:30,销售订单0060245992创建成功开票：0920835973,S,1,成功
ZRTC20260424025,1-7Z1TIV,QC@70494316,12431432,HLB-d8f33b11-525d-11f0-8cdb-0c42a112278c,1000.0,-282.06,0,60245992,,920835973,2026-04-26,12:21:30,销售订单0060245992创建成功开票：0920835973,S,1,成功
ZRTC20260424025,1-7Z1TIV,QC@70494318,12431432,HLB-d8f33aa9-525d-11f0-8cdb-0c42a112278c,1000.0,-282.06,0,60245992,,920835973,2026-04-26,12:21:30,销售订单0060245992创建成功开票：0920835973,S,1,成功
ZRTC20260424025,1-7Z1TIV,QC@70494322,12431432,HLB-d8f339e2-525d-11f0-8cdb-0c42a112278c,1000.0,-282.06,0,60245992,,920835973,2026-04-26,12:21:30,销售订单0060245992创建成功开票：0920835973,S,1,成功
ZRTC20260424025,1-7Z1TIV,QC@70494324,12431432,HLB-d8f33aea-525d-11f0-8cdb-0c42a112278c,1000.0,-282.06,0,60245992,,920835973,2026-04-26,12:21:30,销售订单0060245992创建成功开票：0920835973,S,1,成功
ZRTC20260424025,1-7Z1TIV,QC@70494326,12431432,HLB-d8f33a28-525d-11f0-8cdb-0c42a112278c,1000.0,-282.06,0,60245992,,920835973,2026-04-26,12:21:30,销售订单0060245992创建成功开票：0920835973,S,1,成功
ZRTC20260424025,1-7Z1TIV,QC@70494327,12431432,HLB-d8f33a41-525d-11f0-8cdb-0c42a112278c,1000.0,-282.06,0,60245992,,920835973,2026-04-26,12:21:30,销售订单0060245992创建成功开票：0920835973,S,1,成功
ZRTC20260424025,1-7Z1TIV,QC@70494334,12431432,HLB-d8f339f6-525d-11f0-8cdb-0c42a112278c,1000.0,-282.06,0,60245992,,920835973,2026-04-26,12:21:30,销售订单0060245992创建成功开票：0920835973,S,1,成功
ZRTC20260424025,1-7Z1TIV,QC@70494335,12431432,HLB-d8f33abe-525d-11f0-8cdb-0c42a112278c,1000.0,-282.06,0,60245992,,920835973,2026-04-26,12:21:30,销售订单0060245992创建成功开票：0920835973,S,1,成功
ZRTC20260424025,1-7Z1TIV,QC@70494336,12431432,HLB-d8f33a80-525d-11f0-8cdb-0c42a112278c,1000.0,-282.06,0,60245992,,920835973,2026-04-26,12:21:30,销售订单0060245992创建成功开票：0920835973,S,1,成功
ZRTC20260424025,1-7Z1TIV,QC@70494338,12431432,HLB-d8f33b5c-525d-11f0-8cdb-0c42a112278c,1000.0,-282.06,0,60245992,,920835973,2026-04-26,12:21:30,销售订单0060245992创建成功开票：0920835973,S,1,成功
ZRTC20260424025,1-7Z1TIV,QC@70494341,12431432,HLB-d8f33a55-525d-11f0-8cdb-0c42a112278c,1000.0,-282.06,0,60245992,,920835973,2026-04-26,12:21:30,销售订单0060245992创建成功开票：0920835973,S,1,成功
ZRTC20260424025,1-7Z1TIV,QC@70494342,12431432,HLB-d8f33afd-525d-11f0-8cdb-0c42a112278c,1000.0,-282.06,0,60245992,,920835973,2026-04-26,12:21:30,销售订单0060245992创建成功开票：0920835973,S,1,成功
ZRTC20260424025,1-7Z1TIV,QC@70494344,12431432,HLB-d8f339c9-525d-11f0-8cdb-0c42a112278c,1000.0,-282.06,0,60245992,,920835973,2026-04-26,12:21:30,销售订单0060245992创建成功开票：0920835973,S,1,成功
ZRTC20260424025,1-7Z1TIV,QC@70494345,12431432,HLB-d8f33b48-525d-11f0-8cdb-0c42a112278c,1000.0,-282.06,0,60245992,,920835973,2026-04-26,12:21:30,销售订单0060245992创建成功开票：0920835973,S,1,成功
ZRTC20260424025,1-7Z1TIV,QC@70494346,12431432,HLB-d8f33b24-525d-11f0-8cdb-0c42a112278c,1000.0,-282.06,0,60245992,,920835973,2026-04-26,12:21:30,销售订单0060245992创建成功开票：0920835973,S,1,成功
ZRTC20260424025,1-7Z1TIV,QC@70494348,12431432,HLB-d8f339b5-525d-11f0-8cdb-0c42a112278c,1000.0,-282.06,0,60245992,,920835973,2026-04-26,12:21:30,销售订单0060245992创建成功开票：0920835973,S,1,成功
ZRTC20260424025,1-7Z1TIV,QC@70494351,12431432,HLB-d8f33a10-525d-11f0-8cdb-0c42a112278c,1000.0,-282.06,0,60245992,,920835973,2026-04-26,12:21:30,销售订单0060245992创建成功开票：0920835973,S,1,成功
ZRTC20260424025,1-7Z1TIV,QC@70744534,12516720,HLB-29b1b07a-5880-11f0-8cdb-0c42a112278c,1000.0,-282.06,0,60245992,,920835973,2026-04-26,12:21:30,销售订单0060245992创建成功开票：0920835973,S,1,成功
ZRTC20260424025,1-7Z1TIV,QC@70744535,12516720,HLB-2992c69d-5880-11f0-8cdb-0c42a112278c,1000.0,-282.06,0,60245992,,920835973,2026-04-26,12:21:30,销售订单0060245992创建成功开票：0920835973,S,1,成功
ZRTC20260424025,1-7Z1TIV,QC@70744540,12516720,HLB-2992c625-5880-11f0-8cdb-0c42a112278c,1000.0,-282.06,0,60245992,,920835973,2026-04-26,12:21:30,销售订单0060245992创建成功开票：0920835973,S,1,成功
ZRTC20260424025,1-7Z1TIV,QC@70744543,12516720,HLB-29d29ca6-5880-11f0-8cdb-0c42a112278c,1000.0,-282.06,0,60245992,,920835973,2026-04-26,12:21:30,销售订单0060245992创建成功开票：0920835973,S,1,成功
ZRTC20260424025,1-7Z1TIV,QC@70744546,12516720,HLB-29d29bce-5880-11f0-8cdb-0c42a112278c,1000.0,-282.06,0,60245992,,920835973,2026-04-26,12:21:30,销售订单0060245992创建成功开票：0920835973,S,1,成功
ZRTC20260424025,1-7Z1TIV,QC@70744548,12516720,HLB-29b1ad4f-5880-11f0-8cdb-0c42a112278c,1000.0,-282.06,0,60245992,,920835973,2026-04-26,12:21:30,销售订单0060245992创建成功开票：0920835973,S,1,成功
ZRTC20260424025,1-7Z1TIV,QC@70744550,12516720,HLB-29d29c37-5880-11f0-8cdb-0c42a112278c,1000.0,-282.06,0,60245992,,920835973,2026-04-26,12:21:30,销售订单0060245992创建成功开票：0920835973,S,1,成功
ZRTC20260424025,1-7Z1TIV,QC@70744551,12516720,HLB-29d29c04-5880-11f0-8cdb-0c42a112278c,1000.0,-282.06,0,60245992,,920835973,2026-04-26,12:21:30,销售订单0060245992创建成功开票：0920835973,S,1,成功
ZRTC20260424025,1-7Z1TIV,QC@70744553,12516720,HLB-29b1ae61-5880-11f0-8cdb-0c42a112278c,1000.0,-282.06,0,60245992,,920835973,2026-04-26,12:21:30,销售订单0060245992创建成功开票：0920835973,S,1,成功
ZRTC20260424025,1-7Z1TIV,QC@70744554,12516720,HLB-29b1af2f-5880-11f0-8cdb-0c42a112278c,1000.0,-282.06,0,60245992,,920835973,2026-04-26,12:21:30,销售订单0060245992创建成功开票：0920835973,S,1,成功
ZRTC20260424025,1-7Z1TIV,QC@70744556,12516720,HLB-2992c64d-5880-11f0-8cdb-0c42a112278c,1000.0,-282.06,0,60245992,,920835973,2026-04-26,12:21:30,销售订单0060245992创建成功开票：0920835973,S,1,成功
ZRTC20260424025,1-7Z1TIV,QC@70744559,12516720,HLB-29b1ace4-5880-11f0-8cdb-0c42a112278c,1000.0,-282.06,0,60245992,,920835973,2026-04-26,12:21:30,销售订单0060245992创建成功开票：0920835973,S,1,成功
ZRTC20260424025,1-7Z1TIV,QC@70744560,12516720,HLB-29b1addf-5880-11f0-8cdb-0c42a112278c,1000.0,-282.06,0,60245992,,920835973,2026-04-26,12:21:30,销售订单0060245992创建成功开票：0920835973,S,1,成功
ZRTC20260424025,1-7Z1TIV,QC@70744561,12516720,HLB-29b1ac84-5880-11f0-8cdb-0c42a112278c,1000.0,-282.06,0,60245992,,920835973,2026-04-26,12:21:30,销售订单0060245992创建成功开票：0920835973,S,1,成功
ZRTC20260424025,1-7Z1TIV,QC@70744562,12516720,HLB-29b1b021-5880-11f0-8cdb-0c42a112278c,1000.0,-282.06,0,60245992,,920835973,2026-04-26,12:21:30,销售订单0060245992创建成功开票：0920835973,S,1,成功
ZRTC20260424025,1-7Z1TIV,QC@70744564,12516720,HLB-29b1b0a4-5880-11f0-8cdb-0c42a112278c,1000.0,-282.06,0,60245992,,920835973,2026-04-26,12:21:30,销售订单0060245992创建成功开票：0920835973,S,1,成功
ZRTC20260424025,1-7Z1TIV,QC@70744565,12516720,HLB-29b1ad7e-5880-11f0-8cdb-0c42a112278c,1000.0,-282.06,0,60245992,,920835973,2026-04-26,12:21:30,销售订单0060245992创建成功开票：0920835973,S,1,成功
ZRTC20260424025,1-7Z1TIV,QC@70744566,12516720,HLB-2992c5f7-5880-11f0-8cdb-0c42a112278c,1000.0,-282.06,0,60245992,,920835973,2026-04-26,12:21:30,销售订单0060245992创建成功开票：0920835973,S,1,成功
ZRTC20260424025,1-7Z1TIV,QC@70744567,12516720,HLB-29b1af83-5880-11f0-8cdb-0c42a112278c,1000.0,-282.06,0,60245992,,920835973,2026-04-26,12:21:30,销售订单0060245992创建成功开票：0920835973,S,1,成功
ZRTC20260424025,1-7Z1TIV,QC@70744570,12516720,HLB-29b1afd1-5880-11f0-8cdb-0c42a112278c,1000.0,-282.06,0,60245992,,920835973,2026-04-26,12:21:30,销售订单0060245992创建成功开票：0920835973,S,1,成功
ZRTC20260424025,1-7Z1TIV,QC@70744573,12516720,HLB-29b1b052-5880-11f0-8cdb-0c42a112278c,1000.0,-282.06,0,60245992,,920835973,2026-04-26,12:21:30,销售订单0060245992创建成功开票：0920835973,S,1,成功
ZRTC20260424025,1-7Z1TIV,QC@70744575,12516720,HLB-2992c71c-5880-11f0-8cdb-0c42a112278c,1000.0,-282.06,0,60245992,,920835973,2026-04-26,12:21:30,销售订单0060245992创建成功开票：0920835973,S,1,成功
ZRTC20260424025,1-7Z1TIV,QC@70744578,12516720,HLB-2992c76d-5880-11f0-8cdb-0c42a112278c,1000.0,-282.06,0,60245992,,920835973,2026-04-26,12:21:30,销售订单0060245992创建成功开票：0920835973,S,1,成功
ZRTC20260424025,1-7Z1TIV,QC@70744579,12516720,HLB-2992c6c7-5880-11f0-8cdb-0c42a112278c,1000.0,-282.06,0,60245992,,920835973,2026-04-26,12:21:30,销售订单0060245992创建成功开票：0920835973,S,1,成功
ZRTC20260424025,1-7Z1TIV,QC@70744582,12516720,HLB-29b1adae-5880-11f0-8cdb-0c42a112278c,1000.0,-282.06,0,60245992,,920835973,2026-04-26,12:21:30,销售订单0060245992创建成功开票：0920835973,S,1,成功
ZRTC20260424025,1-7Z1TIV,QC@70744583,12516720,HLB-2992c676-5880-11f0-8cdb-0c42a112278c,1000.0,-282.06,0,60245992,,920835973,2026-04-26,12:21:30,销售订单0060245992创建成功开票：0920835973,S,1,成功
ZRTC20260424025,1-7Z1TIV,QC@70744584,12516720,HLB-29b1aedf-5880-11f0-8cdb-0c42a112278c,1000.0,-282.06,0,60245992,,920835973,2026-04-26,12:21:30,销售订单0060245992创建成功开票：0920835973,S,1,成功
ZRTC20260424025,1-7Z1TIV,QC@70744587,12516720,HLB-29b1ae8c-5880-11f0-8cdb-0c42a112278c,1000.0,-282.06,0,60245992,,920835973,2026-04-26,12:21:30,销售订单0060245992创建成功开票：0920835973,S,1,成功
ZRTC20260424025,1-7Z1TIV,QC@70744590,12516720,HLB-29b1aeb4-5880-11f0-8cdb-0c42a112278c,1000.0,-282.06,0,60245992,,920835973,2026-04-26,12:21:30,销售订单0060245992创建成功开票：0920835973,S,1,成功
ZRTC20260424025,1-7Z1TIV,QC@70744591,12516720,HLB-29b1affb-5880-11f0-8cdb-0c42a112278c,1000.0,-282.06,0,60245992,,920835973,2026-04-26,12:21:30,销售订单0060245992创建成功开票：0920835973,S,1,成功
ZRTC20260424025,1-7Z1TIV,QC@70744594,12516720,HLB-29b1acb4-5880-11f0-8cdb-0c42a112278c,1000.0,-282.06,0,60245992,,920835973,2026-04-26,12:21:30,销售订单0060245992创建成功开票：0920835973,S,1,成功
ZRTC20260424025,1-7Z1TIV,QC@70744596,12516720,HLB-29b1af08-5880-11f0-8cdb-0c42a112278c,1000.0,-282.06,0,60245992,,920835973,2026-04-26,12:21:30,销售订单0060245992创建成功开票：0920835973,S,1,成功
ZRTC20260424025,1-7Z1TIV,QC@70744597,12516720,HLB-29b1ae38-5880-11f0-8cdb-0c42a112278c,1000.0,-282.06,0,60245992,,920835973,2026-04-26,12:21:30,销售订单0060245992创建成功开票：0920835973,S,1,成功
ZRTC20260424025,1-7Z1TIV,QC@70744600,12516720,HLB-29b1ae07-5880-11f0-8cdb-0c42a112278c,1000.0,-282.06,0,60245992,,920835973,2026-04-26,12:21:30,销售订单0060245992创建成功开票：0920835973,S,1,成功
ZRTC20260424025,1-7Z1TIV,QC@70744601,12516720,HLB-29b1afa8-5880-11f0-8cdb-0c42a112278c,1000.0,-282.06,0,60245992,,920835973,2026-04-26,12:21:30,销售订单0060245992创建成功开票：0920835973,S,1,成功
ZRTC20260424025,1-7Z1TIV,QC@70744605,12516720,HLB-29b1ad17-5880-11f0-8cdb-0c42a112278c,1000.0,-282.06,0,60245992,,920835973,2026-04-26,12:21:30,销售订单0060245992创建成功开票：0920835973,S,1,成功
ZRTC20260424025,1-7Z1TIV,QC@70744606,12516720,HLB-29b1af59-5880-11f0-8cdb-0c42a112278c,1000.0,-282.06,0,60245992,,920835973,2026-04-26,12:21:30,销售订单0060245992创建成功开票：0920835973,S,1,成功
ZRTC20260424025,1-7Z1TIV,QC@70744607,12516720,HLB-29d29c6e-5880-11f0-8cdb-0c42a112278c,1000.0,-282.06,0,60245992,,920835973,2026-04-26,12:21:30,销售订单0060245992创建成功开票：0920835973,S,1,成功
ZRTC20260424025,1-7Z1TIV,QC@70744608,12516720,HLB-2992c744-5880-11f0-8cdb-0c42a112278c,1000.0,-282.06,0,60245992,,920835973,2026-04-26,12:21:30,销售订单0060245992创建成功开票：0920835973,S,1,成功
ZRTC20260424025,1-7Z1TIV,QC@70744613,12516720,HLB-2992c6f0-5880-11f0-8cdb-0c42a112278c,1000.0,-282.06,0,60245992,,920835973,2026-04-26,12:21:30,销售订单0060245992创建成功开票：0920835973,S,1,成功
ZRTC20260424025,1-7Z1TIV,QC@71729456,12508839,HLB-175040d2-570e-11f0-8cdb-0c42a112278c,1000.0,-282.06,0,60245992,,920835973,2026-04-26,12:21:30,销售订单0060245992创建成功开票：0920835973,S,1,成功
ZRTC20260424025,1-7Z1TIV,QC@71729457,12508839,HLB-17504189-570e-11f0-8cdb-0c42a112278c,1000.0,-282.06,0,60245992,,920835973,2026-04-26,12:21:30,销售订单0060245992创建成功开票：0920835973,S,1,成功
ZRTC20260424025,1-7Z1TIV,QC@71729458,12508839,HLB-175041cc-570e-11f0-8cdb-0c42a112278c,1000.0,-282.06,0,60245992,,920835973,2026-04-26,12:21:30,销售订单0060245992创建成功开票：0920835973,S,1,成功
ZRTC20260424025,1-7Z1TIV,QC@71729460,12508839,HLB-172f7d83-570e-11f0-8cdb-0c42a112278c,1000.0,-282.06,0,60245992,,920835973,2026-04-26,12:21:30,销售订单0060245992创建成功开票：0920835973,S,1,成功
ZRTC20260424025,1-7Z1TIV,QC@71729466,12508839,HLB-175041b8-570e-11f0-8cdb-0c42a112278c,1000.0,-282.06,0,60245992,,920835973,2026-04-26,12:21:30,销售订单0060245992创建成功开票：0920835973,S,1,成功
ZRTC20260424025,1-7Z1TIV,QC@71729467,12508839,HLB-172f7dd3-570e-11f0-8cdb-0c42a112278c,1000.0,-282.06,0,60245992,,920835973,2026-04-26,12:21:30,销售订单0060245992创建成功开票：0920835973,S,1,成功
ZRTC20260424025,1-7Z1TIV,QC@71729468,12508839,HLB-172f7e22-570e-11f0-8cdb-0c42a112278c,1000.0,-282.06,0,60245992,,920835973,2026-04-26,12:21:30,销售订单0060245992创建成功开票：0920835973,S,1,成功
ZRTC20260424025,1-7Z1TIV,QC@71729469,12508839,HLB-175040eb-570e-11f0-8cdb-0c42a112278c,1000.0,-282.06,0,60245992,,920835973,2026-04-26,12:21:30,销售订单0060245992创建成功开票：0920835973,S,1,成功
ZRTC20260424025,1-7Z1TIV,QC@71729471,12508839,HLB-172f7dbf-570e-11f0-8cdb-0c42a112278c,1000.0,-282.06,0,60245992,,920835973,2026-04-26,12:21:30,销售订单0060245992创建成功开票：0920835973,S,1,成功
ZRTC20260424025,1-7Z1TIV,QC@71729474,12508839,HLB-17504069-570e-11f0-8cdb-0c42a112278c,1000.0,-282.06,0,60245992,,920835973,2026-04-26,12:21:30,销售订单0060245992创建成功开票：0920835973,S,1,成功
ZRTC20260424025,1-7Z1TIV,QC@71729475,12508839,HLB-17503fce-570e-11f0-8cdb-0c42a112278c,1000.0,-282.06,0,60245992,,920835973,2026-04-26,12:21:30,销售订单0060245992创建成功开票：0920835973,S,1,成功
ZRTC20260424025,1-7Z1TIV,QC@71729477,12508839,HLB-17504100-570e-11f0-8cdb-0c42a112278c,1000.0,-282.06,0,60245992,,920835973,2026-04-26,12:21:30,销售订单0060245992创建成功开票：0920835973,S,1,成功
ZRTC20260424025,1-7Z1TIV,QC@71729478,12508839,HLB-17504038-570e-11f0-8cdb-0c42a112278c,1000.0,-282.06,0,60245992,,920835973,2026-04-26,12:21:30,销售订单0060245992创建成功开票：0920835973,S,1,成功
ZRTC20260424025,1-7Z1TIV,QC@71729479,12508839,HLB-17504116-570e-11f0-8cdb-0c42a112278c,1000.0,-282.06,0,60245992,,920835973,2026-04-26,12:21:30,销售订单0060245992创建成功开票：0920835973,S,1,成功
ZRTC20260424025,1-7Z1TIV,QC@71729482,12508839,HLB-172f7df9-570e-11f0-8cdb-0c42a112278c,1000.0,-282.06,0,60245992,,920835973,2026-04-26,12:21:30,销售订单0060245992创建成功开票：0920835973,S,1,成功
ZRTC20260424025,1-7Z1TIV,QC@71729483,12508839,HLB-172f7e0d-570e-11f0-8cdb-0c42a112278c,1000.0,-282.06,0,60245992,,920835973,2026-04-26,12:21:30,销售订单0060245992创建成功开票：0920835973,S,1,成功
ZRTC20260424025,1-7Z1TIV,QC@71729485,12508839,HLB-172f7d97-570e-11f0-8cdb-0c42a112278c,1000.0,-282.06,0,60245992,,920835973,2026-04-26,12:21:30,销售订单0060245992创建成功开票：0920835973,S,1,成功
ZRTC20260424025,1-7Z1TIV,QC@71729489,12508839,HLB-1750401b-570e-11f0-8cdb-0c42a112278c,1000.0,-282.06,0,60245992,,920835973,2026-04-26,12:21:30,销售订单0060245992创建成功开票：0920835973,S,1,成功
ZRTC20260424025,1-7Z1TIV,QC@71729493,12508839,HLB-175041a3-570e-11f0-8cdb-0c42a112278c,1000.0,-282.06,0,60245992,,920835973,2026-04-26,12:21:30,销售订单0060245992创建成功开票：0920835973,S,1,成功
ZRTC20260424025,1-7Z1TIV,QC@71729494,12508839,HLB-17504172-570e-11f0-8cdb-0c42a112278c,1000.0,-282.06,0,60245992,,920835973,2026-04-26,12:21:30,销售订单0060245992创建成功开票：0920835973,S,1,成功
ZRTC20260424025,1-7Z1TIV,QC@71729496,12508839,HLB-172f7dac-570e-11f0-8cdb-0c42a112278c,1000.0,-282.06,0,60245992,,920835973,2026-04-26,12:21:30,销售订单0060245992创建成功开票：0920835973,S,1,成功
ZRTC20260424025,1-7Z1TIV,QC@71729497,12508839,HLB-172f7d6e-570e-11f0-8cdb-0c42a112278c,1000.0,-282.06,0,60245992,,920835973,2026-04-26,12:21:30,销售订单0060245992创建成功开票：0920835973,S,1,成功
ZRTC20260424025,1-7Z1TIV,QC@71729498,12508839,HLB-17504159-570e-11f0-8cdb-0c42a112278c,1000.0,-282.06,0,60245992,,920835973,2026-04-26,12:21:30,销售订单0060245992创建成功开票：0920835973,S,1,成功
ZRTC20260424025,1-7Z1TIV,QC@71729502,12508839,HLB-175040bc-570e-11f0-8cdb-0c42a112278c,1000.0,-282.06,0,60245992,,920835973,2026-04-26,12:21:30,销售订单0060245992创建成功开票：0920835973,S,1,成功
ZRTC20260424025,1-7Z1TIV,QC@71729505,12508839,HLB-175040a1-570e-11f0-8cdb-0c42a112278c,1000.0,-282.06,0,60245992,,920835973,2026-04-26,12:21:30,销售订单0060245992创建成功开票：0920835973,S,1,成功
ZRTC20260424025,1-7Z1TIV,QC@71729510,12508839,HLB-17504145-570e-11f0-8cdb-0c42a112278c,1000.0,-282.06,0,60245992,,920835973,2026-04-26,12:21:30,销售订单0060245992创建成功开票：0920835973,S,1,成功
ZRTC20260424025,1-7Z1TIV,QC@71729511,12508839,HLB-17504089-570e-11f0-8cdb-0c42a112278c,1000.0,-282.06,0,60245992,,920835973,2026-04-26,12:21:30,销售订单0060245992创建成功开票：0920835973,S,1,成功
ZRTC20260424025,1-7Z1TIV,QC@71729513,12508839,HLB-172f7de6-570e-11f0-8cdb-0c42a112278c,1000.0,-282.06,0,60245992,,920835973,2026-04-26,12:21:30,销售订单0060245992创建成功开票：0920835973,S,1,成功
ZRTC20260424025,1-7Z1TIV,QC@71729514,12508839,HLB-17504051-570e-11f0-8cdb-0c42a112278c,1000.0,-282.06,0,60245992,,920835973,2026-04-26,12:21:30,销售订单0060245992创建成功开票：0920835973,S,1,成功
ZRTC20260424025,1-7Z1TIV,QC@71729515,12508839,HLB-1750412e-570e-11f0-8cdb-0c42a112278c,1000.0,-282.06,0,60245992,,920835973,2026-04-26,12:21:30,销售订单0060245992创建成功开票：0920835973,S,1,成功
ZRTC20260424025,1-7Z1TIV,QC@71865409,12518910,HLB-ee16a28c-58a4-11f0-8cdb-0c42a112278c,1000.0,-282.06,0,60245992,,920835973,2026-04-26,12:21:30,销售订单0060245992创建成功开票：0920835973,S,1,成功
ZRTC20260424025,1-7Z1TIV,QC@71865411,12518910,HLB-ee16a1ae-58a4-11f0-8cdb-0c42a112278c,1000.0,-282.06,0,60245992,,920835973,2026-04-26,12:21:30,销售订单0060245992创建成功开票：0920835973,S,1,成功
ZRTC20260424025,1-7Z1TIV,QC@71865412,12518910,HLB-ee16a2ca-58a4-11f0-8cdb-0c42a112278c,1000.0,-282.06,0,60245992,,920835973,2026-04-26,12:21:30,销售订单0060245992创建成功开票：0920835973,S,1,成功
ZRTC20260424025,1-7Z1TIV,QC@71865415,12518910,HLB-ee16a210-58a4-11f0-8cdb-0c42a112278c,1000.0,-282.06,0,60245992,,920835973,2026-04-26,12:21:30,销售订单0060245992创建成功开票：0920835973,S,1,成功
ZRTC20260424025,1-7Z1TIV,QC@71865417,12518910,HLB-ee16a227-58a4-11f0-8cdb-0c42a112278c,1000.0,-282.06,0,60245992,,920835973,2026-04-26,12:21:30,销售订单0060245992创建成功开票：0920835973,S,1,成功
ZRTC20260424025,1-7Z1TIV,QC@71865418,12518910,HLB-ee16a182-58a4-11f0-8cdb-0c42a112278c,1000.0,-282.06,0,60245992,,920835973,2026-04-26,12:21:30,销售订单0060245992创建成功开票：0920835973,S,1,成功
ZRTC20260424025,1-7Z1TIV,QC@71865421,12518910,HLB-ee16a1fd-58a4-11f0-8cdb-0c42a112278c,1000.0,-282.06,0,60245992,,920835973,2026-04-26,12:21:30,销售订单0060245992创建成功开票：0920835973,S,1,成功
ZRTC20260424025,1-7Z1TIV,QC@71865424,12518910,HLB-ee16a276-58a4-11f0-8cdb-0c42a112278c,1000.0,-282.06,0,60245992,,920835973,2026-04-26,12:21:30,销售订单0060245992创建成功开票：0920835973,S,1,成功
ZRTC20260424025,1-7Z1TIV,QC@71865425,12518910,HLB-ee16a29f-58a4-11f0-8cdb-0c42a112278c,1000.0,-282.06,0,60245992,,920835973,2026-04-26,12:21:30,销售订单0060245992创建成功开票：0920835973,S,1,成功
ZRTC20260424025,1-7Z1TIV,QC@71865427,12518910,HLB-ee16a2b6-58a4-11f0-8cdb-0c42a112278c,1000.0,-282.06,0,60245992,,920835973,2026-04-26,12:21:30,销售订单0060245992创建成功开票：0920835973,S,1,成功
ZRTC20260424025,1-7Z1TIV,QC@71865428,12518910,HLB-ee16a157-58a4-11f0-8cdb-0c42a112278c,1000.0,-282.06,0,60245992,,920835973,2026-04-26,12:21:30,销售订单0060245992创建成功开票：0920835973,S,1,成功
ZRTC20260424025,1-7Z1TIV,QC@71865430,12518910,HLB-ee16a2df-58a4-11f0-8cdb-0c42a112278c,1000.0,-282.06,0,60245992,,920835973,2026-04-26,12:21:30,销售订单0060245992创建成功开票：0920835973,S,1,成功
ZRTC20260424025,1-7Z1TIV,QC@71865431,12518910,HLB-ee16a16a-58a4-11f0-8cdb-0c42a112278c,1000.0,-282.06,0,60245992,,920835973,2026-04-26,12:21:30,销售订单0060245992创建成功开票：0920835973,S,1,成功
ZRTC20260424025,1-7Z1TIV,QC@71865434,12518910,HLB-ee16a127-58a4-11f0-8cdb-0c42a112278c,1000.0,-282.06,0,60245992,,920835973,2026-04-26,12:21:30,销售订单0060245992创建成功开票：0920835973,S,1,成功
ZRTC20260424025,1-7Z1TIV,QC@71865436,12518910,HLB-ee16a1eb-58a4-11f0-8cdb-0c42a112278c,1000.0,-282.06,0,60245992,,920835973,2026-04-26,12:21:30,销售订单0060245992创建成功开票：0920835973,S,1,成功
ZRTC20260424025,1-7Z1TIV,QC@71865437,12518910,HLB-ee16a1d6-58a4-11f0-8cdb-0c42a112278c,1000.0,-282.06,0,60245992,,920835973,2026-04-26,12:21:30,销售订单0060245992创建成功开票：0920835973,S,1,成功
ZRTC20260424025,1-7Z1TIV,QC@71865438,12518910,HLB-ee16a197-58a4-11f0-8cdb-0c42a112278c,1000.0,-282.06,0,60245992,,920835973,2026-04-26,12:21:30,销售订单0060245992创建成功开票：0920835973,S,1,成功
ZRTC20260424025,1-7Z1TIV,QC@71865441,12518910,HLB-ee16a142-58a4-11f0-8cdb-0c42a112278c,1000.0,-282.06,0,60245992,,920835973,2026-04-26,12:21:30,销售订单0060245992创建成功开票：0920835973,S,1,成功
ZRTC20260424025,1-7Z1TIV,QC@71865445,12518910,HLB-ee16a1c1-58a4-11f0-8cdb-0c42a112278c,1000.0,-282.06,0,60245992,,920835973,2026-04-26,12:21:30,销售订单0060245992创建成功开票：0920835973,S,1,成功
ZRTC20260424025,1-7Z1TIV,QC@71865446,12518910,HLB-ee16a2f2-58a4-11f0-8cdb-0c42a112278c,1000.0,-282.06,0,60245992,,920835973,2026-04-26,12:21:30,销售订单0060245992创建成功开票：0920835973,S,1,成功
ZRTC20260424025,1-7Z1TIV,QC@71888326,12430186,HLB-345433a1-5258-11f0-8cdb-0c42a112278c,1000.0,-282.06,0,60245992,,920835973,2026-04-26,12:21:30,销售订单0060245992创建成功开票：0920835973,S,1,成功
ZRTC20260424025,1-7Z1TIV,QC@71888327,12430186,HLB-34543301-5258-11f0-8cdb-0c42a112278c,1000.0,-282.06,0,60245992,,920835973,2026-04-26,12:21:30,销售订单0060245992创建成功开票：0920835973,S,1,成功
ZRTC20260424025,1-7Z1TIV,QC@71888328,12430186,HLB-34543267-5258-11f0-8cdb-0c42a112278c,1000.0,-282.06,0,60245992,,920835973,2026-04-26,12:21:30,销售订单0060245992创建成功开票：0920835973,S,1,成功
ZRTC20260424025,1-7Z1TIV,QC@71888329,12430186,HLB-345432eb-5258-11f0-8cdb-0c42a112278c,1000.0,-282.06,0,60245992,,920835973,2026-04-26,12:21:30,销售订单0060245992创建成功开票：0920835973,S,1,成功
ZRTC20260424025,1-7Z1TIV,QC@71888331,12430186,HLB-34543315-5258-11f0-8cdb-0c42a112278c,1000.0,-282.06,0,60245992,,920835973,2026-04-26,12:21:30,销售订单0060245992创建成功开票：0920835973,S,1,成功
ZRTC20260424025,1-7Z1TIV,QC@71888332,12430186,HLB-345432aa-5258-11f0-8cdb-0c42a112278c,1000.0,-282.06,0,60245992,,920835973,2026-04-26,12:21:30,销售订单0060245992创建成功开票：0920835973,S,1,成功
ZRTC20260424025,1-7Z1TIV,QC@71888333,12430186,HLB-34543281-5258-11f0-8cdb-0c42a112278c,1000.0,-282.06,0,60245992,,920835973,2026-04-26,12:21:30,销售订单0060245992创建成功开票：0920835973,S,1,成功
ZRTC20260424025,1-7Z1TIV,QC@71888334,12430186,HLB-34543405-5258-11f0-8cdb-0c42a112278c,1000.0,-282.06,0,60245992,,920835973,2026-04-26,12:21:30,销售订单0060245992创建成功开票：0920835973,S,1,成功
ZRTC20260424025,1-7Z1TIV,QC@71888340,12430186,HLB-3454338e-5258-11f0-8cdb-0c42a112278c,1000.0,-282.06,0,60245992,,920835973,2026-04-26,12:21:30,销售订单0060245992创建成功开票：0920835973,S,1,成功
ZRTC20260424025,1-7Z1TIV,QC@71888341,12430186,HLB-34543328-5258-11f0-8cdb-0c42a112278c,1000.0,-282.06,0,60245992,,920835973,2026-04-26,12:21:30,销售订单0060245992创建成功开票：0920835973,S,1,成功
ZRTC20260424025,1-7Z1TIV,QC@71888343,12430186,HLB-345432d5-5258-11f0-8cdb-0c42a112278c,1000.0,-282.06,0,60245992,,920835973,2026-04-26,12:21:30,销售订单0060245992创建成功开票：0920835973,S,1,成功
ZRTC20260424025,1-7Z1TIV,QC@71888344,12430186,HLB-34543367-5258-11f0-8cdb-0c42a112278c,1000.0,-282.06,0,60245992,,920835973,2026-04-26,12:21:30,销售订单0060245992创建成功开票：0920835973,S,1,成功
ZRTC20260424025,1-7Z1TIV,QC@71888345,12430186,HLB-345433f1-5258-11f0-8cdb-0c42a112278c,1000.0,-282.06,0,60245992,,920835973,2026-04-26,12:21:30,销售订单0060245992创建成功开票：0920835973,S,1,成功
ZRTC20260424025,1-7Z1TIV,QC@71888346,12430186,HLB-345433de-5258-11f0-8cdb-0c42a112278c,1000.0,-282.06,0,60245992,,920835973,2026-04-26,12:21:30,销售订单0060245992创建成功开票：0920835973,S,1,成功
ZRTC20260424025,1-7Z1TIV,QC@71888347,12430186,HLB-3454337a-5258-11f0-8cdb-0c42a112278c,1000.0,-282.06,0,60245992,,920835973,2026-04-26,12:21:30,销售订单0060245992创建成功开票：0920835973,S,1,成功
ZRTC20260424025,1-7Z1TIV,QC@71888348,12430186,HLB-345433b5-5258-11f0-8cdb-0c42a112278c,1000.0,-282.06,0,60245992,,920835973,2026-04-26,12:21:30,销售订单0060245992创建成功开票：0920835973,S,1,成功
ZRTC20260424025,1-7Z1TIV,QC@71888349,12430186,HLB-34543340-5258-11f0-8cdb-0c42a112278c,1000.0,-282.06,0,60245992,,920835973,2026-04-26,12:21:30,销售订单0060245992创建成功开票：0920835973,S,1,成功
ZRTC20260424025,1-7Z1TIV,QC@71888354,12430186,HLB-345433c8-5258-11f0-8cdb-0c42a112278c,1000.0,-282.06,0,60245992,,920835973,2026-04-26,12:21:30,销售订单0060245992创建成功开票：0920835973,S,1,成功
ZRTC20260424025,1-7Z1TIV,QC@71888358,12430186,HLB-34543353-5258-11f0-8cdb-0c42a112278c,1000.0,-282.06,0,60245992,,920835973,2026-04-26,12:21:30,销售订单0060245992创建成功开票：0920835973,S,1,成功
ZRTC20260424025,1-7Z1TIV,QC@71888364,12430186,HLB-3454342f-5258-11f0-8cdb-0c42a112278c,1000.0,-282.06,0,60245992,,920835973,2026-04-26,12:21:30,销售订单0060245992创建成功开票：0920835973,S,1,成功
ZRTC20260424025,1-7Z1TIV,QC@71968952,12581705,HLB-ad5be0f8-615e-11f0-8cdb-0c42a112278c,1000.0,-282.06,0,60245992,,920835973,2026-04-26,12:21:30,销售订单0060245992创建成功开票：0920835973,S,1,成功
ZRTC20260424025,1-7Z1TIV,QC@71968955,12581705,HLB-ad5be145-615e-11f0-8cdb-0c42a112278c,1000.0,-282.06,0,60245992,,920835973,2026-04-26,12:21:30,销售订单0060245992创建成功开票：0920835973,S,1,成功
ZRTC20260424025,1-7Z1TIV,QC@71968956,12581705,HLB-ad5be10c-615e-11f0-8cdb-0c42a112278c,1000.0,-282.06,0,60245992,,920835973,2026-04-26,12:21:30,销售订单0060245992创建成功开票：0920835973,S,1,成功
ZRTC20260424025,1-7Z1TIV,QC@71968957,12581705,HLB-ad5be158-615e-11f0-8cdb-0c42a112278c,1000.0,-282.06,0,60245992,,920835973,2026-04-26,12:21:30,销售订单0060245992创建成功开票：0920835973,S,1,成功
ZRTC20260424025,1-7Z1TIV,QC@71968958,12581705,HLB-ad5be11f-615e-11f0-8cdb-0c42a112278c,1000.0,-282.06,0,60245992,,920835973,2026-04-26,12:21:30,销售订单0060245992创建成功开票：0920835973,S,1,成功
ZRTC20260424025,1-7Z1TIV,QC@71968960,12581705,HLB-ad5be17d-615e-11f0-8cdb-0c42a112278c,1000.0,-282.06,0,60245992,,920835973,2026-04-26,12:21:30,销售订单0060245992创建成功开票：0920835973,S,1,成功
ZRTC20260424025,1-7Z1TIV,QC@71968964,12581705,HLB-ad5be0e5-615e-11f0-8cdb-0c42a112278c,1000.0,-282.06,0,60245992,,920835973,2026-04-26,12:21:30,销售订单0060245992创建成功开票：0920835973,S,1,成功
ZRTC20260424025,1-7Z1TIV,QC@71968967,12581705,HLB-ad5be18f-615e-11f0-8cdb-0c42a112278c,1000.0,-282.06,0,60245992,,920835973,2026-04-26,12:21:30,销售订单0060245992创建成功开票：0920835973,S,1,成功
ZRTC20260424025,1-7Z1TIV,QC@71968968,12581705,HLB-ad5be132-615e-11f0-8cdb-0c42a112278c,1000.0,-282.06,0,60245992,,920835973,2026-04-26,12:21:30,销售订单0060245992创建成功开票：0920835973,S,1,成功
ZRTC20260424025,1-7Z1TIV,QC@71968971,12581705,HLB-ad5be16a-615e-11f0-8cdb-0c42a112278c,1000.0,-282.06,0,60245992,,920835973,2026-04-26,12:21:30,销售订单0060245992创建成功开票：0920835973,S,1,成功
ZRTC20260424025,1-7Z1TIV,QC@72536717,12508833,HLB-16ca61a4-570e-11f0-8cdb-0c42a112278c,1000.0,-282.06,0,60245992,,920835973,2026-04-26,12:21:30,销售订单0060245992创建成功开票：0920835973,S,1,成功
ZRTC20260424025,1-7Z1TIV,QC@72536718,12508833,HLB-16a9c417-570e-11f0-8cdb-0c42a112278c,1000.0,-282.06,0,60245992,,920835973,2026-04-26,12:21:30,销售订单0060245992创建成功开票：0920835973,S,1,成功
ZRTC20260424025,1-7Z1TIV,QC@72536721,12508833,HLB-16a9c28b-570e-11f0-8cdb-0c42a112278c,1000.0,-282.06,0,60245992,,920835973,2026-04-26,12:21:30,销售订单0060245992创建成功开票：0920835973,S,1,成功
ZRTC20260424025,1-7Z1TIV,QC@72536722,12508833,HLB-16a9c385-570e-11f0-8cdb-0c42a112278c,1000.0,-282.06,0,60245992,,920835973,2026-04-26,12:21:30,销售订单0060245992创建成功开票：0920835973,S,1,成功
ZRTC20260424025,1-7Z1TIV,QC@72536723,12508833,HLB-16a9c404-570e-11f0-8cdb-0c42a112278c,1000.0,-282.06,0,60245992,,920835973,2026-04-26,12:21:30,销售订单0060245992创建成功开票：0920835973,S,1,成功
ZRTC20260424025,1-7Z1TIV,QC@72536724,12508833,HLB-16a9c2cd-570e-11f0-8cdb-0c42a112278c,1000.0,-282.06,0,60245992,,920835973,2026-04-26,12:21:30,销售订单0060245992创建成功开票：0920835973,S,1,成功
ZRTC20260424025,1-7Z1TIV,QC@72536725,12508833,HLB-16a9c2a0-570e-11f0-8cdb-0c42a112278c,1000.0,-282.06,0,60245992,,920835973,2026-04-26,12:21:30,销售订单0060245992创建成功开票：0920835973,S,1,成功
ZRTC20260424025,1-7Z1TIV,QC@72536726,12508833,HLB-16ca627f-570e-11f0-8cdb-0c42a112278c,1000.0,-282.06,0,60245992,,920835973,2026-04-26,12:21:30,销售订单0060245992创建成功开票：0920835973,S,1,成功
ZRTC20260424025,1-7Z1TIV,QC@72536727,12508833,HLB-16a9c2fb-570e-11f0-8cdb-0c42a112278c,1000.0,-282.06,0,60245992,,920835973,2026-04-26,12:21:30,销售订单0060245992创建成功开票：0920835973,S,1,成功
ZRTC20260424025,1-7Z1TIV,QC@72536729,12508833,HLB-16a9c325-570e-11f0-8cdb-0c42a112278c,1000.0,-282.06,0,60245992,,920835973,2026-04-26,12:21:30,销售订单0060245992创建成功开票：0920835973,S,1,成功
ZRTC20260424025,1-7Z1TIV,QC@72536732,12508833,HLB-16ca624c-570e-11f0-8cdb-0c42a112278c,1000.0,-282.06,0,60245992,,920835973,2026-04-26,12:21:30,销售订单0060245992创建成功开票：0920835973,S,1,成功
ZRTC20260424025,1-7Z1TIV,QC@72536737,12508833,HLB-16a9c36f-570e-11f0-8cdb-0c42a112278c,1000.0,-282.06,0,60245992,,920835973,2026-04-26,12:21:30,销售订单0060245992创建成功开票：0920835973,S,1,成功
ZRTC20260424025,1-7Z1TIV,QC@72536739,12508833,HLB-16a9c33b-570e-11f0-8cdb-0c42a112278c,1000.0,-282.06,0,60245992,,920835973,2026-04-26,12:21:30,销售订单0060245992创建成功开票：0920835973,S,1,成功
ZRTC20260424025,1-7Z1TIV,QC@72536740,12508833,HLB-16ca6299-570e-11f0-8cdb-0c42a112278c,1000.0,-282.06,0,60245992,,920835973,2026-04-26,12:21:30,销售订单0060245992创建成功开票：0920835973,S,1,成功
ZRTC20260424025,1-7Z1TIV,QC@72536741,12508833,HLB-16ca6214-570e-11f0-8cdb-0c42a112278c,1000.0,-282.06,0,60245992,,920835973,2026-04-26,12:21:30,销售订单0060245992创建成功开票：0920835973,S,1,成功
ZRTC20260424025,1-7Z1TIV,QC@72536742,12508833,HLB-16a9c3ef-570e-11f0-8cdb-0c42a112278c,1000.0,-282.06,0,60245992,,920835973,2026-04-26,12:21:30,销售订单0060245992创建成功开票：0920835973,S,1,成功
ZRTC20260424025,1-7Z1TIV,QC@72536744,12508833,HLB-16a9c2e3-570e-11f0-8cdb-0c42a112278c,1000.0,-282.06,0,60245992,,920835973,2026-04-26,12:21:30,销售订单0060245992创建成功开票：0920835973,S,1,成功
ZRTC20260424025,1-7Z1TIV,QC@72536745,12508833,HLB-16ca6231-570e-11f0-8cdb-0c42a112278c,1000.0,-282.06,0,60245992,,920835973,2026-04-26,12:21:30,销售订单0060245992创建成功开票：0920835973,S,1,成功
ZRTC20260424025,1-7Z1TIV,QC@72536748,12508833,HLB-16a9c3db-570e-11f0-8cdb-0c42a112278c,1000.0,-282.06,0,60245992,,920835973,2026-04-26,12:21:30,销售订单0060245992创建成功开票：0920835973,S,1,成功
ZRTC20260424025,1-7Z1TIV,QC@72536749,12508833,HLB-16ca61f7-570e-11f0-8cdb-0c42a112278c,1000.0,-282.06,0,60245992,,920835973,2026-04-26,12:21:30,销售订单0060245992创建成功开票：0920835973,S,1,成功
ZRTC20260424025,1-7Z1TIV,QC@72536751,12508833,HLB-16a9c3c4-570e-11f0-8cdb-0c42a112278c,1000.0,-282.06,0,60245992,,920835973,2026-04-26,12:21:30,销售订单0060245992创建成功开票：0920835973,S,1,成功
ZRTC20260424025,1-7Z1TIV,QC@72536753,12508833,HLB-16ca62ce-570e-11f0-8cdb-0c42a112278c,1000.0,-282.06,0,60245992,,920835973,2026-04-26,12:21:30,销售订单0060245992创建成功开票：0920835973,S,1,成功
ZRTC20260424025,1-7Z1TIV,QC@72536757,12508833,HLB-16a9c352-570e-11f0-8cdb-0c42a112278c,1000.0,-282.06,0,60245992,,920835973,2026-04-26,12:21:30,销售订单0060245992创建成功开票：0920835973,S,1,成功
ZRTC20260424025,1-7Z1TIV,QC@72536759,12508833,HLB-16a9c399-570e-11f0-8cdb-0c42a112278c,1000.0,-282.06,0,60245992,,920835973,2026-04-26,12:21:30,销售订单0060245992创建成功开票：0920835973,S,1,成功
ZRTC20260424025,1-7Z1TIV,QC@72536760,12508833,HLB-16a9c2b6-570e-11f0-8cdb-0c42a112278c,1000.0,-282.06,0,60245992,,920835973,2026-04-26,12:21:30,销售订单0060245992创建成功开票：0920835973,S,1,成功
ZRTC20260424025,1-7Z1TIV,QC@72536763,12508833,HLB-16a9c273-570e-11f0-8cdb-0c42a112278c,1000.0,-282.06,0,60245992,,920835973,2026-04-26,12:21:30,销售订单0060245992创建成功开票：0920835973,S,1,成功
ZRTC20260424025,1-7Z1TIV,QC@72536764,12508833,HLB-16ca62b1-570e-11f0-8cdb-0c42a112278c,1000.0,-282.06,0,60245992,,920835973,2026-04-26,12:21:30,销售订单0060245992创建成功开票：0920835973,S,1,成功
ZRTC20260424025,1-7Z1TIV,QC@72536766,12508833,HLB-16a9c310-570e-11f0-8cdb-0c42a112278c,1000.0,-282.06,0,60245992,,920835973,2026-04-26,12:21:30,销售订单0060245992创建成功开票：0920835973,S,1,成功
ZRTC20260424025,1-7Z1TIV,QC@72536769,12508833,HLB-16ca6269-570e-11f0-8cdb-0c42a112278c,1000.0,-282.06,0,60245992,,920835973,2026-04-26,12:21:30,销售订单0060245992创建成功开票：0920835973,S,1,成功
ZRTC20260424025,1-7Z1TIV,QC@72536774,12508833,HLB-16a9c3b0-570e-11f0-8cdb-0c42a112278c,1000.0,-282.06,0,60245992,,920835973,2026-04-26,12:21:30,销售订单0060245992创建成功开票：0920835973,S,1,成功
ZRTC20260424025,1-7Z1TIV,QC@72758799,12517923,HLB-f2e42771-5896-11f0-8cdb-0c42a112278c,1000.0,282.06,0,60245992,,920835973,2026-04-26,12:21:30,销售订单0060245992创建成功开票：0920835973,S,1,成功
ZRTC20260424025,1-7Z1TIV,QC@72758804,12517923,HLB-f2e42899-5896-11f0-8cdb-0c42a112278c,1000.0,282.06,0,60245992,,920835973,2026-04-26,12:21:30,销售订单0060245992创建成功开票：0920835973,S,1,成功
ZRTC20260424025,1-7Z1TIV,QC@72758806,12517923,HLB-f2e425c7-5896-11f0-8cdb-0c42a112278c,1000.0,282.06,0,60245992,,920835973,2026-04-26,12:21:30,销售订单0060245992创建成功开票：0920835973,S,1,成功
ZRTC20260424025,1-7Z1TIV,QC@72758808,12517923,HLB-f2e42712-5896-11f0-8cdb-0c42a112278c,1000.0,282.06,0,60245992,,920835973,2026-04-26,12:21:30,销售订单0060245992创建成功开票：0920835973,S,1,成功
ZRTC20260424025,1-7Z1TIV,QC@72758809,12517923,HLB-f2e427cb-5896-11f0-8cdb-0c42a112278c,1000.0,282.06,0,60245992,,920835973,2026-04-26,12:21:30,销售订单0060245992创建成功开票：0920835973,S,1,成功
ZRTC20260424025,1-7Z1TIV,QC@72758811,12517923,HLB-f2e425ff-5896-11f0-8cdb-0c42a112278c,1000.0,282.06,0,60245992,,920835973,2026-04-26,12:21:30,销售订单0060245992创建成功开票：0920835973,S,1,成功
ZRTC20260424025,1-7Z1TIV,QC@72758812,12517923,HLB-f2e428c5-5896-11f0-8cdb-0c42a112278c,1000.0,282.06,0,60245992,,920835973,2026-04-26,12:21:30,销售订单0060245992创建成功开票：0920835973,S,1,成功
ZRTC20260424025,1-7Z1TIV,QC@72758814,12517923,HLB-f2e4286c-5896-11f0-8cdb-0c42a112278c,1000.0,282.06,0,60245992,,920835973,2026-04-26,12:21:30,销售订单0060245992创建成功开票：0920835973,S,1,成功
ZRTC20260424025,1-7Z1TIV,QC@72758816,12517923,HLB-f2e429e0-5896-11f0-8cdb-0c42a112278c,1000.0,282.06,0,60245992,,920835973,2026-04-26,12:21:30,销售订单0060245992创建成功开票：0920835973,S,1,成功
ZRTC20260424025,1-7Z1TIV,QC@72758819,12517923,HLB-f3009095-5896-11f0-8cdb-0c42a112278c,1000.0,282.06,0,60245992,,920835973,2026-04-26,12:21:30,销售订单0060245992创建成功开票：0920835973,S,1,成功
ZRTC20260424025,1-7Z1TIV,QC@72758820,12517923,HLB-f3008f0b-5896-11f0-8cdb-0c42a112278c,1000.0,282.06,0,60245992,,920835973,2026-04-26,12:21:30,销售订单0060245992创建成功开票：0920835973,S,1,成功
ZRTC20260424025,1-7Z1TIV,QC@72758822,12517923,HLB-f2e428f2-5896-11f0-8cdb-0c42a112278c,1000.0,282.06,0,60245992,,920835973,2026-04-26,12:21:30,销售订单0060245992创建成功开票：0920835973,S,1,成功
ZRTC20260424025,1-7Z1TIV,QC@72758823,12517923,HLB-f3008f33-5896-11f0-8cdb-0c42a112278c,1000.0,282.06,0,60245992,,920835973,2026-04-26,12:21:30,销售订单0060245992创建成功开票：0920835973,S,1,成功
ZRTC20260424025,1-7Z1TIV,QC@72758824,12517923,HLB-f2e429b6-5896-11f0-8cdb-0c42a112278c,1000.0,282.06,0,60245992,,920835973,2026-04-26,12:21:30,销售订单0060245992创建成功开票：0920835973,S,1,成功
ZRTC20260424025,1-7Z1TIV,QC@72758825,12517923,HLB-f2e426e5-5896-11f0-8cdb-0c42a112278c,1000.0,282.06,0,60245992,,920835973,2026-04-26,12:21:30,销售订单0060245992创建成功开票：0920835973,S,1,成功
ZRTC20260424025,1-7Z1TIV,QC@72758826,12517923,HLB-f3008fab-5896-11f0-8cdb-0c42a112278c,1000.0,282.06,0,60245992,,920835973,2026-04-26,12:21:30,销售订单0060245992创建成功开票：0920835973,S,1,成功
ZRTC20260424025,1-7Z1TIV,QC@72758828,12517923,HLB-f300906d-5896-11f0-8cdb-0c42a112278c,1000.0,282.06,0,60245992,,920835973,2026-04-26,12:21:30,销售订单0060245992创建成功开票：0920835973,S,1,成功
ZRTC20260424025,1-7Z1TIV,QC@72758830,12517923,HLB-f3008ff7-5896-11f0-8cdb-0c42a112278c,1000.0,282.06,0,60245992,,920835973,2026-04-26,12:21:30,销售订单0060245992创建成功开票：0920835973,S,1,成功
ZRTC20260424025,1-7Z1TIV,QC@72758831,12517923,HLB-f2e42592-5896-11f0-8cdb-0c42a112278c,1000.0,282.06,0,60245992,,920835973,2026-04-26,12:21:30,销售订单0060245992创建成功开票：0920835973,S,1,成功
ZRTC20260424025,1-7Z1TIV,QC@72758833,12517923,HLB-f3008f5a-5896-11f0-8cdb-0c42a112278c,1000.0,282.06,0,60245992,,920835973,2026-04-26,12:21:30,销售订单0060245992创建成功开票：0920835973,S,1,成功
ZRTC20260424025,1-7Z1TIV,QC@72758834,12517923,HLB-f2e4255e-5896-11f0-8cdb-0c42a112278c,1000.0,282.06,0,60245992,,920835973,2026-04-26,12:21:30,销售订单0060245992创建成功开票：0920835973,S,1,成功
ZRTC20260424025,1-7Z1TIV,QC@72758835,12517923,HLB-f300901e-5896-11f0-8cdb-0c42a112278c,1000.0,282.06,0,60245992,,920835973,2026-04-26,12:21:30,销售订单0060245992创建成功开票：0920835973,S,1,成功
ZRTC20260424025,1-7Z1TIV,QC@72758836,12517923,HLB-f2e427f6-5896-11f0-8cdb-0c42a112278c,1000.0,282.06,0,60245992,,920835973,2026-04-26,12:21:30,销售订单0060245992创建成功开票：0920835973,S,1,成功
ZRTC20260424025,1-7Z1TIV,QC@72758837,12517923,HLB-f2e42743-5896-11f0-8cdb-0c42a112278c,1000.0,282.06,0,60245992,,920835973,2026-04-26,12:21:30,销售订单0060245992创建成功开票：0920835973,S,1,成功
ZRTC20260424025,1-7Z1TIV,QC@72758840,12517923,HLB-f2e42989-5896-11f0-8cdb-0c42a112278c,1000.0,282.06,0,60245992,,920835973,2026-04-26,12:21:30,销售订单0060245992创建成功开票：0920835973,S,1,成功
ZRTC20260424025,1-7Z1TIV,QC@72758843,12517923,HLB-f2e42838-5896-11f0-8cdb-0c42a112278c,1000.0,282.06,0,60245992,,920835973,2026-04-26,12:21:30,销售订单0060245992创建成功开票：0920835973,S,1,成功
ZRTC20260424025,1-7Z1TIV,QC@72758846,12517923,HLB-f3008f84-5896-11f0-8cdb-0c42a112278c,1000.0,282.06,0,60245992,,920835973,2026-04-26,12:21:30,销售订单0060245992创建成功开票：0920835973,S,1,成功
ZRTC20260424025,1-7Z1TIV,QC@72758848,12517923,HLB-f2e4266d-5896-11f0-8cdb-0c42a112278c,1000.0,282.06,0,60245992,,920835973,2026-04-26,12:21:30,销售订单0060245992创建成功开票：0920835973,S,1,成功
ZRTC20260424025,1-7Z1TIV,QC@72758849,12517923,HLB-f30090bc-5896-11f0-8cdb-0c42a112278c,1000.0,282.06,0,60245992,,920835973,2026-04-26,12:21:30,销售订单0060245992创建成功开票：0920835973,S,1,成功
ZRTC20260424025,1-7Z1TIV,QC@72758850,12517923,HLB-f3009048-5896-11f0-8cdb-0c42a112278c,1000.0,282.06,0,60245992,,920835973,2026-04-26,12:21:30,销售订单0060245992创建成功开票：0920835973,S,1,成功
ZRTC20260424025,1-7Z1TIV,QC@72758852,12517923,HLB-f3008fd1-5896-11f0-8cdb-0c42a112278c,1000.0,282.06,0,60245992,,920835973,2026-04-26,12:21:30,销售订单0060245992创建成功开票：0920835973,S,1,成功
ZRTC20260424025,1-7Z1TIV,QC@72758853,12517923,HLB-f2e426b9-5896-11f0-8cdb-0c42a112278c,1000.0,282.06,0,60245992,,920835973,2026-04-26,12:21:30,销售订单0060245992创建成功开票：0920835973,S,1,成功
ZRTC20260424025,1-7Z1TIV,QC@72758854,12517923,HLB-f2e42a11-5896-11f0-8cdb-0c42a112278c,1000.0,282.06,0,60245992,,920835973,2026-04-26,12:21:30,销售订单0060245992创建成功开票：0920835973,S,1,成功
ZRTC20260424025,1-7Z1TIV,QC@72758855,12517923,HLB-f2e4294b-5896-11f0-8cdb-0c42a112278c,1000.0,282.06,0,60245992,,920835973,2026-04-26,12:21:30,销售订单0060245992创建成功开票：0920835973,S,1,成功
ZRTC20260424025,1-7Z1TIV,QC@72758859,12517923,HLB-f3008e9a-5896-11f0-8cdb-0c42a112278c,1000.0,282.06,0,60245992,,920835973,2026-04-26,12:21:30,销售订单0060245992创建成功开票：0920835973,S,1,成功
ZRTC20260424025,1-7Z1TIV,QC@72758861,12517923,HLB-f2e4291e-5896-11f0-8cdb-0c42a112278c,1000.0,282.06,0,60245992,,920835973,2026-04-26,12:21:30,销售订单0060245992创建成功开票：0920835973,S,1,成功
ZRTC20260424025,1-7Z1TIV,QC@72758864,12517923,HLB-f30090e3-5896-11f0-8cdb-0c42a112278c,1000.0,282.06,0,60245992,,920835973,2026-04-26,12:21:30,销售订单0060245992创建成功开票：0920835973,S,1,成功
ZRTC20260424025,1-7Z1TIV,QC@72758870,12517923,HLB-f3008ed8-5896-11f0-8cdb-0c42a112278c,1000.0,282.06,0,60245992,,920835973,2026-04-26,12:21:30,销售订单0060245992创建成功开票：0920835973,S,1,成功
ZRTC20260424025,1-7Z1TIV,QC@72758873,12517923,HLB-f2e42636-5896-11f0-8cdb-0c42a112278c,1000.0,282.06,0,60245992,,920835973,2026-04-26,12:21:30,销售订单0060245992创建成功开票：0920835973,S,1,成功
ZRTC20260424025,1-7Z1TIV,QC@72758875,12517923,HLB-f2e4279e-5896-11f0-8cdb-0c42a112278c,1000.0,282.06,0,60245992,,920835973,2026-04-26,12:21:30,销售订单0060245992创建成功开票：0920835973,S,1,成功
ZRTC20260424025,1-7Z1TIV,QC@73070978,12508822,HLB-159a6fec-570e-11f0-8cdb-0c42a112278c,1000.0,-282.06,0,60245992,,920835973,2026-04-26,12:21:30,销售订单0060245992创建成功开票：0920835973,S,1,成功
ZRTC20260424025,1-7Z1TIV,QC@73070979,12508822,HLB-157a5f9d-570e-11f0-8cdb-0c42a112278c,1000.0,-282.06,0,60245992,,920835973,2026-04-26,12:21:30,销售订单0060245992创建成功开票：0920835973,S,1,成功
ZRTC20260424025,1-7Z1TIV,QC@73070981,12508822,HLB-157a5ff2-570e-11f0-8cdb-0c42a112278c,1000.0,-282.06,0,60245992,,920835973,2026-04-26,12:21:30,销售订单0060245992创建成功开票：0920835973,S,1,成功
ZRTC20260424025,1-7Z1TIV,QC@73070984,12508822,HLB-159a6fa7-570e-11f0-8cdb-0c42a112278c,1000.0,-282.06,0,60245992,,920835973,2026-04-26,12:21:30,销售订单0060245992创建成功开票：0920835973,S,1,成功
ZRTC20260424025,1-7Z1TIV,QC@73070985,12508822,HLB-159a70d8-570e-11f0-8cdb-0c42a112278c,1000.0,-282.06,0,60245992,,920835973,2026-04-26,12:21:30,销售订单0060245992创建成功开票：0920835973,S,1,成功
ZRTC20260424025,1-7Z1TIV,QC@73070986,12508822,HLB-159a6f71-570e-11f0-8cdb-0c42a112278c,1000.0,-282.06,0,60245992,,920835973,2026-04-26,12:21:30,销售订单0060245992创建成功开票：0920835973,S,1,成功
ZRTC20260424025,1-7Z1TIV,QC@73070987,12508822,HLB-157a5f32-570e-11f0-8cdb-0c42a112278c,1000.0,-282.06,0,60245992,,920835973,2026-04-26,12:21:30,销售订单0060245992创建成功开票：0920835973,S,1,成功
ZRTC20260424025,1-7Z1TIV,QC@73070991,12508822,HLB-157a5f1e-570e-11f0-8cdb-0c42a112278c,1000.0,-282.06,0,60245992,,920835973,2026-04-26,12:21:30,销售订单0060245992创建成功开票：0920835973,S,1,成功
ZRTC20260424025,1-7Z1TIV,QC@73070992,12508822,HLB-159a6eb9-570e-11f0-8cdb-0c42a112278c,1000.0,-282.06,0,60245992,,920835973,2026-04-26,12:21:30,销售订单0060245992创建成功开票：0920835973,S,1,成功
ZRTC20260424025,1-7Z1TIV,QC@73070994,12508822,HLB-159a6fd3-570e-11f0-8cdb-0c42a112278c,1000.0,-282.06,0,60245992,,920835973,2026-04-26,12:21:30,销售订单0060245992创建成功开票：0920835973,S,1,成功
ZRTC20260424025,1-7Z1TIV,QC@73070995,12508822,HLB-159a718a-570e-11f0-8cdb-0c42a112278c,1000.0,-282.06,0,60245992,,920835973,2026-04-26,12:21:30,销售订单0060245992创建成功开票：0920835973,S,1,成功
ZRTC20260424025,1-7Z1TIV,QC@73070996,12508822,HLB-159a7003-570e-11f0-8cdb-0c42a112278c,1000.0,-282.06,0,60245992,,920835973,2026-04-26,12:21:30,销售订单0060245992创建成功开票：0920835973,S,1,成功
ZRTC20260424025,1-7Z1TIV,QC@73070998,12508822,HLB-159a6ee4-570e-11f0-8cdb-0c42a112278c,1000.0,-282.06,0,60245992,,920835973,2026-04-26,12:21:30,销售订单0060245992创建成功开票：0920835973,S,1,成功
ZRTC20260424025,1-7Z1TIV,QC@73070999,12508822,HLB-157a5fdc-570e-11f0-8cdb-0c42a112278c,1000.0,-282.06,0,60245992,,920835973,2026-04-26,12:21:30,销售订单0060245992创建成功开票：0920835973,S,1,成功
ZRTC20260424025,1-7Z1TIV,QC@73071000,12508822,HLB-157a5fb1-570e-11f0-8cdb-0c42a112278c,1000.0,-282.06,0,60245992,,920835973,2026-04-26,12:21:30,销售订单0060245992创建成功开票：0920835973,S,1,成功
ZRTC20260424025,1-7Z1TIV,QC@73071001,12508822,HLB-159a7037-570e-11f0-8cdb-0c42a112278c,1000.0,-282.06,0,60245992,,920835973,2026-04-26,12:21:30,销售订单0060245992创建成功开票：0920835973,S,1,成功
ZRTC20260424025,1-7Z1TIV,QC@73071003,12508822,HLB-157a5f48-570e-11f0-8cdb-0c42a112278c,1000.0,-282.06,0,60245992,,920835973,2026-04-26,12:21:30,销售订单0060245992创建成功开票：0920835973,S,1,成功
ZRTC20260424025,1-7Z1TIV,QC@73071004,12508822,HLB-159a707e-570e-11f0-8cdb-0c42a112278c,1000.0,-282.06,0,60245992,,920835973,2026-04-26,12:21:30,销售订单0060245992创建成功开票：0920835973,S,1,成功
ZRTC20260424025,1-7Z1TIV,QC@73071005,12508822,HLB-159a6f58-570e-11f0-8cdb-0c42a112278c,1000.0,-282.06,0,60245992,,920835973,2026-04-26,12:21:30,销售订单0060245992创建成功开票：0920835973,S,1,成功
ZRTC20260424025,1-7Z1TIV,QC@73071011,12508822,HLB-159a6f25-570e-11f0-8cdb-0c42a112278c,1000.0,-282.06,0,60245992,,920835973,2026-04-26,12:21:30,销售订单0060245992创建成功开票：0920835973,S,1,成功
ZRTC20260424025,1-7Z1TIV,QC@73071013,12508822,HLB-157a5ef7-570e-11f0-8cdb-0c42a112278c,1000.0,-282.06,0,60245992,,920835973,2026-04-26,12:21:30,销售订单0060245992创建成功开票：0920835973,S,1,成功
ZRTC20260424025,1-7Z1TIV,QC@73071014,12508822,HLB-157a5ece-570e-11f0-8cdb-0c42a112278c,1000.0,-282.06,0,60245992,,920835973,2026-04-26,12:21:30,销售订单0060245992创建成功开票：0920835973,S,1,成功
ZRTC20260424025,1-7Z1TIV,QC@73071016,12508822,HLB-159a70f1-570e-11f0-8cdb-0c42a112278c,1000.0,-282.06,0,60245992,,920835973,2026-04-26,12:21:30,销售订单0060245992创建成功开票：0920835973,S,1,成功
ZRTC20260424025,1-7Z1TIV,QC@73071019,12508822,HLB-157a5fc6-570e-11f0-8cdb-0c42a112278c,1000.0,-282.06,0,60245992,,920835973,2026-04-26,12:21:30,销售订单0060245992创建成功开票：0920835973,S,1,成功
ZRTC20260424025,1-7Z1TIV,QC@73071025,12508822,HLB-157a6031-570e-11f0-8cdb-0c42a112278c,1000.0,-282.06,0,60245992,,920835973,2026-04-26,12:21:30,销售订单0060245992创建成功开票：0920835973,S,1,成功
ZRTC20260424025,1-7Z1TIV,QC@73071026,12508822,HLB-157a601d-570e-11f0-8cdb-0c42a112278c,1000.0,-282.06,0,60245992,,920835973,2026-04-26,12:21:30,销售订单0060245992创建成功开票：0920835973,S,1,成功
ZRTC20260424025,1-7Z1TIV,QC@73071027,12508822,HLB-159a7157-570e-11f0-8cdb-0c42a112278c,1000.0,-282.06,0,60245992,,920835973,2026-04-26,12:21:30,销售订单0060245992创建成功开票：0920835973,S,1,成功
ZRTC20260424025,1-7Z1TIV,QC@73071028,12508822,HLB-157a6046-570e-11f0-8cdb-0c42a112278c,1000.0,-282.06,0,60245992,,920835973,2026-04-26,12:21:30,销售订单0060245992创建成功开票：0920835973,S,1,成功
ZRTC20260424025,1-7Z1TIV,QC@73071032,12508822,HLB-159a7172-570e-11f0-8cdb-0c42a112278c,1000.0,-282.06,0,60245992,,920835973,2026-04-26,12:21:30,销售订单0060245992创建成功开票：0920835973,S,1,成功
ZRTC20260424025,1-7Z1TIV,QC@73071038,12508822,HLB-159a6f8d-570e-11f0-8cdb-0c42a112278c,1000.0,-282.06,0,60245992,,920835973,2026-04-26,12:21:30,销售订单0060245992创建成功开票：0920835973,S,1,成功
ZRTC20260424025,1-7Z1TIV,QC@73071040,12508822,HLB-159a6fbf-570e-11f0-8cdb-0c42a112278c,1000.0,-282.06,0,60245992,,920835973,2026-04-26,12:21:30,销售订单0060245992创建成功开票：0920835973,S,1,成功
ZRTC20260424025,1-7Z1TIV,QC@73071041,12508822,HLB-159a719e-570e-11f0-8cdb-0c42a112278c,1000.0,-282.06,0,60245992,,920835973,2026-04-26,12:21:30,销售订单0060245992创建成功开票：0920835973,S,1,成功
ZRTC20260424025,1-7Z1TIV,QC@73071044,12508822,HLB-159a7128-570e-11f0-8cdb-0c42a112278c,1000.0,-282.06,0,60245992,,920835973,2026-04-26,12:21:30,销售订单0060245992创建成功开票：0920835973,S,1,成功
ZRTC20260424025,1-7Z1TIV,QC@73071050,12508822,HLB-159a7019-570e-11f0-8cdb-0c42a112278c,1000.0,-282.06,0,60245992,,920835973,2026-04-26,12:21:30,销售订单0060245992创建成功开票：0920835973,S,1,成功
ZRTC20260424025,1-7Z1TIV,QC@73071052,12508822,HLB-159a6f09-570e-11f0-8cdb-0c42a112278c,1000.0,-282.06,0,60245992,,920835973,2026-04-26,12:21:30,销售订单0060245992创建成功开票：0920835973,S,1,成功
ZRTC20260424025,1-7Z1TIV,QC@73071054,12508822,HLB-157a5f0b-570e-11f0-8cdb-0c42a112278c,1000.0,-282.06,0,60245992,,920835973,2026-04-26,12:21:30,销售订单0060245992创建成功开票：0920835973,S,1,成功
ZRTC20260424025,1-7Z1TIV,QC@73071055,12508822,HLB-157a5f71-570e-11f0-8cdb-0c42a112278c,1000.0,-282.06,0,60245992,,920835973,2026-04-26,12:21:30,销售订单0060245992创建成功开票：0920835973,S,1,成功
ZRTC20260424025,1-7Z1TIV,QC@73071056,12508822,HLB-157a6009-570e-11f0-8cdb-0c42a112278c,1000.0,-282.06,0,60245992,,920835973,2026-04-26,12:21:30,销售订单0060245992创建成功开票：0920835973,S,1,成功
ZRTC20260424025,1-7Z1TIV,QC@73071057,12508822,HLB-157a605c-570e-11f0-8cdb-0c42a112278c,1000.0,-282.06,0,60245992,,920835973,2026-04-26,12:21:30,销售订单0060245992创建成功开票：0920835973,S,1,成功
ZRTC20260424025,1-7Z1TIV,QC@73071058,12508822,HLB-157a606f-570e-11f0-8cdb-0c42a112278c,1000.0,-282.06,0,60245992,,920835973,2026-04-26,12:21:30,销售订单0060245992创建成功开票：0920835973,S,1,成功
ZRTC20260424025,1-7Z1TIV,QC@73071059,12508822,HLB-159a71b6-570e-11f0-8cdb-0c42a112278c,1000.0,-282.06,0,60245992,,920835973,2026-04-26,12:21:30,销售订单0060245992创建成功开票：0920835973,S,1,成功
ZRTC20260424025,1-7Z1TIV,QC@73071061,12508822,HLB-159a7051-570e-11f0-8cdb-0c42a112278c,1000.0,-282.06,0,60245992,,920835973,2026-04-26,12:21:30,销售订单0060245992创建成功开票：0920835973,S,1,成功
ZRTC20260424025,1-7Z1TIV,QC@73071062,12508822,HLB-159a6e8d-570e-11f0-8cdb-0c42a112278c,1000.0,-282.06,0,60245992,,920835973,2026-04-26,12:21:30,销售订单0060245992创建成功开票：0920835973,S,1,成功
ZRTC20260424025,1-7Z1TIV,QC@73071063,12508822,HLB-159a6e07-570e-11f0-8cdb-0c42a112278c,1000.0,-282.06,0,60245992,,920835973,2026-04-26,12:21:30,销售订单0060245992创建成功开票：0920835973,S,1,成功
ZRTC20260424025,1-7Z1TIV,QC@73071064,12508822,HLB-159a710a-570e-11f0-8cdb-0c42a112278c,1000.0,-282.06,0,60245992,,920835973,2026-04-26,12:21:30,销售订单0060245992创建成功开票：0920835973,S,1,成功
ZRTC20260424025,1-7Z1TIV,QC@73071066,12508822,HLB-157a5ee3-570e-11f0-8cdb-0c42a112278c,1000.0,-282.06,0,60245992,,920835973,2026-04-26,12:21:30,销售订单0060245992创建成功开票：0920835973,S,1,成功
ZRTC20260424025,1-7Z1TIV,QC@73071070,12508822,HLB-157a5f5d-570e-11f0-8cdb-0c42a112278c,1000.0,-282.06,0,60245992,,920835973,2026-04-26,12:21:30,销售订单0060245992创建成功开票：0920835973,S,1,成功
ZRTC20260424025,1-7Z1TIV,QC@73071071,12508822,HLB-159a6e69-570e-11f0-8cdb-0c42a112278c,1000.0,-282.06,0,60245992,,920835973,2026-04-26,12:21:30,销售订单0060245992创建成功开票：0920835973,S,1,成功
ZRTC20260424025,1-7Z1TIV,QC@73071073,12508822,HLB-159a713e-570e-11f0-8cdb-0c42a112278c,1000.0,-282.06,0,60245992,,920835973,2026-04-26,12:21:30,销售订单0060245992创建成功开票：0920835973,S,1,成功
ZRTC20260424025,1-7Z1TIV,QC@73071077,12508822,HLB-159a7068-570e-11f0-8cdb-0c42a112278c,1000.0,-282.06,0,60245992,,920835973,2026-04-26,12:21:30,销售订单0060245992创建成功开票：0920835973,S,1,成功
ZRTC20260424025,1-7Z1TIV,QC@73282032,12508818,HLB-14f1700e-570e-11f0-8cdb-0c42a112278c,1000.0,-282.06,0,60245992,,920835973,2026-04-26,12:21:30,销售订单0060245992创建成功开票：0920835973,S,1,成功
ZRTC20260424025,1-7Z1TIV,QC@73282035,12508818,HLB-14f17028-570e-11f0-8cdb-0c42a112278c,1000.0,-282.06,0,60245992,,920835973,2026-04-26,12:21:30,销售订单0060245992创建成功开票：0920835973,S,1,成功
ZRTC20260424025,1-7Z1TIV,QC@73282036,12508818,HLB-14f170fe-570e-11f0-8cdb-0c42a112278c,1000.0,-282.06,0,60245992,,920835973,2026-04-26,12:21:30,销售订单0060245992创建成功开票：0920835973,S,1,成功
ZRTC20260424025,1-7Z1TIV,QC@73282038,12508818,HLB-14f1709e-570e-11f0-8cdb-0c42a112278c,1000.0,-282.06,0,60245992,,920835973,2026-04-26,12:21:30,销售订单0060245992创建成功开票：0920835973,S,1,成功
ZRTC20260424025,1-7Z1TIV,QC@73282041,12508818,HLB-14f170d3-570e-11f0-8cdb-0c42a112278c,1000.0,-282.06,0,60245992,,920835973,2026-04-26,12:21:30,销售订单0060245992创建成功开票：0920835973,S,1,成功
ZRTC20260424025,1-7Z1TIV,QC@73282043,12508818,HLB-14f170e9-570e-11f0-8cdb-0c42a112278c,1000.0,-282.06,0,60245992,,920835973,2026-04-26,12:21:30,销售订单0060245992创建成功开票：0920835973,S,1,成功
ZRTC20260424025,1-7Z1TIV,QC@73282045,12508818,HLB-14f17087-570e-11f0-8cdb-0c42a112278c,1000.0,-282.06,0,60245992,,920835973,2026-04-26,12:21:30,销售订单0060245992创建成功开票：0920835973,S,1,成功
ZRTC20260424025,1-7Z1TIV,QC@73282047,12508818,HLB-14f170b9-570e-11f0-8cdb-0c42a112278c,1000.0,-282.06,0,60245992,,920835973,2026-04-26,12:21:30,销售订单0060245992创建成功开票：0920835973,S,1,成功
ZRTC20260424025,1-7Z1TIV,QC@73282049,12508818,HLB-14f1703c-570e-11f0-8cdb-0c42a112278c,1000.0,-282.06,0,60245992,,920835973,2026-04-26,12:21:30,销售订单0060245992创建成功开票：0920835973,S,1,成功
ZRTC20260424025,1-7Z1TIV,QC@73282051,12508818,HLB-14f1706c-570e-11f0-8cdb-0c42a112278c,1000.0,-282.06,0,60245992,,920835973,2026-04-26,12:21:30,销售订单0060245992创建成功开票：0920835973,S,1,成功
ZRTC20260424025,1-7Z1TIV,QC@74863249,12508819,HLB-15136f32-570e-11f0-8cdb-0c42a112278c,1000.0,-282.06,0,60245992,,920835973,2026-04-26,12:21:30,销售订单0060245992创建成功开票：0920835973,S,1,成功
ZRTC20260424025,1-7Z1TIV,QC@74863251,12508819,HLB-15136f6c-570e-11f0-8cdb-0c42a112278c,1000.0,-282.06,0,60245992,,920835973,2026-04-26,12:21:30,销售订单0060245992创建成功开票：0920835973,S,1,成功
ZRTC20260424025,1-7Z1TIV,QC@74863252,12508819,HLB-14f1731e-570e-11f0-8cdb-0c42a112278c,1000.0,-282.06,0,60245992,,920835973,2026-04-26,12:21:30,销售订单0060245992创建成功开票：0920835973,S,1,成功
ZRTC20260424025,1-7Z1TIV,QC@74863254,12508819,HLB-15136f1b-570e-11f0-8cdb-0c42a112278c,1000.0,-282.06,0,60245992,,920835973,2026-04-26,12:21:30,销售订单0060245992创建成功开票：0920835973,S,1,成功
ZRTC20260424025,1-7Z1TIV,QC@74863256,12508819,HLB-15136fc5-570e-11f0-8cdb-0c42a112278c,1000.0,-282.06,0,60245992,,920835973,2026-04-26,12:21:30,销售订单0060245992创建成功开票：0920835973,S,1,成功
ZRTC20260424025,1-7Z1TIV,QC@74863262,12508819,HLB-14f1739b-570e-11f0-8cdb-0c42a112278c,1000.0,-282.06,0,60245992,,920835973,2026-04-26,12:21:30,销售订单0060245992创建成功开票：0920835973,S,1,成功
ZRTC20260424025,1-7Z1TIV,QC@74863263,12508819,HLB-15136ec9-570e-11f0-8cdb-0c42a112278c,1000.0,-282.06,0,60245992,,920835973,2026-04-26,12:21:30,销售订单0060245992创建成功开票：0920835973,S,1,成功
ZRTC20260424025,1-7Z1TIV,QC@74863266,12508819,HLB-14f17361-570e-11f0-8cdb-0c42a112278c,1000.0,-282.06,0,60245992,,920835973,2026-04-26,12:21:30,销售订单0060245992创建成功开票：0920835973,S,1,成功
ZRTC20260424025,1-7Z1TIV,QC@74863268,12508819,HLB-14f173af-570e-11f0-8cdb-0c42a112278c,1000.0,-282.06,0,60245992,,920835973,2026-04-26,12:21:30,销售订单0060245992创建成功开票：0920835973,S,1,成功
ZRTC20260424025,1-7Z1TIV,QC@74863271,12508819,HLB-14f1734a-570e-11f0-8cdb-0c42a112278c,1000.0,-282.06,0,60245992,,920835973,2026-04-26,12:21:30,销售订单0060245992创建成功开票：0920835973,S,1,成功
ZRTC20260424025,1-7Z1TIV,QC@74863272,12508819,HLB-14f17375-570e-11f0-8cdb-0c42a112278c,1000.0,-282.06,0,60245992,,920835973,2026-04-26,12:21:30,销售订单0060245992创建成功开票：0920835973,S,1,成功
ZRTC20260424025,1-7Z1TIV,QC@74863273,12508819,HLB-15136f99-570e-11f0-8cdb-0c42a112278c,1000.0,-282.06,0,60245992,,920835973,2026-04-26,12:21:30,销售订单0060245992创建成功开票：0920835973,S,1,成功
ZRTC20260424025,1-7Z1TIV,QC@74863274,12508819,HLB-14f17308-570e-11f0-8cdb-0c42a112278c,1000.0,-282.06,0,60245992,,920835973,2026-04-26,12:21:30,销售订单0060245992创建成功开票：0920835973,S,1,成功
ZRTC20260424025,1-7Z1TIV,QC@74863276,12508819,HLB-15136fb0-570e-11f0-8cdb-0c42a112278c,1000.0,-282.06,0,60245992,,920835973,2026-04-26,12:21:30,销售订单0060245992创建成功开票：0920835973,S,1,成功
ZRTC20260424025,1-7Z1TIV,QC@74863278,12508819,HLB-14f172df-570e-11f0-8cdb-0c42a112278c,1000.0,-282.06,0,60245992,,920835973,2026-04-26,12:21:30,销售订单0060245992创建成功开票：0920835973,S,1,成功
ZRTC20260424025,1-7Z1TIV,QC@74863279,12508819,HLB-15136f50-570e-11f0-8cdb-0c42a112278c,1000.0,-282.06,0,60245992,,920835973,2026-04-26,12:21:30,销售订单0060245992创建成功开票：0920835973,S,1,成功
ZRTC20260424025,1-7Z1TIV,QC@74863280,12508819,HLB-15136f83-570e-11f0-8cdb-0c42a112278c,1000.0,-282.06,0,60245992,,920835973,2026-04-26,12:21:30,销售订单0060245992创建成功开票：0920835973,S,1,成功
ZRTC20260424025,1-7Z1TIV,QC@74863282,12508819,HLB-14f172f5-570e-11f0-8cdb-0c42a112278c,1000.0,-282.06,0,60245992,,920835973,2026-04-26,12:21:30,销售订单0060245992创建成功开票：0920835973,S,1,成功
ZRTC20260424025,1-7Z1TIV,QC@74863285,12508819,HLB-15136fda-570e-11f0-8cdb-0c42a112278c,1000.0,-282.06,0,60245992,,920835973,2026-04-26,12:21:30,销售订单0060245992创建成功开票：0920835973,S,1,成功
ZRTC20260424025,1-7Z1TIV,QC@74863287,12508819,HLB-14f17388-570e-11f0-8cdb-0c42a112278c,1000.0,-282.06,0,60245992,,920835973,2026-04-26,12:21:30,销售订单0060245992创建成功开票：0920835973,S,1,成功
ZRTC20260424025,1-7Z1TIV,QC@75351309,12508835,HLB-16ed75bb-570e-11f0-8cdb-0c42a112278c,1000.0,-282.06,0,60245992,,920835973,2026-04-26,12:21:30,销售订单0060245992创建成功开票：0920835973,S,1,成功
ZRTC20260424025,1-7Z1TIV,QC@75351311,12508835,HLB-16ed7495-570e-11f0-8cdb-0c42a112278c,1000.0,-282.06,0,60245992,,920835973,2026-04-26,12:21:30,销售订单0060245992创建成功开票：0920835973,S,1,成功
ZRTC20260424025,1-7Z1TIV,QC@75351313,12508835,HLB-16ed750d-570e-11f0-8cdb-0c42a112278c,1000.0,-282.06,0,60245992,,920835973,2026-04-26,12:21:30,销售订单0060245992创建成功开票：0920835973,S,1,成功
ZRTC20260424025,1-7Z1TIV,QC@75351315,12508835,HLB-16ed764f-570e-11f0-8cdb-0c42a112278c,1000.0,-282.06,0,60245992,,920835973,2026-04-26,12:21:30,销售订单0060245992创建成功开票：0920835973,S,1,成功
ZRTC20260424025,1-7Z1TIV,QC@75351318,12508835,HLB-16ed77d4-570e-11f0-8cdb-0c42a112278c,1000.0,-282.06,0,60245992,,920835973,2026-04-26,12:21:30,销售订单0060245992创建成功开票：0920835973,S,1,成功
ZRTC20260424025,1-7Z1TIV,QC@75351319,12508835,HLB-16ed775e-570e-11f0-8cdb-0c42a112278c,1000.0,-282.06,0,60245992,,920835973,2026-04-26,12:21:30,销售订单0060245992创建成功开票：0920835973,S,1,成功
ZRTC20260424025,1-7Z1TIV,QC@75351321,12508835,HLB-16ed7665-570e-11f0-8cdb-0c42a112278c,1000.0,-282.06,0,60245992,,920835973,2026-04-26,12:21:30,销售订单0060245992创建成功开票：0920835973,S,1,成功
ZRTC20260424025,1-7Z1TIV,QC@75351326,12508835,HLB-16ed761a-570e-11f0-8cdb-0c42a112278c,1000.0,-282.06,0,60245992,,920835973,2026-04-26,12:21:30,销售订单0060245992创建成功开票：0920835973,S,1,成功
ZRTC20260424025,1-7Z1TIV,QC@75351327,12508835,HLB-16ed767e-570e-11f0-8cdb-0c42a112278c,1000.0,-282.06,0,60245992,,920835973,2026-04-26,12:21:30,销售订单0060245992创建成功开票：0920835973,S,1,成功
ZRTC20260424025,1-7Z1TIV,QC@75351329,12508835,HLB-16ed779f-570e-11f0-8cdb-0c42a112278c,1000.0,-282.06,0,60245992,,920835973,2026-04-26,12:21:30,销售订单0060245992创建成功开票：0920835973,S,1,成功
ZRTC20260424025,1-7Z1TIV,QC@75351330,12508835,HLB-16ed7742-570e-11f0-8cdb-0c42a112278c,1000.0,-282.06,0,60245992,,920835973,2026-04-26,12:21:30,销售订单0060245992创建成功开票：0920835973,S,1,成功
ZRTC20260424025,1-7Z1TIV,QC@75351333,12508835,HLB-16ed77ba-570e-11f0-8cdb-0c42a112278c,1000.0,-282.06,0,60245992,,920835973,2026-04-26,12:21:30,销售订单0060245992创建成功开票：0920835973,S,1,成功
ZRTC20260424025,1-7Z1TIV,QC@75351336,12508835,HLB-16ed7602-570e-11f0-8cdb-0c42a112278c,1000.0,-282.06,0,60245992,,920835973,2026-04-26,12:21:30,销售订单0060245992创建成功开票：0920835973,S,1,成功
ZRTC20260424025,1-7Z1TIV,QC@75351338,12508835,HLB-16ed752e-570e-11f0-8cdb-0c42a112278c,1000.0,-282.06,0,60245992,,920835973,2026-04-26,12:21:30,销售订单0060245992创建成功开票：0920835973,S,1,成功
ZRTC20260424025,1-7Z1TIV,QC@75351339,12508835,HLB-16ed759f-570e-11f0-8cdb-0c42a112278c,1000.0,-282.06,0,60245992,,920835973,2026-04-26,12:21:30,销售订单0060245992创建成功开票：0920835973,S,1,成功
ZRTC20260424025,1-7Z1TIV,QC@75351340,12508835,HLB-16ed7724-570e-11f0-8cdb-0c42a112278c,1000.0,-282.06,0,60245992,,920835973,2026-04-26,12:21:30,销售订单0060245992创建成功开票：0920835973,S,1,成功
ZRTC20260424025,1-7Z1TIV,QC@75351342,12508835,HLB-16ed77ef-570e-11f0-8cdb-0c42a112278c,1000.0,-282.06,0,60245992,,920835973,2026-04-26,12:21:30,销售订单0060245992创建成功开票：0920835973,S,1,成功
ZRTC20260424025,1-7Z1TIV,QC@75351343,12508835,HLB-16ed7570-570e-11f0-8cdb-0c42a112278c,1000.0,-282.06,0,60245992,,920835973,2026-04-26,12:21:30,销售订单0060245992创建成功开票：0920835973,S,1,成功
ZRTC20260424025,1-7Z1TIV,QC@75351344,12508835,HLB-16ed75d5-570e-11f0-8cdb-0c42a112278c,1000.0,-282.06,0,60245992,,920835973,2026-04-26,12:21:30,销售订单0060245992创建成功开票：0920835973,S,1,成功
ZRTC20260424025,1-7Z1TIV,QC@75351346,12508835,HLB-16ed777b-570e-11f0-8cdb-0c42a112278c,1000.0,-282.06,0,60245992,,920835973,2026-04-26,12:21:30,销售订单0060245992创建成功开票：0920835973,S,1,成功
ZRTC20260424025,1-7Z1TIV,QC@76134682,12516721,HLB-29d29cd5-5880-11f0-8cdb-0c42a112278c,1000.0,-282.06,0,60245992,,920835973,2026-04-26,12:21:30,销售订单0060245992创建成功开票：0920835973,S,1,成功
ZRTC20260424025,1-7Z1TIV,QC@76134687,12516721,HLB-29d29d87-5880-11f0-8cdb-0c42a112278c,1000.0,-282.06,0,60245992,,920835973,2026-04-26,12:21:30,销售订单0060245992创建成功开票：0920835973,S,1,成功
ZRTC20260424025,1-7Z1TIV,QC@76134689,12516721,HLB-29d29eab-5880-11f0-8cdb-0c42a112278c,1000.0,-282.06,0,60245992,,920835973,2026-04-26,12:21:30,销售订单0060245992创建成功开票：0920835973,S,1,成功
ZRTC20260424025,1-7Z1TIV,QC@76134692,12516721,HLB-29d29e82-5880-11f0-8cdb-0c42a112278c,1000.0,-282.06,0,60245992,,920835973,2026-04-26,12:21:30,销售订单0060245992创建成功开票：0920835973,S,1,成功
ZRTC20260424025,1-7Z1TIV,QC@76134693,12516721,HLB-29d29e30-5880-11f0-8cdb-0c42a112278c,1000.0,-282.06,0,60245992,,920835973,2026-04-26,12:21:30,销售订单0060245992创建成功开票：0920835973,S,1,成功
ZRTC20260424025,1-7Z1TIV,QC@76134694,12516721,HLB-29d29ddc-5880-11f0-8cdb-0c42a112278c,1000.0,-282.06,0,60245992,,920835973,2026-04-26,12:21:30,销售订单0060245992创建成功开票：0920835973,S,1,成功
ZRTC20260424025,1-7Z1TIV,QC@76134696,12516721,HLB-29d29cff-5880-11f0-8cdb-0c42a112278c,1000.0,-282.06,0,60245992,,920835973,2026-04-26,12:21:30,销售订单0060245992创建成功开票：0920835973,S,1,成功
ZRTC20260424025,1-7Z1TIV,QC@76134699,12516721,HLB-29d29efd-5880-11f0-8cdb-0c42a112278c,1000.0,-282.06,0,60245992,,920835973,2026-04-26,12:21:30,销售订单0060245992创建成功开票：0920835973,S,1,成功
ZRTC20260424025,1-7Z1TIV,QC@76134701,12516721,HLB-29d29db2-5880-11f0-8cdb-0c42a112278c,1000.0,-282.06,0,60245992,,920835973,2026-04-26,12:21:30,销售订单0060245992创建成功开票：0920835973,S,1,成功
ZRTC20260424025,1-7Z1TIV,QC@76134705,12516721,HLB-29d29ed4-5880-11f0-8cdb-0c42a112278c,1000.0,-282.06,0,60245992,,920835973,2026-04-26,12:21:30,销售订单0060245992创建成功开票：0920835973,S,1,成功
ZRTC20260424025,1-7Z1TIV,QC@76134706,12516721,HLB-29d29f4b-5880-11f0-8cdb-0c42a112278c,1000.0,-282.06,0,60245992,,920835973,2026-04-26,12:21:30,销售订单0060245992创建成功开票：0920835973,S,1,成功
ZRTC20260424025,1-7Z1TIV,QC@76134707,12516721,HLB-29d29e5b-5880-11f0-8cdb-0c42a112278c,1000.0,-282.06,0,60245992,,920835973,2026-04-26,12:21:30,销售订单0060245992创建成功开票：0920835973,S,1,成功
ZRTC20260424025,1-7Z1TIV,QC@76134708,12516721,HLB-29d29d54-5880-11f0-8cdb-0c42a112278c,1000.0,-282.06,0,60245992,,920835973,2026-04-26,12:21:30,销售订单0060245992创建成功开票：0920835973,S,1,成功
ZRTC20260424025,1-7Z1TIV,QC@76134709,12516721,HLB-29d29d2c-5880-11f0-8cdb-0c42a112278c,1000.0,-282.06,0,60245992,,920835973,2026-04-26,12:21:30,销售订单0060245992创建成功开票：0920835973,S,1,成功
ZRTC20260424025,1-7Z1TIV,QC@76134710,12516721,HLB-29d29f74-5880-11f0-8cdb-0c42a112278c,1000.0,-282.06,0,60245992,,920835973,2026-04-26,12:21:30,销售订单0060245992创建成功开票：0920835973,S,1,成功
ZRTC20260424025,1-7Z1TIV,QC@76134712,12516721,HLB-29d29fc6-5880-11f0-8cdb-0c42a112278c,1000.0,-282.06,0,60245992,,920835973,2026-04-26,12:21:30,销售订单0060245992创建成功开票：0920835973,S,1,成功
ZRTC20260424025,1-7Z1TIV,QC@76134713,12516721,HLB-29d29e07-5880-11f0-8cdb-0c42a112278c,1000.0,-282.06,0,60245992,,920835973,2026-04-26,12:21:30,销售订单0060245992创建成功开票：0920835973,S,1,成功
ZRTC20260424025,1-7Z1TIV,QC@76134714,12516721,HLB-29d29f9d-5880-11f0-8cdb-0c42a112278c,1000.0,-282.06,0,60245992,,920835973,2026-04-26,12:21:30,销售订单0060245992创建成功开票：0920835973,S,1,成功
ZRTC20260424025,1-7Z1TIV,QC@76134715,12516721,HLB-29d29fed-5880-11f0-8cdb-0c42a112278c,1000.0,-282.06,0,60245992,,920835973,2026-04-26,12:21:30,销售订单0060245992创建成功开票：0920835973,S,1,成功
ZRTC20260424025,1-7Z1TIV,QC@76134717,12516721,HLB-29d29f24-5880-11f0-8cdb-0c42a112278c,1000.0,-282.06,0,60245992,,920835973,2026-04-26,12:21:30,销售订单0060245992创建成功开票：0920835973,S,1,成功
ZRTC20260424025,1-7Z1TIV,QC@76173331,12549578,HLB-316cfdcc-5d4a-11f0-8cdb-0c42a112278c,1000.0,-282.06,0,60245992,,920835973,2026-04-26,12:21:30,销售订单0060245992创建成功开票：0920835973,S,1,成功
ZRTC20260424025,1-7Z1TIV,QC@76173334,12549578,HLB-316cfe7b-5d4a-11f0-8cdb-0c42a112278c,1000.0,-282.06,0,60245992,,920835973,2026-04-26,12:21:30,销售订单0060245992创建成功开票：0920835973,S,1,成功
ZRTC20260424025,1-7Z1TIV,QC@76173335,12549578,HLB-316cfd96-5d4a-11f0-8cdb-0c42a112278c,1000.0,-282.06,0,60245992,,920835973,2026-04-26,12:21:30,销售订单0060245992创建成功开票：0920835973,S,1,成功
ZRTC20260424025,1-7Z1TIV,QC@76173337,12549578,HLB-316cfef2-5d4a-11f0-8cdb-0c42a112278c,1000.0,-282.06,0,60245992,,920835973,2026-04-26,12:21:30,销售订单0060245992创建成功开票：0920835973,S,1,成功
ZRTC20260424025,1-7Z1TIV,QC@76173338,12549578,HLB-316cfecb-5d4a-11f0-8cdb-0c42a112278c,1000.0,-282.06,0,60245992,,920835973,2026-04-26,12:21:30,销售订单0060245992创建成功开票：0920835973,S,1,成功
ZRTC20260424025,1-7Z1TIV,QC@76173340,12549578,HLB-316cfe27-5d4a-11f0-8cdb-0c42a112278c,1000.0,-282.06,0,60245992,,920835973,2026-04-26,12:21:30,销售订单0060245992创建成功开票：0920835973,S,1,成功
ZRTC20260424025,1-7Z1TIV,QC@76173341,12549578,HLB-316cfe53-5d4a-11f0-8cdb-0c42a112278c,1000.0,-282.06,0,60245992,,920835973,2026-04-26,12:21:30,销售订单0060245992创建成功开票：0920835973,S,1,成功
ZRTC20260424025,1-7Z1TIV,QC@76173342,12549578,HLB-316cfea3-5d4a-11f0-8cdb-0c42a112278c,1000.0,-282.06,0,60245992,,920835973,2026-04-26,12:21:30,销售订单0060245992创建成功开票：0920835973,S,1,成功
ZRTC20260424025,1-7Z1TIV,QC@76173348,12549578,HLB-316cfdf8-5d4a-11f0-8cdb-0c42a112278c,1000.0,-282.06,0,60245992,,920835973,2026-04-26,12:21:30,销售订单0060245992创建成功开票：0920835973,S,1,成功
ZRTC20260424025,1-7Z1TIV,QC@76173349,12549578,HLB-316cff1a-5d4a-11f0-8cdb-0c42a112278c,1000.0,-282.06,0,60245992,,920835973,2026-04-26,12:21:30,销售订单0060245992创建成功开票：0920835973,S,1,成功
ZRTC20260424025,1-7Z1TIV,QC@76178404,12561327,HLB-52bb5166-5eeb-11f0-8cdb-0c42a112278c,1000.0,-282.06,0,60245992,,920835973,2026-04-26,12:21:30,销售订单0060245992创建成功开票：0920835973,S,1,成功
ZRTC20260424025,1-7Z1TIV,QC@76178406,12561327,HLB-52bb512d-5eeb-11f0-8cdb-0c42a112278c,1000.0,-282.06,0,60245992,,920835973,2026-04-26,12:21:30,销售订单0060245992创建成功开票：0920835973,S,1,成功
ZRTC20260424025,1-7Z1TIV,QC@76178411,12561327,HLB-52bb50ea-5eeb-11f0-8cdb-0c42a112278c,1000.0,-282.06,0,60245992,,920835973,2026-04-26,12:21:30,销售订单0060245992创建成功开票：0920835973,S,1,成功
ZRTC20260424025,1-7Z1TIV,QC@76178412,12561327,HLB-52bb50c1-5eeb-11f0-8cdb-0c42a112278c,1000.0,-282.06,0,60245992,,920835973,2026-04-26,12:21:30,销售订单0060245992创建成功开票：0920835973,S,1,成功
ZRTC20260424025,1-7Z1TIV,QC@76178413,12561327,HLB-52bb511a-5eeb-11f0-8cdb-0c42a112278c,1000.0,-282.06,0,60245992,,920835973,2026-04-26,12:21:30,销售订单0060245992创建成功开票：0920835973,S,1,成功
ZRTC20260424025,1-7Z1TIV,QC@76178415,12561327,HLB-52bb50d6-5eeb-11f0-8cdb-0c42a112278c,1000.0,-282.06,0,60245992,,920835973,2026-04-26,12:21:30,销售订单0060245992创建成功开票：0920835973,S,1,成功
ZRTC20260424025,1-7Z1TIV,QC@76178417,12561327,HLB-52bb5105-5eeb-11f0-8cdb-0c42a112278c,1000.0,-282.06,0,60245992,,920835973,2026-04-26,12:21:30,销售订单0060245992创建成功开票：0920835973,S,1,成功
ZRTC20260424025,1-7Z1TIV,QC@76178420,12561327,HLB-52bb5153-5eeb-11f0-8cdb-0c42a112278c,1000.0,-282.06,0,60245992,,920835973,2026-04-26,12:21:30,销售订单0060245992创建成功开票：0920835973,S,1,成功
ZRTC20260424025,1-7Z1TIV,QC@76178421,12561327,HLB-52bb5179-5eeb-11f0-8cdb-0c42a112278c,1000.0,-282.06,0,60245992,,920835973,2026-04-26,12:21:30,销售订单0060245992创建成功开票：0920835973,S,1,成功
ZRTC20260424025,1-7Z1TIV,QC@76178423,12561327,HLB-52bb5140-5eeb-11f0-8cdb-0c42a112278c,1000.0,-282.06,0,60245992,,920835973,2026-04-26,12:21:30,销售订单0060245992创建成功开票：0920835973,S,1,成功
ZRTC20260424025,1-7Z1TIV,QC@76564688,12375043,HLB-0dc8753a-4f18-11f0-8cdb-0c42a112278c,1000.0,-282.06,0,60245992,,920835973,2026-04-26,12:21:30,销售订单0060245992创建成功开票：0920835973,S,1,成功
ZRTC20260424025,1-7Z1TIV,QC@76564689,12375043,HLB-0dc87410-4f18-11f0-8cdb-0c42a112278c,1000.0,-282.06,0,60245992,,920835973,2026-04-26,12:21:30,销售订单0060245992创建成功开票：0920835973,S,1,成功
ZRTC20260424025,1-7Z1TIV,QC@76564690,12375043,HLB-0dc873f7-4f18-11f0-8cdb-0c42a112278c,1000.0,-282.06,0,60245992,,920835973,2026-04-26,12:21:30,销售订单0060245992创建成功开票：0920835973,S,1,成功
ZRTC20260424025,1-7Z1TIV,QC@76564691,12375043,HLB-0dc87551-4f18-11f0-8cdb-0c42a112278c,1000.0,-282.06,0,60245992,,920835973,2026-04-26,12:21:30,销售订单0060245992创建成功开票：0920835973,S,1,成功
ZRTC20260424025,1-7Z1TIV,QC@76564692,12375043,HLB-0deace49-4f18-11f0-8cdb-0c42a112278c,1000.0,-282.06,0,60245992,,920835973,2026-04-26,12:21:30,销售订单0060245992创建成功开票：0920835973,S,1,成功
ZRTC20260424025,1-7Z1TIV,QC@76564693,12375043,HLB-0dc875a2-4f18-11f0-8cdb-0c42a112278c,1000.0,-282.06,0,60245992,,920835973,2026-04-26,12:21:30,销售订单0060245992创建成功开票：0920835973,S,1,成功
ZRTC20260424025,1-7Z1TIV,QC@76564694,12375043,HLB-0deace2c-4f18-11f0-8cdb-0c42a112278c,1000.0,-282.06,0,60245992,,920835973,2026-04-26,12:21:30,销售订单0060245992创建成功开票：0920835973,S,1,成功
ZRTC20260424025,1-7Z1TIV,QC@76564695,12375043,HLB-0deace7b-4f18-11f0-8cdb-0c42a112278c,1000.0,-282.06,0,60245992,,920835973,2026-04-26,12:21:30,销售订单0060245992创建成功开票：0920835973,S,1,成功
ZRTC20260424025,1-7Z1TIV,QC@76564696,12375043,HLB-0dc875f5-4f18-11f0-8cdb-0c42a112278c,1000.0,-282.06,0,60245992,,920835973,2026-04-26,12:21:30,销售订单0060245992创建成功开票：0920835973,S,1,成功
ZRTC20260424025,1-7Z1TIV,QC@76564697,12375043,HLB-0deace16-4f18-11f0-8cdb-0c42a112278c,1000.0,-282.06,0,60245992,,920835973,2026-04-26,12:21:30,销售订单0060245992创建成功开票：0920835973,S,1,成功
ZRTC20260424025,1-7Z1TIV,QC@76564698,12375043,HLB-0dc8766c-4f18-11f0-8cdb-0c42a112278c,1000.0,-282.06,0,60245992,,920835973,2026-04-26,12:21:30,销售订单0060245992创建成功开票：0920835973,S,1,成功
ZRTC20260424025,1-7Z1TIV,QC@76564699,12375043,HLB-0dc874e0-4f18-11f0-8cdb-0c42a112278c,1000.0,-282.06,0,60245992,,920835973,2026-04-26,12:21:30,销售订单0060245992创建成功开票：0920835973,S,1,成功
ZRTC20260424025,1-7Z1TIV,QC@76564700,12375043,HLB-0deacdf9-4f18-11f0-8cdb-0c42a112278c,1000.0,-282.06,0,60245992,,920835973,2026-04-26,12:21:30,销售订单0060245992创建成功开票：0920835973,S,1,成功
ZRTC20260424025,1-7Z1TIV,QC@76564701,12375043,HLB-0deacde2-4f18-11f0-8cdb-0c42a112278c,1000.0,-282.06,0,60245992,,920835973,2026-04-26,12:21:30,销售订单0060245992创建成功开票：0920835973,S,1,成功
ZRTC20260424025,1-7Z1TIV,QC@76564702,12375043,HLB-0dc874c8-4f18-11f0-8cdb-0c42a112278c,1000.0,-282.06,0,60245992,,920835973,2026-04-26,12:21:30,销售订单0060245992创建成功开票：0920835973,S,1,成功
ZRTC20260424025,1-7Z1TIV,QC@76564703,12375043,HLB-0dc87644-4f18-11f0-8cdb-0c42a112278c,1000.0,-282.06,0,60245992,,920835973,2026-04-26,12:21:30,销售订单0060245992创建成功开票：0920835973,S,1,成功
ZRTC20260424025,1-7Z1TIV,QC@76564704,12375043,HLB-0dc87630-4f18-11f0-8cdb-0c42a112278c,1000.0,-282.06,0,60245992,,920835973,2026-04-26,12:21:30,销售订单0060245992创建成功开票：0920835973,S,1,成功
ZRTC20260424025,1-7Z1TIV,QC@76564705,12375043,HLB-0dc87525-4f18-11f0-8cdb-0c42a112278c,1000.0,-282.06,0,60245992,,920835973,2026-04-26,12:21:30,销售订单0060245992创建成功开票：0920835973,S,1,成功
ZRTC20260424025,1-7Z1TIV,QC@76564706,12375043,HLB-0dc8758d-4f18-11f0-8cdb-0c42a112278c,1000.0,-282.06,0,60245992,,920835973,2026-04-26,12:21:30,销售订单0060245992创建成功开票：0920835973,S,1,成功
ZRTC20260424025,1-7Z1TIV,QC@76564707,12375043,HLB-0dc87565-4f18-11f0-8cdb-0c42a112278c,1000.0,-282.06,0,60245992,,920835973,2026-04-26,12:21:30,销售订单0060245992创建成功开票：0920835973,S,1,成功
ZRTC20260424025,1-7Z1TIV,QC@76564708,12375043,HLB-0dc875b6-4f18-11f0-8cdb-0c42a112278c,1000.0,-282.06,0,60245992,,920835973,2026-04-26,12:21:30,销售订单0060245992创建成功开票：0920835973,S,1,成功
ZRTC20260424025,1-7Z1TIV,QC@76564709,12375043,HLB-0dc87424-4f18-11f0-8cdb-0c42a112278c,1000.0,-282.06,0,60245992,,920835973,2026-04-26,12:21:30,销售订单0060245992创建成功开票：0920835973,S,1,成功
ZRTC20260424025,1-7Z1TIV,QC@76564710,12375043,HLB-0dc87658-4f18-11f0-8cdb-0c42a112278c,1000.0,-282.06,0,60245992,,920835973,2026-04-26,12:21:30,销售订单0060245992创建成功开票：0920835973,S,1,成功
ZRTC20260424025,1-7Z1TIV,QC@76564711,12375043,HLB-0deace61-4f18-11f0-8cdb-0c42a112278c,1000.0,-282.06,0,60245992,,920835973,2026-04-26,12:21:30,销售订单0060245992创建成功开票：0920835973,S,1,成功
ZRTC20260424025,1-7Z1TIV,QC@76564712,12375043,HLB-0dc874b0-4f18-11f0-8cdb-0c42a112278c,1000.0,-282.06,0,60245992,,920835973,2026-04-26,12:21:30,销售订单0060245992创建成功开票：0920835973,S,1,成功
ZRTC20260424025,1-7Z1TIV,QC@76564713,12375043,HLB-0dc8761c-4f18-11f0-8cdb-0c42a112278c,1000.0,-282.06,0,60245992,,920835973,2026-04-26,12:21:30,销售订单0060245992创建成功开票：0920835973,S,1,成功
ZRTC20260424025,1-7Z1TIV,QC@76564714,12375043,HLB-0dc87497-4f18-11f0-8cdb-0c42a112278c,1000.0,-282.06,0,60245992,,920835973,2026-04-26,12:21:30,销售订单0060245992创建成功开票：0920835973,S,1,成功
ZRTC20260424025,1-7Z1TIV,QC@76564715,12375043,HLB-0dc8750f-4f18-11f0-8cdb-0c42a112278c,1000.0,-282.06,0,60245992,,920835973,2026-04-26,12:21:30,销售订单0060245992创建成功开票：0920835973,S,1,成功
ZRTC20260424025,1-7Z1TIV,QC@76564716,12375043,HLB-0dc874fa-4f18-11f0-8cdb-0c42a112278c,1000.0,-282.06,0,60245992,,920835973,2026-04-26,12:21:30,销售订单0060245992创建成功开票：0920835973,S,1,成功
ZRTC20260424025,1-7Z1TIV,QC@76564717,12375043,HLB-0deace93-4f18-11f0-8cdb-0c42a112278c,1000.0,-282.06,0,60245992,,920835973,2026-04-26,12:21:30,销售订单0060245992创建成功开票：0920835973,S,1,成功
ZRTC20260424025,1-7Z1TIV,QC@76564718,12375043,HLB-0deacea9-4f18-11f0-8cdb-0c42a112278c,1000.0,-282.06,0,60245992,,920835973,2026-04-26,12:21:30,销售订单0060245992创建成功开票：0920835973,S,1,成功
ZRTC20260424025,1-7Z1TIV,QC@76564719,12375043,HLB-0dc875cb-4f18-11f0-8cdb-0c42a112278c,1000.0,-282.06,0,60245992,,920835973,2026-04-26,12:21:30,销售订单0060245992创建成功开票：0920835973,S,1,成功
ZRTC20260424025,1-7Z1TIV,QC@76564720,12375043,HLB-0deacd8d-4f18-11f0-8cdb-0c42a112278c,1000.0,-282.06,0,60245992,,920835973,2026-04-26,12:21:30,销售订单0060245992创建成功开票：0920835973,S,1,成功
ZRTC20260424025,1-7Z1TIV,QC@76564721,12375043,HLB-0dc873e1-4f18-11f0-8cdb-0c42a112278c,1000.0,-282.06,0,60245992,,920835973,2026-04-26,12:21:30,销售订单0060245992创建成功开票：0920835973,S,1,成功
ZRTC20260424025,1-7Z1TIV,QC@76564722,12375043,HLB-0dc87579-4f18-11f0-8cdb-0c42a112278c,1000.0,-282.06,0,60245992,,920835973,2026-04-26,12:21:30,销售订单0060245992创建成功开票：0920835973,S,1,成功
ZRTC20260424025,1-7Z1TIV,QC@77238463,12521725,HLB-9ae2b605-5949-11f0-8cdb-0c42a112278c,1000.0,-282.06,0,60245992,,920835973,2026-04-26,12:21:30,销售订单0060245992创建成功开票：0920835973,S,1,成功
ZRTC20260424025,1-7Z1TIV,QC@77238464,12521725,HLB-9ae2b5f1-5949-11f0-8cdb-0c42a112278c,1000.0,-282.06,0,60245992,,920835973,2026-04-26,12:21:30,销售订单0060245992创建成功开票：0920835973,S,1,成功
ZRTC20260424025,1-7Z1TIV,QC@77238466,12521725,HLB-9ae2b66a-5949-11f0-8cdb-0c42a112278c,1000.0,-282.06,0,60245992,,920835973,2026-04-26,12:21:30,销售订单0060245992创建成功开票：0920835973,S,1,成功
ZRTC20260424025,1-7Z1TIV,QC@77238469,12521725,HLB-9ae2b656-5949-11f0-8cdb-0c42a112278c,1000.0,-282.06,0,60245992,,920835973,2026-04-26,12:21:30,销售订单0060245992创建成功开票：0920835973,S,1,成功
ZRTC20260424025,1-7Z1TIV,QC@77238470,12521725,HLB-9ae2b692-5949-11f0-8cdb-0c42a112278c,1000.0,-282.06,0,60245992,,920835973,2026-04-26,12:21:30,销售订单0060245992创建成功开票：0920835973,S,1,成功
ZRTC20260424025,1-7Z1TIV,QC@77238471,12521725,HLB-9ae2b644-5949-11f0-8cdb-0c42a112278c,1000.0,-282.06,0,60245992,,920835973,2026-04-26,12:21:30,销售订单0060245992创建成功开票：0920835973,S,1,成功
ZRTC20260424025,1-7Z1TIV,QC@77238473,12521725,HLB-9ae2b61a-5949-11f0-8cdb-0c42a112278c,1000.0,-282.06,0,60245992,,920835973,2026-04-26,12:21:30,销售订单0060245992创建成功开票：0920835973,S,1,成功
ZRTC20260424025,1-7Z1TIV,QC@77238475,12521725,HLB-9ae2b62e-5949-11f0-8cdb-0c42a112278c,1000.0,-282.06,0,60245992,,920835973,2026-04-26,12:21:30,销售订单0060245992创建成功开票：0920835973,S,1,成功
ZRTC20260424025,1-7Z1TIV,QC@77238476,12521725,HLB-9ae2b67f-5949-11f0-8cdb-0c42a112278c,1000.0,-282.06,0,60245992,,920835973,2026-04-26,12:21:30,销售订单0060245992创建成功开票：0920835973,S,1,成功
ZRTC20260424025,1-7Z1TIV,QC@77238477,12521725,HLB-9ae2b6a7-5949-11f0-8cdb-0c42a112278c,1000.0,-282.06,0,60245992,,920835973,2026-04-26,12:21:30,销售订单0060245992创建成功开票：0920835973,S,1,成功
ZRTC20260424025,1-7Z1TIV,QC@77516357,12508834,HLB-16ca64a6-570e-11f0-8cdb-0c42a112278c,1000.0,-282.06,0,60245992,,920835973,2026-04-26,12:21:30,销售订单0060245992创建成功开票：0920835973,S,1,成功
ZRTC20260424025,1-7Z1TIV,QC@77516358,12508834,HLB-16ca6409-570e-11f0-8cdb-0c42a112278c,1000.0,-282.06,0,60245992,,920835973,2026-04-26,12:21:30,销售订单0060245992创建成功开票：0920835973,S,1,成功
ZRTC20260424025,1-7Z1TIV,QC@77516359,12508834,HLB-16ca644d-570e-11f0-8cdb-0c42a112278c,1000.0,-282.06,0,60245992,,920835973,2026-04-26,12:21:30,销售订单0060245992创建成功开票：0920835973,S,1,成功
ZRTC20260424025,1-7Z1TIV,QC@77516365,12508834,HLB-16ca648f-570e-11f0-8cdb-0c42a112278c,1000.0,-282.06,0,60245992,,920835973,2026-04-26,12:21:30,销售订单0060245992创建成功开票：0920835973,S,1,成功
ZRTC20260424025,1-7Z1TIV,QC@77516366,12508834,HLB-16ca6477-570e-11f0-8cdb-0c42a112278c,1000.0,-282.06,0,60245992,,920835973,2026-04-26,12:21:30,销售订单0060245992创建成功开票：0920835973,S,1,成功
ZRTC20260424025,1-7Z1TIV,QC@77516367,12508834,HLB-16ca64bb-570e-11f0-8cdb-0c42a112278c,1000.0,-282.06,0,60245992,,920835973,2026-04-26,12:21:30,销售订单0060245992创建成功开票：0920835973,S,1,成功
ZRTC20260424025,1-7Z1TIV,QC@77516368,12508834,HLB-16ca6438-570e-11f0-8cdb-0c42a112278c,1000.0,-282.06,0,60245992,,920835973,2026-04-26,12:21:30,销售订单0060245992创建成功开票：0920835973,S,1,成功
ZRTC20260424025,1-7Z1TIV,QC@77516370,12508834,HLB-16ca6420-570e-11f0-8cdb-0c42a112278c,1000.0,-282.06,0,60245992,,920835973,2026-04-26,12:21:30,销售订单0060245992创建成功开票：0920835973,S,1,成功
ZRTC20260424025,1-7Z1TIV,QC@77516374,12508834,HLB-16ca6463-570e-11f0-8cdb-0c42a112278c,1000.0,-282.06,0,60245992,,920835973,2026-04-26,12:21:30,销售订单0060245992创建成功开票：0920835973,S,1,成功
ZRTC20260424025,1-7Z1TIV,QC@77516376,12508834,HLB-16ca64d1-570e-11f0-8cdb-0c42a112278c,1000.0,-282.06,0,60245992,,920835973,2026-04-26,12:21:30,销售订单0060245992创建成功开票：0920835973,S,1,成功
ZRTC20260424025,1-7Z1TIV,QC@78217262,12508821,HLB-1534b9eb-570e-11f0-8cdb-0c42a112278c,1000.0,-282.06,0,60245992,,920835973,2026-04-26,12:21:30,销售订单0060245992创建成功开票：0920835973,S,1,成功
ZRTC20260424025,1-7Z1TIV,QC@78217263,12508821,HLB-1534ba46-570e-11f0-8cdb-0c42a112278c,1000.0,-282.06,0,60245992,,920835973,2026-04-26,12:21:30,销售订单0060245992创建成功开票：0920835973,S,1,成功
ZRTC20260424025,1-7Z1TIV,QC@78217265,12508821,HLB-155939dc-570e-11f0-8cdb-0c42a112278c,1000.0,-282.06,0,60245992,,920835973,2026-04-26,12:21:30,销售订单0060245992创建成功开票：0920835973,S,1,成功
ZRTC20260424025,1-7Z1TIV,QC@78217266,12508821,HLB-1534ba99-570e-11f0-8cdb-0c42a112278c,1000.0,-282.06,0,60245992,,920835973,2026-04-26,12:21:30,销售订单0060245992创建成功开票：0920835973,S,1,成功
ZRTC20260424025,1-7Z1TIV,QC@78217268,12508821,HLB-15593a06-570e-11f0-8cdb-0c42a112278c,1000.0,-282.06,0,60245992,,920835973,2026-04-26,12:21:30,销售订单0060245992创建成功开票：0920835973,S,1,成功
ZRTC20260424025,1-7Z1TIV,QC@78217271,12508821,HLB-1534b93b-570e-11f0-8cdb-0c42a112278c,1000.0,-282.06,0,60245992,,920835973,2026-04-26,12:21:30,销售订单0060245992创建成功开票：0920835973,S,1,成功
ZRTC20260424025,1-7Z1TIV,QC@78217272,12508821,HLB-155938da-570e-11f0-8cdb-0c42a112278c,1000.0,-282.06,0,60245992,,920835973,2026-04-26,12:21:30,销售订单0060245992创建成功开票：0920835973,S,1,成功
ZRTC20260424025,1-7Z1TIV,QC@78217275,12508821,HLB-15593a2e-570e-11f0-8cdb-0c42a112278c,1000.0,-282.06,0,60245992,,920835973,2026-04-26,12:21:30,销售订单0060245992创建成功开票：0920835973,S,1,成功
ZRTC20260424025,1-7Z1TIV,QC@78217276,12508821,HLB-15593a19-570e-11f0-8cdb-0c42a112278c,1000.0,-282.06,0,60245992,,920835973,2026-04-26,12:21:30,销售订单0060245992创建成功开票：0920835973,S,1,成功
ZRTC20260424025,1-7Z1TIV,QC@78217278,12508821,HLB-15593853-570e-11f0-8cdb-0c42a112278c,1000.0,-282.06,0,60245992,,920835973,2026-04-26,12:21:30,销售订单0060245992创建成功开票：0920835973,S,1,成功
ZRTC20260424025,1-7Z1TIV,QC@78217280,12508821,HLB-1534b9d5-570e-11f0-8cdb-0c42a112278c,1000.0,-282.06,0,60245992,,920835973,2026-04-26,12:21:30,销售订单0060245992创建成功开票：0920835973,S,1,成功
ZRTC20260424025,1-7Z1TIV,QC@78217281,12508821,HLB-1534ba83-570e-11f0-8cdb-0c42a112278c,1000.0,-282.06,0,60245992,,920835973,2026-04-26,12:21:30,销售订单0060245992创建成功开票：0920835973,S,1,成功
ZRTC20260424025,1-7Z1TIV,QC@78217285,12508821,HLB-1559386d-570e-11f0-8cdb-0c42a112278c,1000.0,-282.06,0,60245992,,920835973,2026-04-26,12:21:30,销售订单0060245992创建成功开票：0920835973,S,1,成功
ZRTC20260424025,1-7Z1TIV,QC@78217287,12508821,HLB-1534b9be-570e-11f0-8cdb-0c42a112278c,1000.0,-282.06,0,60245992,,920835973,2026-04-26,12:21:30,销售订单0060245992创建成功开票：0920835973,S,1,成功
ZRTC20260424025,1-7Z1TIV,QC@78217289,12508821,HLB-155939f0-570e-11f0-8cdb-0c42a112278c,1000.0,-282.06,0,60245992,,920835973,2026-04-26,12:21:30,销售订单0060245992创建成功开票：0920835973,S,1,成功
ZRTC20260424025,1-7Z1TIV,QC@78217290,12508821,HLB-1534b9a8-570e-11f0-8cdb-0c42a112278c,1000.0,-282.06,0,60245992,,920835973,2026-04-26,12:21:30,销售订单0060245992创建成功开票：0920835973,S,1,成功
ZRTC20260424025,1-7Z1TIV,QC@78217295,12508821,HLB-1559399c-570e-11f0-8cdb-0c42a112278c,1000.0,-282.06,0,60245992,,920835973,2026-04-26,12:21:30,销售订单0060245992创建成功开票：0920835973,S,1,成功
ZRTC20260424025,1-7Z1TIV,QC@78217296,12508821,HLB-1534b8cf-570e-11f0-8cdb-0c42a112278c,1000.0,-282.06,0,60245992,,920835973,2026-04-26,12:21:30,销售订单0060245992创建成功开票：0920835973,S,1,成功
ZRTC20260424025,1-7Z1TIV,QC@78217297,12508821,HLB-15593961-570e-11f0-8cdb-0c42a112278c,1000.0,-282.06,0,60245992,,920835973,2026-04-26,12:21:30,销售订单0060245992创建成功开票：0920835973,S,1,成功
ZRTC20260424025,1-7Z1TIV,QC@78217298,12508821,HLB-155938b2-570e-11f0-8cdb-0c42a112278c,1000.0,-282.06,0,60245992,,920835973,2026-04-26,12:21:30,销售订单0060245992创建成功开票：0920835973,S,1,成功
ZRTC20260424025,1-7Z1TIV,QC@78217299,12508821,HLB-1534b926-570e-11f0-8cdb-0c42a112278c,1000.0,-282.06,0,60245992,,920835973,2026-04-26,12:21:30,销售订单0060245992创建成功开票：0920835973,S,1,成功
ZRTC20260424025,1-7Z1TIV,QC@78217301,12508821,HLB-1534ba00-570e-11f0-8cdb-0c42a112278c,1000.0,-282.06,0,60245992,,920835973,2026-04-26,12:21:30,销售订单0060245992创建成功开票：0920835973,S,1,成功
ZRTC20260424025,1-7Z1TIV,QC@78217304,12508821,HLB-155937ea-570e-11f0-8cdb-0c42a112278c,1000.0,-282.06,0,60245992,,920835973,2026-04-26,12:21:30,销售订单0060245992创建成功开票：0920835973,S,1,成功
ZRTC20260424025,1-7Z1TIV,QC@78217309,12508821,HLB-15593a42-570e-11f0-8cdb-0c42a112278c,1000.0,-282.06,0,60245992,,920835973,2026-04-26,12:21:30,销售订单0060245992创建成功开票：0920835973,S,1,成功
ZRTC20260424025,1-7Z1TIV,QC@78217311,12508821,HLB-15593989-570e-11f0-8cdb-0c42a112278c,1000.0,-282.06,0,60245992,,920835973,2026-04-26,12:21:30,销售订单0060245992创建成功开票：0920835973,S,1,成功
ZRTC20260424025,1-7Z1TIV,QC@78217312,12508821,HLB-15593904-570e-11f0-8cdb-0c42a112278c,1000.0,-282.06,0,60245992,,920835973,2026-04-26,12:21:30,销售订单0060245992创建成功开票：0920835973,S,1,成功
ZRTC20260424025,1-7Z1TIV,QC@78217315,12508821,HLB-1559394d-570e-11f0-8cdb-0c42a112278c,1000.0,-282.06,0,60245992,,920835973,2026-04-26,12:21:30,销售订单0060245992创建成功开票：0920835973,S,1,成功
ZRTC20260424025,1-7Z1TIV,QC@78217316,12508821,HLB-15593883-570e-11f0-8cdb-0c42a112278c,1000.0,-282.06,0,60245992,,920835973,2026-04-26,12:21:30,销售订单0060245992创建成功开票：0920835973,S,1,成功
ZRTC20260424025,1-7Z1TIV,QC@78217317,12508821,HLB-1534b966-570e-11f0-8cdb-0c42a112278c,1000.0,-282.06,0,60245992,,920835973,2026-04-26,12:21:30,销售订单0060245992创建成功开票：0920835973,S,1,成功
ZRTC20260424025,1-7Z1TIV,QC@78217321,12508821,HLB-1534b950-570e-11f0-8cdb-0c42a112278c,1000.0,-282.06,0,60245992,,920835973,2026-04-26,12:21:30,销售订单0060245992创建成功开票：0920835973,S,1,成功
ZRTC20260424025,1-7Z1TIV,QC@78217324,12508821,HLB-1534b979-570e-11f0-8cdb-0c42a112278c,1000.0,-282.06,0,60245992,,920835973,2026-04-26,12:21:30,销售订单0060245992创建成功开票：0920835973,S,1,成功
ZRTC20260424025,1-7Z1TIV,QC@78217326,12508821,HLB-1534b991-570e-11f0-8cdb-0c42a112278c,1000.0,-282.06,0,60245992,,920835973,2026-04-26,12:21:30,销售订单0060245992创建成功开票：0920835973,S,1,成功
ZRTC20260424025,1-7Z1TIV,QC@78217327,12508821,HLB-1534ba2e-570e-11f0-8cdb-0c42a112278c,1000.0,-282.06,0,60245992,,920835973,2026-04-26,12:21:30,销售订单0060245992创建成功开票：0920835973,S,1,成功
ZRTC20260424025,1-7Z1TIV,QC@78217329,12508821,HLB-15593975-570e-11f0-8cdb-0c42a112278c,1000.0,-282.06,0,60245992,,920835973,2026-04-26,12:21:30,销售订单0060245992创建成功开票：0920835973,S,1,成功
ZRTC20260424025,1-7Z1TIV,QC@78217330,12508821,HLB-155939b1-570e-11f0-8cdb-0c42a112278c,1000.0,-282.06,0,60245992,,920835973,2026-04-26,12:21:30,销售订单0060245992创建成功开票：0920835973,S,1,成功
ZRTC20260424025,1-7Z1TIV,QC@78217331,12508821,HLB-15593937-570e-11f0-8cdb-0c42a112278c,1000.0,-282.06,0,60245992,,920835973,2026-04-26,12:21:30,销售订单0060245992创建成功开票：0920835973,S,1,成功
ZRTC20260424025,1-7Z1TIV,QC@78217333,12508821,HLB-155937d3-570e-11f0-8cdb-0c42a112278c,1000.0,-282.06,0,60245992,,920835973,2026-04-26,12:21:30,销售订单0060245992创建成功开票：0920835973,S,1,成功
ZRTC20260424025,1-7Z1TIV,QC@78217334,12508821,HLB-155939c7-570e-11f0-8cdb-0c42a112278c,1000.0,-282.06,0,60245992,,920835973,2026-04-26,12:21:30,销售订单0060245992创建成功开票：0920835973,S,1,成功
ZRTC20260424025,1-7Z1TIV,QC@78217337,12508821,HLB-155938f0-570e-11f0-8cdb-0c42a112278c,1000.0,-282.06,0,60245992,,920835973,2026-04-26,12:21:30,销售订单0060245992创建成功开票：0920835973,S,1,成功
ZRTC20260424025,1-7Z1TIV,QC@78217341,12508821,HLB-15593919-570e-11f0-8cdb-0c42a112278c,1000.0,-282.06,0,60245992,,920835973,2026-04-26,12:21:30,销售订单0060245992创建成功开票：0920835973,S,1,成功
ZRTC20260424025,1-7Z1TIV,QC@78217342,12508821,HLB-1534ba17-570e-11f0-8cdb-0c42a112278c,1000.0,-282.06,0,60245992,,920835973,2026-04-26,12:21:30,销售订单0060245992创建成功开票：0920835973,S,1,成功
ZRTC20260424025,1-7Z1TIV,QC@78217344,12508821,HLB-1534ba6d-570e-11f0-8cdb-0c42a112278c,1000.0,-282.06,0,60245992,,920835973,2026-04-26,12:21:30,销售订单0060245992创建成功开票：0920835973,S,1,成功
ZRTC20260424025,1-7Z1TIV,QC@78217345,12508821,HLB-1534ba59-570e-11f0-8cdb-0c42a112278c,1000.0,-282.06,0,60245992,,920835973,2026-04-26,12:21:30,销售订单0060245992创建成功开票：0920835973,S,1,成功
ZRTC20260424025,1-7Z1TIV,QC@78217346,12508821,HLB-15593899-570e-11f0-8cdb-0c42a112278c,1000.0,-282.06,0,60245992,,920835973,2026-04-26,12:21:30,销售订单0060245992创建成功开票：0920835973,S,1,成功
ZRTC20260424025,1-7Z1TIV,QC@78217347,12508821,HLB-155938c7-570e-11f0-8cdb-0c42a112278c,1000.0,-282.06,0,60245992,,920835973,2026-04-26,12:21:30,销售订单0060245992创建成功开票：0920835973,S,1,成功
ZRTC20260424025,1-7Z1TIV,QC@78217352,12508821,HLB-15593772-570e-11f0-8cdb-0c42a112278c,1000.0,-282.06,0,60245992,,920835973,2026-04-26,12:21:30,销售订单0060245992创建成功开票：0920835973,S,1,成功
ZRTC20260424025,1-7Z1TIV,QC@78217357,12508821,HLB-15593804-570e-11f0-8cdb-0c42a112278c,1000.0,-282.06,0,60245992,,920835973,2026-04-26,12:21:30,销售订单0060245992创建成功开票：0920835973,S,1,成功
ZRTC20260424025,1-7Z1TIV,QC@78217358,12508821,HLB-1534b8e3-570e-11f0-8cdb-0c42a112278c,1000.0,-282.06,0,60245992,,920835973,2026-04-26,12:21:30,销售订单0060245992创建成功开票：0920835973,S,1,成功
ZRTC20260424025,1-7Z1TIV,QC@78217359,12508821,HLB-15593822-570e-11f0-8cdb-0c42a112278c,1000.0,-282.06,0,60245992,,920835973,2026-04-26,12:21:30,销售订单0060245992创建成功开票：0920835973,S,1,成功
ZRTC20260424025,1-7Z1TIV,QC@78217360,12508821,HLB-1559383c-570e-11f0-8cdb-0c42a112278c,1000.0,-282.06,0,60245992,,920835973,2026-04-26,12:21:30,销售订单0060245992创建成功开票：0920835973,S,1,成功
ZRTC20260424025,1-7Z1TIV,QC@78597683,12512473,HLB-06a087bb-57bf-11f0-8cdb-0c42a112278c,1000.0,-282.06,0,60245992,,920835973,2026-04-26,12:21:30,销售订单0060245992创建成功开票：0920835973,S,1,成功
ZRTC20260424025,1-7Z1TIV,QC@78597684,12512473,HLB-06a0880f-57bf-11f0-8cdb-0c42a112278c,1000.0,-282.06,0,60245992,,920835973,2026-04-26,12:21:30,销售订单0060245992创建成功开票：0920835973,S,1,成功
ZRTC20260424025,1-7Z1TIV,QC@78597687,12512473,HLB-06a08873-57bf-11f0-8cdb-0c42a112278c,1000.0,-282.06,0,60245992,,920835973,2026-04-26,12:21:30,销售订单0060245992创建成功开票：0920835973,S,1,成功
ZRTC20260424025,1-7Z1TIV,QC@78597690,12512473,HLB-06a08841-57bf-11f0-8cdb-0c42a112278c,1000.0,-282.06,0,60245992,,920835973,2026-04-26,12:21:30,销售订单0060245992创建成功开票：0920835973,S,1,成功
ZRTC20260424025,1-7Z1TIV,QC@78597692,12512473,HLB-06a088fe-57bf-11f0-8cdb-0c42a112278c,1000.0,-282.06,0,60245992,,920835973,2026-04-26,12:21:30,销售订单0060245992创建成功开票：0920835973,S,1,成功
ZRTC20260424025,1-7Z1TIV,QC@78597697,12512473,HLB-06a088cc-57bf-11f0-8cdb-0c42a112278c,1000.0,-282.06,0,60245992,,920835973,2026-04-26,12:21:30,销售订单0060245992创建成功开票：0920835973,S,1,成功
ZRTC20260424025,1-7Z1TIV,QC@78597698,12512473,HLB-06a088a2-57bf-11f0-8cdb-0c42a112278c,1000.0,-282.06,0,60245992,,920835973,2026-04-26,12:21:30,销售订单0060245992创建成功开票：0920835973,S,1,成功
ZRTC20260424025,1-7Z1TIV,QC@78597699,12512473,HLB-06a08768-57bf-11f0-8cdb-0c42a112278c,1000.0,-282.06,0,60245992,,920835973,2026-04-26,12:21:30,销售订单0060245992创建成功开票：0920835973,S,1,成功
ZRTC20260424025,1-7Z1TIV,QC@78950015,12517980,HLB-0496a9dd-5898-11f0-8cdb-0c42a112278c,1000.0,-282.06,0,60245992,,920835973,2026-04-26,12:21:30,销售订单0060245992创建成功开票：0920835973,S,1,成功
ZRTC20260424025,1-7Z1TIV,QC@78950021,12517980,HLB-0496aa43-5898-11f0-8cdb-0c42a112278c,1000.0,-282.06,0,60245992,,920835973,2026-04-26,12:21:30,销售订单0060245992创建成功开票：0920835973,S,1,成功
ZRTC20260424025,1-7Z1TIV,QC@78950030,12517980,HLB-0496aa13-5898-11f0-8cdb-0c42a112278c,1000.0,-282.06,0,60245992,,920835973,2026-04-26,12:21:30,销售订单0060245992创建成功开票：0920835973,S,1,成功
ZRTC20260424025,1-7Z1TIV,QC@78950031,12517980,HLB-0496aa72-5898-11f0-8cdb-0c42a112278c,1000.0,-282.06,0,60245992,,920835973,2026-04-26,12:21:30,销售订单0060245992创建成功开票：0920835973,S,1,成功
ZRTC20260424025,1-7Z1TIV,QC@78950034,12517980,HLB-0496aaa3-5898-11f0-8cdb-0c42a112278c,1000.0,-282.06,0,60245992,,920835973,2026-04-26,12:21:30,销售订单0060245992创建成功开票：0920835973,S,1,成功
ZRTC20260424025,1-7Z1TIV,QC@78950039,12517980,HLB-0496a970-5898-11f0-8cdb-0c42a112278c,1000.0,-282.06,0,60245992,,920835973,2026-04-26,12:21:30,销售订单0060245992创建成功开票：0920835973,S,1,成功
ZRTC20260424025,1-7Z1TIV,QC@78950047,12517980,HLB-0496aacd-5898-11f0-8cdb-0c42a112278c,1000.0,-282.06,0,60245992,,920835973,2026-04-26,12:21:30,销售订单0060245992创建成功开票：0920835973,S,1,成功
ZRTC20260424025,1-7Z1TIV,QC@78950048,12517980,HLB-0496a91a-5898-11f0-8cdb-0c42a112278c,1000.0,-282.06,0,60245992,,920835973,2026-04-26,12:21:30,销售订单0060245992创建成功开票：0920835973,S,1,成功
ZRTC20260424025,1-7Z1TIV,QC@78950050,12517980,HLB-0496a9a5-5898-11f0-8cdb-0c42a112278c,1000.0,-282.06,0,60245992,,920835973,2026-04-26,12:21:30,销售订单0060245992创建成功开票：0920835973,S,1,成功
ZRTC20260424025,1-7Z1TIV,QC@78950053,12517980,HLB-0496a8e2-5898-11f0-8cdb-0c42a112278c,1000.0,-282.06,0,60245992,,920835973,2026-04-26,12:21:30,销售订单0060245992创建成功开票：0920835973,S,1,成功
ZRTC20260424025,1-7Z1TIV,QC@79192725,12516719,HLB-297285a5-5880-11f0-8cdb-0c42a112278c,1000.0,-282.06,0,60245992,,920835973,2026-04-26,12:21:30,销售订单0060245992创建成功开票：0920835973,S,1,成功
ZRTC20260424025,1-7Z1TIV,QC@79192726,12516719,HLB-2992c348-5880-11f0-8cdb-0c42a112278c,1000.0,-282.06,0,60245992,,920835973,2026-04-26,12:21:30,销售订单0060245992创建成功开票：0920835973,S,1,成功
ZRTC20260424025,1-7Z1TIV,QC@79192728,12516719,HLB-29728809-5880-11f0-8cdb-0c42a112278c,1000.0,-282.06,0,60245992,,920835973,2026-04-26,12:21:30,销售订单0060245992创建成功开票：0920835973,S,1,成功
ZRTC20260424025,1-7Z1TIV,QC@79192733,12516719,HLB-2972843e-5880-11f0-8cdb-0c42a112278c,1000.0,-282.06,0,60245992,,920835973,2026-04-26,12:21:30,销售订单0060245992创建成功开票：0920835973,S,1,成功
ZRTC20260424025,1-7Z1TIV,QC@79192737,12516719,HLB-29728756-5880-11f0-8cdb-0c42a112278c,1000.0,-282.06,0,60245992,,920835973,2026-04-26,12:21:30,销售订单0060245992创建成功开票：0920835973,S,1,成功
ZRTC20260424025,1-7Z1TIV,QC@79192739,12516719,HLB-29728476-5880-11f0-8cdb-0c42a112278c,1000.0,-282.06,0,60245992,,920835973,2026-04-26,12:21:30,销售订单0060245992创建成功开票：0920835973,S,1,成功
ZRTC20260424025,1-7Z1TIV,QC@79192741,12516719,HLB-297286dd-5880-11f0-8cdb-0c42a112278c,1000.0,-282.06,0,60245992,,920835973,2026-04-26,12:21:30,销售订单0060245992创建成功开票：0920835973,S,1,成功
ZRTC20260424025,1-7Z1TIV,QC@79192743,12516719,HLB-297285d7-5880-11f0-8cdb-0c42a112278c,1000.0,-282.06,0,60245992,,920835973,2026-04-26,12:21:30,销售订单0060245992创建成功开票：0920835973,S,1,成功
ZRTC20260424025,1-7Z1TIV,QC@79192744,12516719,HLB-297287ab-5880-11f0-8cdb-0c42a112278c,1000.0,-282.06,0,60245992,,920835973,2026-04-26,12:21:30,销售订单0060245992创建成功开票：0920835973,S,1,成功
ZRTC20260424025,1-7Z1TIV,QC@79192746,12516719,HLB-2992c441-5880-11f0-8cdb-0c42a112278c,1000.0,-282.06,0,60245992,,920835973,2026-04-26,12:21:30,销售订单0060245992创建成功开票：0920835973,S,1,成功
ZRTC20260424025,1-7Z1TIV,QC@79192747,12516719,HLB-297287da-5880-11f0-8cdb-0c42a112278c,1000.0,-282.06,0,60245992,,920835973,2026-04-26,12:21:30,销售订单0060245992创建成功开票：0920835973,S,1,成功
ZRTC20260424025,1-7Z1TIV,QC@79192748,12516719,HLB-2992c54c-5880-11f0-8cdb-0c42a112278c,1000.0,-282.06,0,60245992,,920835973,2026-04-26,12:21:30,销售订单0060245992创建成功开票：0920835973,S,1,成功
ZRTC20260424025,1-7Z1TIV,QC@79192750,12516719,HLB-29728576-5880-11f0-8cdb-0c42a112278c,1000.0,-282.06,0,60245992,,920835973,2026-04-26,12:21:30,销售订单0060245992创建成功开票：0920835973,S,1,成功
ZRTC20260424025,1-7Z1TIV,QC@79192751,12516719,HLB-29728630-5880-11f0-8cdb-0c42a112278c,1000.0,-282.06,0,60245992,,920835973,2026-04-26,12:21:30,销售订单0060245992创建成功开票：0920835973,S,1,成功
ZRTC20260424025,1-7Z1TIV,QC@79192752,12516719,HLB-297284e4-5880-11f0-8cdb-0c42a112278c,1000.0,-282.06,0,60245992,,920835973,2026-04-26,12:21:30,销售订单0060245992创建成功开票：0920835973,S,1,成功
ZRTC20260424025,1-7Z1TIV,QC@79192753,12516719,HLB-297286b1-5880-11f0-8cdb-0c42a112278c,1000.0,-282.06,0,60245992,,920835973,2026-04-26,12:21:30,销售订单0060245992创建成功开票：0920835973,S,1,成功
ZRTC20260424025,1-7Z1TIV,QC@79192755,12516719,HLB-2992c5a3-5880-11f0-8cdb-0c42a112278c,1000.0,-282.06,0,60245992,,920835973,2026-04-26,12:21:30,销售订单0060245992创建成功开票：0920835973,S,1,成功
ZRTC20260424025,1-7Z1TIV,QC@79192756,12516719,HLB-2992c5cc-5880-11f0-8cdb-0c42a112278c,1000.0,-282.06,0,60245992,,920835973,2026-04-26,12:21:30,销售订单0060245992创建成功开票：0920835973,S,1,成功
ZRTC20260424025,1-7Z1TIV,QC@79192757,12516719,HLB-2972851a-5880-11f0-8cdb-0c42a112278c,1000.0,-282.06,0,60245992,,920835973,2026-04-26,12:21:30,销售订单0060245992创建成功开票：0920835973,S,1,成功
ZRTC20260424025,1-7Z1TIV,QC@79192764,12516719,HLB-29728780-5880-11f0-8cdb-0c42a112278c,1000.0,-282.06,0,60245992,,920835973,2026-04-26,12:21:30,销售订单0060245992创建成功开票：0920835973,S,1,成功
ZRTC20260424025,1-7Z1TIV,QC@79192769,12516719,HLB-297284ab-5880-11f0-8cdb-0c42a112278c,1000.0,-282.06,0,60245992,,920835973,2026-04-26,12:21:30,销售订单0060245992创建成功开票：0920835973,S,1,成功
ZRTC20260424025,1-7Z1TIV,QC@79192771,12516719,HLB-2992c522-5880-11f0-8cdb-0c42a112278c,1000.0,-282.06,0,60245992,,920835973,2026-04-26,12:21:30,销售订单0060245992创建成功开票：0920835973,S,1,成功
ZRTC20260424025,1-7Z1TIV,QC@79192772,12516719,HLB-2972865b-5880-11f0-8cdb-0c42a112278c,1000.0,-282.06,0,60245992,,920835973,2026-04-26,12:21:30,销售订单0060245992创建成功开票：0920835973,S,1,成功
ZRTC20260424025,1-7Z1TIV,QC@79192773,12516719,HLB-2972840a-5880-11f0-8cdb-0c42a112278c,1000.0,-282.06,0,60245992,,920835973,2026-04-26,12:21:30,销售订单0060245992创建成功开票：0920835973,S,1,成功
ZRTC20260424025,1-7Z1TIV,QC@79192777,12516719,HLB-2992c3ac-5880-11f0-8cdb-0c42a112278c,1000.0,-282.06,0,60245992,,920835973,2026-04-26,12:21:30,销售订单0060245992创建成功开票：0920835973,S,1,成功
ZRTC20260424025,1-7Z1TIV,QC@79192778,12516719,HLB-29728836-5880-11f0-8cdb-0c42a112278c,1000.0,-282.06,0,60245992,,920835973,2026-04-26,12:21:30,销售订单0060245992创建成功开票：0920835973,S,1,成功
ZRTC20260424025,1-7Z1TIV,QC@79192781,12516719,HLB-2992c3e0-5880-11f0-8cdb-0c42a112278c,1000.0,-282.06,0,60245992,,920835973,2026-04-26,12:21:30,销售订单0060245992创建成功开票：0920835973,S,1,成功
ZRTC20260424025,1-7Z1TIV,QC@79192782,12516719,HLB-2972854a-5880-11f0-8cdb-0c42a112278c,1000.0,-282.06,0,60245992,,920835973,2026-04-26,12:21:30,销售订单0060245992创建成功开票：0920835973,S,1,成功
ZRTC20260424025,1-7Z1TIV,QC@79192783,12516719,HLB-2992c46e-5880-11f0-8cdb-0c42a112278c,1000.0,-282.06,0,60245992,,920835973,2026-04-26,12:21:30,销售订单0060245992创建成功开票：0920835973,S,1,成功
ZRTC20260424025,1-7Z1TIV,QC@79192784,12516719,HLB-29728603-5880-11f0-8cdb-0c42a112278c,1000.0,-282.06,0,60245992,,920835973,2026-04-26,12:21:30,销售订单0060245992创建成功开票：0920835973,S,1,成功
ZRTC20260424025,1-7Z1TIV,QC@79192786,12516719,HLB-297283c1-5880-11f0-8cdb-0c42a112278c,1000.0,-282.06,0,60245992,,920835973,2026-04-26,12:21:30,销售订单0060245992创建成功开票：0920835973,S,1,成功
ZRTC20260424025,1-7Z1TIV,QC@79192787,12516719,HLB-2992c413-5880-11f0-8cdb-0c42a112278c,1000.0,-282.06,0,60245992,,920835973,2026-04-26,12:21:30,销售订单0060245992创建成功开票：0920835973,S,1,成功
ZRTC20260424025,1-7Z1TIV,QC@79192788,12516719,HLB-2992c4c7-5880-11f0-8cdb-0c42a112278c,1000.0,-282.06,0,60245992,,920835973,2026-04-26,12:21:30,销售订单0060245992创建成功开票：0920835973,S,1,成功
ZRTC20260424025,1-7Z1TIV,QC@79192789,12516719,HLB-2992c577-5880-11f0-8cdb-0c42a112278c,1000.0,-282.06,0,60245992,,920835973,2026-04-26,12:21:30,销售订单0060245992创建成功开票：0920835973,S,1,成功
ZRTC20260424025,1-7Z1TIV,QC@79192790,12516719,HLB-29728685-5880-11f0-8cdb-0c42a112278c,1000.0,-282.06,0,60245992,,920835973,2026-04-26,12:21:30,销售订单0060245992创建成功开票：0920835973,S,1,成功
ZRTC20260424025,1-7Z1TIV,QC@79192791,12516719,HLB-2992c4f4-5880-11f0-8cdb-0c42a112278c,1000.0,-282.06,0,60245992,,920835973,2026-04-26,12:21:30,销售订单0060245992创建成功开票：0920835973,S,1,成功
ZRTC20260424025,1-7Z1TIV,QC@79192792,12516719,HLB-2972870e-5880-11f0-8cdb-0c42a112278c,1000.0,-282.06,0,60245992,,920835973,2026-04-26,12:21:30,销售订单0060245992创建成功开票：0920835973,S,1,成功
ZRTC20260424025,1-7Z1TIV,QC@79192798,12516719,HLB-29728865-5880-11f0-8cdb-0c42a112278c,1000.0,-282.06,0,60245992,,920835973,2026-04-26,12:21:30,销售订单0060245992创建成功开票：0920835973,S,1,成功
ZRTC20260424025,1-7Z1TIV,QC@79192801,12516719,HLB-2992c37a-5880-11f0-8cdb-0c42a112278c,1000.0,-282.06,0,60245992,,920835973,2026-04-26,12:21:30,销售订单0060245992创建成功开票：0920835973,S,1,成功
ZRTC20260424025,1-7Z1TIV,QC@79192803,12516719,HLB-2992c49d-5880-11f0-8cdb-0c42a112278c,1000.0,-282.06,0,60245992,,920835973,2026-04-26,12:21:30,销售订单0060245992创建成功开票：0920835973,S,1,成功
ZRTC20260424025,1-7Z1TIV,QC@79266805,12162106,HLB-27bc3310-41de-11f0-8cdb-0c42a112278c,1000.0,-282.06,0,60245992,,920835973,2026-04-26,12:21:30,销售订单0060245992创建成功开票：0920835973,S,1,成功
ZRTC20260424025,1-7Z1TIV,QC@79266807,12162106,HLB-27defe1b-41de-11f0-8cdb-0c42a112278c,1000.0,-282.06,0,60245992,,920835973,2026-04-26,12:21:30,销售订单0060245992创建成功开票：0920835973,S,1,成功
ZRTC20260424025,1-7Z1TIV,QC@79266808,12162106,HLB-27bc323a-41de-11f0-8cdb-0c42a112278c,1000.0,-282.06,0,60245992,,920835973,2026-04-26,12:21:30,销售订单0060245992创建成功开票：0920835973,S,1,成功
ZRTC20260424025,1-7Z1TIV,QC@79266810,12162106,HLB-27defc08-41de-11f0-8cdb-0c42a112278c,1000.0,-282.06,0,60245992,,920835973,2026-04-26,12:21:30,销售订单0060245992创建成功开票：0920835973,S,1,成功
ZRTC20260424025,1-7Z1TIV,QC@79266813,12162106,HLB-27defbdf-41de-11f0-8cdb-0c42a112278c,1000.0,-282.06,0,60245992,,920835973,2026-04-26,12:21:30,销售订单0060245992创建成功开票：0920835973,S,1,成功
ZRTC20260424025,1-7Z1TIV,QC@79266815,12162106,HLB-27bc336f-41de-11f0-8cdb-0c42a112278c,1000.0,-282.06,0,60245992,,920835973,2026-04-26,12:21:30,销售订单0060245992创建成功开票：0920835973,S,1,成功
ZRTC20260424025,1-7Z1TIV,QC@79266818,12162106,HLB-27bc3459-41de-11f0-8cdb-0c42a112278c,1000.0,-282.06,0,60245992,,920835973,2026-04-26,12:21:30,销售订单0060245992创建成功开票：0920835973,S,1,成功
ZRTC20260424025,1-7Z1TIV,QC@79266823,12162106,HLB-27defd29-41de-11f0-8cdb-0c42a112278c,1000.0,-282.06,0,60245992,,920835973,2026-04-26,12:21:30,销售订单0060245992创建成功开票：0920835973,S,1,成功
ZRTC20260424025,1-7Z1TIV,QC@79266824,12162106,HLB-27defae0-41de-11f0-8cdb-0c42a112278c,1000.0,-282.06,0,60245992,,920835973,2026-04-26,12:21:30,销售订单0060245992创建成功开票：0920835973,S,1,成功
ZRTC20260424025,1-7Z1TIV,QC@79266825,12162106,HLB-27defe93-41de-11f0-8cdb-0c42a112278c,1000.0,-282.06,0,60245992,,920835973,2026-04-26,12:21:30,销售订单0060245992创建成功开票：0920835973,S,1,成功
ZRTC20260424025,1-7Z1TIV,QC@79266831,12162106,HLB-27defc84-41de-11f0-8cdb-0c42a112278c,1000.0,-282.06,0,60245992,,920835973,2026-04-26,12:21:30,销售订单0060245992创建成功开票：0920835973,S,1,成功
ZRTC20260424025,1-7Z1TIV,QC@79266835,12162106,HLB-27defb5a-41de-11f0-8cdb-0c42a112278c,1000.0,-282.06,0,60245992,,920835973,2026-04-26,12:21:30,销售订单0060245992创建成功开票：0920835973,S,1,成功
ZRTC20260424025,1-7Z1TIV,QC@79266838,12162106,HLB-27defc31-41de-11f0-8cdb-0c42a112278c,1000.0,-282.06,0,60245992,,920835973,2026-04-26,12:21:30,销售订单0060245992创建成功开票：0920835973,S,1,成功
ZRTC20260424025,1-7Z1TIV,QC@79266839,12162106,HLB-27bc32a6-41de-11f0-8cdb-0c42a112278c,1000.0,-282.06,0,60245992,,920835973,2026-04-26,12:21:30,销售订单0060245992创建成功开票：0920835973,S,1,成功
ZRTC20260424025,1-7Z1TIV,QC@79266840,12162106,HLB-27defb88-41de-11f0-8cdb-0c42a112278c,1000.0,-282.06,0,60245992,,920835973,2026-04-26,12:21:30,销售订单0060245992创建成功开票：0920835973,S,1,成功
ZRTC20260424025,1-7Z1TIV,QC@79266843,12162106,HLB-27defc5b-41de-11f0-8cdb-0c42a112278c,1000.0,-282.06,0,60245992,,920835973,2026-04-26,12:21:30,销售订单0060245992创建成功开票：0920835973,S,1,成功
ZRTC20260424025,1-7Z1TIV,QC@79266845,12162106,HLB-27deff04-41de-11f0-8cdb-0c42a112278c,1000.0,-282.06,0,60245992,,920835973,2026-04-26,12:21:30,销售订单0060245992创建成功开票：0920835973,S,1,成功
ZRTC20260424025,1-7Z1TIV,QC@79266848,12162106,HLB-27defd7b-41de-11f0-8cdb-0c42a112278c,1000.0,-282.06,0,60245992,,920835973,2026-04-26,12:21:30,销售订单0060245992创建成功开票：0920835973,S,1,成功
ZRTC20260424025,1-7Z1TIV,QC@79266849,12162106,HLB-27bc342c-41de-11f0-8cdb-0c42a112278c,1000.0,-282.06,0,60245992,,920835973,2026-04-26,12:21:30,销售订单0060245992创建成功开票：0920835973,S,1,成功
ZRTC20260424025,1-7Z1TIV,QC@79266852,12162106,HLB-27defe42-41de-11f0-8cdb-0c42a112278c,1000.0,-282.06,0,60245992,,920835973,2026-04-26,12:21:30,销售订单0060245992创建成功开票：0920835973,S,1,成功
ZRTC20260424025,1-7Z1TIV,QC@79266858,12162106,HLB-27defdf3-41de-11f0-8cdb-0c42a112278c,1000.0,-282.06,0,60245992,,920835973,2026-04-26,12:21:30,销售订单0060245992创建成功开票：0920835973,S,1,成功
ZRTC20260424025,1-7Z1TIV,QC@79266862,12162106,HLB-27defb2b-41de-11f0-8cdb-0c42a112278c,1000.0,-282.06,0,60245992,,920835973,2026-04-26,12:21:30,销售订单0060245992创建成功开票：0920835973,S,1,成功
ZRTC20260424025,1-7Z1TIV,QC@79266865,12162106,HLB-27bc31f4-41de-11f0-8cdb-0c42a112278c,1000.0,-282.06,0,60245992,,920835973,2026-04-26,12:21:30,销售订单0060245992创建成功开票：0920835973,S,1,成功
ZRTC20260424025,1-7Z1TIV,QC@79266868,12162106,HLB-27bc31a8-41de-11f0-8cdb-0c42a112278c,1000.0,-282.06,0,60245992,,920835973,2026-04-26,12:21:30,销售订单0060245992创建成功开票：0920835973,S,1,成功
ZRTC20260424025,1-7Z1TIV,QC@79266872,12162106,HLB-27defcd9-41de-11f0-8cdb-0c42a112278c,1000.0,-282.06,0,60245992,,920835973,2026-04-26,12:21:30,销售订单0060245992创建成功开票：0920835973,S,1,成功
ZRTC20260424025,1-7Z1TIV,QC@79266874,12162106,HLB-27defcb2-41de-11f0-8cdb-0c42a112278c,1000.0,-282.06,0,60245992,,920835973,2026-04-26,12:21:30,销售订单0060245992创建成功开票：0920835973,S,1,成功
ZRTC20260424025,1-7Z1TIV,QC@79266876,12162106,HLB-27defd02-41de-11f0-8cdb-0c42a112278c,1000.0,-282.06,0,60245992,,920835973,2026-04-26,12:21:30,销售订单0060245992创建成功开票：0920835973,S,1,成功
ZRTC20260424025,1-7Z1TIV,QC@79266881,12162106,HLB-27bc315f-41de-11f0-8cdb-0c42a112278c,1000.0,-282.06,0,60245992,,920835973,2026-04-26,12:21:30,销售订单0060245992创建成功开票：0920835973,S,1,成功
ZRTC20260424025,1-7Z1TIV,QC@79266884,12162106,HLB-27defdc9-41de-11f0-8cdb-0c42a112278c,1000.0,-282.06,0,60245992,,920835973,2026-04-26,12:21:30,销售订单0060245992创建成功开票：0920835973,S,1,成功
ZRTC20260424025,1-7Z1TIV,QC@79266885,12162106,HLB-27defbb7-41de-11f0-8cdb-0c42a112278c,1000.0,-282.06,0,60245992,,920835973,2026-04-26,12:21:30,销售订单0060245992创建成功开票：0920835973,S,1,成功
ZRTC20260424025,1-7Z1TIV,QC@79266886,12162106,HLB-27bc33fe-41de-11f0-8cdb-0c42a112278c,1000.0,-282.06,0,60245992,,920835973,2026-04-26,12:21:30,销售订单0060245992创建成功开票：0920835973,S,1,成功
ZRTC20260424025,1-7Z1TIV,QC@79266888,12162106,HLB-27bc33a1-41de-11f0-8cdb-0c42a112278c,1000.0,-282.06,0,60245992,,920835973,2026-04-26,12:21:30,销售订单0060245992创建成功开票：0920835973,S,1,成功
ZRTC20260424025,1-7Z1TIV,QC@79266890,12162106,HLB-27bc3340-41de-11f0-8cdb-0c42a112278c,1000.0,-282.06,0,60245992,,920835973,2026-04-26,12:21:30,销售订单0060245992创建成功开票：0920835973,S,1,成功
ZRTC20260424025,1-7Z1TIV,QC@79266891,12162106,HLB-27defda1-41de-11f0-8cdb-0c42a112278c,1000.0,-282.06,0,60245992,,920835973,2026-04-26,12:21:30,销售订单0060245992创建成功开票：0920835973,S,1,成功
ZRTC20260424025,1-7Z1TIV,QC@79266893,12162106,HLB-27defeb9-41de-11f0-8cdb-0c42a112278c,1000.0,-282.06,0,60245992,,920835973,2026-04-26,12:21:30,销售订单0060245992创建成功开票：0920835973,S,1,成功
ZRTC20260424025,1-7Z1TIV,QC@79266897,12162106,HLB-27bc32e0-41de-11f0-8cdb-0c42a112278c,1000.0,-282.06,0,60245992,,920835973,2026-04-26,12:21:30,销售订单0060245992创建成功开票：0920835973,S,1,成功
ZRTC20260424025,1-7Z1TIV,QC@79266898,12162106,HLB-27defe6a-41de-11f0-8cdb-0c42a112278c,1000.0,-282.06,0,60245992,,920835973,2026-04-26,12:21:30,销售订单0060245992创建成功开票：0920835973,S,1,成功
ZRTC20260424025,1-7Z1TIV,QC@79266899,12162106,HLB-27bc326f-41de-11f0-8cdb-0c42a112278c,1000.0,-282.06,0,60245992,,920835973,2026-04-26,12:21:30,销售订单0060245992创建成功开票：0920835973,S,1,成功
ZRTC20260424025,1-7Z1TIV,QC@79266901,12162106,HLB-27defd52-41de-11f0-8cdb-0c42a112278c,1000.0,-282.06,0,60245992,,920835973,2026-04-26,12:21:30,销售订单0060245992创建成功开票：0920835973,S,1,成功
ZRTC20260424025,1-7Z1TIV,QC@79266902,12162106,HLB-27bc33cf-41de-11f0-8cdb-0c42a112278c,1000.0,-284.16,0,60245992,,920835973,2026-04-26,12:21:30,销售订单0060245992创建成功开票：0920835973,S,1,成功
ZRTC20260424025,1-7Z1TIW,QC@68203648,12347791,HLB-652feee4-4d71-11f0-8cdb-0c42a112278c,1000.0,-311.74,0,60245992,,920835973,2026-04-26,12:21:30,销售订单0060245992创建成功开票：0920835973,S,1,成功
ZRTC20260424025,1-7Z1TIW,QC@72251324,12471415,HLB-5f14ac73-54ba-11f0-8cdb-0c42a112278c,1000.0,311.74,0,60245992,,920835973,2026-04-26,12:21:30,销售订单0060245992创建成功开票：0920835973,S,1,成功
ZRTC20260424025,1-7Z1TIW,QC@73240073,12223260,HLB-c0072289-4661-11f0-8cdb-0c42a112278c,1000.0,-311.74,0,60245992,,920835973,2026-04-26,12:21:30,销售订单0060245992创建成功开票：0920835973,S,1,成功
ZRTC20260424025,1-7Z1TIW,QC@75181245,12424974,HLB-deb17ba2-5235-11f0-8cdb-0c42a112278c,1000.0,-311.74,0,60245992,,920835973,2026-04-26,12:21:30,销售订单0060245992创建成功开票：0920835973,S,1,成功
ZRTC20260424025,1-7Z1TIW,QC@76271976,12437544,HLB-d6bc383d-52f9-11f0-8cdb-0c42a112278c,1000.0,-311.74,0,60245992,,920835973,2026-04-26,12:21:30,销售订单0060245992创建成功开票：0920835973,S,1,成功
ZRTC20260424025,1-7Z1TIW,QC@76878940,12365197,HLB-033fbedd-4e65-11f0-8cdb-0c42a112278c,1000.0,-311.74,0,60245992,,920835973,2026-04-26,12:21:30,销售订单0060245992创建成功开票：0920835973,S,1,成功
ZRTC20260424025,1-7Z1TIW,QC@77892427,12507413,HLB-40f6b5c8-56f5-11f0-8cdb-0c42a112278c,1000.0,-311.74,0,60245992,,920835973,2026-04-26,12:21:30,销售订单0060245992创建成功开票：0920835973,S,1,成功
ZRTC20260424025,1-7Z1TIW,QC@78227922,12464754,HLB-89679a95-5482-11f0-8cdb-0c42a112278c,1000.0,-311.74,0,60245992,,920835973,2026-04-26,12:21:30,销售订单0060245992创建成功开票：0920835973,S,1,成功
ZRTC20260424025,1-7Z1TIW,QC@78760420,12268708,HLB-1d5c0809-4982-11f0-8cdb-0c42a112278c,1000.0,-311.74,0,60245992,,920835973,2026-04-26,12:21:30,销售订单0060245992创建成功开票：0920835973,S,1,成功
ZRTC20260424025,1-7Z1TIW,QC@79298372,12464748,HLB-0df9e9f7-5482-11f0-8cdb-0c42a112278c,1000.0,-311.8,0,60245992,,920835973,2026-04-26,12:21:30,销售订单0060245992创建成功开票：0920835973,S,1,成功
100206FP202603240001,1-7E58JO,1-7AMA12,13372780,HLB-2e2f4737-ac00-11f0-8cdb-0c42a112278c,1000.0,8152.0,0,5112464041,8020190210.0,920847374,2026-04-27,16:15:33,销售订单5600013834创建成功交货单:8600013833开票：0920847376,S,1,成功
TCL202604170002,1-7TLFUM,1-6E2XED,14089667,HLB-7f1fc2af-f1b0-11f0-8cdb-0c42a112278c,,1260.0,0,5112429984,8020110265.0,920761315,2026-04-17,13:02:27,销售订单5112429984创建成功交货单:8020110265开票：0920761315,S,1,成功
TCL202604170002,1-7TLFUM,1-6E2XEE,14089667,HLB-7f1fc2c6-f1b0-11f0-8cdb-0c42a112278c,,1260.0,0,5112429984,8020110265.0,920761315,2026-04-17,13:02:27,销售订单5112429984创建成功交货单:8020110265开票：0920761315,S,1,成功
TCL202604170002,1-7TLFUM,1-6E2XEF,14089667,HLB-7f1fc2da-f1b0-11f0-8cdb-0c42a112278c,,1260.0,0,5112429984,8020110265.0,920761315,2026-04-17,13:02:27,销售订单5112429984创建成功交货单:8020110265开票：0920761315,S,1,成功
TCL202604170002,1-7TLFUM,1-6E2XEG,14089667,HLB-7f1fc2ed-f1b0-11f0-8cdb-0c42a112278c,,1260.0,0,5112429984,8020110265.0,920761315,2026-04-17,13:02:27,销售订单5112429984创建成功交货单:8020110265开票：0920761315,S,1,成功
TCL202604170002,1-7TLFUM,1-6E2XEH,14089667,HLB-7f1fc301-f1b0-11f0-8cdb-0c42a112278c,,1260.0,0,5112429984,8020110265.0,920761315,2026-04-17,13:02:27,销售订单5112429984创建成功交货单:8020110265开票：0920761315,S,1,成功
TCL202604170002,1-7TLFUM,1-6E2XEI,14089667,HLB-7f1fc317-f1b0-11f0-8cdb-0c42a112278c,,1260.0,0,5112429984,8020110265.0,920761315,2026-04-17,13:02:27,销售订单5112429984创建成功交货单:8020110265开票：0920761315,S,1,成功
TCL202604170002,1-7TLFUM,1-6E2XEJ,14089667,HLB-7f1fc32a-f1b0-11f0-8cdb-0c42a112278c,,1260.0,0,5112429984,8020110265.0,920761315,2026-04-17,13:02:27,销售订单5112429984创建成功交货单:8020110265开票：0920761315,S,1,成功
TCL202604170002,1-7TLFUM,1-6E2XEK,14089667,HLB-7f1fc33d-f1b0-11f0-8cdb-0c42a112278c,,1260.0,0,5112429984,8020110265.0,920761315,2026-04-17,13:02:27,销售订单5112429984创建成功交货单:8020110265开票：0920761315,S,1,成功
TCL202604170002,1-7TLFUM,1-6E2XEL,14089667,HLB-7f1fc351-f1b0-11f0-8cdb-0c42a112278c,,1260.0,0,5112429984,8020110265.0,920761315,2026-04-17,13:02:27,销售订单5112429984创建成功交货单:8020110265开票：0920761315,S,1,成功
TCL202604170002,1-7TLFUM,1-6E2XEM,14089667,HLB-7f1fc365-f1b0-11f0-8cdb-0c42a112278c,,1260.0,0,5112429984,8020110265.0,920761315,2026-04-17,13:02:27,销售订单5112429984创建成功交货单:8020110265开票：0920761315,S,1,成功
TCL202604170002,1-7TLFUM,1-6E2XEN,14089667,HLB-7f1fc37a-f1b0-11f0-8cdb-0c42a112278c,,1260.0,0,5112429984,8020110265.0,920761315,2026-04-17,13:02:27,销售订单5112429984创建成功交货单:8020110265开票：0920761315,S,1,成功
TCL202604170002,1-7TLFUM,1-6E2XEO,14089667,HLB-7f1fc38e-f1b0-11f0-8cdb-0c42a112278c,,1260.0,0,5112429984,8020110265.0,920761315,2026-04-17,13:02:27,销售订单5112429984创建成功交货单:8020110265开票：0920761315,S,1,成功
TCL202604170002,1-7TLFUM,1-6E2XEP,14089667,HLB-7f1fc3a1-f1b0-11f0-8cdb-0c42a112278c,,1260.0,0,5112429984,8020110265.0,920761315,2026-04-17,13:02:27,销售订单5112429984创建成功交货单:8020110265开票：0920761315,S,1,成功
TCL202604170002,1-7TLFUM,1-6E2XEQ,14089667,HLB-7f1fc3b8-f1b0-11f0-8cdb-0c42a112278c,,1260.0,0,5112429984,8020110265.0,920761315,2026-04-17,13:02:27,销售订单5112429984创建成功交货单:8020110265开票：0920761315,S,1,成功
TCL202604170002,1-7TLFUM,1-6E2XER,14089667,HLB-7f1fc3ce-f1b0-11f0-8cdb-0c42a112278c,,1260.0,0,5112429984,8020110265.0,920761315,2026-04-17,13:02:27,销售订单5112429984创建成功交货单:8020110265开票：0920761315,S,1,成功
TCL202604170002,1-7TLFUM,1-6E2XES,14089667,HLB-7f1fc3e2-f1b0-11f0-8cdb-0c42a112278c,,1260.0,0,5112429984,8020110265.0,920761315,2026-04-17,13:02:27,销售订单5112429984创建成功交货单:8020110265开票：0920761315,S,1,成功
TCL202604170002,1-7TLFUM,1-6E2XET,14089667,HLB-7f1fc3f5-f1b0-11f0-8cdb-0c42a112278c,,1260.0,0,5112429984,8020110265.0,920761315,2026-04-17,13:02:27,销售订单5112429984创建成功交货单:8020110265开票：0920761315,S,1,成功
TCL202604170002,1-7TLFUM,1-6E2XEU,14089667,HLB-7f1fc40a-f1b0-11f0-8cdb-0c42a112278c,,1260.0,0,5112429984,8020110265.0,920761315,2026-04-17,13:02:27,销售订单5112429984创建成功交货单:8020110265开票：0920761315,S,1,成功
TCL202604170002,1-7TLFUM,1-6E2XEV,14089667,HLB-7f1fc41f-f1b0-11f0-8cdb-0c42a112278c,,1260.0,0,5112429984,8020110265.0,920761315,2026-04-17,13:02:27,销售订单5112429984创建成功交货单:8020110265开票：0920761315,S,1,成功
TCL202604170002,1-7TLFUM,1-6E2XEW,14089667,HLB-7f1fc434-f1b0-11f0-8cdb-0c42a112278c,,1260.0,0,5112429984,8020110265.0,920761315,2026-04-17,13:02:27,销售订单5112429984创建成功交货单:8020110265开票：0920761315,S,1,成功
TCL202604170002,1-7TLFUM,1-6E2XEX,14089667,HLB-7f1fc449-f1b0-11f0-8cdb-0c42a112278c,,1260.0,0,5112429984,8020110265.0,920761315,2026-04-17,13:02:27,销售订单5112429984创建成功交货单:8020110265开票：0920761315,S,1,成功
TCL202604170002,1-7TLFUM,1-6E2XEY,14089667,HLB-7f1fc45d-f1b0-11f0-8cdb-0c42a112278c,,1260.0,0,5112429984,8020110265.0,920761315,2026-04-17,13:02:27,销售订单5112429984创建成功交货单:8020110265开票：0920761315,S,1,成功
TCL202604170002,1-7TLFUM,1-6E2XEZ,14089667,HLB-7f1fc471-f1b0-11f0-8cdb-0c42a112278c,,1260.0,0,5112429984,8020110265.0,920761315,2026-04-17,13:02:27,销售订单5112429984创建成功交货单:8020110265开票：0920761315,S,1,成功
TCL202604170002,1-7TLFUM,1-6E2XF0,14089667,HLB-7f1fc487-f1b0-11f0-8cdb-0c42a112278c,,1260.0,0,5112429984,8020110265.0,920761315,2026-04-17,13:02:27,销售订单5112429984创建成功交货单:8020110265开票：0920761315,S,1,成功
TCL202604170002,1-7TLFUM,1-6E2XF1,14089667,HLB-7f1fc49a-f1b0-11f0-8cdb-0c42a112278c,,1260.0,0,5112429984,8020110265.0,920761315,2026-04-17,13:02:27,销售订单5112429984创建成功交货单:8020110265开票：0920761315,S,1,成功
TCL202604170002,1-7TLFUM,1-6EZK94,14107564,HLB-fde0d327-f36d-11f0-8cdb-0c42a112278c,,1260.0,0,5112429984,8020110265.0,920761315,2026-04-17,13:02:27,销售订单5112429984创建成功交货单:8020110265开票：0920761315,S,1,成功
TCL202604170002,1-7TLFUM,1-6EZK95,14107564,HLB-fde0d341-f36d-11f0-8cdb-0c42a112278c,,1260.0,0,5112429984,8020110265.0,920761315,2026-04-17,13:02:27,销售订单5112429984创建成功交货单:8020110265开票：0920761315,S,1,成功
TCL202604170002,1-7TLFUM,1-6EZK96,14107564,HLB-fde0d359-f36d-11f0-8cdb-0c42a112278c,,1260.0,0,5112429984,8020110265.0,920761315,2026-04-17,13:02:27,销售订单5112429984创建成功交货单:8020110265开票：0920761315,S,1,成功
TCL202604170002,1-7TLFUM,1-6EZK97,14107564,HLB-fde0d36e-f36d-11f0-8cdb-0c42a112278c,,1260.0,0,5112429984,8020110265.0,920761315,2026-04-17,13:02:27,销售订单5112429984创建成功交货单:8020110265开票：0920761315,S,1,成功
TCL202604170002,1-7TLFUM,1-6EZK98,14107564,HLB-fde0d383-f36d-11f0-8cdb-0c42a112278c,,1260.0,0,5112429984,8020110265.0,920761315,2026-04-17,13:02:27,销售订单5112429984创建成功交货单:8020110265开票：0920761315,S,1,成功
TCL202604170002,1-7TLFUM,1-6EZK99,14107564,HLB-fde0d398-f36d-11f0-8cdb-0c42a112278c,,1260.0,0,5112429984,8020110265.0,920761315,2026-04-17,13:02:27,销售订单5112429984创建成功交货单:8020110265开票：0920761315,S,1,成功
TCL202604170002,1-7TLFUM,1-6EZK9A,14107564,HLB-fde0d3b1-f36d-11f0-8cdb-0c42a112278c,,1260.0,0,5112429984,8020110265.0,920761315,2026-04-17,13:02:27,销售订单5112429984创建成功交货单:8020110265开票：0920761315,S,1,成功
TCL202604170002,1-7TLFUM,1-6EZK9B,14107564,HLB-fde0d3c6-f36d-11f0-8cdb-0c42a112278c,,1260.0,0,5112429984,8020110265.0,920761315,2026-04-17,13:02:27,销售订单5112429984创建成功交货单:8020110265开票：0920761315,S,1,成功
TCL202604170002,1-7TLFUM,1-6EZK9C,14107564,HLB-fde0d3da-f36d-11f0-8cdb-0c42a112278c,,1260.0,0,5112429984,8020110265.0,920761315,2026-04-17,13:02:27,销售订单5112429984创建成功交货单:8020110265开票：0920761315,S,1,成功
TCL202604170002,1-7TLFUM,1-6EZK9D,14107564,HLB-fde0d3f0-f36d-11f0-8cdb-0c42a112278c,,1260.0,0,5112429984,8020110265.0,920761315,2026-04-17,13:02:27,销售订单5112429984创建成功交货单:8020110265开票：0920761315,S,1,成功
TCL202604170002,1-7TLFUM,1-6EZK9E,14107564,HLB-fde0d404-f36d-11f0-8cdb-0c42a112278c,,1260.0,0,5112429984,8020110265.0,920761315,2026-04-17,13:02:27,销售订单5112429984创建成功交货单:8020110265开票：0920761315,S,1,成功
TCL202604170002,1-7TLFUM,1-6EZK9F,14107564,HLB-fde0d41d-f36d-11f0-8cdb-0c42a112278c,,1260.0,0,5112429984,8020110265.0,920761315,2026-04-17,13:02:27,销售订单5112429984创建成功交货单:8020110265开票：0920761315,S,1,成功
TCL202604170002,1-7TLFUM,1-6EZK9G,14107564,HLB-fde0d432-f36d-11f0-8cdb-0c42a112278c,,1260.0,0,5112429984,8020110265.0,920761315,2026-04-17,13:02:27,销售订单5112429984创建成功交货单:8020110265开票：0920761315,S,1,成功
TCL202604170002,1-7TLFUM,1-6EZNUM,14107558,HLB-fd96da1d-f36d-11f0-8cdb-0c42a112278c,,1260.0,0,5112429984,8020110265.0,920761315,2026-04-17,13:02:27,销售订单5112429984创建成功交货单:8020110265开票：0920761315,S,1,成功
TCL202604170002,1-7TLFUM,1-6EZNUN,14107558,HLB-fd96da34-f36d-11f0-8cdb-0c42a112278c,,1260.0,0,5112429984,8020110265.0,920761315,2026-04-17,13:02:27,销售订单5112429984创建成功交货单:8020110265开票：0920761315,S,1,成功
TCL202604170002,1-7TLFUM,1-6EZNUO,14107558,HLB-fd96da4a-f36d-11f0-8cdb-0c42a112278c,,1260.0,0,5112429984,8020110265.0,920761315,2026-04-17,13:02:27,销售订单5112429984创建成功交货单:8020110265开票：0920761315,S,1,成功
TCL202604170002,1-7TLFUM,1-6EZNUP,14107558,HLB-fd96da62-f36d-11f0-8cdb-0c42a112278c,,1260.0,0,5112429984,8020110265.0,920761315,2026-04-17,13:02:27,销售订单5112429984创建成功交货单:8020110265开票：0920761315,S,1,成功
TCL202604170002,1-7TLFUM,1-6EZNUQ,14107558,HLB-fd96da7c-f36d-11f0-8cdb-0c42a112278c,,1260.0,0,5112429984,8020110265.0,920761315,2026-04-17,13:02:27,销售订单5112429984创建成功交货单:8020110265开票：0920761315,S,1,成功
TCL202604170002,1-7TLFUM,1-6EZNUR,14107558,HLB-fd96da91-f36d-11f0-8cdb-0c42a112278c,,1260.0,0,5112429984,8020110265.0,920761315,2026-04-17,13:02:27,销售订单5112429984创建成功交货单:8020110265开票：0920761315,S,1,成功
TCL202604170002,1-7TLFUM,1-6EZNUS,14107558,HLB-fd96daa6-f36d-11f0-8cdb-0c42a112278c,,1260.0,0,5112429984,8020110265.0,920761315,2026-04-17,13:02:27,销售订单5112429984创建成功交货单:8020110265开票：0920761315,S,1,成功
TCL202604170002,1-7TLFUM,1-6EZNUT,14107558,HLB-fd96dabf-f36d-11f0-8cdb-0c42a112278c,,1260.0,0,5112429984,8020110265.0,920761315,2026-04-17,13:02:27,销售订单5112429984创建成功交货单:8020110265开票：0920761315,S,1,成功
TCL202604170002,1-7TLFUM,1-6EZNUU,14107558,HLB-fd96dad7-f36d-11f0-8cdb-0c42a112278c,,1260.0,0,5112429984,8020110265.0,920761315,2026-04-17,13:02:27,销售订单5112429984创建成功交货单:8020110265开票：0920761315,S,1,成功
TCL202604170002,1-7TLFUM,1-6EZNUV,14107558,HLB-fd96daf1-f36d-11f0-8cdb-0c42a112278c,,1260.0,0,5112429984,8020110265.0,920761315,2026-04-17,13:02:27,销售订单5112429984创建成功交货单:8020110265开票：0920761315,S,1,成功
TCL202604170002,1-7TLFUM,1-6EZNUW,14107558,HLB-fd96db08-f36d-11f0-8cdb-0c42a112278c,,1260.0,0,5112429984,8020110265.0,920761315,2026-04-17,13:02:27,销售订单5112429984创建成功交货单:8020110265开票：0920761315,S,1,成功
TCL202604170002,1-7TLFUM,1-6EZNUX,14107558,HLB-fd96db1d-f36d-11f0-8cdb-0c42a112278c,,1260.0,0,5112429984,8020110265.0,920761315,2026-04-17,13:02:27,销售订单5112429984创建成功交货单:8020110265开票：0920761315,S,1,成功
TCL202604170002,1-7TLFUM,1-6EZNUY,14107558,HLB-fd96db32-f36d-11f0-8cdb-0c42a112278c,,1260.0,0,5112429984,8020110265.0,920761315,2026-04-17,13:02:27,销售订单5112429984创建成功交货单:8020110265开票：0920761315,S,1,成功
TCL202604170002,1-7TLFUM,1-6EZNUZ,14107558,HLB-fd96db46-f36d-11f0-8cdb-0c42a112278c,,1260.0,0,5112429984,8020110265.0,920761315,2026-04-17,13:02:27,销售订单5112429984创建成功交货单:8020110265开票：0920761315,S,1,成功
TCL202604170002,1-7TLFUM,1-6EZNV0,14107558,HLB-fd96db59-f36d-11f0-8cdb-0c42a112278c,,1260.0,0,5112429984,8020110265.0,920761315,2026-04-17,13:02:27,销售订单5112429984创建成功交货单:8020110265开票：0920761315,S,1,成功
TCL202604170002,1-7TLFUM,1-6EZNV1,14107558,HLB-fd96db6d-f36d-11f0-8cdb-0c42a112278c,,1260.0,0,5112429984,8020110265.0,920761315,2026-04-17,13:02:27,销售订单5112429984创建成功交货单:8020110265开票：0920761315,S,1,成功
TCL202604170002,1-7TLFUM,1-6EZNV2,14107558,HLB-fd96db86-f36d-11f0-8cdb-0c42a112278c,,1260.0,0,5112429984,8020110265.0,920761315,2026-04-17,13:02:27,销售订单5112429984创建成功交货单:8020110265开票：0920761315,S,1,成功
TCL202604170002,1-7TLFUM,1-6EZNV3,14107558,HLB-fd96db9b-f36d-11f0-8cdb-0c42a112278c,,1260.0,0,5112429984,8020110265.0,920761315,2026-04-17,13:02:27,销售订单5112429984创建成功交货单:8020110265开票：0920761315,S,1,成功
TCL202604170002,1-7TLFUM,1-6EZNV4,14107558,HLB-fd96dbb2-f36d-11f0-8cdb-0c42a112278c,,1260.0,0,5112429984,8020110265.0,920761315,2026-04-17,13:02:27,销售订单5112429984创建成功交货单:8020110265开票：0920761315,S,1,成功
TCL202604170002,1-7TLFUM,1-6EZNV5,14107558,HLB-fd96dbc8-f36d-11f0-8cdb-0c42a112278c,,1260.0,0,5112429984,8020110265.0,920761315,2026-04-17,13:02:27,销售订单5112429984创建成功交货单:8020110265开票：0920761315,S,1,成功
TCL202604170002,1-7TLFUM,1-6EZNV6,14107558,HLB-fd96dbdb-f36d-11f0-8cdb-0c42a112278c,,1260.0,0,5112429984,8020110265.0,920761315,2026-04-17,13:02:27,销售订单5112429984创建成功交货单:8020110265开票：0920761315,S,1,成功
TCL202604170002,1-7TLFUM,1-6EZNV7,14107558,HLB-fd96dbef-f36d-11f0-8cdb-0c42a112278c,,1260.0,0,5112429984,8020110265.0,920761315,2026-04-17,13:02:27,销售订单5112429984创建成功交货单:8020110265开票：0920761315,S,1,成功
TCL202604170002,1-7TLFUM,1-6EZNV8,14107558,HLB-fd96dc02-f36d-11f0-8cdb-0c42a112278c,,1260.0,0,5112429984,8020110265.0,920761315,2026-04-17,13:02:27,销售订单5112429984创建成功交货单:8020110265开票：0920761315,S,1,成功
TCL202604170002,1-7TLFUM,1-6EZNV9,14107558,HLB-fd96dc16-f36d-11f0-8cdb-0c42a112278c,,1260.0,0,5112429984,8020110265.0,920761315,2026-04-17,13:02:27,销售订单5112429984创建成功交货单:8020110265开票：0920761315,S,1,成功
TCL202604170002,1-7TLFUM,1-6EZNVA,14107558,HLB-fd96dc29-f36d-11f0-8cdb-0c42a112278c,,1260.0,0,5112429984,8020110265.0,920761315,2026-04-17,13:02:27,销售订单5112429984创建成功交货单:8020110265开票：0920761315,S,1,成功
TCL202604170002,1-7TLFUM,1-6EZVCB,14107580,HLB-fe9a784d-f36d-11f0-8cdb-0c42a112278c,,1260.0,0,5112429984,8020110265.0,920761315,2026-04-17,13:02:27,销售订单5112429984创建成功交货单:8020110265开票：0920761315,S,1,成功
TCL202604170002,1-7TLFUM,1-6EZVCC,14107580,HLB-fe9a7863-f36d-11f0-8cdb-0c42a112278c,,1260.0,0,5112429984,8020110265.0,920761315,2026-04-17,13:02:27,销售订单5112429984创建成功交货单:8020110265开票：0920761315,S,1,成功
TCL202604170002,1-7TLFUM,1-6EZVCD,14107580,HLB-fe9a7878-f36d-11f0-8cdb-0c42a112278c,,1260.0,0,5112429984,8020110265.0,920761315,2026-04-17,13:02:27,销售订单5112429984创建成功交货单:8020110265开票：0920761315,S,1,成功
TCL202604170002,1-7TLFUM,1-6EZVCE,14107580,HLB-fe9a788b-f36d-11f0-8cdb-0c42a112278c,,1260.0,0,5112429984,8020110265.0,920761315,2026-04-17,13:02:27,销售订单5112429984创建成功交货单:8020110265开票：0920761315,S,1,成功
TCL202604170002,1-7TLFUM,1-6EZVCF,14107580,HLB-fe9a789f-f36d-11f0-8cdb-0c42a112278c,,1260.0,0,5112429984,8020110265.0,920761315,2026-04-17,13:02:27,销售订单5112429984创建成功交货单:8020110265开票：0920761315,S,1,成功
TCL202604170002,1-7TLFUM,1-6EZVCG,14107580,HLB-fe9a78b4-f36d-11f0-8cdb-0c42a112278c,,1260.0,0,5112429984,8020110265.0,920761315,2026-04-17,13:02:27,销售订单5112429984创建成功交货单:8020110265开票：0920761315,S,1,成功
TCL202604170002,1-7TLFUM,1-6EZVCH,14107580,HLB-fe9a78c7-f36d-11f0-8cdb-0c42a112278c,,1260.0,0,5112429984,8020110265.0,920761315,2026-04-17,13:02:27,销售订单5112429984创建成功交货单:8020110265开票：0920761315,S,1,成功
TCL202604170002,1-7TLFUM,1-6EZVCI,14107580,HLB-fe9a78dd-f36d-11f0-8cdb-0c42a112278c,,1260.0,0,5112429984,8020110265.0,920761315,2026-04-17,13:02:27,销售订单5112429984创建成功交货单:8020110265开票：0920761315,S,1,成功
TCL202604170002,1-7TLFUM,1-6EZVCJ,14107580,HLB-fe9a78f0-f36d-11f0-8cdb-0c42a112278c,,1260.0,0,5112429984,8020110265.0,920761315,2026-04-17,13:02:27,销售订单5112429984创建成功交货单:8020110265开票：0920761315,S,1,成功
TCL202604170002,1-7TLFUM,1-6EZVCK,14107580,HLB-fe9a7904-f36d-11f0-8cdb-0c42a112278c,,1260.0,0,5112429984,8020110265.0,920761315,2026-04-17,13:02:27,销售订单5112429984创建成功交货单:8020110265开票：0920761315,S,1,成功
TCL202604170002,1-7TLFUM,1-6EZVCL,14107580,HLB-fe9a791a-f36d-11f0-8cdb-0c42a112278c,,1260.0,0,5112429984,8020110265.0,920761315,2026-04-17,13:02:27,销售订单5112429984创建成功交货单:8020110265开票：0920761315,S,1,成功
TCL202604170002,1-7TLFUM,1-6EZVCM,14107580,HLB-fe9a7930-f36d-11f0-8cdb-0c42a112278c,,1260.0,0,5112429984,8020110265.0,920761315,2026-04-17,13:02:27,销售订单5112429984创建成功交货单:8020110265开票：0920761315,S,1,成功
TCL202604170002,1-7TLFUM,1-6EZVCN,14107580,HLB-fe9a794a-f36d-11f0-8cdb-0c42a112278c,,1260.0,0,5112429984,8020110265.0,920761315,2026-04-17,13:02:27,销售订单5112429984创建成功交货单:8020110265开票：0920761315,S,1,成功
TCL202604170002,1-7TLFUM,1-6EZVCO,14107580,HLB-fe9a7960-f36d-11f0-8cdb-0c42a112278c,,1260.0,0,5112429984,8020110265.0,920761315,2026-04-17,13:02:27,销售订单5112429984创建成功交货单:8020110265开票：0920761315,S,1,成功
TCL202604170002,1-7TLFUM,1-6EZVCP,14107580,HLB-fe9a7976-f36d-11f0-8cdb-0c42a112278c,,1260.0,0,5112429984,8020110265.0,920761315,2026-04-17,13:02:27,销售订单5112429984创建成功交货单:8020110265开票：0920761315,S,1,成功
TCL202604170002,1-7TLFUM,1-6EZVCQ,14107580,HLB-fe9a7990-f36d-11f0-8cdb-0c42a112278c,,1260.0,0,5112429984,8020110265.0,920761315,2026-04-17,13:02:27,销售订单5112429984创建成功交货单:8020110265开票：0920761315,S,1,成功
TCL202604170002,1-7TLFUM,1-6EZVCR,14107580,HLB-fe9a79a3-f36d-11f0-8cdb-0c42a112278c,,1260.0,0,5112429984,8020110265.0,920761315,2026-04-17,13:02:27,销售订单5112429984创建成功交货单:8020110265开票：0920761315,S,1,成功
TCL202604170002,1-7TLFUM,1-6EZVCS,14107580,HLB-fe9a79b8-f36d-11f0-8cdb-0c42a112278c,,1260.0,0,5112429984,8020110265.0,920761315,2026-04-17,13:02:27,销售订单5112429984创建成功交货单:8020110265开票：0920761315,S,1,成功
TCL202604170002,1-7TLFUM,1-6EZVCT,14107580,HLB-fe9a79cc-f36d-11f0-8cdb-0c42a112278c,,1260.0,0,5112429984,8020110265.0,920761315,2026-04-17,13:02:27,销售订单5112429984创建成功交货单:8020110265开票：0920761315,S,1,成功
TCL202604170002,1-7TLFUM,1-6EZVCU,14107580,HLB-fe9a79e7-f36d-11f0-8cdb-0c42a112278c,,1260.0,0,5112429984,8020110265.0,920761315,2026-04-17,13:02:27,销售订单5112429984创建成功交货单:8020110265开票：0920761315,S,1,成功
TCL202604170002,1-7TLFUM,1-6EZVCV,14107580,HLB-fe9a79fc-f36d-11f0-8cdb-0c42a112278c,,1260.0,0,5112429984,8020110265.0,920761315,2026-04-17,13:02:27,销售订单5112429984创建成功交货单:8020110265开票：0920761315,S,1,成功
TCL202604170002,1-7TLFUM,1-6EZVCW,14107580,HLB-fe9a7a13-f36d-11f0-8cdb-0c42a112278c,,1260.0,0,5112429984,8020110265.0,920761315,2026-04-17,13:02:27,销售订单5112429984创建成功交货单:8020110265开票：0920761315,S,1,成功
TCL202604170002,1-7TLFUM,1-6EZVCX,14107580,HLB-fe9a7a2b-f36d-11f0-8cdb-0c42a112278c,,1260.0,0,5112429984,8020110265.0,920761315,2026-04-17,13:02:27,销售订单5112429984创建成功交货单:8020110265开票：0920761315,S,1,成功
TCL202604170002,1-7TLFUM,1-6EZVCY,14107580,HLB-fe9a7a41-f36d-11f0-8cdb-0c42a112278c,,1260.0,0,5112429984,8020110265.0,920761315,2026-04-17,13:02:27,销售订单5112429984创建成功交货单:8020110265开票：0920761315,S,1,成功
TCL202604170002,1-7TLFUM,1-6EZVCZ,14107580,HLB-fe9a7a8d-f36d-11f0-8cdb-0c42a112278c,,1260.0,0,5112429984,8020110265.0,920761315,2026-04-17,13:02:27,销售订单5112429984创建成功交货单:8020110265开票：0920761315,S,1,成功
TCL202604170002,1-7TLFUM,1-6F0343,14107588,HLB-fef45495-f36d-11f0-8cdb-0c42a112278c,,1260.0,0,5112429984,8020110265.0,920761315,2026-04-17,13:02:27,销售订单5112429984创建成功交货单:8020110265开票：0920761315,S,1,成功
TCL202604170002,1-7TLFUM,1-6F0344,14107588,HLB-fef454a8-f36d-11f0-8cdb-0c42a112278c,,1260.0,0,5112429984,8020110265.0,920761315,2026-04-17,13:02:27,销售订单5112429984创建成功交货单:8020110265开票：0920761315,S,1,成功
TCL202604170002,1-7TLFUM,1-6F0345,14107588,HLB-fef454bf-f36d-11f0-8cdb-0c42a112278c,,1260.0,0,5112429984,8020110265.0,920761315,2026-04-17,13:02:27,销售订单5112429984创建成功交货单:8020110265开票：0920761315,S,1,成功
TCL202604170002,1-7TLFUM,1-6F0346,14107588,HLB-fef454d3-f36d-11f0-8cdb-0c42a112278c,,1260.0,0,5112429984,8020110265.0,920761315,2026-04-17,13:02:27,销售订单5112429984创建成功交货单:8020110265开票：0920761315,S,1,成功
TCL202604170002,1-7TLFUM,1-6F0347,14107588,HLB-fef454ea-f36d-11f0-8cdb-0c42a112278c,,1260.0,0,5112429984,8020110265.0,920761315,2026-04-17,13:02:27,销售订单5112429984创建成功交货单:8020110265开票：0920761315,S,1,成功
TCL202604170002,1-7TLFUM,1-6F0348,14107588,HLB-fef45500-f36d-11f0-8cdb-0c42a112278c,,1260.0,0,5112429984,8020110265.0,920761315,2026-04-17,13:02:27,销售订单5112429984创建成功交货单:8020110265开票：0920761315,S,1,成功
TCL202604170002,1-7TLFUM,1-6F0349,14107588,HLB-fef45515-f36d-11f0-8cdb-0c42a112278c,,1260.0,0,5112429984,8020110265.0,920761315,2026-04-17,13:02:27,销售订单5112429984创建成功交货单:8020110265开票：0920761315,S,1,成功
TCL202604170002,1-7TLFUM,1-6F034A,14107588,HLB-fef4552f-f36d-11f0-8cdb-0c42a112278c,,1260.0,0,5112429984,8020110265.0,920761315,2026-04-17,13:02:27,销售订单5112429984创建成功交货单:8020110265开票：0920761315,S,1,成功
TCL202604170002,1-7TLFUM,1-6F034B,14107588,HLB-fef45544-f36d-11f0-8cdb-0c42a112278c,,1260.0,0,5112429984,8020110265.0,920761315,2026-04-17,13:02:27,销售订单5112429984创建成功交货单:8020110265开票：0920761315,S,1,成功
TCL202604170002,1-7TLFUM,1-6F034C,14107588,HLB-fef4555d-f36d-11f0-8cdb-0c42a112278c,,1260.0,0,5112429984,8020110265.0,920761315,2026-04-17,13:02:27,销售订单5112429984创建成功交货单:8020110265开票：0920761315,S,1,成功
TCL202604170002,1-7TLFUM,1-6F034D,14107588,HLB-fef45573-f36d-11f0-8cdb-0c42a112278c,,1260.0,0,5112429984,8020110265.0,920761315,2026-04-17,13:02:27,销售订单5112429984创建成功交货单:8020110265开票：0920761315,S,1,成功
TCL202604170002,1-7TLFUM,1-6F034E,14107588,HLB-fef45589-f36d-11f0-8cdb-0c42a112278c,,1260.0,0,5112429984,8020110265.0,920761315,2026-04-17,13:02:27,销售订单5112429984创建成功交货单:8020110265开票：0920761315,S,1,成功
TCL202604170002,1-7TLFUM,1-6F034F,14107588,HLB-fef4559d-f36d-11f0-8cdb-0c42a112278c,,1260.0,0,5112429984,8020110265.0,920761315,2026-04-17,13:02:27,销售订单5112429984创建成功交货单:8020110265开票：0920761315,S,1,成功
TCL202604170002,1-7TLFUM,1-6F034G,14107588,HLB-fef455b6-f36d-11f0-8cdb-0c42a112278c,,1260.0,0,5112429984,8020110265.0,920761315,2026-04-17,13:02:27,销售订单5112429984创建成功交货单:8020110265开票：0920761315,S,1,成功
TCL202604170002,1-7TLFUM,1-6F034H,14107588,HLB-fef455cb-f36d-11f0-8cdb-0c42a112278c,,1260.0,0,5112429984,8020110265.0,920761315,2026-04-17,13:02:27,销售订单5112429984创建成功交货单:8020110265开票：0920761315,S,1,成功
TCL202604170002,1-7TLFUM,1-6F034I,14107588,HLB-fef455de-f36d-11f0-8cdb-0c42a112278c,,1260.0,0,5112429984,8020110265.0,920761315,2026-04-17,13:02:27,销售订单5112429984创建成功交货单:8020110265开票：0920761315,S,1,成功
TCL202604170002,1-7TLFUM,1-6F034J,14107588,HLB-fef455f4-f36d-11f0-8cdb-0c42a112278c,,1260.0,0,5112429984,8020110265.0,920761315,2026-04-17,13:02:27,销售订单5112429984创建成功交货单:8020110265开票：0920761315,S,1,成功
TCL202604170002,1-7TLFUM,1-6F034K,14107588,HLB-fef45607-f36d-11f0-8cdb-0c42a112278c,,1260.0,0,5112429984,8020110265.0,920761315,2026-04-17,13:02:27,销售订单5112429984创建成功交货单:8020110265开票：0920761315,S,1,成功
TCL202604170002,1-7TLFUM,1-6F034L,14107588,HLB-fef45620-f36d-11f0-8cdb-0c42a112278c,,1260.0,0,5112429984,8020110265.0,920761315,2026-04-17,13:02:27,销售订单5112429984创建成功交货单:8020110265开票：0920761315,S,1,成功
TCL202604170002,1-7TLFUM,1-6F034M,14107588,HLB-fef45635-f36d-11f0-8cdb-0c42a112278c,,1260.0,0,5112429984,8020110265.0,920761315,2026-04-17,13:02:27,销售订单5112429984创建成功交货单:8020110265开票：0920761315,S,1,成功
TCL202604170002,1-7TLFUM,1-6F034N,14107588,HLB-fef45649-f36d-11f0-8cdb-0c42a112278c,,1260.0,0,5112429984,8020110265.0,920761315,2026-04-17,13:02:27,销售订单5112429984创建成功交货单:8020110265开票：0920761315,S,1,成功
TCL202604170002,1-7TLFUM,1-6F034O,14107588,HLB-fef4565c-f36d-11f0-8cdb-0c42a112278c,,1260.0,0,5112429984,8020110265.0,920761315,2026-04-17,13:02:27,销售订单5112429984创建成功交货单:8020110265开票：0920761315,S,1,成功
TCL202604170002,1-7TLFUM,1-6F034P,14107588,HLB-fef45671-f36d-11f0-8cdb-0c42a112278c,,1260.0,0,5112429984,8020110265.0,920761315,2026-04-17,13:02:27,销售订单5112429984创建成功交货单:8020110265开票：0920761315,S,1,成功
TCL202604170002,1-7TLFUM,1-6F034Q,14107588,HLB-fef45689-f36d-11f0-8cdb-0c42a112278c,,1260.0,0,5112429984,8020110265.0,920761315,2026-04-17,13:02:27,销售订单5112429984创建成功交货单:8020110265开票：0920761315,S,1,成功
TCL202604170002,1-7TLFUM,1-6F034R,14107588,HLB-fef4569f-f36d-11f0-8cdb-0c42a112278c,,1260.0,0,5112429984,8020110265.0,920761315,2026-04-17,13:02:27,销售订单5112429984创建成功交货单:8020110265开票：0920761315,S,1,成功
TCL202604170002,1-7TLFUM,1-6F0369,14107576,HLB-fe6ce406-f36d-11f0-8cdb-0c42a112278c,,1260.0,0,5112429984,8020110265.0,920761315,2026-04-17,13:02:27,销售订单5112429984创建成功交货单:8020110265开票：0920761315,S,1,成功
TCL202604170002,1-7TLFUM,1-6F036A,14107576,HLB-fe6ce42a-f36d-11f0-8cdb-0c42a112278c,,1260.0,0,5112429984,8020110265.0,920761315,2026-04-17,13:02:27,销售订单5112429984创建成功交货单:8020110265开票：0920761315,S,1,成功
TCL202604170002,1-7TLFUM,1-6F036B,14107576,HLB-fe6ce450-f36d-11f0-8cdb-0c42a112278c,,1260.0,0,5112429984,8020110265.0,920761315,2026-04-17,13:02:27,销售订单5112429984创建成功交货单:8020110265开票：0920761315,S,1,成功
TCL202604170002,1-7TLFUM,1-6F036C,14107576,HLB-fe6ce474-f36d-11f0-8cdb-0c42a112278c,,1260.0,0,5112429984,8020110265.0,920761315,2026-04-17,13:02:27,销售订单5112429984创建成功交货单:8020110265开票：0920761315,S,1,成功
TCL202604170002,1-7TLFUM,1-6F036D,14107576,HLB-fe6ce49b-f36d-11f0-8cdb-0c42a112278c,,1260.0,0,5112429984,8020110265.0,920761315,2026-04-17,13:02:27,销售订单5112429984创建成功交货单:8020110265开票：0920761315,S,1,成功
TCL202604170002,1-7TLFUM,1-6F036E,14107576,HLB-fe6ce4bf-f36d-11f0-8cdb-0c42a112278c,,1260.0,0,5112429984,8020110265.0,920761315,2026-04-17,13:02:27,销售订单5112429984创建成功交货单:8020110265开票：0920761315,S,1,成功
TCL202604170002,1-7TLFUM,1-6F036F,14107576,HLB-fe6ce4e1-f36d-11f0-8cdb-0c42a112278c,,1260.0,0,5112429984,8020110265.0,920761315,2026-04-17,13:02:27,销售订单5112429984创建成功交货单:8020110265开票：0920761315,S,1,成功
TCL202604170002,1-7TLFUM,1-6F036G,14107576,HLB-fe6ce504-f36d-11f0-8cdb-0c42a112278c,,1260.0,0,5112429984,8020110265.0,920761315,2026-04-17,13:02:27,销售订单5112429984创建成功交货单:8020110265开票：0920761315,S,1,成功
TCL202604170002,1-7TLFUM,1-6F036H,14107576,HLB-fe6ce527-f36d-11f0-8cdb-0c42a112278c,,1260.0,0,5112429984,8020110265.0,920761315,2026-04-17,13:02:27,销售订单5112429984创建成功交货单:8020110265开票：0920761315,S,1,成功
TCL202604170002,1-7TLFUM,1-6F036I,14107576,HLB-fe6ce54b-f36d-11f0-8cdb-0c42a112278c,,1260.0,0,5112429984,8020110265.0,920761315,2026-04-17,13:02:27,销售订单5112429984创建成功交货单:8020110265开票：0920761315,S,1,成功
TCL202604170002,1-7TLFUM,1-6F036J,14107576,HLB-fe6ce570-f36d-11f0-8cdb-0c42a112278c,,1260.0,0,5112429984,8020110265.0,920761315,2026-04-17,13:02:27,销售订单5112429984创建成功交货单:8020110265开票：0920761315,S,1,成功
TCL202604170002,1-7TLFUM,1-6F036K,14107576,HLB-fe6ce594-f36d-11f0-8cdb-0c42a112278c,,1260.0,0,5112429984,8020110265.0,920761315,2026-04-17,13:02:27,销售订单5112429984创建成功交货单:8020110265开票：0920761315,S,1,成功
TCL202604170002,1-7TLFUM,1-6F036L,14107576,HLB-fe6ce5b8-f36d-11f0-8cdb-0c42a112278c,,1260.0,0,5112429984,8020110265.0,920761315,2026-04-17,13:02:27,销售订单5112429984创建成功交货单:8020110265开票：0920761315,S,1,成功
TCL202604170002,1-7TLFUM,1-6F036M,14107576,HLB-fe6ce5db-f36d-11f0-8cdb-0c42a112278c,,1260.0,0,5112429984,8020110265.0,920761315,2026-04-17,13:02:27,销售订单5112429984创建成功交货单:8020110265开票：0920761315,S,1,成功
TCL202604170002,1-7TLFUM,1-6F036N,14107576,HLB-fe6ce5fe-f36d-11f0-8cdb-0c42a112278c,,1260.0,0,5112429984,8020110265.0,920761315,2026-04-17,13:02:27,销售订单5112429984创建成功交货单:8020110265开票：0920761315,S,1,成功
TCL202604170002,1-7TLFUM,1-6F036O,14107576,HLB-fe6ce624-f36d-11f0-8cdb-0c42a112278c,,1260.0,0,5112429984,8020110265.0,920761315,2026-04-17,13:02:27,销售订单5112429984创建成功交货单:8020110265开票：0920761315,S,1,成功
TCL202604170002,1-7TLFUM,1-6F036P,14107576,HLB-fe6ce647-f36d-11f0-8cdb-0c42a112278c,,1260.0,0,5112429984,8020110265.0,920761315,2026-04-17,13:02:27,销售订单5112429984创建成功交货单:8020110265开票：0920761315,S,1,成功
TCL202604170002,1-7TLFUM,1-6F036Q,14107576,HLB-fe6ce66d-f36d-11f0-8cdb-0c42a112278c,,1260.0,0,5112429984,8020110265.0,920761315,2026-04-17,13:02:27,销售订单5112429984创建成功交货单:8020110265开票：0920761315,S,1,成功
TCL202604170002,1-7TLFUM,1-6F036R,14107576,HLB-fe6ce692-f36d-11f0-8cdb-0c42a112278c,,1260.0,0,5112429984,8020110265.0,920761315,2026-04-17,13:02:27,销售订单5112429984创建成功交货单:8020110265开票：0920761315,S,1,成功
TCL202604170002,1-7TLFUM,1-6F036S,14107576,HLB-fe6ce6b6-f36d-11f0-8cdb-0c42a112278c,,1260.0,0,5112429984,8020110265.0,920761315,2026-04-17,13:02:27,销售订单5112429984创建成功交货单:8020110265开票：0920761315,S,1,成功
TCL202604170002,1-7TLFUM,1-6F036T,14107576,HLB-fe6ce6d9-f36d-11f0-8cdb-0c42a112278c,,1260.0,0,5112429984,8020110265.0,920761315,2026-04-17,13:02:27,销售订单5112429984创建成功交货单:8020110265开票：0920761315,S,1,成功
TCL202604170002,1-7TLFUM,1-6F036U,14107576,HLB-fe6ce6fc-f36d-11f0-8cdb-0c42a112278c,,1260.0,0,5112429984,8020110265.0,920761315,2026-04-17,13:02:27,销售订单5112429984创建成功交货单:8020110265开票：0920761315,S,1,成功
TCL202604170002,1-7TLFUM,1-6F036V,14107576,HLB-fe6ce71e-f36d-11f0-8cdb-0c42a112278c,,1260.0,0,5112429984,8020110265.0,920761315,2026-04-17,13:02:27,销售订单5112429984创建成功交货单:8020110265开票：0920761315,S,1,成功
TCL202604170002,1-7TLFUM,1-6F036W,14107576,HLB-fe6ce740-f36d-11f0-8cdb-0c42a112278c,,1260.0,0,5112429984,8020110265.0,920761315,2026-04-17,13:02:27,销售订单5112429984创建成功交货单:8020110265开票：0920761315,S,1,成功
TCL202604170002,1-7TLFUM,1-6F036X,14107576,HLB-fe6ce764-f36d-11f0-8cdb-0c42a112278c,,1260.0,0,5112429984,8020110265.0,920761315,2026-04-17,13:02:27,销售订单5112429984创建成功交货单:8020110265开票：0920761315,S,1,成功
TCL202604170002,1-7TLFUM,1-6F09SC,14107598,HLB-ff52b3db-f36d-11f0-8cdb-0c42a112278c,,1260.0,0,5112429984,8020110265.0,920761315,2026-04-17,13:02:27,销售订单5112429984创建成功交货单:8020110265开票：0920761315,S,1,成功
TCL202604170002,1-7TLFUM,1-6F09SD,14107598,HLB-ff52b3f1-f36d-11f0-8cdb-0c42a112278c,,1260.0,0,5112429984,8020110265.0,920761315,2026-04-17,13:02:27,销售订单5112429984创建成功交货单:8020110265开票：0920761315,S,1,成功
TCL202604170002,1-7TLFUM,1-6F09SE,14107598,HLB-ff52b406-f36d-11f0-8cdb-0c42a112278c,,1260.0,0,5112429984,8020110265.0,920761315,2026-04-17,13:02:27,销售订单5112429984创建成功交货单:8020110265开票：0920761315,S,1,成功
TCL202604170002,1-7TLFUM,1-6F09SF,14107598,HLB-ff52b41b-f36d-11f0-8cdb-0c42a112278c,,1260.0,0,5112429984,8020110265.0,920761315,2026-04-17,13:02:27,销售订单5112429984创建成功交货单:8020110265开票：0920761315,S,1,成功
TCL202604170002,1-7TLFUM,1-6F09SG,14107598,HLB-ff52b42e-f36d-11f0-8cdb-0c42a112278c,,1260.0,0,5112429984,8020110265.0,920761315,2026-04-17,13:02:27,销售订单5112429984创建成功交货单:8020110265开票：0920761315,S,1,成功
TCL202604170002,1-7TLFUM,1-6F09SH,14107598,HLB-ff52b445-f36d-11f0-8cdb-0c42a112278c,,1260.0,0,5112429984,8020110265.0,920761315,2026-04-17,13:02:27,销售订单5112429984创建成功交货单:8020110265开票：0920761315,S,1,成功
TCL202604170002,1-7TLFUM,1-6F09SI,14107598,HLB-ff52b45c-f36d-11f0-8cdb-0c42a112278c,,1260.0,0,5112429984,8020110265.0,920761315,2026-04-17,13:02:27,销售订单5112429984创建成功交货单:8020110265开票：0920761315,S,1,成功
TCL202604170002,1-7TLFUM,1-6F09SJ,14107598,HLB-ff52b470-f36d-11f0-8cdb-0c42a112278c,,1260.0,0,5112429984,8020110265.0,920761315,2026-04-17,13:02:27,销售订单5112429984创建成功交货单:8020110265开票：0920761315,S,1,成功
TCL202604170002,1-7TLFUM,1-6F09SK,14107598,HLB-ff52b48a-f36d-11f0-8cdb-0c42a112278c,,1260.0,0,5112429984,8020110265.0,920761315,2026-04-17,13:02:27,销售订单5112429984创建成功交货单:8020110265开票：0920761315,S,1,成功
TCL202604170002,1-7TLFUM,1-6F09SL,14107598,HLB-ff52b4a5-f36d-11f0-8cdb-0c42a112278c,,1260.0,0,5112429984,8020110265.0,920761315,2026-04-17,13:02:27,销售订单5112429984创建成功交货单:8020110265开票：0920761315,S,1,成功
TCL202604170002,1-7TLFUM,1-6F09SM,14107598,HLB-ff52b4bb-f36d-11f0-8cdb-0c42a112278c,,1260.0,0,5112429984,8020110265.0,920761315,2026-04-17,13:02:27,销售订单5112429984创建成功交货单:8020110265开票：0920761315,S,1,成功
TCL202604170002,1-7TLFUM,1-6F09SN,14107598,HLB-ff52b4d1-f36d-11f0-8cdb-0c42a112278c,,1260.0,0,5112429984,8020110265.0,920761315,2026-04-17,13:02:27,销售订单5112429984创建成功交货单:8020110265开票：0920761315,S,1,成功
TCL202604170002,1-7TLFUM,1-6F09SO,14107598,HLB-ff52b4e8-f36d-11f0-8cdb-0c42a112278c,,1260.0,0,5112429984,8020110265.0,920761315,2026-04-17,13:02:27,销售订单5112429984创建成功交货单:8020110265开票：0920761315,S,1,成功
TCL202604170002,1-7TLFUM,1-6F09SP,14107598,HLB-ff52b4fe-f36d-11f0-8cdb-0c42a112278c,,1260.0,0,5112429984,8020110265.0,920761315,2026-04-17,13:02:27,销售订单5112429984创建成功交货单:8020110265开票：0920761315,S,1,成功
TCL202604170002,1-7TLFUM,1-6F09SQ,14107598,HLB-ff52b514-f36d-11f0-8cdb-0c42a112278c,,1260.0,0,5112429984,8020110265.0,920761315,2026-04-17,13:02:27,销售订单5112429984创建成功交货单:8020110265开票：0920761315,S,1,成功
TCL202604170002,1-7TLFUM,1-6F09SR,14107598,HLB-ff6c5f72-f36d-11f0-8cdb-0c42a112278c,,1260.0,0,5112429984,8020110265.0,920761315,2026-04-17,13:02:27,销售订单5112429984创建成功交货单:8020110265开票：0920761315,S,1,成功
TCL202604170002,1-7TLFUM,1-6F09SS,14107598,HLB-ff6c5fc6-f36d-11f0-8cdb-0c42a112278c,,1260.0,0,5112429984,8020110265.0,920761315,2026-04-17,13:02:27,销售订单5112429984创建成功交货单:8020110265开票：0920761315,S,1,成功
TCL202604170002,1-7TLFUM,1-6F09ST,14107598,HLB-ff6c5fe6-f36d-11f0-8cdb-0c42a112278c,,1260.0,0,5112429984,8020110265.0,920761315,2026-04-17,13:02:27,销售订单5112429984创建成功交货单:8020110265开票：0920761315,S,1,成功
TCL202604170002,1-7TLFUM,1-6F09SU,14107598,HLB-ff6c6003-f36d-11f0-8cdb-0c42a112278c,,1260.0,0,5112429984,8020110265.0,920761315,2026-04-17,13:02:27,销售订单5112429984创建成功交货单:8020110265开票：0920761315,S,1,成功
TCL202604170002,1-7TLFUM,1-6F09SV,14107598,HLB-ff6c6025-f36d-11f0-8cdb-0c42a112278c,,1260.0,0,5112429984,8020110265.0,920761315,2026-04-17,13:02:27,销售订单5112429984创建成功交货单:8020110265开票：0920761315,S,1,成功
TCL202604170002,1-7TLFUM,1-6F09SW,14107598,HLB-ff6c6041-f36d-11f0-8cdb-0c42a112278c,,1260.0,0,5112429984,8020110265.0,920761315,2026-04-17,13:02:27,销售订单5112429984创建成功交货单:8020110265开票：0920761315,S,1,成功
TCL202604170002,1-7TLFUM,1-6F09SX,14107598,HLB-ff6c605b-f36d-11f0-8cdb-0c42a112278c,,1260.0,0,5112429984,8020110265.0,920761315,2026-04-17,13:02:27,销售订单5112429984创建成功交货单:8020110265开票：0920761315,S,1,成功
TCL202604170002,1-7TLFUM,1-6F09SY,14107598,HLB-ff6c6090-f36d-11f0-8cdb-0c42a112278c,,1260.0,0,5112429984,8020110265.0,920761315,2026-04-17,13:02:27,销售订单5112429984创建成功交货单:8020110265开票：0920761315,S,1,成功
TCL202604170002,1-7TLFUM,1-6F09SZ,14107598,HLB-ff6c60a6-f36d-11f0-8cdb-0c42a112278c,,1260.0,0,5112429984,8020110265.0,920761315,2026-04-17,13:02:27,销售订单5112429984创建成功交货单:8020110265开票：0920761315,S,1,成功
TCL202604170002,1-7TLFUM,1-6F09T0,14107598,HLB-ff6c60c3-f36d-11f0-8cdb-0c42a112278c,,1260.0,0,5112429984,8020110265.0,920761315,2026-04-17,13:02:27,销售订单5112429984创建成功交货单:8020110265开票：0920761315,S,1,成功
TCL202604170002,1-7TLFUM,1-6F0F4L,14107564,HLB-fde0d447-f36d-11f0-8cdb-0c42a112278c,,1260.0,0,5112429984,8020110265.0,920761315,2026-04-17,13:02:27,销售订单5112429984创建成功交货单:8020110265开票：0920761315,S,1,成功
TCL202604170002,1-7TLFUM,1-6F0F4M,14107564,HLB-fde0d45c-f36d-11f0-8cdb-0c42a112278c,,1260.0,0,5112429984,8020110265.0,920761315,2026-04-17,13:02:27,销售订单5112429984创建成功交货单:8020110265开票：0920761315,S,1,成功
TCL202604170002,1-7TLFUM,1-6F0F4N,14107564,HLB-fde0d470-f36d-11f0-8cdb-0c42a112278c,,1260.0,0,5112429984,8020110265.0,920761315,2026-04-17,13:02:27,销售订单5112429984创建成功交货单:8020110265开票：0920761315,S,1,成功
TCL202604170002,1-7TLFUM,1-6F0F4O,14107564,HLB-fde0d4cf-f36d-11f0-8cdb-0c42a112278c,,1260.0,0,5112429984,8020110265.0,920761315,2026-04-17,13:02:27,销售订单5112429984创建成功交货单:8020110265开票：0920761315,S,1,成功
TCL202604170002,1-7TLFUM,1-6F0F4P,14107564,HLB-fde0d4e7-f36d-11f0-8cdb-0c42a112278c,,1260.0,0,5112429984,8020110265.0,920761315,2026-04-17,13:02:27,销售订单5112429984创建成功交货单:8020110265开票：0920761315,S,1,成功
TCL202604170002,1-7TLFUM,1-6F0F4Q,14107564,HLB-fde0d4fc-f36d-11f0-8cdb-0c42a112278c,,1260.0,0,5112429984,8020110265.0,920761315,2026-04-17,13:02:27,销售订单5112429984创建成功交货单:8020110265开票：0920761315,S,1,成功
TCL202604170002,1-7TLFUM,1-6F0F4R,14107564,HLB-fde0d511-f36d-11f0-8cdb-0c42a112278c,,1260.0,0,5112429984,8020110265.0,920761315,2026-04-17,13:02:27,销售订单5112429984创建成功交货单:8020110265开票：0920761315,S,1,成功
TCL202604170002,1-7TLFUM,1-6F0F4S,14107564,HLB-fde0d528-f36d-11f0-8cdb-0c42a112278c,,1260.0,0,5112429984,8020110265.0,920761315,2026-04-17,13:02:27,销售订单5112429984创建成功交货单:8020110265开票：0920761315,S,1,成功
TCL202604170002,1-7TLFUM,1-6F0F4T,14107564,HLB-fde0d540-f36d-11f0-8cdb-0c42a112278c,,1260.0,0,5112429984,8020110265.0,920761315,2026-04-17,13:02:27,销售订单5112429984创建成功交货单:8020110265开票：0920761315,S,1,成功
TCL202604170002,1-7TLFUM,1-6F0F4U,14107564,HLB-fde0d556-f36d-11f0-8cdb-0c42a112278c,,1260.0,0,5112429984,8020110265.0,920761315,2026-04-17,13:02:27,销售订单5112429984创建成功交货单:8020110265开票：0920761315,S,1,成功
TCL202604170002,1-7TLFUM,1-6F0F4V,14107564,HLB-fde0d56e-f36d-11f0-8cdb-0c42a112278c,,1260.0,0,5112429984,8020110265.0,920761315,2026-04-17,13:02:27,销售订单5112429984创建成功交货单:8020110265开票：0920761315,S,1,成功
TCL202604170002,1-7TLFUM,1-6F0F4W,14107564,HLB-fde0d584-f36d-11f0-8cdb-0c42a112278c,,1260.0,0,5112429984,8020110265.0,920761315,2026-04-17,13:02:27,销售订单5112429984创建成功交货单:8020110265开票：0920761315,S,1,成功
TCL202604170002,1-7TLFUM,1-6F1WC3,14085655,HLB-f9151e10-f10c-11f0-8cdb-0c42a112278c,,1260.0,0,5112429984,8020110265.0,920761315,2026-04-17,13:02:27,销售订单5112429984创建成功交货单:8020110265开票：0920761315,S,1,成功
TCL202604170002,1-7TLFUM,1-6F1WC4,14085655,HLB-f9151e24-f10c-11f0-8cdb-0c42a112278c,,1260.0,0,5112429984,8020110265.0,920761315,2026-04-17,13:02:27,销售订单5112429984创建成功交货单:8020110265开票：0920761315,S,1,成功
TCL202604170002,1-7TLFUM,1-6F1WC5,14085655,HLB-f9151e38-f10c-11f0-8cdb-0c42a112278c,,1260.0,0,5112429984,8020110265.0,920761315,2026-04-17,13:02:27,销售订单5112429984创建成功交货单:8020110265开票：0920761315,S,1,成功
TCL202604170002,1-7TLFUM,1-6F1WC6,14085655,HLB-f9151e50-f10c-11f0-8cdb-0c42a112278c,,1260.0,0,5112429984,8020110265.0,920761315,2026-04-17,13:02:27,销售订单5112429984创建成功交货单:8020110265开票：0920761315,S,1,成功
TCL202604170002,1-7TLFUM,1-6F1WC7,14085655,HLB-f9151e65-f10c-11f0-8cdb-0c42a112278c,,1260.0,0,5112429984,8020110265.0,920761315,2026-04-17,13:02:27,销售订单5112429984创建成功交货单:8020110265开票：0920761315,S,1,成功
TCL202604170002,1-7TLFUM,1-6F1WC8,14085655,HLB-f9151e79-f10c-11f0-8cdb-0c42a112278c,,1260.0,0,5112429984,8020110265.0,920761315,2026-04-17,13:02:27,销售订单5112429984创建成功交货单:8020110265开票：0920761315,S,1,成功
TCL202604170002,1-7TLFUM,1-6F1WC9,14085655,HLB-f9151e8f-f10c-11f0-8cdb-0c42a112278c,,1260.0,0,5112429984,8020110265.0,920761315,2026-04-17,13:02:27,销售订单5112429984创建成功交货单:8020110265开票：0920761315,S,1,成功
TCL202604170002,1-7TLFUM,1-6F1WCA,14085655,HLB-f9151ea8-f10c-11f0-8cdb-0c42a112278c,,1260.0,0,5112429984,8020110265.0,920761315,2026-04-17,13:02:27,销售订单5112429984创建成功交货单:8020110265开票：0920761315,S,1,成功
TCL202604170002,1-7TLFUM,1-6F1WCB,14085655,HLB-f9151ebd-f10c-11f0-8cdb-0c42a112278c,,1260.0,0,5112429984,8020110265.0,920761315,2026-04-17,13:02:27,销售订单5112429984创建成功交货单:8020110265开票：0920761315,S,1,成功
TCL202604170002,1-7TLFUM,1-6F1WCC,14085655,HLB-f93e3c05-f10c-11f0-8cdb-0c42a112278c,,1260.0,0,5112429984,8020110265.0,920761315,2026-04-17,13:02:27,销售订单5112429984创建成功交货单:8020110265开票：0920761315,S,1,成功
TCL202604170002,1-7TLFUM,1-6F1WCD,14085655,HLB-f93e3c75-f10c-11f0-8cdb-0c42a112278c,,1260.0,0,5112429984,8020110265.0,920761315,2026-04-17,13:02:27,销售订单5112429984创建成功交货单:8020110265开票：0920761315,S,1,成功
TCL202604170002,1-7TLFUM,1-6F1WCE,14085655,HLB-f93e3c91-f10c-11f0-8cdb-0c42a112278c,,1260.0,0,5112429984,8020110265.0,920761315,2026-04-17,13:02:27,销售订单5112429984创建成功交货单:8020110265开票：0920761315,S,1,成功
TCL202604170002,1-7TLFUM,1-6F1WCF,14085655,HLB-f93e3caa-f10c-11f0-8cdb-0c42a112278c,,1260.0,0,5112429984,8020110265.0,920761315,2026-04-17,13:02:27,销售订单5112429984创建成功交货单:8020110265开票：0920761315,S,1,成功
TCL202604170002,1-7TLFUM,1-6F1WCG,14085655,HLB-f93e3cc5-f10c-11f0-8cdb-0c42a112278c,,1260.0,0,5112429984,8020110265.0,920761315,2026-04-17,13:02:27,销售订单5112429984创建成功交货单:8020110265开票：0920761315,S,1,成功
TCL202604170002,1-7TLFUM,1-6F1WCH,14085655,HLB-f93e3cdf-f10c-11f0-8cdb-0c42a112278c,,1260.0,0,5112429984,8020110265.0,920761315,2026-04-17,13:02:27,销售订单5112429984创建成功交货单:8020110265开票：0920761315,S,1,成功
TCL202604170002,1-7TLFUM,1-6F1WCI,14085655,HLB-f93e3cf7-f10c-11f0-8cdb-0c42a112278c,,1260.0,0,5112429984,8020110265.0,920761315,2026-04-17,13:02:27,销售订单5112429984创建成功交货单:8020110265开票：0920761315,S,1,成功
TCL202604170002,1-7TLFUM,1-6F1WCJ,14085655,HLB-f93e3d0f-f10c-11f0-8cdb-0c42a112278c,,1260.0,0,5112429984,8020110265.0,920761315,2026-04-17,13:02:27,销售订单5112429984创建成功交货单:8020110265开票：0920761315,S,1,成功
TCL202604170002,1-7TLFUM,1-6F1WCK,14085655,HLB-f93e3d27-f10c-11f0-8cdb-0c42a112278c,,1260.0,0,5112429984,8020110265.0,920761315,2026-04-17,13:02:27,销售订单5112429984创建成功交货单:8020110265开票：0920761315,S,1,成功
TCL202604170002,1-7TLFUM,1-6F1WCL,14085655,HLB-f93e3d44-f10c-11f0-8cdb-0c42a112278c,,1260.0,0,5112429984,8020110265.0,920761315,2026-04-17,13:02:27,销售订单5112429984创建成功交货单:8020110265开票：0920761315,S,1,成功
TCL202604170002,1-7TLFUM,1-6F1WCM,14085655,HLB-f93e3d5d-f10c-11f0-8cdb-0c42a112278c,,1260.0,0,5112429984,8020110265.0,920761315,2026-04-17,13:02:27,销售订单5112429984创建成功交货单:8020110265开票：0920761315,S,1,成功
TCL202604170002,1-7TLFUM,1-6F1WCN,14085655,HLB-f93e3d73-f10c-11f0-8cdb-0c42a112278c,,1260.0,0,5112429984,8020110265.0,920761315,2026-04-17,13:02:27,销售订单5112429984创建成功交货单:8020110265开票：0920761315,S,1,成功
TCL202604170002,1-7TLFUM,1-6F1WCO,14085655,HLB-f93e3d88-f10c-11f0-8cdb-0c42a112278c,,1260.0,0,5112429984,8020110265.0,920761315,2026-04-17,13:02:27,销售订单5112429984创建成功交货单:8020110265开票：0920761315,S,1,成功
TCL202604170002,1-7TLFUM,1-6F1WCP,14085655,HLB-f93e3da0-f10c-11f0-8cdb-0c42a112278c,,1260.0,0,5112429984,8020110265.0,920761315,2026-04-17,13:02:27,销售订单5112429984创建成功交货单:8020110265开票：0920761315,S,1,成功
TCL202604170002,1-7TLFUM,1-6F1WCQ,14085655,HLB-f93e3db5-f10c-11f0-8cdb-0c42a112278c,,1260.0,0,5112429984,8020110265.0,920761315,2026-04-17,13:02:27,销售订单5112429984创建成功交货单:8020110265开票：0920761315,S,1,成功
TCL202604170002,1-7TLFUM,1-6F1WCR,14085655,HLB-f93e3dce-f10c-11f0-8cdb-0c42a112278c,,1260.0,0,5112429984,8020110265.0,920761315,2026-04-17,13:02:27,销售订单5112429984创建成功交货单:8020110265开票：0920761315,S,1,成功
TCL202604170002,1-7TLFUM,1-6F1Y7G,14085656,HLB-f93e3ffc-f10c-11f0-8cdb-0c42a112278c,,1260.0,0,5112429984,8020110265.0,920761315,2026-04-17,13:02:27,销售订单5112429984创建成功交货单:8020110265开票：0920761315,S,1,成功
TCL202604170002,1-7TLFUM,1-6F1Y7H,14085656,HLB-f93e4013-f10c-11f0-8cdb-0c42a112278c,,1260.0,0,5112429984,8020110265.0,920761315,2026-04-17,13:02:27,销售订单5112429984创建成功交货单:8020110265开票：0920761315,S,1,成功
TCL202604170002,1-7TLFUM,1-6F1Y7I,14085656,HLB-f93e4027-f10c-11f0-8cdb-0c42a112278c,,1260.0,0,5112429984,8020110265.0,920761315,2026-04-17,13:02:27,销售订单5112429984创建成功交货单:8020110265开票：0920761315,S,1,成功
TCL202604170002,1-7TLFUM,1-6F1Y7J,14085656,HLB-f93e403b-f10c-11f0-8cdb-0c42a112278c,,1260.0,0,5112429984,8020110265.0,920761315,2026-04-17,13:02:27,销售订单5112429984创建成功交货单:8020110265开票：0920761315,S,1,成功
TCL202604170002,1-7TLFUM,1-6F1Y7K,14085656,HLB-f93e4051-f10c-11f0-8cdb-0c42a112278c,,1260.0,0,5112429984,8020110265.0,920761315,2026-04-17,13:02:27,销售订单5112429984创建成功交货单:8020110265开票：0920761315,S,1,成功
TCL202604170002,1-7TLFUM,1-6F1Y7L,14085656,HLB-f93e4066-f10c-11f0-8cdb-0c42a112278c,,1260.0,0,5112429984,8020110265.0,920761315,2026-04-17,13:02:27,销售订单5112429984创建成功交货单:8020110265开票：0920761315,S,1,成功
TCL202604170002,1-7TLFUM,1-6F1Y7M,14085656,HLB-f93e4079-f10c-11f0-8cdb-0c42a112278c,,1260.0,0,5112429984,8020110265.0,920761315,2026-04-17,13:02:27,销售订单5112429984创建成功交货单:8020110265开票：0920761315,S,1,成功
TCL202604170002,1-7TLFUM,1-6F1Y7N,14085656,HLB-f93e408d-f10c-11f0-8cdb-0c42a112278c,,1260.0,0,5112429984,8020110265.0,920761315,2026-04-17,13:02:27,销售订单5112429984创建成功交货单:8020110265开票：0920761315,S,1,成功
TCL202604170002,1-7TLFUM,1-6F1Y7O,14085656,HLB-f93e40a2-f10c-11f0-8cdb-0c42a112278c,,1260.0,0,5112429984,8020110265.0,920761315,2026-04-17,13:02:27,销售订单5112429984创建成功交货单:8020110265开票：0920761315,S,1,成功
TCL202604170002,1-7TLFUM,1-6F1Y7P,14085656,HLB-f963cebc-f10c-11f0-8cdb-0c42a112278c,,1260.0,0,5112429984,8020110265.0,920761315,2026-04-17,13:02:27,销售订单5112429984创建成功交货单:8020110265开票：0920761315,S,1,成功
TCL202604170002,1-7TLFUM,1-6F1Y7Q,14085656,HLB-f963cf18-f10c-11f0-8cdb-0c42a112278c,,1260.0,0,5112429984,8020110265.0,920761315,2026-04-17,13:02:27,销售订单5112429984创建成功交货单:8020110265开票：0920761315,S,1,成功
TCL202604170002,1-7TLFUM,1-6F1Y7R,14085656,HLB-f963cf39-f10c-11f0-8cdb-0c42a112278c,,1260.0,0,5112429984,8020110265.0,920761315,2026-04-17,13:02:27,销售订单5112429984创建成功交货单:8020110265开票：0920761315,S,1,成功
TCL202604170002,1-7TLFUM,1-6F1Y7S,14085656,HLB-f963cf58-f10c-11f0-8cdb-0c42a112278c,,1260.0,0,5112429984,8020110265.0,920761315,2026-04-17,13:02:27,销售订单5112429984创建成功交货单:8020110265开票：0920761315,S,1,成功
TCL202604170002,1-7TLFUM,1-6F1Y7T,14085656,HLB-f963cf75-f10c-11f0-8cdb-0c42a112278c,,1260.0,0,5112429984,8020110265.0,920761315,2026-04-17,13:02:27,销售订单5112429984创建成功交货单:8020110265开票：0920761315,S,1,成功
TCL202604170002,1-7TLFUM,1-6F1Y7U,14085656,HLB-f963cf8f-f10c-11f0-8cdb-0c42a112278c,,1260.0,0,5112429984,8020110265.0,920761315,2026-04-17,13:02:27,销售订单5112429984创建成功交货单:8020110265开票：0920761315,S,1,成功
TCL202604170002,1-7TLFUM,1-6F1Y7V,14085656,HLB-f963cfab-f10c-11f0-8cdb-0c42a112278c,,1260.0,0,5112429984,8020110265.0,920761315,2026-04-17,13:02:27,销售订单5112429984创建成功交货单:8020110265开票：0920761315,S,1,成功
TCL202604170002,1-7TLFUM,1-6F1Y7W,14085656,HLB-f963cfc6-f10c-11f0-8cdb-0c42a112278c,,1260.0,0,5112429984,8020110265.0,920761315,2026-04-17,13:02:27,销售订单5112429984创建成功交货单:8020110265开票：0920761315,S,1,成功
TCL202604170002,1-7TLFUM,1-6F1Y7X,14085656,HLB-f963cfe1-f10c-11f0-8cdb-0c42a112278c,,1260.0,0,5112429984,8020110265.0,920761315,2026-04-17,13:02:27,销售订单5112429984创建成功交货单:8020110265开票：0920761315,S,1,成功
TCL202604170002,1-7TLFUM,1-6F1Y7Y,14085656,HLB-f963cffa-f10c-11f0-8cdb-0c42a112278c,,1260.0,0,5112429984,8020110265.0,920761315,2026-04-17,13:02:27,销售订单5112429984创建成功交货单:8020110265开票：0920761315,S,1,成功
TCL202604170002,1-7TLFUM,1-6F1Y7Z,14085656,HLB-f963d015-f10c-11f0-8cdb-0c42a112278c,,1260.0,0,5112429984,8020110265.0,920761315,2026-04-17,13:02:27,销售订单5112429984创建成功交货单:8020110265开票：0920761315,S,1,成功
TCL202604170002,1-7TLFUM,1-6F1Y80,14085656,HLB-f963d030-f10c-11f0-8cdb-0c42a112278c,,1260.0,0,5112429984,8020110265.0,920761315,2026-04-17,13:02:27,销售订单5112429984创建成功交货单:8020110265开票：0920761315,S,1,成功
TCL202604170002,1-7TLFUM,1-6F1Y81,14085656,HLB-f963d046-f10c-11f0-8cdb-0c42a112278c,,1260.0,0,5112429984,8020110265.0,920761315,2026-04-17,13:02:27,销售订单5112429984创建成功交货单:8020110265开票：0920761315,S,1,成功
TCL202604170002,1-7TLFUM,1-6F1Y82,14085656,HLB-f963d05b-f10c-11f0-8cdb-0c42a112278c,,1260.0,0,5112429984,8020110265.0,920761315,2026-04-17,13:02:27,销售订单5112429984创建成功交货单:8020110265开票：0920761315,S,1,成功
TCL202604170002,1-7TLFUM,1-6F1Y83,14085656,HLB-f963d071-f10c-11f0-8cdb-0c42a112278c,,1260.0,0,5112429984,8020110265.0,920761315,2026-04-17,13:02:27,销售订单5112429984创建成功交货单:8020110265开票：0920761315,S,1,成功
TCL202604170002,1-7TLFUM,1-6F1Y84,14085656,HLB-f963d08b-f10c-11f0-8cdb-0c42a112278c,,1260.0,0,5112429984,8020110265.0,920761315,2026-04-17,13:02:27,销售订单5112429984创建成功交货单:8020110265开票：0920761315,S,1,成功
TCL202604170002,1-7TLFUM,1-6JWDY3,14147257,HLB-3f200bc9-f7f6-11f0-8cdb-0c42a112278c,,1260.0,0,5112429984,8020110265.0,920761315,2026-04-17,13:02:27,销售订单5112429984创建成功交货单:8020110265开票：0920761315,S,1,成功
TCL202604170002,1-7TLFUM,1-6JWDY4,14147257,HLB-3f200bdf-f7f6-11f0-8cdb-0c42a112278c,,1260.0,0,5112429984,8020110265.0,920761315,2026-04-17,13:02:27,销售订单5112429984创建成功交货单:8020110265开票：0920761315,S,1,成功
TCL202604170002,1-7TLFUM,1-6JWDY5,14147257,HLB-3f200bf5-f7f6-11f0-8cdb-0c42a112278c,,1260.0,0,5112429984,8020110265.0,920761315,2026-04-17,13:02:27,销售订单5112429984创建成功交货单:8020110265开票：0920761315,S,1,成功
TCL202604170002,1-7TLFUM,1-6JWDY6,14147257,HLB-3f200c0a-f7f6-11f0-8cdb-0c42a112278c,,1260.0,0,5112429984,8020110265.0,920761315,2026-04-17,13:02:27,销售订单5112429984创建成功交货单:8020110265开票：0920761315,S,1,成功
TCL202604170002,1-7TLFUM,1-6JWDY7,14147257,HLB-3f200c1e-f7f6-11f0-8cdb-0c42a112278c,,1260.0,0,5112429984,8020110265.0,920761315,2026-04-17,13:02:27,销售订单5112429984创建成功交货单:8020110265开票：0920761315,S,1,成功
TCL202604170002,1-7TLFUM,1-6JWDY8,14147257,HLB-3f200c32-f7f6-11f0-8cdb-0c42a112278c,,1260.0,0,5112429984,8020110265.0,920761315,2026-04-17,13:02:27,销售订单5112429984创建成功交货单:8020110265开票：0920761315,S,1,成功
TCL202604170002,1-7TLFUM,1-6JWDY9,14147257,HLB-3f200c45-f7f6-11f0-8cdb-0c42a112278c,,1260.0,0,5112429984,8020110265.0,920761315,2026-04-17,13:02:27,销售订单5112429984创建成功交货单:8020110265开票：0920761315,S,1,成功
TCL202604170002,1-7TLFUM,1-6JWDYA,14147257,HLB-3f200c5d-f7f6-11f0-8cdb-0c42a112278c,,1260.0,0,5112429984,8020110265.0,920761315,2026-04-17,13:02:27,销售订单5112429984创建成功交货单:8020110265开票：0920761315,S,1,成功
TCL202604170002,1-7TLFUM,1-6JWDYB,14147257,HLB-3f200c70-f7f6-11f0-8cdb-0c42a112278c,,1260.0,0,5112429984,8020110265.0,920761315,2026-04-17,13:02:27,销售订单5112429984创建成功交货单:8020110265开票：0920761315,S,1,成功
TCL202604170002,1-7TLFUM,1-6JWDYC,14147257,HLB-3f200c86-f7f6-11f0-8cdb-0c42a112278c,,1260.0,0,5112429984,8020110265.0,920761315,2026-04-17,13:02:27,销售订单5112429984创建成功交货单:8020110265开票：0920761315,S,1,成功
TCL202604170002,1-7TLFUM,1-6JWDYD,14147257,HLB-3f200c9a-f7f6-11f0-8cdb-0c42a112278c,,1260.0,0,5112429984,8020110265.0,920761315,2026-04-17,13:02:27,销售订单5112429984创建成功交货单:8020110265开票：0920761315,S,1,成功
TCL202604170002,1-7TLFUM,1-6JWDYE,14147257,HLB-3f200cad-f7f6-11f0-8cdb-0c42a112278c,,1260.0,0,5112429984,8020110265.0,920761315,2026-04-17,13:02:27,销售订单5112429984创建成功交货单:8020110265开票：0920761315,S,1,成功
TCL202604170002,1-7TLFUM,1-6JWDYF,14147257,HLB-3f200cc0-f7f6-11f0-8cdb-0c42a112278c,,1260.0,0,5112429984,8020110265.0,920761315,2026-04-17,13:02:27,销售订单5112429984创建成功交货单:8020110265开票：0920761315,S,1,成功
TCL202604170002,1-7TLFUM,1-6JWDYG,14147257,HLB-3f200cd6-f7f6-11f0-8cdb-0c42a112278c,,1260.0,0,5112429984,8020110265.0,920761315,2026-04-17,13:02:27,销售订单5112429984创建成功交货单:8020110265开票：0920761315,S,1,成功
TCL202604170002,1-7TLFUM,1-6JWDYH,14147257,HLB-3f200cec-f7f6-11f0-8cdb-0c42a112278c,,1260.0,0,5112429984,8020110265.0,920761315,2026-04-17,13:02:27,销售订单5112429984创建成功交货单:8020110265开票：0920761315,S,1,成功
TCL202604170002,1-7TLFUM,1-6JWDYI,14147257,HLB-3f200d01-f7f6-11f0-8cdb-0c42a112278c,,1260.0,0,5112429984,8020110265.0,920761315,2026-04-17,13:02:27,销售订单5112429984创建成功交货单:8020110265开票：0920761315,S,1,成功
TCL202604170002,1-7TLFUM,1-6JWDYJ,14147257,HLB-3f200d14-f7f6-11f0-8cdb-0c42a112278c,,1260.0,0,5112429984,8020110265.0,920761315,2026-04-17,13:02:27,销售订单5112429984创建成功交货单:8020110265开票：0920761315,S,1,成功
TCL202604170002,1-7TLFUM,1-6JWDYK,14147257,HLB-3f200d2f-f7f6-11f0-8cdb-0c42a112278c,,1260.0,0,5112429984,8020110265.0,920761315,2026-04-17,13:02:27,销售订单5112429984创建成功交货单:8020110265开票：0920761315,S,1,成功
TCL202604170002,1-7TLFUM,1-6JWDYL,14147257,HLB-3f200d43-f7f6-11f0-8cdb-0c42a112278c,,1260.0,0,5112429984,8020110265.0,920761315,2026-04-17,13:02:27,销售订单5112429984创建成功交货单:8020110265开票：0920761315,S,1,成功
TCL202604170002,1-7TLFUM,1-6JWDYM,14147257,HLB-3f200d57-f7f6-11f0-8cdb-0c42a112278c,,1260.0,0,5112429984,8020110265.0,920761315,2026-04-17,13:02:27,销售订单5112429984创建成功交货单:8020110265开票：0920761315,S,1,成功
TCL202604170002,1-7TLFUM,1-6JWDYN,14147257,HLB-3f200d6b-f7f6-11f0-8cdb-0c42a112278c,,1260.0,0,5112429984,8020110265.0,920761315,2026-04-17,13:02:27,销售订单5112429984创建成功交货单:8020110265开票：0920761315,S,1,成功
TCL202604170002,1-7TLFUM,1-6JWDYO,14147257,HLB-3f200d7f-f7f6-11f0-8cdb-0c42a112278c,,1260.0,0,5112429984,8020110265.0,920761315,2026-04-17,13:02:27,销售订单5112429984创建成功交货单:8020110265开票：0920761315,S,1,成功
TCL202604170002,1-7TLFUM,1-6JWDYP,14147257,HLB-3f200d94-f7f6-11f0-8cdb-0c42a112278c,,1260.0,0,5112429984,8020110265.0,920761315,2026-04-17,13:02:27,销售订单5112429984创建成功交货单:8020110265开票：0920761315,S,1,成功
TCL202604170002,1-7TLFUM,1-6JWDYQ,14147257,HLB-3f200da7-f7f6-11f0-8cdb-0c42a112278c,,1260.0,0,5112429984,8020110265.0,920761315,2026-04-17,13:02:27,销售订单5112429984创建成功交货单:8020110265开票：0920761315,S,1,成功
TCL202604170002,1-7TLFUM,1-6JWDYR,14147257,HLB-3f200dba-f7f6-11f0-8cdb-0c42a112278c,,1260.0,0,5112429984,8020110265.0,920761315,2026-04-17,13:02:27,销售订单5112429984创建成功交货单:8020110265开票：0920761315,S,1,成功
TCL202604170002,1-7TLFUM,1-6P7IYK,14200852,HLB-0f9516fe-fcd9-11f0-8cdb-0c42a112278c,,1260.0,0,5112429984,8020110265.0,920761315,2026-04-17,13:02:27,销售订单5112429984创建成功交货单:8020110265开票：0920761315,S,1,成功
TCL202604170002,1-7TLFUM,1-6P7IYL,14200852,HLB-0f951714-fcd9-11f0-8cdb-0c42a112278c,,1260.0,0,5112429984,8020110265.0,920761315,2026-04-17,13:02:27,销售订单5112429984创建成功交货单:8020110265开票：0920761315,S,1,成功
TCL202604170002,1-7TLFUM,1-6P7IYM,14200852,HLB-0f95172f-fcd9-11f0-8cdb-0c42a112278c,,1260.0,0,5112429984,8020110265.0,920761315,2026-04-17,13:02:27,销售订单5112429984创建成功交货单:8020110265开票：0920761315,S,1,成功
TCL202604170002,1-7TLFUM,1-6P7IYN,14200852,HLB-0f951746-fcd9-11f0-8cdb-0c42a112278c,,1260.0,0,5112429984,8020110265.0,920761315,2026-04-17,13:02:27,销售订单5112429984创建成功交货单:8020110265开票：0920761315,S,1,成功
TCL202604170002,1-7TLFUM,1-6P7IYO,14200852,HLB-0f95175c-fcd9-11f0-8cdb-0c42a112278c,,1260.0,0,5112429984,8020110265.0,920761315,2026-04-17,13:02:27,销售订单5112429984创建成功交货单:8020110265开票：0920761315,S,1,成功
TCL202604170002,1-7TLFUM,1-6P7IYP,14200852,HLB-0f951775-fcd9-11f0-8cdb-0c42a112278c,,1260.0,0,5112429984,8020110265.0,920761315,2026-04-17,13:02:27,销售订单5112429984创建成功交货单:8020110265开票：0920761315,S,1,成功
TCL202604170002,1-7TLFUM,1-6P7IYQ,14200852,HLB-0f95178d-fcd9-11f0-8cdb-0c42a112278c,,1260.0,0,5112429984,8020110265.0,920761315,2026-04-17,13:02:27,销售订单5112429984创建成功交货单:8020110265开票：0920761315,S,1,成功
TCL202604170002,1-7TLFUM,1-6P7IYR,14200852,HLB-0f9517a4-fcd9-11f0-8cdb-0c42a112278c,,1260.0,0,5112429984,8020110265.0,920761315,2026-04-17,13:02:27,销售订单5112429984创建成功交货单:8020110265开票：0920761315,S,1,成功
TCL202604170002,1-7TLFUM,1-6P7IYS,14200852,HLB-0f9517b9-fcd9-11f0-8cdb-0c42a112278c,,1260.0,0,5112429984,8020110265.0,920761315,2026-04-17,13:02:27,销售订单5112429984创建成功交货单:8020110265开票：0920761315,S,1,成功
TCL202604170002,1-7TLFUM,1-6P7IYT,14200852,HLB-0f9517d3-fcd9-11f0-8cdb-0c42a112278c,,1260.0,0,5112429984,8020110265.0,920761315,2026-04-17,13:02:27,销售订单5112429984创建成功交货单:8020110265开票：0920761315,S,1,成功
TCL202604170002,1-7TLFUM,1-6P7IYU,14200852,HLB-0f9517ec-fcd9-11f0-8cdb-0c42a112278c,,1260.0,0,5112429984,8020110265.0,920761315,2026-04-17,13:02:27,销售订单5112429984创建成功交货单:8020110265开票：0920761315,S,1,成功
TCL202604170002,1-7TLFUM,1-6P7IYV,14200852,HLB-0f951806-fcd9-11f0-8cdb-0c42a112278c,,1260.0,0,5112429984,8020110265.0,920761315,2026-04-17,13:02:27,销售订单5112429984创建成功交货单:8020110265开票：0920761315,S,1,成功
TCL202604170002,1-7TLFUM,1-6P7IYW,14200852,HLB-0f95181b-fcd9-11f0-8cdb-0c42a112278c,,1260.0,0,5112429984,8020110265.0,920761315,2026-04-17,13:02:27,销售订单5112429984创建成功交货单:8020110265开票：0920761315,S,1,成功
TCL202604170002,1-7TLFUM,1-6P7IYX,14200852,HLB-0f951832-fcd9-11f0-8cdb-0c42a112278c,,1260.0,0,5112429984,8020110265.0,920761315,2026-04-17,13:02:27,销售订单5112429984创建成功交货单:8020110265开票：0920761315,S,1,成功
TCL202604170002,1-7TLFUM,1-6P7IYY,14200852,HLB-0f951847-fcd9-11f0-8cdb-0c42a112278c,,1260.0,0,5112429984,8020110265.0,920761315,2026-04-17,13:02:27,销售订单5112429984创建成功交货单:8020110265开票：0920761315,S,1,成功
TCL202604170002,1-7TLFUM,1-6P7IYZ,14200852,HLB-0f95185b-fcd9-11f0-8cdb-0c42a112278c,,1260.0,0,5112429984,8020110265.0,920761315,2026-04-17,13:02:27,销售订单5112429984创建成功交货单:8020110265开票：0920761315,S,1,成功
TCL202604170002,1-7TLFUM,1-6P7IZ0,14200852,HLB-0f95186e-fcd9-11f0-8cdb-0c42a112278c,,1260.0,0,5112429984,8020110265.0,920761315,2026-04-17,13:02:27,销售订单5112429984创建成功交货单:8020110265开票：0920761315,S,1,成功
TCL202604170002,1-7TLFUM,1-6P7IZ1,14200852,HLB-0f951882-fcd9-11f0-8cdb-0c42a112278c,,1260.0,0,5112429984,8020110265.0,920761315,2026-04-17,13:02:27,销售订单5112429984创建成功交货单:8020110265开票：0920761315,S,1,成功
TCL202604170002,1-7TLFUM,1-6P7IZ2,14200852,HLB-0f951899-fcd9-11f0-8cdb-0c42a112278c,,1260.0,0,5112429984,8020110265.0,920761315,2026-04-17,13:02:27,销售订单5112429984创建成功交货单:8020110265开票：0920761315,S,1,成功
TCL202604170002,1-7TLFUM,1-6P7IZ3,14200852,HLB-0f9518ad-fcd9-11f0-8cdb-0c42a112278c,,1260.0,0,5112429984,8020110265.0,920761315,2026-04-17,13:02:27,销售订单5112429984创建成功交货单:8020110265开票：0920761315,S,1,成功
TCL202604170002,1-7TLFUM,1-6P7IZ4,14200852,HLB-0f9518c1-fcd9-11f0-8cdb-0c42a112278c,,1260.0,0,5112429984,8020110265.0,920761315,2026-04-17,13:02:27,销售订单5112429984创建成功交货单:8020110265开票：0920761315,S,1,成功
TCL202604170002,1-7TLFUM,1-6P7IZ5,14200852,HLB-0f9518d5-fcd9-11f0-8cdb-0c42a112278c,,1260.0,0,5112429984,8020110265.0,920761315,2026-04-17,13:02:27,销售订单5112429984创建成功交货单:8020110265开票：0920761315,S,1,成功
TCL202604170002,1-7TLFUM,1-6P7IZ6,14200852,HLB-0f9518e9-fcd9-11f0-8cdb-0c42a112278c,,1260.0,0,5112429984,8020110265.0,920761315,2026-04-17,13:02:27,销售订单5112429984创建成功交货单:8020110265开票：0920761315,S,1,成功
TCL202604170002,1-7TLFUM,1-6P7IZ7,14200852,HLB-0f9518fe-fcd9-11f0-8cdb-0c42a112278c,,1260.0,0,5112429984,8020110265.0,920761315,2026-04-17,13:02:27,销售订单5112429984创建成功交货单:8020110265开票：0920761315,S,1,成功
TCL202604170002,1-7TLFUM,1-6P7IZ8,14200852,HLB-0f951912-fcd9-11f0-8cdb-0c42a112278c,,1260.0,0,5112429984,8020110265.0,920761315,2026-04-17,13:02:27,销售订单5112429984创建成功交货单:8020110265开票：0920761315,S,1,成功
TCL202604170002,1-7TLFUM,1-71QD56,14313392,HLB-4e115899-16b0-11f1-8cdb-0c42a112278c,,1260.0,0,5112429984,8020110265.0,920761315,2026-04-17,13:02:27,销售订单5112429984创建成功交货单:8020110265开票：0920761315,S,1,成功
TCL202604170002,1-7TLFUM,1-71QD57,14313392,HLB-4e1158b0-16b0-11f1-8cdb-0c42a112278c,,1260.0,0,5112429984,8020110265.0,920761315,2026-04-17,13:02:27,销售订单5112429984创建成功交货单:8020110265开票：0920761315,S,1,成功
TCL202604170002,1-7TLFUM,1-71QD58,14313392,HLB-4e1158c4-16b0-11f1-8cdb-0c42a112278c,,1260.0,0,5112429984,8020110265.0,920761315,2026-04-17,13:02:27,销售订单5112429984创建成功交货单:8020110265开票：0920761315,S,1,成功
TCL202604170002,1-7TLFUM,1-71QD59,14313392,HLB-4e1158da-16b0-11f1-8cdb-0c42a112278c,,1260.0,0,5112429984,8020110265.0,920761315,2026-04-17,13:02:27,销售订单5112429984创建成功交货单:8020110265开票：0920761315,S,1,成功
TCL202604170002,1-7TLFUM,1-71QD5A,14313392,HLB-4e1158ee-16b0-11f1-8cdb-0c42a112278c,,1260.0,0,5112429984,8020110265.0,920761315,2026-04-17,13:02:27,销售订单5112429984创建成功交货单:8020110265开票：0920761315,S,1,成功
TCL202604170002,1-7TLFUM,1-71QD5B,14313392,HLB-4e115904-16b0-11f1-8cdb-0c42a112278c,,1260.0,0,5112429984,8020110265.0,920761315,2026-04-17,13:02:27,销售订单5112429984创建成功交货单:8020110265开票：0920761315,S,1,成功
TCL202604170002,1-7TLFUM,1-71QD5C,14313392,HLB-4e115919-16b0-11f1-8cdb-0c42a112278c,,1260.0,0,5112429984,8020110265.0,920761315,2026-04-17,13:02:27,销售订单5112429984创建成功交货单:8020110265开票：0920761315,S,1,成功
TCL202604170002,1-7TLFUM,1-71QD5D,14313392,HLB-4e11592e-16b0-11f1-8cdb-0c42a112278c,,1260.0,0,5112429984,8020110265.0,920761315,2026-04-17,13:02:27,销售订单5112429984创建成功交货单:8020110265开票：0920761315,S,1,成功
TCL202604170002,1-7TLFUM,1-71QD5E,14313392,HLB-4e115943-16b0-11f1-8cdb-0c42a112278c,,1260.0,0,5112429984,8020110265.0,920761315,2026-04-17,13:02:27,销售订单5112429984创建成功交货单:8020110265开票：0920761315,S,1,成功
TCL202604170002,1-7TLFUM,1-71QD5F,14313392,HLB-4e115959-16b0-11f1-8cdb-0c42a112278c,,1260.0,0,5112429984,8020110265.0,920761315,2026-04-17,13:02:27,销售订单5112429984创建成功交货单:8020110265开票：0920761315,S,1,成功
TCL202604170002,1-7TLFUM,1-71QD5G,14313392,HLB-4e115972-16b0-11f1-8cdb-0c42a112278c,,1260.0,0,5112429984,8020110265.0,920761315,2026-04-17,13:02:27,销售订单5112429984创建成功交货单:8020110265开票：0920761315,S,1,成功
TCL202604170002,1-7TLFUM,1-71QD5H,14313392,HLB-4e11598b-16b0-11f1-8cdb-0c42a112278c,,1260.0,0,5112429984,8020110265.0,920761315,2026-04-17,13:02:27,销售订单5112429984创建成功交货单:8020110265开票：0920761315,S,1,成功
TCL202604170002,1-7TLFUM,1-71QD5I,14313392,HLB-4e1159a2-16b0-11f1-8cdb-0c42a112278c,,1260.0,0,5112429984,8020110265.0,920761315,2026-04-17,13:02:27,销售订单5112429984创建成功交货单:8020110265开票：0920761315,S,1,成功
TCL202604170002,1-7TLFUM,1-71QD5J,14313392,HLB-4e1159b7-16b0-11f1-8cdb-0c42a112278c,,1260.0,0,5112429984,8020110265.0,920761315,2026-04-17,13:02:27,销售订单5112429984创建成功交货单:8020110265开票：0920761315,S,1,成功
TCL202604170002,1-7TLFUM,1-71QD5K,14313392,HLB-4e1159cb-16b0-11f1-8cdb-0c42a112278c,,1260.0,0,5112429984,8020110265.0,920761315,2026-04-17,13:02:27,销售订单5112429984创建成功交货单:8020110265开票：0920761315,S,1,成功
TCL202604170002,1-7TLFUM,1-71QD5L,14313392,HLB-4e1159e0-16b0-11f1-8cdb-0c42a112278c,,1260.0,0,5112429984,8020110265.0,920761315,2026-04-17,13:02:27,销售订单5112429984创建成功交货单:8020110265开票：0920761315,S,1,成功
TCL202604170002,1-7TLFUM,1-71QD5M,14313392,HLB-4e1159f4-16b0-11f1-8cdb-0c42a112278c,,1260.0,0,5112429984,8020110265.0,920761315,2026-04-17,13:02:27,销售订单5112429984创建成功交货单:8020110265开票：0920761315,S,1,成功
TCL202604170002,1-7TLFUM,1-71QD5N,14313392,HLB-4e115a0d-16b0-11f1-8cdb-0c42a112278c,,1260.0,0,5112429984,8020110265.0,920761315,2026-04-17,13:02:27,销售订单5112429984创建成功交货单:8020110265开票：0920761315,S,1,成功
TCL202604170002,1-7TLFUM,1-71QD5O,14313392,HLB-4e115a24-16b0-11f1-8cdb-0c42a112278c,,1260.0,0,5112429984,8020110265.0,920761315,2026-04-17,13:02:27,销售订单5112429984创建成功交货单:8020110265开票：0920761315,S,1,成功
TCL202604170002,1-7TLFUM,1-71QD5P,14313392,HLB-4e115a3a-16b0-11f1-8cdb-0c42a112278c,,1260.0,0,5112429984,8020110265.0,920761315,2026-04-17,13:02:27,销售订单5112429984创建成功交货单:8020110265开票：0920761315,S,1,成功
TCL202604170002,1-7TLFUM,1-71QD5Q,14313392,HLB-4e115a51-16b0-11f1-8cdb-0c42a112278c,,1260.0,0,5112429984,8020110265.0,920761315,2026-04-17,13:02:27,销售订单5112429984创建成功交货单:8020110265开票：0920761315,S,1,成功
TCL202604170002,1-7TLFUM,1-71QD5R,14313392,HLB-4e115a66-16b0-11f1-8cdb-0c42a112278c,,1260.0,0,5112429984,8020110265.0,920761315,2026-04-17,13:02:27,销售订单5112429984创建成功交货单:8020110265开票：0920761315,S,1,成功
TCL202604170002,1-7TLFUM,1-71QD5S,14313392,HLB-4e115a79-16b0-11f1-8cdb-0c42a112278c,,1260.0,0,5112429984,8020110265.0,920761315,2026-04-17,13:02:27,销售订单5112429984创建成功交货单:8020110265开票：0920761315,S,1,成功
TCL202604170002,1-7TLFUM,1-71QD5T,14313392,HLB-4e115a8e-16b0-11f1-8cdb-0c42a112278c,,1260.0,0,5112429984,8020110265.0,920761315,2026-04-17,13:02:27,销售订单5112429984创建成功交货单:8020110265开票：0920761315,S,1,成功
TCL202604170002,1-7TLFUM,1-71QD5U,14313392,HLB-4e115aa6-16b0-11f1-8cdb-0c42a112278c,,1260.0,0,5112429984,8020110265.0,920761315,2026-04-17,13:02:27,销售订单5112429984创建成功交货单:8020110265开票：0920761315,S,1,成功
TCL202604170002,1-7TLFUM,1-755GWM,14181827,HLB-ee69fc72-fb29-11f0-8cdb-0c42a112278c,,1260.0,0,5112429984,8020110265.0,920761315,2026-04-17,13:02:27,销售订单5112429984创建成功交货单:8020110265开票：0920761315,S,1,成功
TCL202604170002,1-7TLFUM,1-755GWN,14181827,HLB-ee69fc88-fb29-11f0-8cdb-0c42a112278c,,1260.0,0,5112429984,8020110265.0,920761315,2026-04-17,13:02:27,销售订单5112429984创建成功交货单:8020110265开票：0920761315,S,1,成功
TCL202604170002,1-7TLFUM,1-755GWO,14181827,HLB-ee69fc9c-fb29-11f0-8cdb-0c42a112278c,,1260.0,0,5112429984,8020110265.0,920761315,2026-04-17,13:02:27,销售订单5112429984创建成功交货单:8020110265开票：0920761315,S,1,成功
TCL202604170002,1-7TLFUM,1-755GWP,14181827,HLB-ee69fcb1-fb29-11f0-8cdb-0c42a112278c,,1260.0,0,5112429984,8020110265.0,920761315,2026-04-17,13:02:27,销售订单5112429984创建成功交货单:8020110265开票：0920761315,S,1,成功
TCL202604170002,1-7TLFUM,1-755GWQ,14181827,HLB-ee69fcc6-fb29-11f0-8cdb-0c42a112278c,,1260.0,0,5112429984,8020110265.0,920761315,2026-04-17,13:02:27,销售订单5112429984创建成功交货单:8020110265开票：0920761315,S,1,成功
TCL202604170002,1-7TLFUM,1-755GWR,14181827,HLB-ee69fcdb-fb29-11f0-8cdb-0c42a112278c,,1260.0,0,5112429984,8020110265.0,920761315,2026-04-17,13:02:27,销售订单5112429984创建成功交货单:8020110265开票：0920761315,S,1,成功
TCL202604170002,1-7TLFUM,1-755GWS,14181827,HLB-ee69fcf0-fb29-11f0-8cdb-0c42a112278c,,1260.0,0,5112429984,8020110265.0,920761315,2026-04-17,13:02:27,销售订单5112429984创建成功交货单:8020110265开票：0920761315,S,1,成功
TCL202604170002,1-7TLFUM,1-755GWT,14181827,HLB-ee69fd04-fb29-11f0-8cdb-0c42a112278c,,1260.0,0,5112429984,8020110265.0,920761315,2026-04-17,13:02:27,销售订单5112429984创建成功交货单:8020110265开票：0920761315,S,1,成功
TCL202604170002,1-7TLFUM,1-755GWU,14181827,HLB-ee69fd17-fb29-11f0-8cdb-0c42a112278c,,1260.0,0,5112429984,8020110265.0,920761315,2026-04-17,13:02:27,销售订单5112429984创建成功交货单:8020110265开票：0920761315,S,1,成功
TCL202604170002,1-7TLFUM,1-755GWV,14181827,HLB-ee69fd2c-fb29-11f0-8cdb-0c42a112278c,,1260.0,0,5112429984,8020110265.0,920761315,2026-04-17,13:02:27,销售订单5112429984创建成功交货单:8020110265开票：0920761315,S,1,成功
TCL202604170002,1-7TLFUM,1-755GWW,14181827,HLB-ee69fd40-fb29-11f0-8cdb-0c42a112278c,,1260.0,0,5112429984,8020110265.0,920761315,2026-04-17,13:02:27,销售订单5112429984创建成功交货单:8020110265开票：0920761315,S,1,成功
TCL202604170002,1-7TLFUM,1-755GWX,14181827,HLB-ee69fd55-fb29-11f0-8cdb-0c42a112278c,,1260.0,0,5112429984,8020110265.0,920761315,2026-04-17,13:02:27,销售订单5112429984创建成功交货单:8020110265开票：0920761315,S,1,成功
TCL202604170002,1-7TLFUM,1-755GWY,14181827,HLB-ee69fd6a-fb29-11f0-8cdb-0c42a112278c,,1260.0,0,5112429984,8020110265.0,920761315,2026-04-17,13:02:27,销售订单5112429984创建成功交货单:8020110265开票：0920761315,S,1,成功
TCL202604170002,1-7TLFUM,1-755GWZ,14181827,HLB-ee69fd7f-fb29-11f0-8cdb-0c42a112278c,,1260.0,0,5112429984,8020110265.0,920761315,2026-04-17,13:02:27,销售订单5112429984创建成功交货单:8020110265开票：0920761315,S,1,成功
TCL202604170002,1-7TLFUM,1-755GX0,14181827,HLB-ee69fd93-fb29-11f0-8cdb-0c42a112278c,,1260.0,0,5112429984,8020110265.0,920761315,2026-04-17,13:02:27,销售订单5112429984创建成功交货单:8020110265开票：0920761315,S,1,成功
TCL202604170002,1-7TLFUM,1-755GX1,14181827,HLB-ee69fda5-fb29-11f0-8cdb-0c42a112278c,,1260.0,0,5112429984,8020110265.0,920761315,2026-04-17,13:02:27,销售订单5112429984创建成功交货单:8020110265开票：0920761315,S,1,成功
TCL202604170002,1-7TLFUM,1-755GX2,14181827,HLB-ee69fdb9-fb29-11f0-8cdb-0c42a112278c,,1260.0,0,5112429984,8020110265.0,920761315,2026-04-17,13:02:27,销售订单5112429984创建成功交货单:8020110265开票：0920761315,S,1,成功
TCL202604170002,1-7TLFUM,1-755GX3,14181827,HLB-ee69fdcc-fb29-11f0-8cdb-0c42a112278c,,1260.0,0,5112429984,8020110265.0,920761315,2026-04-17,13:02:27,销售订单5112429984创建成功交货单:8020110265开票：0920761315,S,1,成功
TCL202604170002,1-7TLFUM,1-755GX4,14181827,HLB-ee69fde0-fb29-11f0-8cdb-0c42a112278c,,1260.0,0,5112429984,8020110265.0,920761315,2026-04-17,13:02:27,销售订单5112429984创建成功交货单:8020110265开票：0920761315,S,1,成功
TCL202604170002,1-7TLFUM,1-755GX5,14181827,HLB-ee69fdf4-fb29-11f0-8cdb-0c42a112278c,,1260.0,0,5112429984,8020110265.0,920761315,2026-04-17,13:02:27,销售订单5112429984创建成功交货单:8020110265开票：0920761315,S,1,成功
TCL202604170002,1-7TLFUM,1-755GX6,14181827,HLB-ee69fe09-fb29-11f0-8cdb-0c42a112278c,,1260.0,0,5112429984,8020110265.0,920761315,2026-04-17,13:02:27,销售订单5112429984创建成功交货单:8020110265开票：0920761315,S,1,成功
TCL202604170002,1-7TLFUM,1-755GX7,14181827,HLB-ee69fe1c-fb29-11f0-8cdb-0c42a112278c,,1260.0,0,5112429984,8020110265.0,920761315,2026-04-17,13:02:27,销售订单5112429984创建成功交货单:8020110265开票：0920761315,S,1,成功
TCL202604170002,1-7TLFUM,1-755GX8,14181827,HLB-ee69fe2f-fb29-11f0-8cdb-0c42a112278c,,1260.0,0,5112429984,8020110265.0,920761315,2026-04-17,13:02:27,销售订单5112429984创建成功交货单:8020110265开票：0920761315,S,1,成功
TCL202604170002,1-7TLFUM,1-755GX9,14181827,HLB-ee69fe43-fb29-11f0-8cdb-0c42a112278c,,1260.0,0,5112429984,8020110265.0,920761315,2026-04-17,13:02:27,销售订单5112429984创建成功交货单:8020110265开票：0920761315,S,1,成功
TCL202604170002,1-7TLFUM,1-755GXA,14181827,HLB-ee69fe5a-fb29-11f0-8cdb-0c42a112278c,,1260.0,0,5112429984,8020110265.0,920761315,2026-04-17,13:02:27,销售订单5112429984创建成功交货单:8020110265开票：0920761315,S,1,成功
TCL202604170002,1-7TLFUM,1-75L3HJ,14181824,HLB-ee27d685-fb29-11f0-8cdb-0c42a112278c,,1260.0,0,5112429984,8020110265.0,920761315,2026-04-17,13:02:27,销售订单5112429984创建成功交货单:8020110265开票：0920761315,S,1,成功
TCL202604170002,1-7TLFUM,1-75L3HK,14181824,HLB-ee27d69e-fb29-11f0-8cdb-0c42a112278c,,1260.0,0,5112429984,8020110265.0,920761315,2026-04-17,13:02:27,销售订单5112429984创建成功交货单:8020110265开票：0920761315,S,1,成功
TCL202604170002,1-7TLFUM,1-75L3HL,14181824,HLB-ee27d6b6-fb29-11f0-8cdb-0c42a112278c,,1260.0,0,5112429984,8020110265.0,920761315,2026-04-17,13:02:27,销售订单5112429984创建成功交货单:8020110265开票：0920761315,S,1,成功
TCL202604170002,1-7TLFUM,1-75L3HM,14181824,HLB-ee27d6cd-fb29-11f0-8cdb-0c42a112278c,,1260.0,0,5112429984,8020110265.0,920761315,2026-04-17,13:02:27,销售订单5112429984创建成功交货单:8020110265开票：0920761315,S,1,成功
TCL202604170002,1-7TLFUM,1-75L3HN,14181824,HLB-ee27d6e4-fb29-11f0-8cdb-0c42a112278c,,1260.0,0,5112429984,8020110265.0,920761315,2026-04-17,13:02:27,销售订单5112429984创建成功交货单:8020110265开票：0920761315,S,1,成功
TCL202604170002,1-7TLFUM,1-75L3HO,14181824,HLB-ee27d6f7-fb29-11f0-8cdb-0c42a112278c,,1260.0,0,5112429984,8020110265.0,920761315,2026-04-17,13:02:27,销售订单5112429984创建成功交货单:8020110265开票：0920761315,S,1,成功
TCL202604170002,1-7TLFUM,1-75L3HP,14181824,HLB-ee27d70b-fb29-11f0-8cdb-0c42a112278c,,1260.0,0,5112429984,8020110265.0,920761315,2026-04-17,13:02:27,销售订单5112429984创建成功交货单:8020110265开票：0920761315,S,1,成功
TCL202604170002,1-7TLFUM,1-75L3HQ,14181824,HLB-ee27d722-fb29-11f0-8cdb-0c42a112278c,,1260.0,0,5112429984,8020110265.0,920761315,2026-04-17,13:02:27,销售订单5112429984创建成功交货单:8020110265开票：0920761315,S,1,成功
TCL202604170002,1-7TLFUM,1-75L3HR,14181824,HLB-ee27d736-fb29-11f0-8cdb-0c42a112278c,,1260.0,0,5112429984,8020110265.0,920761315,2026-04-17,13:02:27,销售订单5112429984创建成功交货单:8020110265开票：0920761315,S,1,成功
TCL202604170002,1-7TLFUM,1-75L3HS,14181824,HLB-ee27d74c-fb29-11f0-8cdb-0c42a112278c,,1260.0,0,5112429984,8020110265.0,920761315,2026-04-17,13:02:27,销售订单5112429984创建成功交货单:8020110265开票：0920761315,S,1,成功
TCL202604170002,1-7TLFUM,1-75L3HT,14181824,HLB-ee27d763-fb29-11f0-8cdb-0c42a112278c,,1260.0,0,5112429984,8020110265.0,920761315,2026-04-17,13:02:27,销售订单5112429984创建成功交货单:8020110265开票：0920761315,S,1,成功
TCL202604170002,1-7TLFUM,1-75L3HU,14181824,HLB-ee27d779-fb29-11f0-8cdb-0c42a112278c,,1260.0,0,5112429984,8020110265.0,920761315,2026-04-17,13:02:27,销售订单5112429984创建成功交货单:8020110265开票：0920761315,S,1,成功
TCL202604170002,1-7TLFUM,1-75L3HV,14181824,HLB-ee27d791-fb29-11f0-8cdb-0c42a112278c,,1260.0,0,5112429984,8020110265.0,920761315,2026-04-17,13:02:27,销售订单5112429984创建成功交货单:8020110265开票：0920761315,S,1,成功
TCL202604170002,1-7TLFUM,1-75L3HW,14181824,HLB-ee27d7a6-fb29-11f0-8cdb-0c42a112278c,,1260.0,0,5112429984,8020110265.0,920761315,2026-04-17,13:02:27,销售订单5112429984创建成功交货单:8020110265开票：0920761315,S,1,成功
TCL202604170002,1-7TLFUM,1-75L3HX,14181824,HLB-ee27d7ba-fb29-11f0-8cdb-0c42a112278c,,1260.0,0,5112429984,8020110265.0,920761315,2026-04-17,13:02:27,销售订单5112429984创建成功交货单:8020110265开票：0920761315,S,1,成功
TCL202604170002,1-7TLFUM,1-75L3HY,14181824,HLB-ee27d7ce-fb29-11f0-8cdb-0c42a112278c,,1260.0,0,5112429984,8020110265.0,920761315,2026-04-17,13:02:27,销售订单5112429984创建成功交货单:8020110265开票：0920761315,S,1,成功
TCL202604170002,1-7TLFUM,1-75L3HZ,14181824,HLB-ee27d7e3-fb29-11f0-8cdb-0c42a112278c,,1260.0,0,5112429984,8020110265.0,920761315,2026-04-17,13:02:27,销售订单5112429984创建成功交货单:8020110265开票：0920761315,S,1,成功
TCL202604170002,1-7TLFUM,1-75L3I0,14181824,HLB-ee27d7f7-fb29-11f0-8cdb-0c42a112278c,,1260.0,0,5112429984,8020110265.0,920761315,2026-04-17,13:02:27,销售订单5112429984创建成功交货单:8020110265开票：0920761315,S,1,成功
TCL202604170002,1-7TLFUM,1-75L3I1,14181824,HLB-ee27d80c-fb29-11f0-8cdb-0c42a112278c,,1260.0,0,5112429984,8020110265.0,920761315,2026-04-17,13:02:27,销售订单5112429984创建成功交货单:8020110265开票：0920761315,S,1,成功
TCL202604170002,1-7TLFUM,1-75L3I2,14181824,HLB-ee27d821-fb29-11f0-8cdb-0c42a112278c,,1260.0,0,5112429984,8020110265.0,920761315,2026-04-17,13:02:27,销售订单5112429984创建成功交货单:8020110265开票：0920761315,S,1,成功
TCL202604170002,1-7TLFUM,1-75L3I3,14181824,HLB-ee27d838-fb29-11f0-8cdb-0c42a112278c,,1260.0,0,5112429984,8020110265.0,920761315,2026-04-17,13:02:27,销售订单5112429984创建成功交货单:8020110265开票：0920761315,S,1,成功
TCL202604170002,1-7TLFUM,1-75L3I4,14181824,HLB-ee27d86d-fb29-11f0-8cdb-0c42a112278c,,1260.0,0,5112429984,8020110265.0,920761315,2026-04-17,13:02:27,销售订单5112429984创建成功交货单:8020110265开票：0920761315,S,1,成功
TCL202604170002,1-7TLFUM,1-75L3I5,14181824,HLB-ee27d883-fb29-11f0-8cdb-0c42a112278c,,1260.0,0,5112429984,8020110265.0,920761315,2026-04-17,13:02:27,销售订单5112429984创建成功交货单:8020110265开票：0920761315,S,1,成功
TCL202604170002,1-7TLFUM,1-75L3I6,14181824,HLB-ee27d898-fb29-11f0-8cdb-0c42a112278c,,1260.0,0,5112429984,8020110265.0,920761315,2026-04-17,13:02:27,销售订单5112429984创建成功交货单:8020110265开票：0920761315,S,1,成功
TCL202604170002,1-7TLFUM,1-75L3I7,14181824,HLB-ee27d8ad-fb29-11f0-8cdb-0c42a112278c,,1260.0,0,5112429984,8020110265.0,920761315,2026-04-17,13:02:27,销售订单5112429984创建成功交货单:8020110265开票：0920761315,S,1,成功
TCL202604170002,1-7TLG4D,1-6F1WAU,14085655,HLB-f9151bf4-f10c-11f0-8cdb-0c42a112278c,,2220.0,0,5112429984,8020110265.0,920761315,2026-04-17,13:02:27,销售订单5112429984创建成功交货单:8020110265开票：0920761315,S,1,成功
TCL202604170002,1-7TLG4D,1-6F1WAV,14085655,HLB-f9151c0b-f10c-11f0-8cdb-0c42a112278c,,2220.0,0,5112429984,8020110265.0,920761315,2026-04-17,13:02:27,销售订单5112429984创建成功交货单:8020110265开票：0920761315,S,1,成功
TCL202604170002,1-7TLG4D,1-6F1WAW,14085655,HLB-f9151c22-f10c-11f0-8cdb-0c42a112278c,,2220.0,0,5112429984,8020110265.0,920761315,2026-04-17,13:02:27,销售订单5112429984创建成功交货单:8020110265开票：0920761315,S,1,成功
TCL202604170002,1-7TLG4D,1-6F1WAX,14085655,HLB-f9151c3c-f10c-11f0-8cdb-0c42a112278c,,2220.0,0,5112429984,8020110265.0,920761315,2026-04-17,13:02:27,销售订单5112429984创建成功交货单:8020110265开票：0920761315,S,1,成功
TCL202604170002,1-7TLG4D,1-6F1WAY,14085655,HLB-f9151c53-f10c-11f0-8cdb-0c42a112278c,,2220.0,0,5112429984,8020110265.0,920761315,2026-04-17,13:02:27,销售订单5112429984创建成功交货单:8020110265开票：0920761315,S,1,成功
TCL202604170002,1-7TLG4D,1-6F1WAZ,14085655,HLB-f9151c6d-f10c-11f0-8cdb-0c42a112278c,,2220.0,0,5112429984,8020110265.0,920761315,2026-04-17,13:02:27,销售订单5112429984创建成功交货单:8020110265开票：0920761315,S,1,成功
TCL202604170002,1-7TLG4D,1-6F1WB0,14085655,HLB-f9151c85-f10c-11f0-8cdb-0c42a112278c,,2220.0,0,5112429984,8020110265.0,920761315,2026-04-17,13:02:27,销售订单5112429984创建成功交货单:8020110265开票：0920761315,S,1,成功
TCL202604170002,1-7TLG4D,1-6F1WBL,14085655,HLB-f9151c9a-f10c-11f0-8cdb-0c42a112278c,,2220.0,0,5112429984,8020110265.0,920761315,2026-04-17,13:02:27,销售订单5112429984创建成功交货单:8020110265开票：0920761315,S,1,成功
TCL202604170002,1-7TLG4D,1-6F1WBM,14085655,HLB-f9151cb1-f10c-11f0-8cdb-0c42a112278c,,2220.0,0,5112429984,8020110265.0,920761315,2026-04-17,13:02:27,销售订单5112429984创建成功交货单:8020110265开票：0920761315,S,1,成功
TCL202604170002,1-7TLG4D,1-6F1WBN,14085655,HLB-f9151cc6-f10c-11f0-8cdb-0c42a112278c,,2220.0,0,5112429984,8020110265.0,920761315,2026-04-17,13:02:27,销售订单5112429984创建成功交货单:8020110265开票：0920761315,S,1,成功
TCL202604170002,1-7TLG4D,1-6F1WBO,14085655,HLB-f9151cda-f10c-11f0-8cdb-0c42a112278c,,2220.0,0,5112429984,8020110265.0,920761315,2026-04-17,13:02:27,销售订单5112429984创建成功交货单:8020110265开票：0920761315,S,1,成功
TCL202604170002,1-7TLG4D,1-6F1WBP,14085655,HLB-f9151ced-f10c-11f0-8cdb-0c42a112278c,,2220.0,0,5112429984,8020110265.0,920761315,2026-04-17,13:02:27,销售订单5112429984创建成功交货单:8020110265开票：0920761315,S,1,成功
TCL202604170002,1-7TLG4D,1-6F1WBQ,14085655,HLB-f9151d05-f10c-11f0-8cdb-0c42a112278c,,2220.0,0,5112429984,8020110265.0,920761315,2026-04-17,13:02:27,销售订单5112429984创建成功交货单:8020110265开票：0920761315,S,1,成功
TCL202604170002,1-7TLG4D,1-6F1WBR,14085655,HLB-f9151d19-f10c-11f0-8cdb-0c42a112278c,,2220.0,0,5112429984,8020110265.0,920761315,2026-04-17,13:02:27,销售订单5112429984创建成功交货单:8020110265开票：0920761315,S,1,成功
TCL202604170002,1-7TLG4D,1-6F1WBS,14085655,HLB-f9151d2e-f10c-11f0-8cdb-0c42a112278c,,2220.0,0,5112429984,8020110265.0,920761315,2026-04-17,13:02:27,销售订单5112429984创建成功交货单:8020110265开票：0920761315,S,1,成功
TCL202604170002,1-7TLG4D,1-6F1WBT,14085655,HLB-f9151d43-f10c-11f0-8cdb-0c42a112278c,,2220.0,0,5112429984,8020110265.0,920761315,2026-04-17,13:02:27,销售订单5112429984创建成功交货单:8020110265开票：0920761315,S,1,成功
TCL202604170002,1-7TLG4D,1-6F1WBU,14085655,HLB-f9151d57-f10c-11f0-8cdb-0c42a112278c,,2220.0,0,5112429984,8020110265.0,920761315,2026-04-17,13:02:27,销售订单5112429984创建成功交货单:8020110265开票：0920761315,S,1,成功
TCL202604170002,1-7TLG4D,1-6F1WBV,14085655,HLB-f9151d6c-f10c-11f0-8cdb-0c42a112278c,,2220.0,0,5112429984,8020110265.0,920761315,2026-04-17,13:02:27,销售订单5112429984创建成功交货单:8020110265开票：0920761315,S,1,成功
TCL202604170002,1-7TLG4D,1-6F1WBW,14085655,HLB-f9151d82-f10c-11f0-8cdb-0c42a112278c,,2220.0,0,5112429984,8020110265.0,920761315,2026-04-17,13:02:27,销售订单5112429984创建成功交货单:8020110265开票：0920761315,S,1,成功
TCL202604170002,1-7TLG4D,1-6F1WBX,14085655,HLB-f9151d96-f10c-11f0-8cdb-0c42a112278c,,2220.0,0,5112429984,8020110265.0,920761315,2026-04-17,13:02:27,销售订单5112429984创建成功交货单:8020110265开票：0920761315,S,1,成功
TCL202604170002,1-7TLG4D,1-6F1WBY,14085655,HLB-f9151daa-f10c-11f0-8cdb-0c42a112278c,,2220.0,0,5112429984,8020110265.0,920761315,2026-04-17,13:02:27,销售订单5112429984创建成功交货单:8020110265开票：0920761315,S,1,成功
TCL202604170002,1-7TLG4D,1-6F1WBZ,14085655,HLB-f9151dbe-f10c-11f0-8cdb-0c42a112278c,,2220.0,0,5112429984,8020110265.0,920761315,2026-04-17,13:02:27,销售订单5112429984创建成功交货单:8020110265开票：0920761315,S,1,成功
TCL202604170002,1-7TLG4D,1-6F1WC0,14085655,HLB-f9151dd3-f10c-11f0-8cdb-0c42a112278c,,2220.0,0,5112429984,8020110265.0,920761315,2026-04-17,13:02:27,销售订单5112429984创建成功交货单:8020110265开票：0920761315,S,1,成功
TCL202604170002,1-7TLG4D,1-6F1WC1,14085655,HLB-f9151de7-f10c-11f0-8cdb-0c42a112278c,,2220.0,0,5112429984,8020110265.0,920761315,2026-04-17,13:02:27,销售订单5112429984创建成功交货单:8020110265开票：0920761315,S,1,成功
TCL202604170002,1-7TLG4D,1-6F1WC2,14085655,HLB-f9151dfc-f10c-11f0-8cdb-0c42a112278c,,2220.0,0,5112429984,8020110265.0,920761315,2026-04-17,13:02:27,销售订单5112429984创建成功交货单:8020110265开票：0920761315,S,1,成功
TCL202604170002,1-7TLG4D,1-6F1Y6R,14085656,HLB-f93e3de4-f10c-11f0-8cdb-0c42a112278c,,2220.0,0,5112429984,8020110265.0,920761315,2026-04-17,13:02:27,销售订单5112429984创建成功交货单:8020110265开票：0920761315,S,1,成功
TCL202604170002,1-7TLG4D,1-6F1Y6S,14085656,HLB-f93e3df9-f10c-11f0-8cdb-0c42a112278c,,2220.0,0,5112429984,8020110265.0,920761315,2026-04-17,13:02:27,销售订单5112429984创建成功交货单:8020110265开票：0920761315,S,1,成功
TCL202604170002,1-7TLG4D,1-6F1Y6T,14085656,HLB-f93e3e12-f10c-11f0-8cdb-0c42a112278c,,2220.0,0,5112429984,8020110265.0,920761315,2026-04-17,13:02:27,销售订单5112429984创建成功交货单:8020110265开票：0920761315,S,1,成功
TCL202604170002,1-7TLG4D,1-6F1Y6U,14085656,HLB-f93e3e27-f10c-11f0-8cdb-0c42a112278c,,2220.0,0,5112429984,8020110265.0,920761315,2026-04-17,13:02:27,销售订单5112429984创建成功交货单:8020110265开票：0920761315,S,1,成功
TCL202604170002,1-7TLG4D,1-6F1Y6V,14085656,HLB-f93e3e3d-f10c-11f0-8cdb-0c42a112278c,,2220.0,0,5112429984,8020110265.0,920761315,2026-04-17,13:02:27,销售订单5112429984创建成功交货单:8020110265开票：0920761315,S,1,成功
TCL202604170002,1-7TLG4D,1-6F1Y6W,14085656,HLB-f93e3e52-f10c-11f0-8cdb-0c42a112278c,,2220.0,0,5112429984,8020110265.0,920761315,2026-04-17,13:02:27,销售订单5112429984创建成功交货单:8020110265开票：0920761315,S,1,成功
TCL202604170002,1-7TLG4D,1-6F1Y6X,14085656,HLB-f93e3e6c-f10c-11f0-8cdb-0c42a112278c,,2220.0,0,5112429984,8020110265.0,920761315,2026-04-17,13:02:27,销售订单5112429984创建成功交货单:8020110265开票：0920761315,S,1,成功
TCL202604170002,1-7TLG4D,1-6F1Y6Y,14085656,HLB-f93e3e82-f10c-11f0-8cdb-0c42a112278c,,2220.0,0,5112429984,8020110265.0,920761315,2026-04-17,13:02:27,销售订单5112429984创建成功交货单:8020110265开票：0920761315,S,1,成功
TCL202604170002,1-7TLG4D,1-6F1Y6Z,14085656,HLB-f93e3e98-f10c-11f0-8cdb-0c42a112278c,,2220.0,0,5112429984,8020110265.0,920761315,2026-04-17,13:02:27,销售订单5112429984创建成功交货单:8020110265开票：0920761315,S,1,成功
TCL202604170002,1-7TLG4D,1-6F1Y70,14085656,HLB-f93e3eab-f10c-11f0-8cdb-0c42a112278c,,2220.0,0,5112429984,8020110265.0,920761315,2026-04-17,13:02:27,销售订单5112429984创建成功交货单:8020110265开票：0920761315,S,1,成功
TCL202604170002,1-7TLG4D,1-6F1Y71,14085656,HLB-f93e3ec2-f10c-11f0-8cdb-0c42a112278c,,2220.0,0,5112429984,8020110265.0,920761315,2026-04-17,13:02:27,销售订单5112429984创建成功交货单:8020110265开票：0920761315,S,1,成功
TCL202604170002,1-7TLG4D,1-6F1Y72,14085656,HLB-f93e3ed6-f10c-11f0-8cdb-0c42a112278c,,2220.0,0,5112429984,8020110265.0,920761315,2026-04-17,13:02:27,销售订单5112429984创建成功交货单:8020110265开票：0920761315,S,1,成功
TCL202604170002,1-7TLG4D,1-6F1Y73,14085656,HLB-f93e3eea-f10c-11f0-8cdb-0c42a112278c,,2220.0,0,5112429984,8020110265.0,920761315,2026-04-17,13:02:27,销售订单5112429984创建成功交货单:8020110265开票：0920761315,S,1,成功
TCL202604170002,1-7TLG4D,1-6F1Y74,14085656,HLB-f93e3eff-f10c-11f0-8cdb-0c42a112278c,,2220.0,0,5112429984,8020110265.0,920761315,2026-04-17,13:02:27,销售订单5112429984创建成功交货单:8020110265开票：0920761315,S,1,成功
TCL202604170002,1-7TLG4D,1-6F1Y75,14085656,HLB-f93e3f14-f10c-11f0-8cdb-0c42a112278c,,2220.0,0,5112429984,8020110265.0,920761315,2026-04-17,13:02:27,销售订单5112429984创建成功交货单:8020110265开票：0920761315,S,1,成功
TCL202604170002,1-7TLG4D,1-6F1Y76,14085656,HLB-f93e3f28-f10c-11f0-8cdb-0c42a112278c,,2220.0,0,5112429984,8020110265.0,920761315,2026-04-17,13:02:27,销售订单5112429984创建成功交货单:8020110265开票：0920761315,S,1,成功
TCL202604170002,1-7TLG4D,1-6F1Y77,14085656,HLB-f93e3f3c-f10c-11f0-8cdb-0c42a112278c,,2220.0,0,5112429984,8020110265.0,920761315,2026-04-17,13:02:27,销售订单5112429984创建成功交货单:8020110265开票：0920761315,S,1,成功
TCL202604170002,1-7TLG4D,1-6F1Y78,14085656,HLB-f93e3f54-f10c-11f0-8cdb-0c42a112278c,,2220.0,0,5112429984,8020110265.0,920761315,2026-04-17,13:02:27,销售订单5112429984创建成功交货单:8020110265开票：0920761315,S,1,成功
TCL202604170002,1-7TLG4D,1-6F1Y79,14085656,HLB-f93e3f68-f10c-11f0-8cdb-0c42a112278c,,2220.0,0,5112429984,8020110265.0,920761315,2026-04-17,13:02:27,销售订单5112429984创建成功交货单:8020110265开票：0920761315,S,1,成功
TCL202604170002,1-7TLG4D,1-6F1Y7A,14085656,HLB-f93e3f7d-f10c-11f0-8cdb-0c42a112278c,,2220.0,0,5112429984,8020110265.0,920761315,2026-04-17,13:02:27,销售订单5112429984创建成功交货单:8020110265开票：0920761315,S,1,成功
TCL202604170002,1-7TLG4D,1-6F1Y7B,14085656,HLB-f93e3f93-f10c-11f0-8cdb-0c42a112278c,,2220.0,0,5112429984,8020110265.0,920761315,2026-04-17,13:02:27,销售订单5112429984创建成功交货单:8020110265开票：0920761315,S,1,成功
TCL202604170002,1-7TLG4D,1-6F1Y7C,14085656,HLB-f93e3fa9-f10c-11f0-8cdb-0c42a112278c,,2220.0,0,5112429984,8020110265.0,920761315,2026-04-17,13:02:27,销售订单5112429984创建成功交货单:8020110265开票：0920761315,S,1,成功
TCL202604170002,1-7TLG4D,1-6F1Y7D,14085656,HLB-f93e3fc1-f10c-11f0-8cdb-0c42a112278c,,2220.0,0,5112429984,8020110265.0,920761315,2026-04-17,13:02:27,销售订单5112429984创建成功交货单:8020110265开票：0920761315,S,1,成功
TCL202604170002,1-7TLG4D,1-6F1Y7E,14085656,HLB-f93e3fd4-f10c-11f0-8cdb-0c42a112278c,,2220.0,0,5112429984,8020110265.0,920761315,2026-04-17,13:02:27,销售订单5112429984创建成功交货单:8020110265开票：0920761315,S,1,成功
TCL202604170002,1-7TLG4D,1-6F1Y7F,14085656,HLB-f93e3fe8-f10c-11f0-8cdb-0c42a112278c,,2220.0,0,5112429984,8020110265.0,920761315,2026-04-17,13:02:27,销售订单5112429984创建成功交货单:8020110265开票：0920761315,S,1,成功
TCL202604170002,1-7TLG4D,1-6JWDXE,14147257,HLB-3f2008ef-f7f6-11f0-8cdb-0c42a112278c,,2220.0,0,5112429984,8020110265.0,920761315,2026-04-17,13:02:27,销售订单5112429984创建成功交货单:8020110265开票：0920761315,S,1,成功
TCL202604170002,1-7TLG4D,1-6JWDXF,14147257,HLB-3f20094e-f7f6-11f0-8cdb-0c42a112278c,,2220.0,0,5112429984,8020110265.0,920761315,2026-04-17,13:02:27,销售订单5112429984创建成功交货单:8020110265开票：0920761315,S,1,成功
TCL202604170002,1-7TLG4D,1-6JWDXG,14147257,HLB-3f20097b-f7f6-11f0-8cdb-0c42a112278c,,2220.0,0,5112429984,8020110265.0,920761315,2026-04-17,13:02:27,销售订单5112429984创建成功交货单:8020110265开票：0920761315,S,1,成功
TCL202604170002,1-7TLG4D,1-6JWDXH,14147257,HLB-3f200998-f7f6-11f0-8cdb-0c42a112278c,,2220.0,0,5112429984,8020110265.0,920761315,2026-04-17,13:02:27,销售订单5112429984创建成功交货单:8020110265开票：0920761315,S,1,成功
TCL202604170002,1-7TLG4D,1-6JWDXI,14147257,HLB-3f2009b4-f7f6-11f0-8cdb-0c42a112278c,,2220.0,0,5112429984,8020110265.0,920761315,2026-04-17,13:02:27,销售订单5112429984创建成功交货单:8020110265开票：0920761315,S,1,成功
TCL202604170002,1-7TLG4D,1-6JWDXJ,14147257,HLB-3f2009d1-f7f6-11f0-8cdb-0c42a112278c,,2220.0,0,5112429984,8020110265.0,920761315,2026-04-17,13:02:27,销售订单5112429984创建成功交货单:8020110265开票：0920761315,S,1,成功
TCL202604170002,1-7TLG4D,1-6JWDXK,14147257,HLB-3f2009ec-f7f6-11f0-8cdb-0c42a112278c,,2220.0,0,5112429984,8020110265.0,920761315,2026-04-17,13:02:27,销售订单5112429984创建成功交货单:8020110265开票：0920761315,S,1,成功
TCL202604170002,1-7TLG4D,1-6JWDXL,14147257,HLB-3f200a05-f7f6-11f0-8cdb-0c42a112278c,,2220.0,0,5112429984,8020110265.0,920761315,2026-04-17,13:02:27,销售订单5112429984创建成功交货单:8020110265开票：0920761315,S,1,成功
TCL202604170002,1-7TLG4D,1-6JWDXM,14147257,HLB-3f200a20-f7f6-11f0-8cdb-0c42a112278c,,2220.0,0,5112429984,8020110265.0,920761315,2026-04-17,13:02:27,销售订单5112429984创建成功交货单:8020110265开票：0920761315,S,1,成功
TCL202604170002,1-7TLG4D,1-6JWDXN,14147257,HLB-3f200a3f-f7f6-11f0-8cdb-0c42a112278c,,2220.0,0,5112429984,8020110265.0,920761315,2026-04-17,13:02:27,销售订单5112429984创建成功交货单:8020110265开票：0920761315,S,1,成功
TCL202604170002,1-7TLG4D,1-6JWDXO,14147257,HLB-3f200a5c-f7f6-11f0-8cdb-0c42a112278c,,2220.0,0,5112429984,8020110265.0,920761315,2026-04-17,13:02:27,销售订单5112429984创建成功交货单:8020110265开票：0920761315,S,1,成功
TCL202604170002,1-7TLG4D,1-6JWDXP,14147257,HLB-3f200a74-f7f6-11f0-8cdb-0c42a112278c,,2220.0,0,5112429984,8020110265.0,920761315,2026-04-17,13:02:27,销售订单5112429984创建成功交货单:8020110265开票：0920761315,S,1,成功
TCL202604170002,1-7TLG4D,1-6JWDXQ,14147257,HLB-3f200a8e-f7f6-11f0-8cdb-0c42a112278c,,2220.0,0,5112429984,8020110265.0,920761315,2026-04-17,13:02:27,销售订单5112429984创建成功交货单:8020110265开票：0920761315,S,1,成功
TCL202604170002,1-7TLG4D,1-6JWDXR,14147257,HLB-3f200aa5-f7f6-11f0-8cdb-0c42a112278c,,2220.0,0,5112429984,8020110265.0,920761315,2026-04-17,13:02:27,销售订单5112429984创建成功交货单:8020110265开票：0920761315,S,1,成功
TCL202604170002,1-7TLG4D,1-6JWDXS,14147257,HLB-3f200ac0-f7f6-11f0-8cdb-0c42a112278c,,2220.0,0,5112429984,8020110265.0,920761315,2026-04-17,13:02:27,销售订单5112429984创建成功交货单:8020110265开票：0920761315,S,1,成功
TCL202604170002,1-7TLG4D,1-6JWDXT,14147257,HLB-3f200ad9-f7f6-11f0-8cdb-0c42a112278c,,2220.0,0,5112429984,8020110265.0,920761315,2026-04-17,13:02:27,销售订单5112429984创建成功交货单:8020110265开票：0920761315,S,1,成功
TCL202604170002,1-7TLG4D,1-6JWDXU,14147257,HLB-3f200af5-f7f6-11f0-8cdb-0c42a112278c,,2220.0,0,5112429984,8020110265.0,920761315,2026-04-17,13:02:27,销售订单5112429984创建成功交货单:8020110265开票：0920761315,S,1,成功
TCL202604170002,1-7TLG4D,1-6JWDXV,14147257,HLB-3f200b0e-f7f6-11f0-8cdb-0c42a112278c,,2220.0,0,5112429984,8020110265.0,920761315,2026-04-17,13:02:27,销售订单5112429984创建成功交货单:8020110265开票：0920761315,S,1,成功
TCL202604170002,1-7TLG4D,1-6JWDXW,14147257,HLB-3f200b25-f7f6-11f0-8cdb-0c42a112278c,,2220.0,0,5112429984,8020110265.0,920761315,2026-04-17,13:02:27,销售订单5112429984创建成功交货单:8020110265开票：0920761315,S,1,成功
TCL202604170002,1-7TLG4D,1-6JWDXX,14147257,HLB-3f200b44-f7f6-11f0-8cdb-0c42a112278c,,2220.0,0,5112429984,8020110265.0,920761315,2026-04-17,13:02:27,销售订单5112429984创建成功交货单:8020110265开票：0920761315,S,1,成功
TCL202604170002,1-7TLG4D,1-6JWDXY,14147257,HLB-3f200b5c-f7f6-11f0-8cdb-0c42a112278c,,2220.0,0,5112429984,8020110265.0,920761315,2026-04-17,13:02:27,销售订单5112429984创建成功交货单:8020110265开票：0920761315,S,1,成功
TCL202604170002,1-7TLG4D,1-6JWDXZ,14147257,HLB-3f200b71-f7f6-11f0-8cdb-0c42a112278c,,2220.0,0,5112429984,8020110265.0,920761315,2026-04-17,13:02:27,销售订单5112429984创建成功交货单:8020110265开票：0920761315,S,1,成功
TCL202604170002,1-7TLG4D,1-6JWDY0,14147257,HLB-3f200b86-f7f6-11f0-8cdb-0c42a112278c,,2220.0,0,5112429984,8020110265.0,920761315,2026-04-17,13:02:27,销售订单5112429984创建成功交货单:8020110265开票：0920761315,S,1,成功
TCL202604170002,1-7TLG4D,1-6JWDY1,14147257,HLB-3f200b9c-f7f6-11f0-8cdb-0c42a112278c,,2220.0,0,5112429984,8020110265.0,920761315,2026-04-17,13:02:27,销售订单5112429984创建成功交货单:8020110265开票：0920761315,S,1,成功
TCL202604170002,1-7TLG4D,1-6JWDY2,14147257,HLB-3f200bb2-f7f6-11f0-8cdb-0c42a112278c,,2220.0,0,5112429984,8020110265.0,920761315,2026-04-17,13:02:27,销售订单5112429984创建成功交货单:8020110265开票：0920761315,S,1,成功
TCL202604170002,1-7TLG4D,1-75L3GU,14181824,HLB-ee27d3a8-fb29-11f0-8cdb-0c42a112278c,,2220.0,0,5112429984,8020110265.0,920761315,2026-04-17,13:02:27,销售订单5112429984创建成功交货单:8020110265开票：0920761315,S,1,成功
TCL202604170002,1-7TLG4D,1-75L3GV,14181824,HLB-ee27d3fd-fb29-11f0-8cdb-0c42a112278c,,2220.0,0,5112429984,8020110265.0,920761315,2026-04-17,13:02:27,销售订单5112429984创建成功交货单:8020110265开票：0920761315,S,1,成功
TCL202604170002,1-7TLG4D,1-75L3GW,14181824,HLB-ee27d418-fb29-11f0-8cdb-0c42a112278c,,2220.0,0,5112429984,8020110265.0,920761315,2026-04-17,13:02:27,销售订单5112429984创建成功交货单:8020110265开票：0920761315,S,1,成功
TCL202604170002,1-7TLG4D,1-75L3GX,14181824,HLB-ee27d435-fb29-11f0-8cdb-0c42a112278c,,2220.0,0,5112429984,8020110265.0,920761315,2026-04-17,13:02:27,销售订单5112429984创建成功交货单:8020110265开票：0920761315,S,1,成功
TCL202604170002,1-7TLG4D,1-75L3GY,14181824,HLB-ee27d455-fb29-11f0-8cdb-0c42a112278c,,2220.0,0,5112429984,8020110265.0,920761315,2026-04-17,13:02:27,销售订单5112429984创建成功交货单:8020110265开票：0920761315,S,1,成功
TCL202604170002,1-7TLG4D,1-75L3GZ,14181824,HLB-ee27d470-fb29-11f0-8cdb-0c42a112278c,,2220.0,0,5112429984,8020110265.0,920761315,2026-04-17,13:02:27,销售订单5112429984创建成功交货单:8020110265开票：0920761315,S,1,成功
TCL202604170002,1-7TLG4D,1-75L3H0,14181824,HLB-ee27d489-fb29-11f0-8cdb-0c42a112278c,,2220.0,0,5112429984,8020110265.0,920761315,2026-04-17,13:02:27,销售订单5112429984创建成功交货单:8020110265开票：0920761315,S,1,成功
TCL202604170002,1-7TLG4D,1-75L3H1,14181824,HLB-ee27d4a3-fb29-11f0-8cdb-0c42a112278c,,2220.0,0,5112429984,8020110265.0,920761315,2026-04-17,13:02:27,销售订单5112429984创建成功交货单:8020110265开票：0920761315,S,1,成功
TCL202604170002,1-7TLG4D,1-75L3H2,14181824,HLB-ee27d4ba-fb29-11f0-8cdb-0c42a112278c,,2220.0,0,5112429984,8020110265.0,920761315,2026-04-17,13:02:27,销售订单5112429984创建成功交货单:8020110265开票：0920761315,S,1,成功
TCL202604170002,1-7TLG4D,1-75L3H3,14181824,HLB-ee27d4d4-fb29-11f0-8cdb-0c42a112278c,,2220.0,0,5112429984,8020110265.0,920761315,2026-04-17,13:02:27,销售订单5112429984创建成功交货单:8020110265开票：0920761315,S,1,成功
TCL202604170002,1-7TLG4D,1-75L3H4,14181824,HLB-ee27d4eb-fb29-11f0-8cdb-0c42a112278c,,2220.0,0,5112429984,8020110265.0,920761315,2026-04-17,13:02:27,销售订单5112429984创建成功交货单:8020110265开票：0920761315,S,1,成功
TCL202604170002,1-7TLG4D,1-75L3H5,14181824,HLB-ee27d504-fb29-11f0-8cdb-0c42a112278c,,2220.0,0,5112429984,8020110265.0,920761315,2026-04-17,13:02:27,销售订单5112429984创建成功交货单:8020110265开票：0920761315,S,1,成功
TCL202604170002,1-7TLG4D,1-75L3H6,14181824,HLB-ee27d518-fb29-11f0-8cdb-0c42a112278c,,2220.0,0,5112429984,8020110265.0,920761315,2026-04-17,13:02:27,销售订单5112429984创建成功交货单:8020110265开票：0920761315,S,1,成功
TCL202604170002,1-7TLG4D,1-75L3H7,14181824,HLB-ee27d52e-fb29-11f0-8cdb-0c42a112278c,,2220.0,0,5112429984,8020110265.0,920761315,2026-04-17,13:02:27,销售订单5112429984创建成功交货单:8020110265开票：0920761315,S,1,成功
TCL202604170002,1-7TLG4D,1-75L3H8,14181824,HLB-ee27d545-fb29-11f0-8cdb-0c42a112278c,,2220.0,0,5112429984,8020110265.0,920761315,2026-04-17,13:02:27,销售订单5112429984创建成功交货单:8020110265开票：0920761315,S,1,成功
TCL202604170002,1-7TLG4D,1-75L3H9,14181824,HLB-ee27d55d-fb29-11f0-8cdb-0c42a112278c,,2220.0,0,5112429984,8020110265.0,920761315,2026-04-17,13:02:27,销售订单5112429984创建成功交货单:8020110265开票：0920761315,S,1,成功
TCL202604170002,1-7TLG4D,1-75L3HA,14181824,HLB-ee27d578-fb29-11f0-8cdb-0c42a112278c,,2220.0,0,5112429984,8020110265.0,920761315,2026-04-17,13:02:27,销售订单5112429984创建成功交货单:8020110265开票：0920761315,S,1,成功
TCL202604170002,1-7TLG4D,1-75L3HB,14181824,HLB-ee27d593-fb29-11f0-8cdb-0c42a112278c,,2220.0,0,5112429984,8020110265.0,920761315,2026-04-17,13:02:27,销售订单5112429984创建成功交货单:8020110265开票：0920761315,S,1,成功
TCL202604170002,1-7TLG4D,1-75L3HC,14181824,HLB-ee27d5a9-fb29-11f0-8cdb-0c42a112278c,,2220.0,0,5112429984,8020110265.0,920761315,2026-04-17,13:02:27,销售订单5112429984创建成功交货单:8020110265开票：0920761315,S,1,成功
TCL202604170002,1-7TLG4D,1-75L3HD,14181824,HLB-ee27d5bd-fb29-11f0-8cdb-0c42a112278c,,2220.0,0,5112429984,8020110265.0,920761315,2026-04-17,13:02:27,销售订单5112429984创建成功交货单:8020110265开票：0920761315,S,1,成功
TCL202604170002,1-7TLG4D,1-75L3HE,14181824,HLB-ee27d5f2-fb29-11f0-8cdb-0c42a112278c,,2220.0,0,5112429984,8020110265.0,920761315,2026-04-17,13:02:27,销售订单5112429984创建成功交货单:8020110265开票：0920761315,S,1,成功
TCL202604170002,1-7TLG4D,1-75L3HF,14181824,HLB-ee27d607-fb29-11f0-8cdb-0c42a112278c,,2220.0,0,5112429984,8020110265.0,920761315,2026-04-17,13:02:27,销售订单5112429984创建成功交货单:8020110265开票：0920761315,S,1,成功
TCL202604170002,1-7TLG4D,1-75L3HG,14181824,HLB-ee27d622-fb29-11f0-8cdb-0c42a112278c,,2220.0,0,5112429984,8020110265.0,920761315,2026-04-17,13:02:27,销售订单5112429984创建成功交货单:8020110265开票：0920761315,S,1,成功
TCL202604170002,1-7TLG4D,1-75L3HH,14181824,HLB-ee27d63d-fb29-11f0-8cdb-0c42a112278c,,2220.0,0,5112429984,8020110265.0,920761315,2026-04-17,13:02:27,销售订单5112429984创建成功交货单:8020110265开票：0920761315,S,1,成功
TCL202604170002,1-7TLG4D,1-75L3HI,14181824,HLB-ee27d669-fb29-11f0-8cdb-0c42a112278c,,2220.0,0,5112429984,8020110265.0,920761315,2026-04-17,13:02:27,销售订单5112429984创建成功交货单:8020110265开票：0920761315,S,1,成功
TCL202604170002,1-7TLG76,1-6IBZRC,14133845,HLB-04356b15-f666-11f0-8cdb-0c42a112278c,,1870.0,0,5112429984,8020110265.0,920761315,2026-04-17,13:02:27,销售订单5112429984创建成功交货单:8020110265开票：0920761315,S,1,成功
TCL202604170002,1-7TLG76,1-6IBZRD,14133845,HLB-04356b43-f666-11f0-8cdb-0c42a112278c,,1870.0,0,5112429984,8020110265.0,920761315,2026-04-17,13:02:27,销售订单5112429984创建成功交货单:8020110265开票：0920761315,S,1,成功
TCL202604170002,1-7TLG76,1-6IBZRE,14133845,HLB-04356b7a-f666-11f0-8cdb-0c42a112278c,,1870.0,0,5112429984,8020110265.0,920761315,2026-04-17,13:02:27,销售订单5112429984创建成功交货单:8020110265开票：0920761315,S,1,成功
TCL202604170002,1-7TLG76,1-6IBZRF,14133845,HLB-04356baa-f666-11f0-8cdb-0c42a112278c,,1870.0,0,5112429984,8020110265.0,920761315,2026-04-17,13:02:27,销售订单5112429984创建成功交货单:8020110265开票：0920761315,S,1,成功
TCL202604170002,1-7TLG76,1-6IBZRG,14133845,HLB-04356bdf-f666-11f0-8cdb-0c42a112278c,,1870.0,0,5112429984,8020110265.0,920761315,2026-04-17,13:02:27,销售订单5112429984创建成功交货单:8020110265开票：0920761315,S,1,成功
TCL202604170002,1-7TLG76,1-6IBZRH,14133845,HLB-04356c0a-f666-11f0-8cdb-0c42a112278c,,1870.0,0,5112429984,8020110265.0,920761315,2026-04-17,13:02:27,销售订单5112429984创建成功交货单:8020110265开票：0920761315,S,1,成功
TCL202604170002,1-7TLG76,1-6IBZRI,14133845,HLB-04356c34-f666-11f0-8cdb-0c42a112278c,,1870.0,0,5112429984,8020110265.0,920761315,2026-04-17,13:02:27,销售订单5112429984创建成功交货单:8020110265开票：0920761315,S,1,成功
TCL202604170002,1-7TLG76,1-6IBZRJ,14133845,HLB-04356c8b-f666-11f0-8cdb-0c42a112278c,,1870.0,0,5112429984,8020110265.0,920761315,2026-04-17,13:02:27,销售订单5112429984创建成功交货单:8020110265开票：0920761315,S,1,成功
TCL202604170002,1-7TLG76,1-6IBZRK,14133845,HLB-04356cb9-f666-11f0-8cdb-0c42a112278c,,1870.0,0,5112429984,8020110265.0,920761315,2026-04-17,13:02:27,销售订单5112429984创建成功交货单:8020110265开票：0920761315,S,1,成功
TCL202604170002,1-7TLG76,1-6IBZRL,14133845,HLB-04356ce3-f666-11f0-8cdb-0c42a112278c,,1870.0,0,5112429984,8020110265.0,920761315,2026-04-17,13:02:27,销售订单5112429984创建成功交货单:8020110265开票：0920761315,S,1,成功
TCL202604170002,1-7TLG76,1-6IBZRM,14133845,HLB-04356d17-f666-11f0-8cdb-0c42a112278c,,1870.0,0,5112429984,8020110265.0,920761315,2026-04-17,13:02:27,销售订单5112429984创建成功交货单:8020110265开票：0920761315,S,1,成功
TCL202604170002,1-7TLG76,1-6IBZRN,14133845,HLB-04356d3e-f666-11f0-8cdb-0c42a112278c,,1870.0,0,5112429984,8020110265.0,920761315,2026-04-17,13:02:27,销售订单5112429984创建成功交货单:8020110265开票：0920761315,S,1,成功
TCL202604170002,1-7TLG76,1-6IBZRO,14133845,HLB-04356d68-f666-11f0-8cdb-0c42a112278c,,1870.0,0,5112429984,8020110265.0,920761315,2026-04-17,13:02:27,销售订单5112429984创建成功交货单:8020110265开票：0920761315,S,1,成功
TCL202604170002,1-7TLG76,1-6IBZRP,14133845,HLB-04356d8f-f666-11f0-8cdb-0c42a112278c,,1870.0,0,5112429984,8020110265.0,920761315,2026-04-17,13:02:27,销售订单5112429984创建成功交货单:8020110265开票：0920761315,S,1,成功
TCL202604170002,1-7TLG76,1-6IBZRQ,14133845,HLB-04356dbc-f666-11f0-8cdb-0c42a112278c,,1870.0,0,5112429984,8020110265.0,920761315,2026-04-17,13:02:27,销售订单5112429984创建成功交货单:8020110265开票：0920761315,S,1,成功
TCL202604170002,1-7TLG76,1-6IBZRR,14133845,HLB-04356de5-f666-11f0-8cdb-0c42a112278c,,1870.0,0,5112429984,8020110265.0,920761315,2026-04-17,13:02:27,销售订单5112429984创建成功交货单:8020110265开票：0920761315,S,1,成功
TCL202604170002,1-7TLG76,1-6IBZRS,14133845,HLB-04356e0a-f666-11f0-8cdb-0c42a112278c,,1870.0,0,5112429984,8020110265.0,920761315,2026-04-17,13:02:27,销售订单5112429984创建成功交货单:8020110265开票：0920761315,S,1,成功
TCL202604170002,1-7TLG76,1-6IBZRT,14133845,HLB-04356e30-f666-11f0-8cdb-0c42a112278c,,1870.0,0,5112429984,8020110265.0,920761315,2026-04-17,13:02:27,销售订单5112429984创建成功交货单:8020110265开票：0920761315,S,1,成功
TCL202604170002,1-7TLG76,1-6IBZRU,14133845,HLB-04356e57-f666-11f0-8cdb-0c42a112278c,,1870.0,0,5112429984,8020110265.0,920761315,2026-04-17,13:02:27,销售订单5112429984创建成功交货单:8020110265开票：0920761315,S,1,成功
TCL202604170002,1-7TLG76,1-6IBZRV,14133845,HLB-04356e79-f666-11f0-8cdb-0c42a112278c,,1870.0,0,5112429984,8020110265.0,920761315,2026-04-17,13:02:27,销售订单5112429984创建成功交货单:8020110265开票：0920761315,S,1,成功
TCL202604170002,1-7TLG76,1-6IBZRW,14133845,HLB-04356ea2-f666-11f0-8cdb-0c42a112278c,,1870.0,0,5112429984,8020110265.0,920761315,2026-04-17,13:02:27,销售订单5112429984创建成功交货单:8020110265开票：0920761315,S,1,成功
TCL202604170002,1-7TLG76,1-6IBZRX,14133845,HLB-04356ec8-f666-11f0-8cdb-0c42a112278c,,1870.0,0,5112429984,8020110265.0,920761315,2026-04-17,13:02:27,销售订单5112429984创建成功交货单:8020110265开票：0920761315,S,1,成功
TCL202604170002,1-7TLG76,1-6IBZRY,14133845,HLB-04356eeb-f666-11f0-8cdb-0c42a112278c,,1870.0,0,5112429984,8020110265.0,920761315,2026-04-17,13:02:27,销售订单5112429984创建成功交货单:8020110265开票：0920761315,S,1,成功
TCL202604170002,1-7TLG76,1-6IBZRZ,14133845,HLB-04356f16-f666-11f0-8cdb-0c42a112278c,,1870.0,0,5112429984,8020110265.0,920761315,2026-04-17,13:02:27,销售订单5112429984创建成功交货单:8020110265开票：0920761315,S,1,成功
TCL202604170002,1-7TLG76,1-6IBZS0,14133845,HLB-04356f3c-f666-11f0-8cdb-0c42a112278c,,1870.0,0,5112429984,8020110265.0,920761315,2026-04-17,13:02:27,销售订单5112429984创建成功交货单:8020110265开票：0920761315,S,1,成功
TCL202604170002,1-7TLG76,1-6IGKSP,14133841,HLB-03e0f6bc-f666-11f0-8cdb-0c42a112278c,,1870.0,0,5112429984,8020110265.0,920761315,2026-04-17,13:02:27,销售订单5112429984创建成功交货单:8020110265开票：0920761315,S,1,成功
TCL202604170002,1-7TLG76,1-6IGKSQ,14133841,HLB-03e0f6d4-f666-11f0-8cdb-0c42a112278c,,1870.0,0,5112429984,8020110265.0,920761315,2026-04-17,13:02:27,销售订单5112429984创建成功交货单:8020110265开票：0920761315,S,1,成功
TCL202604170002,1-7TLG76,1-6IGKSR,14133841,HLB-03e0f70f-f666-11f0-8cdb-0c42a112278c,,1870.0,0,5112429984,8020110265.0,920761315,2026-04-17,13:02:27,销售订单5112429984创建成功交货单:8020110265开票：0920761315,S,1,成功
TCL202604170002,1-7TLG76,1-6IGKSS,14133841,HLB-03e0f730-f666-11f0-8cdb-0c42a112278c,,1870.0,0,5112429984,8020110265.0,920761315,2026-04-17,13:02:27,销售订单5112429984创建成功交货单:8020110265开票：0920761315,S,1,成功
TCL202604170002,1-7TLG76,1-6IGKST,14133841,HLB-03e0f74c-f666-11f0-8cdb-0c42a112278c,,1870.0,0,5112429984,8020110265.0,920761315,2026-04-17,13:02:27,销售订单5112429984创建成功交货单:8020110265开票：0920761315,S,1,成功
TCL202604170002,1-7TLG76,1-6IGKSU,14133841,HLB-03e0f768-f666-11f0-8cdb-0c42a112278c,,1870.0,0,5112429984,8020110265.0,920761315,2026-04-17,13:02:27,销售订单5112429984创建成功交货单:8020110265开票：0920761315,S,1,成功
TCL202604170002,1-7TLG76,1-6IGKSV,14133841,HLB-03e0f77d-f666-11f0-8cdb-0c42a112278c,,1870.0,0,5112429984,8020110265.0,920761315,2026-04-17,13:02:27,销售订单5112429984创建成功交货单:8020110265开票：0920761315,S,1,成功
TCL202604170002,1-7TLG76,1-6IGKSW,14133841,HLB-03e0f797-f666-11f0-8cdb-0c42a112278c,,1870.0,0,5112429984,8020110265.0,920761315,2026-04-17,13:02:27,销售订单5112429984创建成功交货单:8020110265开票：0920761315,S,1,成功
TCL202604170002,1-7TLG76,1-6IGKSX,14133841,HLB-03e0f7b2-f666-11f0-8cdb-0c42a112278c,,1870.0,0,5112429984,8020110265.0,920761315,2026-04-17,13:02:27,销售订单5112429984创建成功交货单:8020110265开票：0920761315,S,1,成功
TCL202604170002,1-7TLG76,1-6IGKSY,14133841,HLB-03e0f7ce-f666-11f0-8cdb-0c42a112278c,,1870.0,0,5112429984,8020110265.0,920761315,2026-04-17,13:02:27,销售订单5112429984创建成功交货单:8020110265开票：0920761315,S,1,成功
TCL202604170002,1-7TLG76,1-6IGKSZ,14133841,HLB-03e0f7f2-f666-11f0-8cdb-0c42a112278c,,1870.0,0,5112429984,8020110265.0,920761315,2026-04-17,13:02:27,销售订单5112429984创建成功交货单:8020110265开票：0920761315,S,1,成功
TCL202604170002,1-7TLG76,1-6IGKT0,14133841,HLB-03e0f808-f666-11f0-8cdb-0c42a112278c,,1870.0,0,5112429984,8020110265.0,920761315,2026-04-17,13:02:27,销售订单5112429984创建成功交货单:8020110265开票：0920761315,S,1,成功
TCL202604170002,1-7TLG76,1-6IGKT1,14133841,HLB-03e0f81d-f666-11f0-8cdb-0c42a112278c,,1870.0,0,5112429984,8020110265.0,920761315,2026-04-17,13:02:27,销售订单5112429984创建成功交货单:8020110265开票：0920761315,S,1,成功
TCL202604170002,1-7TLG76,1-6IGKT2,14133841,HLB-03e0f835-f666-11f0-8cdb-0c42a112278c,,1870.0,0,5112429984,8020110265.0,920761315,2026-04-17,13:02:27,销售订单5112429984创建成功交货单:8020110265开票：0920761315,S,1,成功
TCL202604170002,1-7TLG76,1-6IGKT3,14133841,HLB-03e0f860-f666-11f0-8cdb-0c42a112278c,,1870.0,0,5112429984,8020110265.0,920761315,2026-04-17,13:02:27,销售订单5112429984创建成功交货单:8020110265开票：0920761315,S,1,成功
TCL202604170002,1-7TLG76,1-6IGKT4,14133841,HLB-03e0f879-f666-11f0-8cdb-0c42a112278c,,1870.0,0,5112429984,8020110265.0,920761315,2026-04-17,13:02:27,销售订单5112429984创建成功交货单:8020110265开票：0920761315,S,1,成功
TCL202604170002,1-7TLG76,1-6IGKT5,14133841,HLB-03e0f892-f666-11f0-8cdb-0c42a112278c,,1870.0,0,5112429984,8020110265.0,920761315,2026-04-17,13:02:27,销售订单5112429984创建成功交货单:8020110265开票：0920761315,S,1,成功
TCL202604170002,1-7TLG76,1-6IGKT6,14133841,HLB-03e0f8e3-f666-11f0-8cdb-0c42a112278c,,1870.0,0,5112429984,8020110265.0,920761315,2026-04-17,13:02:27,销售订单5112429984创建成功交货单:8020110265开票：0920761315,S,1,成功
TCL202604170002,1-7TLG76,1-6IGKT7,14133841,HLB-03e0f900-f666-11f0-8cdb-0c42a112278c,,1870.0,0,5112429984,8020110265.0,920761315,2026-04-17,13:02:27,销售订单5112429984创建成功交货单:8020110265开票：0920761315,S,1,成功
TCL202604170002,1-7TLG76,1-6IGKT8,14133841,HLB-03e0f918-f666-11f0-8cdb-0c42a112278c,,1870.0,0,5112429984,8020110265.0,920761315,2026-04-17,13:02:27,销售订单5112429984创建成功交货单:8020110265开票：0920761315,S,1,成功
TCL202604170002,1-7TLG76,1-6IGKT9,14133841,HLB-03e0f93a-f666-11f0-8cdb-0c42a112278c,,1870.0,0,5112429984,8020110265.0,920761315,2026-04-17,13:02:27,销售订单5112429984创建成功交货单:8020110265开票：0920761315,S,1,成功
TCL202604170002,1-7TLG76,1-6IGKTA,14133841,HLB-03e0f953-f666-11f0-8cdb-0c42a112278c,,1870.0,0,5112429984,8020110265.0,920761315,2026-04-17,13:02:27,销售订单5112429984创建成功交货单:8020110265开票：0920761315,S,1,成功
TCL202604170002,1-7TLG76,1-6IGKTB,14133841,HLB-03e0f96b-f666-11f0-8cdb-0c42a112278c,,1870.0,0,5112429984,8020110265.0,920761315,2026-04-17,13:02:27,销售订单5112429984创建成功交货单:8020110265开票：0920761315,S,1,成功
TCL202604170002,1-7TLG76,1-6IGKTC,14133841,HLB-03e0f982-f666-11f0-8cdb-0c42a112278c,,1870.0,0,5112429984,8020110265.0,920761315,2026-04-17,13:02:27,销售订单5112429984创建成功交货单:8020110265开票：0920761315,S,1,成功
TCL202604170002,1-7TLG76,1-6IGKTD,14133841,HLB-03e0f9a0-f666-11f0-8cdb-0c42a112278c,,1870.0,0,5112429984,8020110265.0,920761315,2026-04-17,13:02:27,销售订单5112429984创建成功交货单:8020110265开票：0920761315,S,1,成功
TCL202604170002,1-7TLG76,1-6IGQAX,14133847,HLB-045ebe9c-f666-11f0-8cdb-0c42a112278c,,1870.0,0,5112429984,8020110265.0,920761315,2026-04-17,13:02:27,销售订单5112429984创建成功交货单:8020110265开票：0920761315,S,1,成功
TCL202604170002,1-7TLG76,1-6IGQAY,14133847,HLB-045ebeb2-f666-11f0-8cdb-0c42a112278c,,1870.0,0,5112429984,8020110265.0,920761315,2026-04-17,13:02:27,销售订单5112429984创建成功交货单:8020110265开票：0920761315,S,1,成功
TCL202604170002,1-7TLG76,1-6IGQAZ,14133847,HLB-045ebec8-f666-11f0-8cdb-0c42a112278c,,1870.0,0,5112429984,8020110265.0,920761315,2026-04-17,13:02:27,销售订单5112429984创建成功交货单:8020110265开票：0920761315,S,1,成功
TCL202604170002,1-7TLG76,1-6IGQB0,14133847,HLB-045ebee8-f666-11f0-8cdb-0c42a112278c,,1870.0,0,5112429984,8020110265.0,920761315,2026-04-17,13:02:27,销售订单5112429984创建成功交货单:8020110265开票：0920761315,S,1,成功
TCL202604170002,1-7TLG76,1-6IGQB1,14133847,HLB-045ebf00-f666-11f0-8cdb-0c42a112278c,,1870.0,0,5112429984,8020110265.0,920761315,2026-04-17,13:02:27,销售订单5112429984创建成功交货单:8020110265开票：0920761315,S,1,成功
TCL202604170002,1-7TLG76,1-6IGQB2,14133847,HLB-045ebf17-f666-11f0-8cdb-0c42a112278c,,1870.0,0,5112429984,8020110265.0,920761315,2026-04-17,13:02:27,销售订单5112429984创建成功交货单:8020110265开票：0920761315,S,1,成功
TCL202604170002,1-7TLG76,1-6IGQB3,14133847,HLB-045ebf31-f666-11f0-8cdb-0c42a112278c,,1870.0,0,5112429984,8020110265.0,920761315,2026-04-17,13:02:27,销售订单5112429984创建成功交货单:8020110265开票：0920761315,S,1,成功
TCL202604170002,1-7TLG76,1-6IGQB4,14133847,HLB-045ebf47-f666-11f0-8cdb-0c42a112278c,,1870.0,0,5112429984,8020110265.0,920761315,2026-04-17,13:02:27,销售订单5112429984创建成功交货单:8020110265开票：0920761315,S,1,成功
TCL202604170002,1-7TLG76,1-6IGQB5,14133847,HLB-045ebf5c-f666-11f0-8cdb-0c42a112278c,,1870.0,0,5112429984,8020110265.0,920761315,2026-04-17,13:02:27,销售订单5112429984创建成功交货单:8020110265开票：0920761315,S,1,成功
TCL202604170002,1-7TLG76,1-6IGQB6,14133847,HLB-045ebf70-f666-11f0-8cdb-0c42a112278c,,1870.0,0,5112429984,8020110265.0,920761315,2026-04-17,13:02:27,销售订单5112429984创建成功交货单:8020110265开票：0920761315,S,1,成功
TCL202604170002,1-7TLG76,1-6IGQB7,14133847,HLB-045ebf85-f666-11f0-8cdb-0c42a112278c,,1870.0,0,5112429984,8020110265.0,920761315,2026-04-17,13:02:27,销售订单5112429984创建成功交货单:8020110265开票：0920761315,S,1,成功
TCL202604170002,1-7TLG76,1-6IGQB8,14133847,HLB-045ebf98-f666-11f0-8cdb-0c42a112278c,,1870.0,0,5112429984,8020110265.0,920761315,2026-04-17,13:02:27,销售订单5112429984创建成功交货单:8020110265开票：0920761315,S,1,成功
TCL202604170002,1-7TLG76,1-6IGQB9,14133847,HLB-045ebfad-f666-11f0-8cdb-0c42a112278c,,1870.0,0,5112429984,8020110265.0,920761315,2026-04-17,13:02:27,销售订单5112429984创建成功交货单:8020110265开票：0920761315,S,1,成功
TCL202604170002,1-7TLG76,1-6IGQBA,14133847,HLB-045ebfc1-f666-11f0-8cdb-0c42a112278c,,1870.0,0,5112429984,8020110265.0,920761315,2026-04-17,13:02:27,销售订单5112429984创建成功交货单:8020110265开票：0920761315,S,1,成功
TCL202604170002,1-7TLG76,1-6IGQBB,14133847,HLB-045ebfd6-f666-11f0-8cdb-0c42a112278c,,1870.0,0,5112429984,8020110265.0,920761315,2026-04-17,13:02:27,销售订单5112429984创建成功交货单:8020110265开票：0920761315,S,1,成功
TCL202604170002,1-7TLG76,1-6IGQBC,14133847,HLB-045ebfeb-f666-11f0-8cdb-0c42a112278c,,1870.0,0,5112429984,8020110265.0,920761315,2026-04-17,13:02:27,销售订单5112429984创建成功交货单:8020110265开票：0920761315,S,1,成功
TCL202604170002,1-7TLG76,1-6IGQBD,14133847,HLB-045ebfff-f666-11f0-8cdb-0c42a112278c,,1870.0,0,5112429984,8020110265.0,920761315,2026-04-17,13:02:27,销售订单5112429984创建成功交货单:8020110265开票：0920761315,S,1,成功
TCL202604170002,1-7TLG76,1-6IGQBE,14133847,HLB-045ec014-f666-11f0-8cdb-0c42a112278c,,1870.0,0,5112429984,8020110265.0,920761315,2026-04-17,13:02:27,销售订单5112429984创建成功交货单:8020110265开票：0920761315,S,1,成功
TCL202604170002,1-7TLG76,1-6IGQBF,14133847,HLB-045ec029-f666-11f0-8cdb-0c42a112278c,,1870.0,0,5112429984,8020110265.0,920761315,2026-04-17,13:02:27,销售订单5112429984创建成功交货单:8020110265开票：0920761315,S,1,成功
TCL202604170002,1-7TLG76,1-6IGQBG,14133847,HLB-045ec03d-f666-11f0-8cdb-0c42a112278c,,1870.0,0,5112429984,8020110265.0,920761315,2026-04-17,13:02:27,销售订单5112429984创建成功交货单:8020110265开票：0920761315,S,1,成功
TCL202604170002,1-7TLG76,1-6IGQBH,14133847,HLB-045ec051-f666-11f0-8cdb-0c42a112278c,,1870.0,0,5112429984,8020110265.0,920761315,2026-04-17,13:02:27,销售订单5112429984创建成功交货单:8020110265开票：0920761315,S,1,成功
TCL202604170002,1-7TLG76,1-6IGQBI,14133847,HLB-045ec066-f666-11f0-8cdb-0c42a112278c,,1870.0,0,5112429984,8020110265.0,920761315,2026-04-17,13:02:27,销售订单5112429984创建成功交货单:8020110265开票：0920761315,S,1,成功
TCL202604170002,1-7TLG76,1-6IGQBJ,14133847,HLB-045ec07a-f666-11f0-8cdb-0c42a112278c,,1870.0,0,5112429984,8020110265.0,920761315,2026-04-17,13:02:27,销售订单5112429984创建成功交货单:8020110265开票：0920761315,S,1,成功
TCL202604170002,1-7TLG76,1-6IGQBK,14133847,HLB-045ec08d-f666-11f0-8cdb-0c42a112278c,,1870.0,0,5112429984,8020110265.0,920761315,2026-04-17,13:02:27,销售订单5112429984创建成功交货单:8020110265开票：0920761315,S,1,成功
TCL202604170002,1-7TLG76,1-6IGQBL,14133847,HLB-045ec0a2-f666-11f0-8cdb-0c42a112278c,,1870.0,0,5112429984,8020110265.0,920761315,2026-04-17,13:02:27,销售订单5112429984创建成功交货单:8020110265开票：0920761315,S,1,成功
TCL202604170002,1-7TLG76,1-6IGQDS,14133842,HLB-03f6400c-f666-11f0-8cdb-0c42a112278c,,1870.0,0,5112429984,8020110265.0,920761315,2026-04-17,13:02:27,销售订单5112429984创建成功交货单:8020110265开票：0920761315,S,1,成功
TCL202604170002,1-7TLG76,1-6IGQDT,14133842,HLB-03f64025-f666-11f0-8cdb-0c42a112278c,,1870.0,0,5112429984,8020110265.0,920761315,2026-04-17,13:02:27,销售订单5112429984创建成功交货单:8020110265开票：0920761315,S,1,成功
TCL202604170002,1-7TLG76,1-6IGQDU,14133842,HLB-03f6403d-f666-11f0-8cdb-0c42a112278c,,1870.0,0,5112429984,8020110265.0,920761315,2026-04-17,13:02:27,销售订单5112429984创建成功交货单:8020110265开票：0920761315,S,1,成功
TCL202604170002,1-7TLG76,1-6IGQDV,14133842,HLB-03f64058-f666-11f0-8cdb-0c42a112278c,,1870.0,0,5112429984,8020110265.0,920761315,2026-04-17,13:02:27,销售订单5112429984创建成功交货单:8020110265开票：0920761315,S,1,成功
TCL202604170002,1-7TLG76,1-6IGQDW,14133842,HLB-03f64075-f666-11f0-8cdb-0c42a112278c,,1870.0,0,5112429984,8020110265.0,920761315,2026-04-17,13:02:27,销售订单5112429984创建成功交货单:8020110265开票：0920761315,S,1,成功
TCL202604170002,1-7TLG76,1-6IGQDX,14133842,HLB-03f6408d-f666-11f0-8cdb-0c42a112278c,,1870.0,0,5112429984,8020110265.0,920761315,2026-04-17,13:02:27,销售订单5112429984创建成功交货单:8020110265开票：0920761315,S,1,成功
TCL202604170002,1-7TLG76,1-6IGQDY,14133842,HLB-03f640a4-f666-11f0-8cdb-0c42a112278c,,1870.0,0,5112429984,8020110265.0,920761315,2026-04-17,13:02:27,销售订单5112429984创建成功交货单:8020110265开票：0920761315,S,1,成功
TCL202604170002,1-7TLG76,1-6IGQDZ,14133842,HLB-03f640bc-f666-11f0-8cdb-0c42a112278c,,1870.0,0,5112429984,8020110265.0,920761315,2026-04-17,13:02:27,销售订单5112429984创建成功交货单:8020110265开票：0920761315,S,1,成功
TCL202604170002,1-7TLG76,1-6IGQE0,14133842,HLB-03f640db-f666-11f0-8cdb-0c42a112278c,,1870.0,0,5112429984,8020110265.0,920761315,2026-04-17,13:02:27,销售订单5112429984创建成功交货单:8020110265开票：0920761315,S,1,成功
TCL202604170002,1-7TLG76,1-6IGQEB,14133842,HLB-03f640f1-f666-11f0-8cdb-0c42a112278c,,1870.0,0,5112429984,8020110265.0,920761315,2026-04-17,13:02:27,销售订单5112429984创建成功交货单:8020110265开票：0920761315,S,1,成功
TCL202604170002,1-7TLG76,1-6IGQEC,14133842,HLB-03f64107-f666-11f0-8cdb-0c42a112278c,,1870.0,0,5112429984,8020110265.0,920761315,2026-04-17,13:02:27,销售订单5112429984创建成功交货单:8020110265开票：0920761315,S,1,成功
TCL202604170002,1-7TLG76,1-6IGQED,14133842,HLB-03f6411b-f666-11f0-8cdb-0c42a112278c,,1870.0,0,5112429984,8020110265.0,920761315,2026-04-17,13:02:27,销售订单5112429984创建成功交货单:8020110265开票：0920761315,S,1,成功
TCL202604170002,1-7TLG76,1-6IGQEE,14133842,HLB-03f6412f-f666-11f0-8cdb-0c42a112278c,,1870.0,0,5112429984,8020110265.0,920761315,2026-04-17,13:02:27,销售订单5112429984创建成功交货单:8020110265开票：0920761315,S,1,成功
TCL202604170002,1-7TLG76,1-6IGQEF,14133842,HLB-03f64143-f666-11f0-8cdb-0c42a112278c,,1870.0,0,5112429984,8020110265.0,920761315,2026-04-17,13:02:27,销售订单5112429984创建成功交货单:8020110265开票：0920761315,S,1,成功
TCL202604170002,1-7TLG76,1-6IGQEG,14133842,HLB-03f64158-f666-11f0-8cdb-0c42a112278c,,1870.0,0,5112429984,8020110265.0,920761315,2026-04-17,13:02:27,销售订单5112429984创建成功交货单:8020110265开票：0920761315,S,1,成功
TCL202604170002,1-7TLG76,1-6IGQEH,14133842,HLB-03f6416d-f666-11f0-8cdb-0c42a112278c,,1870.0,0,5112429984,8020110265.0,920761315,2026-04-17,13:02:27,销售订单5112429984创建成功交货单:8020110265开票：0920761315,S,1,成功
TCL202604170002,1-7TLG76,1-6IGQEI,14133842,HLB-03f64184-f666-11f0-8cdb-0c42a112278c,,1870.0,0,5112429984,8020110265.0,920761315,2026-04-17,13:02:27,销售订单5112429984创建成功交货单:8020110265开票：0920761315,S,1,成功
TCL202604170002,1-7TLG76,1-6IGQEJ,14133842,HLB-03f64199-f666-11f0-8cdb-0c42a112278c,,1870.0,0,5112429984,8020110265.0,920761315,2026-04-17,13:02:27,销售订单5112429984创建成功交货单:8020110265开票：0920761315,S,1,成功
TCL202604170002,1-7TLG76,1-6IGQEK,14133842,HLB-03f641ae-f666-11f0-8cdb-0c42a112278c,,1870.0,0,5112429984,8020110265.0,920761315,2026-04-17,13:02:27,销售订单5112429984创建成功交货单:8020110265开票：0920761315,S,1,成功
TCL202604170002,1-7TLG76,1-6IGQEL,14133842,HLB-03f641c3-f666-11f0-8cdb-0c42a112278c,,1870.0,0,5112429984,8020110265.0,920761315,2026-04-17,13:02:27,销售订单5112429984创建成功交货单:8020110265开票：0920761315,S,1,成功
TCL202604170002,1-7TLG76,1-6IGQEM,14133842,HLB-03f641da-f666-11f0-8cdb-0c42a112278c,,1870.0,0,5112429984,8020110265.0,920761315,2026-04-17,13:02:27,销售订单5112429984创建成功交货单:8020110265开票：0920761315,S,1,成功
TCL202604170002,1-7TLG76,1-6IGQEN,14133842,HLB-03f641f1-f666-11f0-8cdb-0c42a112278c,,1870.0,0,5112429984,8020110265.0,920761315,2026-04-17,13:02:27,销售订单5112429984创建成功交货单:8020110265开票：0920761315,S,1,成功
TCL202604170002,1-7TLG76,1-6IGQEO,14133842,HLB-03f64205-f666-11f0-8cdb-0c42a112278c,,1870.0,0,5112429984,8020110265.0,920761315,2026-04-17,13:02:27,销售订单5112429984创建成功交货单:8020110265开票：0920761315,S,1,成功
TCL202604170002,1-7TLG76,1-6IGQEP,14133842,HLB-03f64219-f666-11f0-8cdb-0c42a112278c,,1870.0,0,5112429984,8020110265.0,920761315,2026-04-17,13:02:27,销售订单5112429984创建成功交货单:8020110265开票：0920761315,S,1,成功
TCL202604170002,1-7TLG76,1-6IGQEQ,14133842,HLB-03f6422d-f666-11f0-8cdb-0c42a112278c,,1870.0,0,5112429984,8020110265.0,920761315,2026-04-17,13:02:27,销售订单5112429984创建成功交货单:8020110265开票：0920761315,S,1,成功
TCL202604170002,1-7TLG76,1-6IGQW0,14133848,HLB-04737d7b-f666-11f0-8cdb-0c42a112278c,,1870.0,0,5112429984,8020110265.0,920761315,2026-04-17,13:02:27,销售订单5112429984创建成功交货单:8020110265开票：0920761315,S,1,成功
TCL202604170002,1-7TLG76,1-6IGQW1,14133848,HLB-04737d95-f666-11f0-8cdb-0c42a112278c,,1870.0,0,5112429984,8020110265.0,920761315,2026-04-17,13:02:27,销售订单5112429984创建成功交货单:8020110265开票：0920761315,S,1,成功
TCL202604170002,1-7TLG76,1-6IGQW2,14133848,HLB-04737dac-f666-11f0-8cdb-0c42a112278c,,1870.0,0,5112429984,8020110265.0,920761315,2026-04-17,13:02:27,销售订单5112429984创建成功交货单:8020110265开票：0920761315,S,1,成功
TCL202604170002,1-7TLG76,1-6IGQW3,14133848,HLB-04737dc8-f666-11f0-8cdb-0c42a112278c,,1870.0,0,5112429984,8020110265.0,920761315,2026-04-17,13:02:27,销售订单5112429984创建成功交货单:8020110265开票：0920761315,S,1,成功
TCL202604170002,1-7TLG76,1-6IGQW4,14133848,HLB-04737de1-f666-11f0-8cdb-0c42a112278c,,1870.0,0,5112429984,8020110265.0,920761315,2026-04-17,13:02:27,销售订单5112429984创建成功交货单:8020110265开票：0920761315,S,1,成功
TCL202604170002,1-7TLG76,1-6IGQW5,14133848,HLB-04737dfa-f666-11f0-8cdb-0c42a112278c,,1870.0,0,5112429984,8020110265.0,920761315,2026-04-17,13:02:27,销售订单5112429984创建成功交货单:8020110265开票：0920761315,S,1,成功
TCL202604170002,1-7TLG76,1-6IGQW6,14133848,HLB-04737e15-f666-11f0-8cdb-0c42a112278c,,1870.0,0,5112429984,8020110265.0,920761315,2026-04-17,13:02:27,销售订单5112429984创建成功交货单:8020110265开票：0920761315,S,1,成功
TCL202604170002,1-7TLG76,1-6IGQW7,14133848,HLB-04737e2e-f666-11f0-8cdb-0c42a112278c,,1870.0,0,5112429984,8020110265.0,920761315,2026-04-17,13:02:27,销售订单5112429984创建成功交货单:8020110265开票：0920761315,S,1,成功
TCL202604170002,1-7TLG76,1-6IGQW8,14133848,HLB-04737e4a-f666-11f0-8cdb-0c42a112278c,,1870.0,0,5112429984,8020110265.0,920761315,2026-04-17,13:02:27,销售订单5112429984创建成功交货单:8020110265开票：0920761315,S,1,成功
TCL202604170002,1-7TLG76,1-6IGQW9,14133848,HLB-04737e60-f666-11f0-8cdb-0c42a112278c,,1870.0,0,5112429984,8020110265.0,920761315,2026-04-17,13:02:27,销售订单5112429984创建成功交货单:8020110265开票：0920761315,S,1,成功
TCL202604170002,1-7TLG76,1-6IGQWA,14133848,HLB-04737e78-f666-11f0-8cdb-0c42a112278c,,1870.0,0,5112429984,8020110265.0,920761315,2026-04-17,13:02:27,销售订单5112429984创建成功交货单:8020110265开票：0920761315,S,1,成功
TCL202604170002,1-7TLG76,1-6IGQWB,14133848,HLB-04737e8c-f666-11f0-8cdb-0c42a112278c,,1870.0,0,5112429984,8020110265.0,920761315,2026-04-17,13:02:27,销售订单5112429984创建成功交货单:8020110265开票：0920761315,S,1,成功
TCL202604170002,1-7TLG76,1-6IGQWC,14133848,HLB-04737ea6-f666-11f0-8cdb-0c42a112278c,,1870.0,0,5112429984,8020110265.0,920761315,2026-04-17,13:02:27,销售订单5112429984创建成功交货单:8020110265开票：0920761315,S,1,成功
TCL202604170002,1-7TLG76,1-6IGQWD,14133848,HLB-04737ebc-f666-11f0-8cdb-0c42a112278c,,1870.0,0,5112429984,8020110265.0,920761315,2026-04-17,13:02:27,销售订单5112429984创建成功交货单:8020110265开票：0920761315,S,1,成功
TCL202604170002,1-7TLG76,1-6IGQWE,14133848,HLB-04737ed2-f666-11f0-8cdb-0c42a112278c,,1870.0,0,5112429984,8020110265.0,920761315,2026-04-17,13:02:27,销售订单5112429984创建成功交货单:8020110265开票：0920761315,S,1,成功
TCL202604170002,1-7TLG76,1-6IGRMY,14133851,HLB-0473811b-f666-11f0-8cdb-0c42a112278c,,1870.0,0,5112429984,8020110265.0,920761315,2026-04-17,13:02:27,销售订单5112429984创建成功交货单:8020110265开票：0920761315,S,1,成功
TCL202604170002,1-7TLG76,1-6IGRMZ,14133851,HLB-0473812f-f666-11f0-8cdb-0c42a112278c,,1870.0,0,5112429984,8020110265.0,920761315,2026-04-17,13:02:27,销售订单5112429984创建成功交货单:8020110265开票：0920761315,S,1,成功
TCL202604170002,1-7TLG76,1-6IGRN0,14133851,HLB-04738143-f666-11f0-8cdb-0c42a112278c,,1870.0,0,5112429984,8020110265.0,920761315,2026-04-17,13:02:27,销售订单5112429984创建成功交货单:8020110265开票：0920761315,S,1,成功
TCL202604170002,1-7TLG76,1-6P8C4P,14200291,HLB-c17300b2-fcd4-11f0-8cdb-0c42a112278c,,1870.0,0,5112429984,8020110265.0,920761315,2026-04-17,13:02:27,销售订单5112429984创建成功交货单:8020110265开票：0920761315,S,1,成功
TCL202604170002,1-7TLG76,1-6P8C4Q,14200291,HLB-c17300c6-fcd4-11f0-8cdb-0c42a112278c,,1870.0,0,5112429984,8020110265.0,920761315,2026-04-17,13:02:27,销售订单5112429984创建成功交货单:8020110265开票：0920761315,S,1,成功
TCL202604170002,1-7TLG76,1-6P8C4R,14200291,HLB-c17300db-fcd4-11f0-8cdb-0c42a112278c,,1870.0,0,5112429984,8020110265.0,920761315,2026-04-17,13:02:27,销售订单5112429984创建成功交货单:8020110265开票：0920761315,S,1,成功
TCL202604170002,1-7TLG76,1-6P8C4S,14200291,HLB-c17300ef-fcd4-11f0-8cdb-0c42a112278c,,1870.0,0,5112429984,8020110265.0,920761315,2026-04-17,13:02:27,销售订单5112429984创建成功交货单:8020110265开票：0920761315,S,1,成功
TCL202604170002,1-7TLG76,1-6P8C4T,14200291,HLB-c1730103-fcd4-11f0-8cdb-0c42a112278c,,1870.0,0,5112429984,8020110265.0,920761315,2026-04-17,13:02:27,销售订单5112429984创建成功交货单:8020110265开票：0920761315,S,1,成功
TCL202604170002,1-7TLG76,1-6P8C4U,14200291,HLB-c173011b-fcd4-11f0-8cdb-0c42a112278c,,1870.0,0,5112429984,8020110265.0,920761315,2026-04-17,13:02:27,销售订单5112429984创建成功交货单:8020110265开票：0920761315,S,1,成功
TCL202604170002,1-7TLG76,1-6P8C4V,14200291,HLB-c1730130-fcd4-11f0-8cdb-0c42a112278c,,1870.0,0,5112429984,8020110265.0,920761315,2026-04-17,13:02:27,销售订单5112429984创建成功交货单:8020110265开票：0920761315,S,1,成功
TCL202604170002,1-7TLG76,1-6P8C4W,14200291,HLB-c1730146-fcd4-11f0-8cdb-0c42a112278c,,1870.0,0,5112429984,8020110265.0,920761315,2026-04-17,13:02:27,销售订单5112429984创建成功交货单:8020110265开票：0920761315,S,1,成功
TCL202604170002,1-7TLG76,1-6P8C4X,14200291,HLB-c173015b-fcd4-11f0-8cdb-0c42a112278c,,1870.0,0,5112429984,8020110265.0,920761315,2026-04-17,13:02:27,销售订单5112429984创建成功交货单:8020110265开票：0920761315,S,1,成功
TCL202604170002,1-7TLG76,1-6P8C4Y,14200291,HLB-c173016f-fcd4-11f0-8cdb-0c42a112278c,,1870.0,0,5112429984,8020110265.0,920761315,2026-04-17,13:02:27,销售订单5112429984创建成功交货单:8020110265开票：0920761315,S,1,成功
TCL202604170002,1-7TLG76,1-6P8C4Z,14200291,HLB-c1730183-fcd4-11f0-8cdb-0c42a112278c,,1870.0,0,5112429984,8020110265.0,920761315,2026-04-17,13:02:27,销售订单5112429984创建成功交货单:8020110265开票：0920761315,S,1,成功
TCL202604170002,1-7TLG76,1-6P8C50,14200291,HLB-c1730197-fcd4-11f0-8cdb-0c42a112278c,,1870.0,0,5112429984,8020110265.0,920761315,2026-04-17,13:02:27,销售订单5112429984创建成功交货单:8020110265开票：0920761315,S,1,成功
TCL202604170002,1-7TLG76,1-6P8C51,14200291,HLB-c17301ad-fcd4-11f0-8cdb-0c42a112278c,,1870.0,0,5112429984,8020110265.0,920761315,2026-04-17,13:02:27,销售订单5112429984创建成功交货单:8020110265开票：0920761315,S,1,成功
TCL202604170002,1-7TLG76,1-6P8C52,14200291,HLB-c17301c1-fcd4-11f0-8cdb-0c42a112278c,,1870.0,0,5112429984,8020110265.0,920761315,2026-04-17,13:02:27,销售订单5112429984创建成功交货单:8020110265开票：0920761315,S,1,成功
TCL202604170002,1-7TLG76,1-6P8C53,14200291,HLB-c17301d6-fcd4-11f0-8cdb-0c42a112278c,,1870.0,0,5112429984,8020110265.0,920761315,2026-04-17,13:02:27,销售订单5112429984创建成功交货单:8020110265开票：0920761315,S,1,成功
TCL202604170002,1-7TLG76,1-6P8C54,14200291,HLB-c17301ed-fcd4-11f0-8cdb-0c42a112278c,,1870.0,0,5112429984,8020110265.0,920761315,2026-04-17,13:02:27,销售订单5112429984创建成功交货单:8020110265开票：0920761315,S,1,成功
TCL202604170002,1-7TLG76,1-6P8C55,14200291,HLB-c1730204-fcd4-11f0-8cdb-0c42a112278c,,1870.0,0,5112429984,8020110265.0,920761315,2026-04-17,13:02:27,销售订单5112429984创建成功交货单:8020110265开票：0920761315,S,1,成功
TCL202604170002,1-7TLG76,1-6P8C56,14200291,HLB-c1730219-fcd4-11f0-8cdb-0c42a112278c,,1870.0,0,5112429984,8020110265.0,920761315,2026-04-17,13:02:27,销售订单5112429984创建成功交货单:8020110265开票：0920761315,S,1,成功
TCL202604170002,1-7TLG76,1-6P8C57,14200291,HLB-c173022d-fcd4-11f0-8cdb-0c42a112278c,,1870.0,0,5112429984,8020110265.0,920761315,2026-04-17,13:02:27,销售订单5112429984创建成功交货单:8020110265开票：0920761315,S,1,成功
TCL202604170002,1-7TLG76,1-6P8C58,14200291,HLB-c1730242-fcd4-11f0-8cdb-0c42a112278c,,1870.0,0,5112429984,8020110265.0,920761315,2026-04-17,13:02:27,销售订单5112429984创建成功交货单:8020110265开票：0920761315,S,1,成功
TCL202604170002,1-7TLG76,1-6P8C59,14200291,HLB-c1730255-fcd4-11f0-8cdb-0c42a112278c,,1870.0,0,5112429984,8020110265.0,920761315,2026-04-17,13:02:27,销售订单5112429984创建成功交货单:8020110265开票：0920761315,S,1,成功
TCL202604170002,1-7TLG76,1-6P8C5A,14200291,HLB-c173026a-fcd4-11f0-8cdb-0c42a112278c,,1870.0,0,5112429984,8020110265.0,920761315,2026-04-17,13:02:27,销售订单5112429984创建成功交货单:8020110265开票：0920761315,S,1,成功
TCL202604170002,1-7TLG76,1-6P8C5B,14200291,HLB-c173027e-fcd4-11f0-8cdb-0c42a112278c,,1870.0,0,5112429984,8020110265.0,920761315,2026-04-17,13:02:27,销售订单5112429984创建成功交货单:8020110265开票：0920761315,S,1,成功
TCL202604170002,1-7TLG76,1-6P8C5C,14200291,HLB-c1730293-fcd4-11f0-8cdb-0c42a112278c,,1870.0,0,5112429984,8020110265.0,920761315,2026-04-17,13:02:27,销售订单5112429984创建成功交货单:8020110265开票：0920761315,S,1,成功
TCL202604170002,1-7TLG76,1-6P8C5D,14200291,HLB-c17302a6-fcd4-11f0-8cdb-0c42a112278c,,1870.0,0,5112429984,8020110265.0,920761315,2026-04-17,13:02:27,销售订单5112429984创建成功交货单:8020110265开票：0920761315,S,1,成功
TCL202604170002,1-7TM6JM,1-6E2XDO,14089667,HLB-7f1fc004-f1b0-11f0-8cdb-0c42a112278c,,1870.0,0,5112429984,8020110265.0,920761315,2026-04-17,13:02:27,销售订单5112429984创建成功交货单:8020110265开票：0920761315,S,1,成功
TCL202604170002,1-7TM6JM,1-6E2XDP,14089667,HLB-7f1fc063-f1b0-11f0-8cdb-0c42a112278c,,1870.0,0,5112429984,8020110265.0,920761315,2026-04-17,13:02:27,销售订单5112429984创建成功交货单:8020110265开票：0920761315,S,1,成功
TCL202604170002,1-7TM6JM,1-6E2XDQ,14089667,HLB-7f1fc088-f1b0-11f0-8cdb-0c42a112278c,,1870.0,0,5112429984,8020110265.0,920761315,2026-04-17,13:02:27,销售订单5112429984创建成功交货单:8020110265开票：0920761315,S,1,成功
TCL202604170002,1-7TM6JM,1-6E2XDR,14089667,HLB-7f1fc0a4-f1b0-11f0-8cdb-0c42a112278c,,1870.0,0,5112429984,8020110265.0,920761315,2026-04-17,13:02:27,销售订单5112429984创建成功交货单:8020110265开票：0920761315,S,1,成功
TCL202604170002,1-7TM6JM,1-6E2XDS,14089667,HLB-7f1fc0c0-f1b0-11f0-8cdb-0c42a112278c,,1870.0,0,5112429984,8020110265.0,920761315,2026-04-17,13:02:27,销售订单5112429984创建成功交货单:8020110265开票：0920761315,S,1,成功
TCL202604170002,1-7TM6JM,1-6E2XDT,14089667,HLB-7f1fc0d9-f1b0-11f0-8cdb-0c42a112278c,,1870.0,0,5112429984,8020110265.0,920761315,2026-04-17,13:02:27,销售订单5112429984创建成功交货单:8020110265开票：0920761315,S,1,成功
TCL202604170002,1-7TM6JM,1-6E2XDU,14089667,HLB-7f1fc0f5-f1b0-11f0-8cdb-0c42a112278c,,1870.0,0,5112429984,8020110265.0,920761315,2026-04-17,13:02:27,销售订单5112429984创建成功交货单:8020110265开票：0920761315,S,1,成功
TCL202604170002,1-7TM6JM,1-6E2XDV,14089667,HLB-7f1fc10d-f1b0-11f0-8cdb-0c42a112278c,,1870.0,0,5112429984,8020110265.0,920761315,2026-04-17,13:02:27,销售订单5112429984创建成功交货单:8020110265开票：0920761315,S,1,成功
TCL202604170002,1-7TM6JM,1-6E2XDW,14089667,HLB-7f1fc127-f1b0-11f0-8cdb-0c42a112278c,,1870.0,0,5112429984,8020110265.0,920761315,2026-04-17,13:02:27,销售订单5112429984创建成功交货单:8020110265开票：0920761315,S,1,成功
TCL202604170002,1-7TM6JM,1-6E2XDX,14089667,HLB-7f1fc141-f1b0-11f0-8cdb-0c42a112278c,,1870.0,0,5112429984,8020110265.0,920761315,2026-04-17,13:02:27,销售订单5112429984创建成功交货单:8020110265开票：0920761315,S,1,成功
TCL202604170002,1-7TM6JM,1-6E2XDY,14089667,HLB-7f1fc157-f1b0-11f0-8cdb-0c42a112278c,,1870.0,0,5112429984,8020110265.0,920761315,2026-04-17,13:02:27,销售订单5112429984创建成功交货单:8020110265开票：0920761315,S,1,成功
TCL202604170002,1-7TM6JM,1-6E2XDZ,14089667,HLB-7f1fc170-f1b0-11f0-8cdb-0c42a112278c,,1870.0,0,5112429984,8020110265.0,920761315,2026-04-17,13:02:27,销售订单5112429984创建成功交货单:8020110265开票：0920761315,S,1,成功
TCL202604170002,1-7TM6JM,1-6E2XE0,14089667,HLB-7f1fc187-f1b0-11f0-8cdb-0c42a112278c,,1870.0,0,5112429984,8020110265.0,920761315,2026-04-17,13:02:27,销售订单5112429984创建成功交货单:8020110265开票：0920761315,S,1,成功
TCL202604170002,1-7TM6JM,1-6E2XE1,14089667,HLB-7f1fc1a0-f1b0-11f0-8cdb-0c42a112278c,,1870.0,0,5112429984,8020110265.0,920761315,2026-04-17,13:02:27,销售订单5112429984创建成功交货单:8020110265开票：0920761315,S,1,成功
TCL202604170002,1-7TM6JM,1-6E2XE2,14089667,HLB-7f1fc1b7-f1b0-11f0-8cdb-0c42a112278c,,1870.0,0,5112429984,8020110265.0,920761315,2026-04-17,13:02:27,销售订单5112429984创建成功交货单:8020110265开票：0920761315,S,1,成功
TCL202604170002,1-7TM6JM,1-6E2XE3,14089667,HLB-7f1fc1cd-f1b0-11f0-8cdb-0c42a112278c,,1870.0,0,5112429984,8020110265.0,920761315,2026-04-17,13:02:27,销售订单5112429984创建成功交货单:8020110265开票：0920761315,S,1,成功
TCL202604170002,1-7TM6JM,1-6E2XE4,14089667,HLB-7f1fc1e6-f1b0-11f0-8cdb-0c42a112278c,,1870.0,0,5112429984,8020110265.0,920761315,2026-04-17,13:02:27,销售订单5112429984创建成功交货单:8020110265开票：0920761315,S,1,成功
TCL202604170002,1-7TM6JM,1-6E2XE5,14089667,HLB-7f1fc1fa-f1b0-11f0-8cdb-0c42a112278c,,1870.0,0,5112429984,8020110265.0,920761315,2026-04-17,13:02:27,销售订单5112429984创建成功交货单:8020110265开票：0920761315,S,1,成功
TCL202604170002,1-7TM6JM,1-6E2XE6,14089667,HLB-7f1fc20f-f1b0-11f0-8cdb-0c42a112278c,,1870.0,0,5112429984,8020110265.0,920761315,2026-04-17,13:02:27,销售订单5112429984创建成功交货单:8020110265开票：0920761315,S,1,成功
TCL202604170002,1-7TM6JM,1-6E2XE7,14089667,HLB-7f1fc225-f1b0-11f0-8cdb-0c42a112278c,,1870.0,0,5112429984,8020110265.0,920761315,2026-04-17,13:02:27,销售订单5112429984创建成功交货单:8020110265开票：0920761315,S,1,成功
TCL202604170002,1-7TM6JM,1-6E2XE8,14089667,HLB-7f1fc23a-f1b0-11f0-8cdb-0c42a112278c,,1870.0,0,5112429984,8020110265.0,920761315,2026-04-17,13:02:27,销售订单5112429984创建成功交货单:8020110265开票：0920761315,S,1,成功
TCL202604170002,1-7TM6JM,1-6E2XE9,14089667,HLB-7f1fc24f-f1b0-11f0-8cdb-0c42a112278c,,1870.0,0,5112429984,8020110265.0,920761315,2026-04-17,13:02:27,销售订单5112429984创建成功交货单:8020110265开票：0920761315,S,1,成功
TCL202604170002,1-7TM6JM,1-6E2XEA,14089667,HLB-7f1fc266-f1b0-11f0-8cdb-0c42a112278c,,1870.0,0,5112429984,8020110265.0,920761315,2026-04-17,13:02:27,销售订单5112429984创建成功交货单:8020110265开票：0920761315,S,1,成功
TCL202604170002,1-7TM6JM,1-6E2XEB,14089667,HLB-7f1fc27f-f1b0-11f0-8cdb-0c42a112278c,,1870.0,0,5112429984,8020110265.0,920761315,2026-04-17,13:02:27,销售订单5112429984创建成功交货单:8020110265开票：0920761315,S,1,成功
TCL202604170002,1-7TM6JM,1-6E2XEC,14089667,HLB-7f1fc297-f1b0-11f0-8cdb-0c42a112278c,,1870.0,0,5112429984,8020110265.0,920761315,2026-04-17,13:02:27,销售订单5112429984创建成功交货单:8020110265开票：0920761315,S,1,成功
TCL202604170002,1-7TM6JM,1-6EZK4S,14107587,HLB-fef45202-f36d-11f0-8cdb-0c42a112278c,,1870.0,0,5112429984,8020110265.0,920761315,2026-04-17,13:02:27,销售订单5112429984创建成功交货单:8020110265开票：0920761315,S,1,成功
TCL202604170002,1-7TM6JM,1-6EZK4T,14107587,HLB-fef45261-f36d-11f0-8cdb-0c42a112278c,,1870.0,0,5112429984,8020110265.0,920761315,2026-04-17,13:02:27,销售订单5112429984创建成功交货单:8020110265开票：0920761315,S,1,成功
TCL202604170002,1-7TM6JM,1-6EZK4U,14107587,HLB-fef45276-f36d-11f0-8cdb-0c42a112278c,,1870.0,0,5112429984,8020110265.0,920761315,2026-04-17,13:02:27,销售订单5112429984创建成功交货单:8020110265开票：0920761315,S,1,成功
TCL202604170002,1-7TM6JM,1-6EZK4V,14107587,HLB-fef45291-f36d-11f0-8cdb-0c42a112278c,,1870.0,0,5112429984,8020110265.0,920761315,2026-04-17,13:02:27,销售订单5112429984创建成功交货单:8020110265开票：0920761315,S,1,成功
TCL202604170002,1-7TM6JM,1-6EZK4W,14107587,HLB-fef452b0-f36d-11f0-8cdb-0c42a112278c,,1870.0,0,5112429984,8020110265.0,920761315,2026-04-17,13:02:27,销售订单5112429984创建成功交货单:8020110265开票：0920761315,S,1,成功
TCL202604170002,1-7TM6JM,1-6EZK4X,14107587,HLB-fef452c9-f36d-11f0-8cdb-0c42a112278c,,1870.0,0,5112429984,8020110265.0,920761315,2026-04-17,13:02:27,销售订单5112429984创建成功交货单:8020110265开票：0920761315,S,1,成功
TCL202604170002,1-7TM6JM,1-6EZK4Y,14107587,HLB-fef452eb-f36d-11f0-8cdb-0c42a112278c,,1870.0,0,5112429984,8020110265.0,920761315,2026-04-17,13:02:27,销售订单5112429984创建成功交货单:8020110265开票：0920761315,S,1,成功
TCL202604170002,1-7TM6JM,1-6EZK4Z,14107587,HLB-fef45303-f36d-11f0-8cdb-0c42a112278c,,1870.0,0,5112429984,8020110265.0,920761315,2026-04-17,13:02:27,销售订单5112429984创建成功交货单:8020110265开票：0920761315,S,1,成功
TCL202604170002,1-7TM6JM,1-6EZK50,14107587,HLB-fef4531e-f36d-11f0-8cdb-0c42a112278c,,1870.0,0,5112429984,8020110265.0,920761315,2026-04-17,13:02:27,销售订单5112429984创建成功交货单:8020110265开票：0920761315,S,1,成功
TCL202604170002,1-7TM6JM,1-6EZK51,14107587,HLB-fef45337-f36d-11f0-8cdb-0c42a112278c,,1870.0,0,5112429984,8020110265.0,920761315,2026-04-17,13:02:27,销售订单5112429984创建成功交货单:8020110265开票：0920761315,S,1,成功
TCL202604170002,1-7TM6JM,1-6EZK52,14107587,HLB-fef4534c-f36d-11f0-8cdb-0c42a112278c,,1870.0,0,5112429984,8020110265.0,920761315,2026-04-17,13:02:27,销售订单5112429984创建成功交货单:8020110265开票：0920761315,S,1,成功
TCL202604170002,1-7TM6JM,1-6EZK53,14107587,HLB-fef45362-f36d-11f0-8cdb-0c42a112278c,,1870.0,0,5112429984,8020110265.0,920761315,2026-04-17,13:02:27,销售订单5112429984创建成功交货单:8020110265开票：0920761315,S,1,成功
TCL202604170002,1-7TM6JM,1-6EZK54,14107587,HLB-fef45376-f36d-11f0-8cdb-0c42a112278c,,1870.0,0,5112429984,8020110265.0,920761315,2026-04-17,13:02:27,销售订单5112429984创建成功交货单:8020110265开票：0920761315,S,1,成功
TCL202604170002,1-7TM6JM,1-6EZK55,14107587,HLB-fef45391-f36d-11f0-8cdb-0c42a112278c,,1870.0,0,5112429984,8020110265.0,920761315,2026-04-17,13:02:27,销售订单5112429984创建成功交货单:8020110265开票：0920761315,S,1,成功
TCL202604170002,1-7TM6JM,1-6EZK56,14107587,HLB-fef453a5-f36d-11f0-8cdb-0c42a112278c,,1870.0,0,5112429984,8020110265.0,920761315,2026-04-17,13:02:27,销售订单5112429984创建成功交货单:8020110265开票：0920761315,S,1,成功
TCL202604170002,1-7TM6JM,1-6EZK57,14107587,HLB-fef453bb-f36d-11f0-8cdb-0c42a112278c,,1870.0,0,5112429984,8020110265.0,920761315,2026-04-17,13:02:27,销售订单5112429984创建成功交货单:8020110265开票：0920761315,S,1,成功
TCL202604170002,1-7TM6JM,1-6EZK58,14107587,HLB-fef453d0-f36d-11f0-8cdb-0c42a112278c,,1870.0,0,5112429984,8020110265.0,920761315,2026-04-17,13:02:27,销售订单5112429984创建成功交货单:8020110265开票：0920761315,S,1,成功
TCL202604170002,1-7TM6JM,1-6EZK59,14107587,HLB-fef453e4-f36d-11f0-8cdb-0c42a112278c,,1870.0,0,5112429984,8020110265.0,920761315,2026-04-17,13:02:27,销售订单5112429984创建成功交货单:8020110265开票：0920761315,S,1,成功
TCL202604170002,1-7TM6JM,1-6EZK5A,14107587,HLB-fef453fa-f36d-11f0-8cdb-0c42a112278c,,1870.0,0,5112429984,8020110265.0,920761315,2026-04-17,13:02:27,销售订单5112429984创建成功交货单:8020110265开票：0920761315,S,1,成功
TCL202604170002,1-7TM6JM,1-6EZK5B,14107587,HLB-fef45413-f36d-11f0-8cdb-0c42a112278c,,1870.0,0,5112429984,8020110265.0,920761315,2026-04-17,13:02:27,销售订单5112429984创建成功交货单:8020110265开票：0920761315,S,1,成功
TCL202604170002,1-7TM6JM,1-6EZK5C,14107587,HLB-fef45429-f36d-11f0-8cdb-0c42a112278c,,1870.0,0,5112429984,8020110265.0,920761315,2026-04-17,13:02:27,销售订单5112429984创建成功交货单:8020110265开票：0920761315,S,1,成功
TCL202604170002,1-7TM6JM,1-6EZK5D,14107587,HLB-fef4543d-f36d-11f0-8cdb-0c42a112278c,,1870.0,0,5112429984,8020110265.0,920761315,2026-04-17,13:02:27,销售订单5112429984创建成功交货单:8020110265开票：0920761315,S,1,成功
TCL202604170002,1-7TM6JM,1-6EZK5E,14107587,HLB-fef45453-f36d-11f0-8cdb-0c42a112278c,,1870.0,0,5112429984,8020110265.0,920761315,2026-04-17,13:02:27,销售订单5112429984创建成功交货单:8020110265开票：0920761315,S,1,成功
TCL202604170002,1-7TM6JM,1-6EZK5F,14107587,HLB-fef45467-f36d-11f0-8cdb-0c42a112278c,,1870.0,0,5112429984,8020110265.0,920761315,2026-04-17,13:02:27,销售订单5112429984创建成功交货单:8020110265开票：0920761315,S,1,成功
TCL202604170002,1-7TM6JM,1-6EZK5G,14107587,HLB-fef4547e-f36d-11f0-8cdb-0c42a112278c,,1870.0,0,5112429984,8020110265.0,920761315,2026-04-17,13:02:27,销售订单5112429984创建成功交货单:8020110265开票：0920761315,S,1,成功
TCL202604170002,1-7TM6JM,1-6EZK6Y,14107575,HLB-fe6ce003-f36d-11f0-8cdb-0c42a112278c,,1870.0,0,5112429984,8020110265.0,920761315,2026-04-17,13:02:27,销售订单5112429984创建成功交货单:8020110265开票：0920761315,S,1,成功
TCL202604170002,1-7TM6JM,1-6EZK6Z,14107575,HLB-fe6ce077-f36d-11f0-8cdb-0c42a112278c,,1870.0,0,5112429984,8020110265.0,920761315,2026-04-17,13:02:27,销售订单5112429984创建成功交货单:8020110265开票：0920761315,S,1,成功
TCL202604170002,1-7TM6JM,1-6EZK70,14107575,HLB-fe6ce0a1-f36d-11f0-8cdb-0c42a112278c,,1870.0,0,5112429984,8020110265.0,920761315,2026-04-17,13:02:27,销售订单5112429984创建成功交货单:8020110265开票：0920761315,S,1,成功
TCL202604170002,1-7TM6JM,1-6EZK71,14107575,HLB-fe6ce0c8-f36d-11f0-8cdb-0c42a112278c,,1870.0,0,5112429984,8020110265.0,920761315,2026-04-17,13:02:27,销售订单5112429984创建成功交货单:8020110265开票：0920761315,S,1,成功
TCL202604170002,1-7TM6JM,1-6EZK72,14107575,HLB-fe6ce0f2-f36d-11f0-8cdb-0c42a112278c,,1870.0,0,5112429984,8020110265.0,920761315,2026-04-17,13:02:27,销售订单5112429984创建成功交货单:8020110265开票：0920761315,S,1,成功
TCL202604170002,1-7TM6JM,1-6EZK73,14107575,HLB-fe6ce11e-f36d-11f0-8cdb-0c42a112278c,,1870.0,0,5112429984,8020110265.0,920761315,2026-04-17,13:02:27,销售订单5112429984创建成功交货单:8020110265开票：0920761315,S,1,成功
TCL202604170002,1-7TM6JM,1-6EZK74,14107575,HLB-fe6ce148-f36d-11f0-8cdb-0c42a112278c,,1870.0,0,5112429984,8020110265.0,920761315,2026-04-17,13:02:27,销售订单5112429984创建成功交货单:8020110265开票：0920761315,S,1,成功
TCL202604170002,1-7TM6JM,1-6EZK75,14107575,HLB-fe6ce170-f36d-11f0-8cdb-0c42a112278c,,1870.0,0,5112429984,8020110265.0,920761315,2026-04-17,13:02:27,销售订单5112429984创建成功交货单:8020110265开票：0920761315,S,1,成功
TCL202604170002,1-7TM6JM,1-6EZK76,14107575,HLB-fe6ce195-f36d-11f0-8cdb-0c42a112278c,,1870.0,0,5112429984,8020110265.0,920761315,2026-04-17,13:02:27,销售订单5112429984创建成功交货单:8020110265开票：0920761315,S,1,成功
TCL202604170002,1-7TM6JM,1-6EZK77,14107575,HLB-fe6ce1bb-f36d-11f0-8cdb-0c42a112278c,,1870.0,0,5112429984,8020110265.0,920761315,2026-04-17,13:02:27,销售订单5112429984创建成功交货单:8020110265开票：0920761315,S,1,成功
TCL202604170002,1-7TM6JM,1-6EZK78,14107575,HLB-fe6ce1df-f36d-11f0-8cdb-0c42a112278c,,1870.0,0,5112429984,8020110265.0,920761315,2026-04-17,13:02:27,销售订单5112429984创建成功交货单:8020110265开票：0920761315,S,1,成功
TCL202604170002,1-7TM6JM,1-6EZK79,14107575,HLB-fe6ce207-f36d-11f0-8cdb-0c42a112278c,,1870.0,0,5112429984,8020110265.0,920761315,2026-04-17,13:02:27,销售订单5112429984创建成功交货单:8020110265开票：0920761315,S,1,成功
TCL202604170002,1-7TM6JM,1-6EZK7A,14107575,HLB-fe6ce22b-f36d-11f0-8cdb-0c42a112278c,,1870.0,0,5112429984,8020110265.0,920761315,2026-04-17,13:02:27,销售订单5112429984创建成功交货单:8020110265开票：0920761315,S,1,成功
TCL202604170002,1-7TM6JM,1-6EZK7B,14107575,HLB-fe6ce251-f36d-11f0-8cdb-0c42a112278c,,1870.0,0,5112429984,8020110265.0,920761315,2026-04-17,13:02:27,销售订单5112429984创建成功交货单:8020110265开票：0920761315,S,1,成功
TCL202604170002,1-7TM6JM,1-6EZK7C,14107575,HLB-fe6ce274-f36d-11f0-8cdb-0c42a112278c,,1870.0,0,5112429984,8020110265.0,920761315,2026-04-17,13:02:27,销售订单5112429984创建成功交货单:8020110265开票：0920761315,S,1,成功
TCL202604170002,1-7TM6JM,1-6EZK7D,14107575,HLB-fe6ce297-f36d-11f0-8cdb-0c42a112278c,,1870.0,0,5112429984,8020110265.0,920761315,2026-04-17,13:02:27,销售订单5112429984创建成功交货单:8020110265开票：0920761315,S,1,成功
TCL202604170002,1-7TM6JM,1-6EZK7E,14107575,HLB-fe6ce2bd-f36d-11f0-8cdb-0c42a112278c,,1870.0,0,5112429984,8020110265.0,920761315,2026-04-17,13:02:27,销售订单5112429984创建成功交货单:8020110265开票：0920761315,S,1,成功
TCL202604170002,1-7TM6JM,1-6EZK7F,14107575,HLB-fe6ce2e1-f36d-11f0-8cdb-0c42a112278c,,1870.0,0,5112429984,8020110265.0,920761315,2026-04-17,13:02:27,销售订单5112429984创建成功交货单:8020110265开票：0920761315,S,1,成功
TCL202604170002,1-7TM6JM,1-6EZK7G,14107575,HLB-fe6ce303-f36d-11f0-8cdb-0c42a112278c,,1870.0,0,5112429984,8020110265.0,920761315,2026-04-17,13:02:27,销售订单5112429984创建成功交货单:8020110265开票：0920761315,S,1,成功
TCL202604170002,1-7TM6JM,1-6EZK7H,14107575,HLB-fe6ce32a-f36d-11f0-8cdb-0c42a112278c,,1870.0,0,5112429984,8020110265.0,920761315,2026-04-17,13:02:27,销售订单5112429984创建成功交货单:8020110265开票：0920761315,S,1,成功
TCL202604170002,1-7TM6JM,1-6EZK7I,14107575,HLB-fe6ce350-f36d-11f0-8cdb-0c42a112278c,,1870.0,0,5112429984,8020110265.0,920761315,2026-04-17,13:02:27,销售订单5112429984创建成功交货单:8020110265开票：0920761315,S,1,成功
TCL202604170002,1-7TM6JM,1-6EZK7J,14107575,HLB-fe6ce374-f36d-11f0-8cdb-0c42a112278c,,1870.0,0,5112429984,8020110265.0,920761315,2026-04-17,13:02:27,销售订单5112429984创建成功交货单:8020110265开票：0920761315,S,1,成功
TCL202604170002,1-7TM6JM,1-6EZK7K,14107575,HLB-fe6ce39b-f36d-11f0-8cdb-0c42a112278c,,1870.0,0,5112429984,8020110265.0,920761315,2026-04-17,13:02:27,销售订单5112429984创建成功交货单:8020110265开票：0920761315,S,1,成功
TCL202604170002,1-7TM6JM,1-6EZK7L,14107575,HLB-fe6ce3bd-f36d-11f0-8cdb-0c42a112278c,,1870.0,0,5112429984,8020110265.0,920761315,2026-04-17,13:02:27,销售订单5112429984创建成功交货单:8020110265开票：0920761315,S,1,成功
TCL202604170002,1-7TM6JM,1-6EZK7M,14107575,HLB-fe6ce3e1-f36d-11f0-8cdb-0c42a112278c,,1870.0,0,5112429984,8020110265.0,920761315,2026-04-17,13:02:27,销售订单5112429984创建成功交货单:8020110265开票：0920761315,S,1,成功
TCL202604170002,1-7TM6JM,1-6EZWFB,14107597,HLB-ff52b1cb-f36d-11f0-8cdb-0c42a112278c,,1870.0,0,5112429984,8020110265.0,920761315,2026-04-17,13:02:27,销售订单5112429984创建成功交货单:8020110265开票：0920761315,S,1,成功
TCL202604170002,1-7TM6JM,1-6EZWFC,14107597,HLB-ff52b1e2-f36d-11f0-8cdb-0c42a112278c,,1870.0,0,5112429984,8020110265.0,920761315,2026-04-17,13:02:27,销售订单5112429984创建成功交货单:8020110265开票：0920761315,S,1,成功
TCL202604170002,1-7TM6JM,1-6EZWFD,14107597,HLB-ff52b1f6-f36d-11f0-8cdb-0c42a112278c,,1870.0,0,5112429984,8020110265.0,920761315,2026-04-17,13:02:27,销售订单5112429984创建成功交货单:8020110265开票：0920761315,S,1,成功
TCL202604170002,1-7TM6JM,1-6EZWFE,14107597,HLB-ff52b20d-f36d-11f0-8cdb-0c42a112278c,,1870.0,0,5112429984,8020110265.0,920761315,2026-04-17,13:02:27,销售订单5112429984创建成功交货单:8020110265开票：0920761315,S,1,成功
TCL202604170002,1-7TM6JM,1-6EZWFF,14107597,HLB-ff52b221-f36d-11f0-8cdb-0c42a112278c,,1870.0,0,5112429984,8020110265.0,920761315,2026-04-17,13:02:27,销售订单5112429984创建成功交货单:8020110265开票：0920761315,S,1,成功
TCL202604170002,1-7TM6JM,1-6EZWFG,14107597,HLB-ff52b239-f36d-11f0-8cdb-0c42a112278c,,1870.0,0,5112429984,8020110265.0,920761315,2026-04-17,13:02:27,销售订单5112429984创建成功交货单:8020110265开票：0920761315,S,1,成功
TCL202604170002,1-7TM6JM,1-6EZWFH,14107597,HLB-ff52b24e-f36d-11f0-8cdb-0c42a112278c,,1870.0,0,5112429984,8020110265.0,920761315,2026-04-17,13:02:27,销售订单5112429984创建成功交货单:8020110265开票：0920761315,S,1,成功
TCL202604170002,1-7TM6JM,1-6EZWFI,14107597,HLB-ff52b265-f36d-11f0-8cdb-0c42a112278c,,1870.0,0,5112429984,8020110265.0,920761315,2026-04-17,13:02:27,销售订单5112429984创建成功交货单:8020110265开票：0920761315,S,1,成功
TCL202604170002,1-7TM6JM,1-6EZWFT,14107597,HLB-ff52b279-f36d-11f0-8cdb-0c42a112278c,,1870.0,0,5112429984,8020110265.0,920761315,2026-04-17,13:02:27,销售订单5112429984创建成功交货单:8020110265开票：0920761315,S,1,成功
TCL202604170002,1-7TM6JM,1-6EZWFU,14107597,HLB-ff52b28f-f36d-11f0-8cdb-0c42a112278c,,1870.0,0,5112429984,8020110265.0,920761315,2026-04-17,13:02:27,销售订单5112429984创建成功交货单:8020110265开票：0920761315,S,1,成功
TCL202604170002,1-7TM6JM,1-6EZWFV,14107597,HLB-ff52b2a5-f36d-11f0-8cdb-0c42a112278c,,1870.0,0,5112429984,8020110265.0,920761315,2026-04-17,13:02:27,销售订单5112429984创建成功交货单:8020110265开票：0920761315,S,1,成功
TCL202604170002,1-7TM6JM,1-6EZWFW,14107597,HLB-ff52b2b9-f36d-11f0-8cdb-0c42a112278c,,1870.0,0,5112429984,8020110265.0,920761315,2026-04-17,13:02:27,销售订单5112429984创建成功交货单:8020110265开票：0920761315,S,1,成功
TCL202604170002,1-7TM6JM,1-6EZWFX,14107597,HLB-ff52b2d0-f36d-11f0-8cdb-0c42a112278c,,1870.0,0,5112429984,8020110265.0,920761315,2026-04-17,13:02:27,销售订单5112429984创建成功交货单:8020110265开票：0920761315,S,1,成功
TCL202604170002,1-7TM6JM,1-6EZWFY,14107597,HLB-ff52b2e5-f36d-11f0-8cdb-0c42a112278c,,1870.0,0,5112429984,8020110265.0,920761315,2026-04-17,13:02:27,销售订单5112429984创建成功交货单:8020110265开票：0920761315,S,1,成功
TCL202604170002,1-7TM6JM,1-6EZWFZ,14107597,HLB-ff52b2f8-f36d-11f0-8cdb-0c42a112278c,,1870.0,0,5112429984,8020110265.0,920761315,2026-04-17,13:02:27,销售订单5112429984创建成功交货单:8020110265开票：0920761315,S,1,成功
TCL202604170002,1-7TM6JM,1-6EZWG0,14107597,HLB-ff52b30d-f36d-11f0-8cdb-0c42a112278c,,1870.0,0,5112429984,8020110265.0,920761315,2026-04-17,13:02:27,销售订单5112429984创建成功交货单:8020110265开票：0920761315,S,1,成功
TCL202604170002,1-7TM6JM,1-6EZWG1,14107597,HLB-ff52b321-f36d-11f0-8cdb-0c42a112278c,,1870.0,0,5112429984,8020110265.0,920761315,2026-04-17,13:02:27,销售订单5112429984创建成功交货单:8020110265开票：0920761315,S,1,成功
TCL202604170002,1-7TM6JM,1-6EZWG2,14107597,HLB-ff52b337-f36d-11f0-8cdb-0c42a112278c,,1870.0,0,5112429984,8020110265.0,920761315,2026-04-17,13:02:27,销售订单5112429984创建成功交货单:8020110265开票：0920761315,S,1,成功
TCL202604170002,1-7TM6JM,1-6EZWG3,14107597,HLB-ff52b34a-f36d-11f0-8cdb-0c42a112278c,,1870.0,0,5112429984,8020110265.0,920761315,2026-04-17,13:02:27,销售订单5112429984创建成功交货单:8020110265开票：0920761315,S,1,成功
TCL202604170002,1-7TM6JM,1-6EZWG4,14107597,HLB-ff52b35e-f36d-11f0-8cdb-0c42a112278c,,1870.0,0,5112429984,8020110265.0,920761315,2026-04-17,13:02:27,销售订单5112429984创建成功交货单:8020110265开票：0920761315,S,1,成功
TCL202604170002,1-7TM6JM,1-6EZWG5,14107597,HLB-ff52b372-f36d-11f0-8cdb-0c42a112278c,,1870.0,0,5112429984,8020110265.0,920761315,2026-04-17,13:02:27,销售订单5112429984创建成功交货单:8020110265开票：0920761315,S,1,成功
TCL202604170002,1-7TM6JM,1-6EZWG6,14107597,HLB-ff52b386-f36d-11f0-8cdb-0c42a112278c,,1870.0,0,5112429984,8020110265.0,920761315,2026-04-17,13:02:27,销售订单5112429984创建成功交货单:8020110265开票：0920761315,S,1,成功
TCL202604170002,1-7TM6JM,1-6EZWG7,14107597,HLB-ff52b39a-f36d-11f0-8cdb-0c42a112278c,,1870.0,0,5112429984,8020110265.0,920761315,2026-04-17,13:02:27,销售订单5112429984创建成功交货单:8020110265开票：0920761315,S,1,成功
TCL202604170002,1-7TM6JM,1-6EZWG8,14107597,HLB-ff52b3b1-f36d-11f0-8cdb-0c42a112278c,,1870.0,0,5112429984,8020110265.0,920761315,2026-04-17,13:02:27,销售订单5112429984创建成功交货单:8020110265开票：0920761315,S,1,成功
TCL202604170002,1-7TM6JM,1-6EZWG9,14107597,HLB-ff52b3c7-f36d-11f0-8cdb-0c42a112278c,,1870.0,0,5112429984,8020110265.0,920761315,2026-04-17,13:02:27,销售订单5112429984创建成功交货单:8020110265开票：0920761315,S,1,成功
TCL202604170002,1-7TM6JM,1-6F04AM,14107579,HLB-fe9a75eb-f36d-11f0-8cdb-0c42a112278c,,1870.0,0,5112429984,8020110265.0,920761315,2026-04-17,13:02:27,销售订单5112429984创建成功交货单:8020110265开票：0920761315,S,1,成功
TCL202604170002,1-7TM6JM,1-6F04AN,14107579,HLB-fe9a7630-f36d-11f0-8cdb-0c42a112278c,,1870.0,0,5112429984,8020110265.0,920761315,2026-04-17,13:02:27,销售订单5112429984创建成功交货单:8020110265开票：0920761315,S,1,成功
TCL202604170002,1-7TM6JM,1-6F04AO,14107579,HLB-fe9a7647-f36d-11f0-8cdb-0c42a112278c,,1870.0,0,5112429984,8020110265.0,920761315,2026-04-17,13:02:27,销售订单5112429984创建成功交货单:8020110265开票：0920761315,S,1,成功
TCL202604170002,1-7TM6JM,1-6F04AP,14107579,HLB-fe9a765f-f36d-11f0-8cdb-0c42a112278c,,1870.0,0,5112429984,8020110265.0,920761315,2026-04-17,13:02:27,销售订单5112429984创建成功交货单:8020110265开票：0920761315,S,1,成功
TCL202604170002,1-7TM6JM,1-6F04AQ,14107579,HLB-fe9a7678-f36d-11f0-8cdb-0c42a112278c,,1870.0,0,5112429984,8020110265.0,920761315,2026-04-17,13:02:27,销售订单5112429984创建成功交货单:8020110265开票：0920761315,S,1,成功
TCL202604170002,1-7TM6JM,1-6F04AR,14107579,HLB-fe9a768e-f36d-11f0-8cdb-0c42a112278c,,1870.0,0,5112429984,8020110265.0,920761315,2026-04-17,13:02:27,销售订单5112429984创建成功交货单:8020110265开票：0920761315,S,1,成功
TCL202604170002,1-7TM6JM,1-6F04AS,14107579,HLB-fe9a76a7-f36d-11f0-8cdb-0c42a112278c,,1870.0,0,5112429984,8020110265.0,920761315,2026-04-17,13:02:27,销售订单5112429984创建成功交货单:8020110265开票：0920761315,S,1,成功
TCL202604170002,1-7TM6JM,1-6F04AT,14107579,HLB-fe9a76be-f36d-11f0-8cdb-0c42a112278c,,1870.0,0,5112429984,8020110265.0,920761315,2026-04-17,13:02:27,销售订单5112429984创建成功交货单:8020110265开票：0920761315,S,1,成功
TCL202604170002,1-7TM6JM,1-6F04AU,14107579,HLB-fe9a76d4-f36d-11f0-8cdb-0c42a112278c,,1870.0,0,5112429984,8020110265.0,920761315,2026-04-17,13:02:27,销售订单5112429984创建成功交货单:8020110265开票：0920761315,S,1,成功
TCL202604170002,1-7TM6JM,1-6F04AV,14107579,HLB-fe9a76f0-f36d-11f0-8cdb-0c42a112278c,,1870.0,0,5112429984,8020110265.0,920761315,2026-04-17,13:02:27,销售订单5112429984创建成功交货单:8020110265开票：0920761315,S,1,成功
TCL202604170002,1-7TM6JM,1-6F04AW,14107579,HLB-fe9a7706-f36d-11f0-8cdb-0c42a112278c,,1870.0,0,5112429984,8020110265.0,920761315,2026-04-17,13:02:27,销售订单5112429984创建成功交货单:8020110265开票：0920761315,S,1,成功
TCL202604170002,1-7TM6JM,1-6F04AX,14107579,HLB-fe9a771c-f36d-11f0-8cdb-0c42a112278c,,1870.0,0,5112429984,8020110265.0,920761315,2026-04-17,13:02:27,销售订单5112429984创建成功交货单:8020110265开票：0920761315,S,1,成功
TCL202604170002,1-7TM6JM,1-6F04AY,14107579,HLB-fe9a7730-f36d-11f0-8cdb-0c42a112278c,,1870.0,0,5112429984,8020110265.0,920761315,2026-04-17,13:02:27,销售订单5112429984创建成功交货单:8020110265开票：0920761315,S,1,成功
TCL202604170002,1-7TM6JM,1-6F04AZ,14107579,HLB-fe9a7748-f36d-11f0-8cdb-0c42a112278c,,1870.0,0,5112429984,8020110265.0,920761315,2026-04-17,13:02:27,销售订单5112429984创建成功交货单:8020110265开票：0920761315,S,1,成功
TCL202604170002,1-7TM6JM,1-6F04B0,14107579,HLB-fe9a775c-f36d-11f0-8cdb-0c42a112278c,,1870.0,0,5112429984,8020110265.0,920761315,2026-04-17,13:02:27,销售订单5112429984创建成功交货单:8020110265开票：0920761315,S,1,成功
TCL202604170002,1-7TM6JM,1-6F04B1,14107579,HLB-fe9a7772-f36d-11f0-8cdb-0c42a112278c,,1870.0,0,5112429984,8020110265.0,920761315,2026-04-17,13:02:27,销售订单5112429984创建成功交货单:8020110265开票：0920761315,S,1,成功
TCL202604170002,1-7TM6JM,1-6F04B2,14107579,HLB-fe9a7786-f36d-11f0-8cdb-0c42a112278c,,1870.0,0,5112429984,8020110265.0,920761315,2026-04-17,13:02:27,销售订单5112429984创建成功交货单:8020110265开票：0920761315,S,1,成功
TCL202604170002,1-7TM6JM,1-6F04B3,14107579,HLB-fe9a779a-f36d-11f0-8cdb-0c42a112278c,,1870.0,0,5112429984,8020110265.0,920761315,2026-04-17,13:02:27,销售订单5112429984创建成功交货单:8020110265开票：0920761315,S,1,成功
TCL202604170002,1-7TM6JM,1-6F04B4,14107579,HLB-fe9a77af-f36d-11f0-8cdb-0c42a112278c,,1870.0,0,5112429984,8020110265.0,920761315,2026-04-17,13:02:27,销售订单5112429984创建成功交货单:8020110265开票：0920761315,S,1,成功
TCL202604170002,1-7TM6JM,1-6F04B5,14107579,HLB-fe9a77c6-f36d-11f0-8cdb-0c42a112278c,,1870.0,0,5112429984,8020110265.0,920761315,2026-04-17,13:02:27,销售订单5112429984创建成功交货单:8020110265开票：0920761315,S,1,成功
TCL202604170002,1-7TM6JM,1-6F04B6,14107579,HLB-fe9a77dd-f36d-11f0-8cdb-0c42a112278c,,1870.0,0,5112429984,8020110265.0,920761315,2026-04-17,13:02:27,销售订单5112429984创建成功交货单:8020110265开票：0920761315,S,1,成功
TCL202604170002,1-7TM6JM,1-6F04B7,14107579,HLB-fe9a77f2-f36d-11f0-8cdb-0c42a112278c,,1870.0,0,5112429984,8020110265.0,920761315,2026-04-17,13:02:27,销售订单5112429984创建成功交货单:8020110265开票：0920761315,S,1,成功
TCL202604170002,1-7TM6JM,1-6F04B8,14107579,HLB-fe9a780c-f36d-11f0-8cdb-0c42a112278c,,1870.0,0,5112429984,8020110265.0,920761315,2026-04-17,13:02:27,销售订单5112429984创建成功交货单:8020110265开票：0920761315,S,1,成功
TCL202604170002,1-7TM6JM,1-6F04B9,14107579,HLB-fe9a7823-f36d-11f0-8cdb-0c42a112278c,,1870.0,0,5112429984,8020110265.0,920761315,2026-04-17,13:02:27,销售订单5112429984创建成功交货单:8020110265开票：0920761315,S,1,成功
TCL202604170002,1-7TM6JM,1-6F04BA,14107579,HLB-fe9a7839-f36d-11f0-8cdb-0c42a112278c,,1870.0,0,5112429984,8020110265.0,920761315,2026-04-17,13:02:27,销售订单5112429984创建成功交货单:8020110265开票：0920761315,S,1,成功
TCL202604170002,1-7TM6JM,1-6F0EDL,14107557,HLB-fd96d73e-f36d-11f0-8cdb-0c42a112278c,,1870.0,0,5112429984,8020110265.0,920761315,2026-04-17,13:02:27,销售订单5112429984创建成功交货单:8020110265开票：0920761315,S,1,成功
TCL202604170002,1-7TM6JM,1-6F0EDM,14107557,HLB-fd96d79e-f36d-11f0-8cdb-0c42a112278c,,1870.0,0,5112429984,8020110265.0,920761315,2026-04-17,13:02:27,销售订单5112429984创建成功交货单:8020110265开票：0920761315,S,1,成功
TCL202604170002,1-7TM6JM,1-6F0EDN,14107557,HLB-fd96d7bb-f36d-11f0-8cdb-0c42a112278c,,1870.0,0,5112429984,8020110265.0,920761315,2026-04-17,13:02:27,销售订单5112429984创建成功交货单:8020110265开票：0920761315,S,1,成功
TCL202604170002,1-7TM6JM,1-6F0EDO,14107557,HLB-fd96d7d5-f36d-11f0-8cdb-0c42a112278c,,1870.0,0,5112429984,8020110265.0,920761315,2026-04-17,13:02:27,销售订单5112429984创建成功交货单:8020110265开票：0920761315,S,1,成功
TCL202604170002,1-7TM6JM,1-6F0EDP,14107557,HLB-fd96d7f1-f36d-11f0-8cdb-0c42a112278c,,1870.0,0,5112429984,8020110265.0,920761315,2026-04-17,13:02:27,销售订单5112429984创建成功交货单:8020110265开票：0920761315,S,1,成功
TCL202604170002,1-7TM6JM,1-6F0EDQ,14107557,HLB-fd96d80f-f36d-11f0-8cdb-0c42a112278c,,1870.0,0,5112429984,8020110265.0,920761315,2026-04-17,13:02:27,销售订单5112429984创建成功交货单:8020110265开票：0920761315,S,1,成功
TCL202604170002,1-7TM6JM,1-6F0EDR,14107557,HLB-fd96d82f-f36d-11f0-8cdb-0c42a112278c,,1870.0,0,5112429984,8020110265.0,920761315,2026-04-17,13:02:27,销售订单5112429984创建成功交货单:8020110265开票：0920761315,S,1,成功
TCL202604170002,1-7TM6JM,1-6F0EDS,14107557,HLB-fd96d84a-f36d-11f0-8cdb-0c42a112278c,,1870.0,0,5112429984,8020110265.0,920761315,2026-04-17,13:02:27,销售订单5112429984创建成功交货单:8020110265开票：0920761315,S,1,成功
TCL202604170002,1-7TM6JM,1-6F0EDT,14107557,HLB-fd96d863-f36d-11f0-8cdb-0c42a112278c,,1870.0,0,5112429984,8020110265.0,920761315,2026-04-17,13:02:27,销售订单5112429984创建成功交货单:8020110265开票：0920761315,S,1,成功
TCL202604170002,1-7TM6JM,1-6F0EDU,14107557,HLB-fd96d879-f36d-11f0-8cdb-0c42a112278c,,1870.0,0,5112429984,8020110265.0,920761315,2026-04-17,13:02:27,销售订单5112429984创建成功交货单:8020110265开票：0920761315,S,1,成功
TCL202604170002,1-7TM6JM,1-6F0EDV,14107557,HLB-fd96d891-f36d-11f0-8cdb-0c42a112278c,,1870.0,0,5112429984,8020110265.0,920761315,2026-04-17,13:02:27,销售订单5112429984创建成功交货单:8020110265开票：0920761315,S,1,成功
TCL202604170002,1-7TM6JM,1-6F0EDW,14107557,HLB-fd96d8ac-f36d-11f0-8cdb-0c42a112278c,,1870.0,0,5112429984,8020110265.0,920761315,2026-04-17,13:02:27,销售订单5112429984创建成功交货单:8020110265开票：0920761315,S,1,成功
TCL202604170002,1-7TM6JM,1-6F0EDX,14107557,HLB-fd96d8c3-f36d-11f0-8cdb-0c42a112278c,,1870.0,0,5112429984,8020110265.0,920761315,2026-04-17,13:02:27,销售订单5112429984创建成功交货单:8020110265开票：0920761315,S,1,成功
TCL202604170002,1-7TM6JM,1-6F0EDY,14107557,HLB-fd96d8d8-f36d-11f0-8cdb-0c42a112278c,,1870.0,0,5112429984,8020110265.0,920761315,2026-04-17,13:02:27,销售订单5112429984创建成功交货单:8020110265开票：0920761315,S,1,成功
TCL202604170002,1-7TM6JM,1-6F0EDZ,14107557,HLB-fd96d8ed-f36d-11f0-8cdb-0c42a112278c,,1870.0,0,5112429984,8020110265.0,920761315,2026-04-17,13:02:27,销售订单5112429984创建成功交货单:8020110265开票：0920761315,S,1,成功
TCL202604170002,1-7TM6JM,1-6F0EE0,14107557,HLB-fd96d905-f36d-11f0-8cdb-0c42a112278c,,1870.0,0,5112429984,8020110265.0,920761315,2026-04-17,13:02:27,销售订单5112429984创建成功交货单:8020110265开票：0920761315,S,1,成功
TCL202604170002,1-7TM6JM,1-6F0EE1,14107557,HLB-fd96d91e-f36d-11f0-8cdb-0c42a112278c,,1870.0,0,5112429984,8020110265.0,920761315,2026-04-17,13:02:27,销售订单5112429984创建成功交货单:8020110265开票：0920761315,S,1,成功
TCL202604170002,1-7TM6JM,1-6F0EE2,14107557,HLB-fd96d936-f36d-11f0-8cdb-0c42a112278c,,1870.0,0,5112429984,8020110265.0,920761315,2026-04-17,13:02:27,销售订单5112429984创建成功交货单:8020110265开票：0920761315,S,1,成功
TCL202604170002,1-7TM6JM,1-6F0EE3,14107557,HLB-fd96d94f-f36d-11f0-8cdb-0c42a112278c,,1870.0,0,5112429984,8020110265.0,920761315,2026-04-17,13:02:27,销售订单5112429984创建成功交货单:8020110265开票：0920761315,S,1,成功
TCL202604170002,1-7TM6JM,1-6F0EE4,14107557,HLB-fd96d969-f36d-11f0-8cdb-0c42a112278c,,1870.0,0,5112429984,8020110265.0,920761315,2026-04-17,13:02:27,销售订单5112429984创建成功交货单:8020110265开票：0920761315,S,1,成功
TCL202604170002,1-7TM6JM,1-6F0EE5,14107557,HLB-fd96d982-f36d-11f0-8cdb-0c42a112278c,,1870.0,0,5112429984,8020110265.0,920761315,2026-04-17,13:02:27,销售订单5112429984创建成功交货单:8020110265开票：0920761315,S,1,成功
TCL202604170002,1-7TM6JM,1-6F0EE6,14107557,HLB-fd96d997-f36d-11f0-8cdb-0c42a112278c,,1870.0,0,5112429984,8020110265.0,920761315,2026-04-17,13:02:27,销售订单5112429984创建成功交货单:8020110265开票：0920761315,S,1,成功
TCL202604170002,1-7TM6JM,1-6F0EE7,14107557,HLB-fd96d9af-f36d-11f0-8cdb-0c42a112278c,,1870.0,0,5112429984,8020110265.0,920761315,2026-04-17,13:02:27,销售订单5112429984创建成功交货单:8020110265开票：0920761315,S,1,成功
TCL202604170002,1-7TM6JM,1-6F0EE8,14107557,HLB-fd96d9c5-f36d-11f0-8cdb-0c42a112278c,,1870.0,0,5112429984,8020110265.0,920761315,2026-04-17,13:02:27,销售订单5112429984创建成功交货单:8020110265开票：0920761315,S,1,成功
TCL202604170002,1-7TM6JM,1-6F0EE9,14107557,HLB-fd96d9db-f36d-11f0-8cdb-0c42a112278c,,1870.0,0,5112429984,8020110265.0,920761315,2026-04-17,13:02:27,销售订单5112429984创建成功交货单:8020110265开票：0920761315,S,1,成功
TCL202604170002,1-7TM6JM,1-6P7IXV,14200852,HLB-0f9513cf-fcd9-11f0-8cdb-0c42a112278c,,1870.0,0,5112429984,8020110265.0,920761315,2026-04-17,13:02:27,销售订单5112429984创建成功交货单:8020110265开票：0920761315,S,1,成功
TCL202604170002,1-7TM6JM,1-6P7IXW,14200852,HLB-0f95142a-fcd9-11f0-8cdb-0c42a112278c,,1870.0,0,5112429984,8020110265.0,920761315,2026-04-17,13:02:27,销售订单5112429984创建成功交货单:8020110265开票：0920761315,S,1,成功
TCL202604170002,1-7TM6JM,1-6P7IXX,14200852,HLB-0f951448-fcd9-11f0-8cdb-0c42a112278c,,1870.0,0,5112429984,8020110265.0,920761315,2026-04-17,13:02:27,销售订单5112429984创建成功交货单:8020110265开票：0920761315,S,1,成功
TCL202604170002,1-7TM6JM,1-6P7IXY,14200852,HLB-0f95146f-fcd9-11f0-8cdb-0c42a112278c,,1870.0,0,5112429984,8020110265.0,920761315,2026-04-17,13:02:27,销售订单5112429984创建成功交货单:8020110265开票：0920761315,S,1,成功
TCL202604170002,1-7TM6JM,1-6P7IXZ,14200852,HLB-0f951487-fcd9-11f0-8cdb-0c42a112278c,,1870.0,0,5112429984,8020110265.0,920761315,2026-04-17,13:02:27,销售订单5112429984创建成功交货单:8020110265开票：0920761315,S,1,成功
TCL202604170002,1-7TM6JM,1-6P7IY0,14200852,HLB-0f9514a0-fcd9-11f0-8cdb-0c42a112278c,,1870.0,0,5112429984,8020110265.0,920761315,2026-04-17,13:02:27,销售订单5112429984创建成功交货单:8020110265开票：0920761315,S,1,成功
TCL202604170002,1-7TM6JM,1-6P7IY1,14200852,HLB-0f9514c0-fcd9-11f0-8cdb-0c42a112278c,,1870.0,0,5112429984,8020110265.0,920761315,2026-04-17,13:02:27,销售订单5112429984创建成功交货单:8020110265开票：0920761315,S,1,成功
TCL202604170002,1-7TM6JM,1-6P7IY2,14200852,HLB-0f9514dc-fcd9-11f0-8cdb-0c42a112278c,,1870.0,0,5112429984,8020110265.0,920761315,2026-04-17,13:02:27,销售订单5112429984创建成功交货单:8020110265开票：0920761315,S,1,成功
TCL202604170002,1-7TM6JM,1-6P7IY3,14200852,HLB-0f9514f3-fcd9-11f0-8cdb-0c42a112278c,,1870.0,0,5112429984,8020110265.0,920761315,2026-04-17,13:02:27,销售订单5112429984创建成功交货单:8020110265开票：0920761315,S,1,成功
TCL202604170002,1-7TM6JM,1-6P7IY4,14200852,HLB-0f95150b-fcd9-11f0-8cdb-0c42a112278c,,1870.0,0,5112429984,8020110265.0,920761315,2026-04-17,13:02:27,销售订单5112429984创建成功交货单:8020110265开票：0920761315,S,1,成功
TCL202604170002,1-7TM6JM,1-6P7IY5,14200852,HLB-0f951520-fcd9-11f0-8cdb-0c42a112278c,,1870.0,0,5112429984,8020110265.0,920761315,2026-04-17,13:02:27,销售订单5112429984创建成功交货单:8020110265开票：0920761315,S,1,成功
TCL202604170002,1-7TM6JM,1-6P7IY6,14200852,HLB-0f95153c-fcd9-11f0-8cdb-0c42a112278c,,1870.0,0,5112429984,8020110265.0,920761315,2026-04-17,13:02:27,销售订单5112429984创建成功交货单:8020110265开票：0920761315,S,1,成功
TCL202604170002,1-7TM6JM,1-6P7IY7,14200852,HLB-0f951559-fcd9-11f0-8cdb-0c42a112278c,,1870.0,0,5112429984,8020110265.0,920761315,2026-04-17,13:02:27,销售订单5112429984创建成功交货单:8020110265开票：0920761315,S,1,成功
TCL202604170002,1-7TM6JM,1-6P7IY8,14200852,HLB-0f951576-fcd9-11f0-8cdb-0c42a112278c,,1870.0,0,5112429984,8020110265.0,920761315,2026-04-17,13:02:27,销售订单5112429984创建成功交货单:8020110265开票：0920761315,S,1,成功
TCL202604170002,1-7TM6JM,1-6P7IY9,14200852,HLB-0f951595-fcd9-11f0-8cdb-0c42a112278c,,1870.0,0,5112429984,8020110265.0,920761315,2026-04-17,13:02:27,销售订单5112429984创建成功交货单:8020110265开票：0920761315,S,1,成功
TCL202604170002,1-7TM6JM,1-6P7IYA,14200852,HLB-0f9515af-fcd9-11f0-8cdb-0c42a112278c,,1870.0,0,5112429984,8020110265.0,920761315,2026-04-17,13:02:27,销售订单5112429984创建成功交货单:8020110265开票：0920761315,S,1,成功
TCL202604170002,1-7TM6JM,1-6P7IYB,14200852,HLB-0f9515c9-fcd9-11f0-8cdb-0c42a112278c,,1870.0,0,5112429984,8020110265.0,920761315,2026-04-17,13:02:27,销售订单5112429984创建成功交货单:8020110265开票：0920761315,S,1,成功
TCL202604170002,1-7TM6JM,1-6P7IYC,14200852,HLB-0f9515de-fcd9-11f0-8cdb-0c42a112278c,,1870.0,0,5112429984,8020110265.0,920761315,2026-04-17,13:02:27,销售订单5112429984创建成功交货单:8020110265开票：0920761315,S,1,成功
TCL202604170002,1-7TM6JM,1-6P7IYD,14200852,HLB-0f9515f7-fcd9-11f0-8cdb-0c42a112278c,,1870.0,0,5112429984,8020110265.0,920761315,2026-04-17,13:02:27,销售订单5112429984创建成功交货单:8020110265开票：0920761315,S,1,成功
TCL202604170002,1-7TM6JM,1-6P7IYE,14200852,HLB-0f95160e-fcd9-11f0-8cdb-0c42a112278c,,1870.0,0,5112429984,8020110265.0,920761315,2026-04-17,13:02:27,销售订单5112429984创建成功交货单:8020110265开票：0920761315,S,1,成功
TCL202604170002,1-7TM6JM,1-6P7IYF,14200852,HLB-0f951666-fcd9-11f0-8cdb-0c42a112278c,,1870.0,0,5112429984,8020110265.0,920761315,2026-04-17,13:02:27,销售订单5112429984创建成功交货单:8020110265开票：0920761315,S,1,成功
TCL202604170002,1-7TM6JM,1-6P7IYG,14200852,HLB-0f95167f-fcd9-11f0-8cdb-0c42a112278c,,1870.0,0,5112429984,8020110265.0,920761315,2026-04-17,13:02:27,销售订单5112429984创建成功交货单:8020110265开票：0920761315,S,1,成功
TCL202604170002,1-7TM6JM,1-6P7IYH,14200852,HLB-0f9516af-fcd9-11f0-8cdb-0c42a112278c,,1870.0,0,5112429984,8020110265.0,920761315,2026-04-17,13:02:27,销售订单5112429984创建成功交货单:8020110265开票：0920761315,S,1,成功
TCL202604170002,1-7TM6JM,1-6P7IYI,14200852,HLB-0f9516cc-fcd9-11f0-8cdb-0c42a112278c,,1870.0,0,5112429984,8020110265.0,920761315,2026-04-17,13:02:27,销售订单5112429984创建成功交货单:8020110265开票：0920761315,S,1,成功
TCL202604170002,1-7TM6JM,1-6P7IYJ,14200852,HLB-0f9516e6-fcd9-11f0-8cdb-0c42a112278c,,1870.0,0,5112429984,8020110265.0,920761315,2026-04-17,13:02:27,销售订单5112429984创建成功交货单:8020110265开票：0920761315,S,1,成功
TCL202604170002,1-7TM6JM,1-71Q82Q,14313421,HLB-b5e39646-16b0-11f1-8cdb-0c42a112278c,,1870.0,0,5112429984,8020110265.0,920761315,2026-04-17,13:02:27,销售订单5112429984创建成功交货单:8020110265开票：0920761315,S,1,成功
TCL202604170002,1-7TM6JM,1-71Q82R,14313421,HLB-b5e3965f-16b0-11f1-8cdb-0c42a112278c,,1870.0,0,5112429984,8020110265.0,920761315,2026-04-17,13:02:27,销售订单5112429984创建成功交货单:8020110265开票：0920761315,S,1,成功
TCL202604170002,1-7TM6JM,1-71QD4H,14313392,HLB-4e1155b0-16b0-11f1-8cdb-0c42a112278c,,1870.0,0,5112429984,8020110265.0,920761315,2026-04-17,13:02:27,销售订单5112429984创建成功交货单:8020110265开票：0920761315,S,1,成功
TCL202604170002,1-7TM6JM,1-71QD4I,14313392,HLB-4e11561b-16b0-11f1-8cdb-0c42a112278c,,1870.0,0,5112429984,8020110265.0,920761315,2026-04-17,13:02:27,销售订单5112429984创建成功交货单:8020110265开票：0920761315,S,1,成功
TCL202604170002,1-7TM6JM,1-71QD4J,14313392,HLB-4e115649-16b0-11f1-8cdb-0c42a112278c,,1870.0,0,5112429984,8020110265.0,920761315,2026-04-17,13:02:27,销售订单5112429984创建成功交货单:8020110265开票：0920761315,S,1,成功
TCL202604170002,1-7TM6JM,1-71QD4K,14313392,HLB-4e115665-16b0-11f1-8cdb-0c42a112278c,,1870.0,0,5112429984,8020110265.0,920761315,2026-04-17,13:02:27,销售订单5112429984创建成功交货单:8020110265开票：0920761315,S,1,成功
TCL202604170002,1-7TM6JM,1-71QD4L,14313392,HLB-4e115682-16b0-11f1-8cdb-0c42a112278c,,1870.0,0,5112429984,8020110265.0,920761315,2026-04-17,13:02:27,销售订单5112429984创建成功交货单:8020110265开票：0920761315,S,1,成功
TCL202604170002,1-7TM6JM,1-71QD4M,14313392,HLB-4e11569b-16b0-11f1-8cdb-0c42a112278c,,1870.0,0,5112429984,8020110265.0,920761315,2026-04-17,13:02:27,销售订单5112429984创建成功交货单:8020110265开票：0920761315,S,1,成功
TCL202604170002,1-7TM6JM,1-71QD4N,14313392,HLB-4e1156b5-16b0-11f1-8cdb-0c42a112278c,,1870.0,0,5112429984,8020110265.0,920761315,2026-04-17,13:02:27,销售订单5112429984创建成功交货单:8020110265开票：0920761315,S,1,成功
TCL202604170002,1-7TM6JM,1-71QD4O,14313392,HLB-4e1156cf-16b0-11f1-8cdb-0c42a112278c,,1870.0,0,5112429984,8020110265.0,920761315,2026-04-17,13:02:27,销售订单5112429984创建成功交货单:8020110265开票：0920761315,S,1,成功
TCL202604170002,1-7TM6JM,1-71QD4P,14313392,HLB-4e1156e8-16b0-11f1-8cdb-0c42a112278c,,1870.0,0,5112429984,8020110265.0,920761315,2026-04-17,13:02:27,销售订单5112429984创建成功交货单:8020110265开票：0920761315,S,1,成功
TCL202604170002,1-7TM6JM,1-71QD4Q,14313392,HLB-4e115703-16b0-11f1-8cdb-0c42a112278c,,1870.0,0,5112429984,8020110265.0,920761315,2026-04-17,13:02:27,销售订单5112429984创建成功交货单:8020110265开票：0920761315,S,1,成功
TCL202604170002,1-7TM6JM,1-71QD4R,14313392,HLB-4e11571c-16b0-11f1-8cdb-0c42a112278c,,1870.0,0,5112429984,8020110265.0,920761315,2026-04-17,13:02:27,销售订单5112429984创建成功交货单:8020110265开票：0920761315,S,1,成功
TCL202604170002,1-7TM6JM,1-71QD4S,14313392,HLB-4e115737-16b0-11f1-8cdb-0c42a112278c,,1870.0,0,5112429984,8020110265.0,920761315,2026-04-17,13:02:27,销售订单5112429984创建成功交货单:8020110265开票：0920761315,S,1,成功
TCL202604170002,1-7TM6JM,1-71QD4T,14313392,HLB-4e115753-16b0-11f1-8cdb-0c42a112278c,,1870.0,0,5112429984,8020110265.0,920761315,2026-04-17,13:02:27,销售订单5112429984创建成功交货单:8020110265开票：0920761315,S,1,成功
TCL202604170002,1-7TM6JM,1-71QD4U,14313392,HLB-4e11576e-16b0-11f1-8cdb-0c42a112278c,,1870.0,0,5112429984,8020110265.0,920761315,2026-04-17,13:02:27,销售订单5112429984创建成功交货单:8020110265开票：0920761315,S,1,成功
TCL202604170002,1-7TM6JM,1-71QD4V,14313392,HLB-4e115785-16b0-11f1-8cdb-0c42a112278c,,1870.0,0,5112429984,8020110265.0,920761315,2026-04-17,13:02:27,销售订单5112429984创建成功交货单:8020110265开票：0920761315,S,1,成功
TCL202604170002,1-7TM6JM,1-71QD4W,14313392,HLB-4e11579d-16b0-11f1-8cdb-0c42a112278c,,1870.0,0,5112429984,8020110265.0,920761315,2026-04-17,13:02:27,销售订单5112429984创建成功交货单:8020110265开票：0920761315,S,1,成功
TCL202604170002,1-7TM6JM,1-71QD4X,14313392,HLB-4e1157b4-16b0-11f1-8cdb-0c42a112278c,,1870.0,0,5112429984,8020110265.0,920761315,2026-04-17,13:02:27,销售订单5112429984创建成功交货单:8020110265开票：0920761315,S,1,成功
TCL202604170002,1-7TM6JM,1-71QD4Y,14313392,HLB-4e1157c9-16b0-11f1-8cdb-0c42a112278c,,1870.0,0,5112429984,8020110265.0,920761315,2026-04-17,13:02:27,销售订单5112429984创建成功交货单:8020110265开票：0920761315,S,1,成功
TCL202604170002,1-7TM6JM,1-71QD4Z,14313392,HLB-4e1157de-16b0-11f1-8cdb-0c42a112278c,,1870.0,0,5112429984,8020110265.0,920761315,2026-04-17,13:02:27,销售订单5112429984创建成功交货单:8020110265开票：0920761315,S,1,成功
TCL202604170002,1-7TM6JM,1-71QD50,14313392,HLB-4e1157f4-16b0-11f1-8cdb-0c42a112278c,,1870.0,0,5112429984,8020110265.0,920761315,2026-04-17,13:02:27,销售订单5112429984创建成功交货单:8020110265开票：0920761315,S,1,成功
TCL202604170002,1-7TM6JM,1-71QD51,14313392,HLB-4e11580d-16b0-11f1-8cdb-0c42a112278c,,1870.0,0,5112429984,8020110265.0,920761315,2026-04-17,13:02:27,销售订单5112429984创建成功交货单:8020110265开票：0920761315,S,1,成功
TCL202604170002,1-7TM6JM,1-71QD52,14313392,HLB-4e115825-16b0-11f1-8cdb-0c42a112278c,,1870.0,0,5112429984,8020110265.0,920761315,2026-04-17,13:02:27,销售订单5112429984创建成功交货单:8020110265开票：0920761315,S,1,成功
TCL202604170002,1-7TM6JM,1-71QD53,14313392,HLB-4e115854-16b0-11f1-8cdb-0c42a112278c,,1870.0,0,5112429984,8020110265.0,920761315,2026-04-17,13:02:27,销售订单5112429984创建成功交货单:8020110265开票：0920761315,S,1,成功
TCL202604170002,1-7TM6JM,1-71QD54,14313392,HLB-4e115869-16b0-11f1-8cdb-0c42a112278c,,1870.0,0,5112429984,8020110265.0,920761315,2026-04-17,13:02:27,销售订单5112429984创建成功交货单:8020110265开票：0920761315,S,1,成功
TCL202604170002,1-7TM6JM,1-71QD55,14313392,HLB-4e115883-16b0-11f1-8cdb-0c42a112278c,,1870.0,0,5112429984,8020110265.0,920761315,2026-04-17,13:02:27,销售订单5112429984创建成功交货单:8020110265开票：0920761315,S,1,成功
TCL202604170002,1-7TM6JM,1-755GVN,14181827,HLB-ee69f9df-fb29-11f0-8cdb-0c42a112278c,,1870.0,0,5112429984,8020110265.0,920761315,2026-04-17,13:02:27,销售订单5112429984创建成功交货单:8020110265开票：0920761315,S,1,成功
TCL202604170002,1-7TM6JM,1-755GVO,14181827,HLB-ee69fa38-fb29-11f0-8cdb-0c42a112278c,,1870.0,0,5112429984,8020110265.0,920761315,2026-04-17,13:02:27,销售订单5112429984创建成功交货单:8020110265开票：0920761315,S,1,成功
TCL202604170002,1-7TM6JM,1-755GVP,14181827,HLB-ee69fa4f-fb29-11f0-8cdb-0c42a112278c,,1870.0,0,5112429984,8020110265.0,920761315,2026-04-17,13:02:27,销售订单5112429984创建成功交货单:8020110265开票：0920761315,S,1,成功
TCL202604170002,1-7TM6JM,1-755GVQ,14181827,HLB-ee69fa6d-fb29-11f0-8cdb-0c42a112278c,,1870.0,0,5112429984,8020110265.0,920761315,2026-04-17,13:02:27,销售订单5112429984创建成功交货单:8020110265开票：0920761315,S,1,成功
TCL202604170002,1-7TM6JM,1-755GW1,14181827,HLB-ee69fa86-fb29-11f0-8cdb-0c42a112278c,,1870.0,0,5112429984,8020110265.0,920761315,2026-04-17,13:02:27,销售订单5112429984创建成功交货单:8020110265开票：0920761315,S,1,成功
TCL202604170002,1-7TM6JM,1-755GW2,14181827,HLB-ee69faa0-fb29-11f0-8cdb-0c42a112278c,,1870.0,0,5112429984,8020110265.0,920761315,2026-04-17,13:02:27,销售订单5112429984创建成功交货单:8020110265开票：0920761315,S,1,成功
TCL202604170002,1-7TM6JM,1-755GW3,14181827,HLB-ee69fabf-fb29-11f0-8cdb-0c42a112278c,,1870.0,0,5112429984,8020110265.0,920761315,2026-04-17,13:02:27,销售订单5112429984创建成功交货单:8020110265开票：0920761315,S,1,成功
TCL202604170002,1-7TM6JM,1-755GW4,14181827,HLB-ee69fad7-fb29-11f0-8cdb-0c42a112278c,,1870.0,0,5112429984,8020110265.0,920761315,2026-04-17,13:02:27,销售订单5112429984创建成功交货单:8020110265开票：0920761315,S,1,成功
TCL202604170002,1-7TM6JM,1-755GW5,14181827,HLB-ee69faed-fb29-11f0-8cdb-0c42a112278c,,1870.0,0,5112429984,8020110265.0,920761315,2026-04-17,13:02:27,销售订单5112429984创建成功交货单:8020110265开票：0920761315,S,1,成功
TCL202604170002,1-7TM6JM,1-755GW6,14181827,HLB-ee69fb05-fb29-11f0-8cdb-0c42a112278c,,1870.0,0,5112429984,8020110265.0,920761315,2026-04-17,13:02:27,销售订单5112429984创建成功交货单:8020110265开票：0920761315,S,1,成功
TCL202604170002,1-7TM6JM,1-755GW7,14181827,HLB-ee69fb1e-fb29-11f0-8cdb-0c42a112278c,,1870.0,0,5112429984,8020110265.0,920761315,2026-04-17,13:02:27,销售订单5112429984创建成功交货单:8020110265开票：0920761315,S,1,成功
TCL202604170002,1-7TM6JM,1-755GW8,14181827,HLB-ee69fb38-fb29-11f0-8cdb-0c42a112278c,,1870.0,0,5112429984,8020110265.0,920761315,2026-04-17,13:02:27,销售订单5112429984创建成功交货单:8020110265开票：0920761315,S,1,成功
TCL202604170002,1-7TM6JM,1-755GW9,14181827,HLB-ee69fb4e-fb29-11f0-8cdb-0c42a112278c,,1870.0,0,5112429984,8020110265.0,920761315,2026-04-17,13:02:27,销售订单5112429984创建成功交货单:8020110265开票：0920761315,S,1,成功
TCL202604170002,1-7TM6JM,1-755GWA,14181827,HLB-ee69fb64-fb29-11f0-8cdb-0c42a112278c,,1870.0,0,5112429984,8020110265.0,920761315,2026-04-17,13:02:27,销售订单5112429984创建成功交货单:8020110265开票：0920761315,S,1,成功
TCL202604170002,1-7TM6JM,1-755GWB,14181827,HLB-ee69fb7b-fb29-11f0-8cdb-0c42a112278c,,1870.0,0,5112429984,8020110265.0,920761315,2026-04-17,13:02:27,销售订单5112429984创建成功交货单:8020110265开票：0920761315,S,1,成功
TCL202604170002,1-7TM6JM,1-755GWC,14181827,HLB-ee69fb91-fb29-11f0-8cdb-0c42a112278c,,1870.0,0,5112429984,8020110265.0,920761315,2026-04-17,13:02:27,销售订单5112429984创建成功交货单:8020110265开票：0920761315,S,1,成功
TCL202604170002,1-7TM6JM,1-755GWD,14181827,HLB-ee69fba6-fb29-11f0-8cdb-0c42a112278c,,1870.0,0,5112429984,8020110265.0,920761315,2026-04-17,13:02:27,销售订单5112429984创建成功交货单:8020110265开票：0920761315,S,1,成功
TCL202604170002,1-7TM6JM,1-755GWE,14181827,HLB-ee69fbbe-fb29-11f0-8cdb-0c42a112278c,,1870.0,0,5112429984,8020110265.0,920761315,2026-04-17,13:02:27,销售订单5112429984创建成功交货单:8020110265开票：0920761315,S,1,成功
TCL202604170002,1-7TM6JM,1-755GWF,14181827,HLB-ee69fbd2-fb29-11f0-8cdb-0c42a112278c,,1870.0,0,5112429984,8020110265.0,920761315,2026-04-17,13:02:27,销售订单5112429984创建成功交货单:8020110265开票：0920761315,S,1,成功
TCL202604170002,1-7TM6JM,1-755GWG,14181827,HLB-ee69fbec-fb29-11f0-8cdb-0c42a112278c,,1870.0,0,5112429984,8020110265.0,920761315,2026-04-17,13:02:27,销售订单5112429984创建成功交货单:8020110265开票：0920761315,S,1,成功
TCL202604170002,1-7TM6JM,1-755GWH,14181827,HLB-ee69fc01-fb29-11f0-8cdb-0c42a112278c,,1870.0,0,5112429984,8020110265.0,920761315,2026-04-17,13:02:27,销售订单5112429984创建成功交货单:8020110265开票：0920761315,S,1,成功
TCL202604170002,1-7TM6JM,1-755GWI,14181827,HLB-ee69fc1a-fb29-11f0-8cdb-0c42a112278c,,1870.0,0,5112429984,8020110265.0,920761315,2026-04-17,13:02:27,销售订单5112429984创建成功交货单:8020110265开票：0920761315,S,1,成功
TCL202604170002,1-7TM6JM,1-755GWJ,14181827,HLB-ee69fc33-fb29-11f0-8cdb-0c42a112278c,,1870.0,0,5112429984,8020110265.0,920761315,2026-04-17,13:02:27,销售订单5112429984创建成功交货单:8020110265开票：0920761315,S,1,成功
TCL202604170002,1-7TM6JM,1-755GWK,14181827,HLB-ee69fc48-fb29-11f0-8cdb-0c42a112278c,,1870.0,0,5112429984,8020110265.0,920761315,2026-04-17,13:02:27,销售订单5112429984创建成功交货单:8020110265开票：0920761315,S,1,成功
TCL202604170002,1-7TM6JM,1-755GWL,14181827,HLB-ee69fc5d-fb29-11f0-8cdb-0c42a112278c,,1870.0,0,5112429984,8020110265.0,920761315,2026-04-17,13:02:27,销售订单5112429984创建成功交货单:8020110265开票：0920761315,S,1,成功
TCL202604170002,1-7TM6JM,1-7OETVB,14583651,HLB-2abd9833-32f4-11f1-8cdb-0c42a112278c,,1870.0,0,5112429984,8020110265.0,920761315,2026-04-17,13:02:27,销售订单5112429984创建成功交货单:8020110265开票：0920761315,S,1,成功
TCL202604170002,1-7TM6JM,1-7OETVC,14583651,HLB-2abd989b-32f4-11f1-8cdb-0c42a112278c,,1870.0,0,5112429984,8020110265.0,920761315,2026-04-17,13:02:27,销售订单5112429984创建成功交货单:8020110265开票：0920761315,S,1,成功
TCL202604170002,1-7TM6JM,1-7OETVD,14583651,HLB-2abd98c5-32f4-11f1-8cdb-0c42a112278c,,1870.0,0,5112429984,8020110265.0,920761315,2026-04-17,13:02:27,销售订单5112429984创建成功交货单:8020110265开票：0920761315,S,1,成功
TCL202604170002,1-7TM6JM,1-7OETVE,14583651,HLB-2abd98da-32f4-11f1-8cdb-0c42a112278c,,1870.0,0,5112429984,8020110265.0,920761315,2026-04-17,13:02:27,销售订单5112429984创建成功交货单:8020110265开票：0920761315,S,1,成功
TCL202604170002,1-7TM6JM,1-7OETVF,14583651,HLB-2abd98f0-32f4-11f1-8cdb-0c42a112278c,,1870.0,0,5112429984,8020110265.0,920761315,2026-04-17,13:02:27,销售订单5112429984创建成功交货单:8020110265开票：0920761315,S,1,成功
TCL202604170002,1-7TM6JM,1-7OETVG,14583651,HLB-2abd990b-32f4-11f1-8cdb-0c42a112278c,,1870.0,0,5112429984,8020110265.0,920761315,2026-04-17,13:02:27,销售订单5112429984创建成功交货单:8020110265开票：0920761315,S,1,成功
TCL202604170002,1-7TM6JM,1-7OETVH,14583651,HLB-2abd9929-32f4-11f1-8cdb-0c42a112278c,,1870.0,0,5112429984,8020110265.0,920761315,2026-04-17,13:02:27,销售订单5112429984创建成功交货单:8020110265开票：0920761315,S,1,成功
TCL202604170002,1-7TM6JM,1-7OETVI,14583651,HLB-2abd993f-32f4-11f1-8cdb-0c42a112278c,,1870.0,0,5112429984,8020110265.0,920761315,2026-04-17,13:02:27,销售订单5112429984创建成功交货单:8020110265开票：0920761315,S,1,成功
TCL202604170002,1-7TM6JM,1-7OETVJ,14583651,HLB-2abd9958-32f4-11f1-8cdb-0c42a112278c,,1870.0,0,5112429984,8020110265.0,920761315,2026-04-17,13:02:27,销售订单5112429984创建成功交货单:8020110265开票：0920761315,S,1,成功
TCL202604170002,1-7TM6JM,1-7OETVK,14583651,HLB-2abd996e-32f4-11f1-8cdb-0c42a112278c,,1870.0,0,5112429984,8020110265.0,920761315,2026-04-17,13:02:27,销售订单5112429984创建成功交货单:8020110265开票：0920761315,S,1,成功
TCL202604170002,1-7TM6JM,1-7OETVL,14583651,HLB-2abd9982-32f4-11f1-8cdb-0c42a112278c,,1870.0,0,5112429984,8020110265.0,920761315,2026-04-17,13:02:27,销售订单5112429984创建成功交货单:8020110265开票：0920761315,S,1,成功
TCL202604170002,1-7TM6JM,1-7OETVM,14583651,HLB-2abd999a-32f4-11f1-8cdb-0c42a112278c,,1870.0,0,5112429984,8020110265.0,920761315,2026-04-17,13:02:27,销售订单5112429984创建成功交货单:8020110265开票：0920761315,S,1,成功
TCL202604170002,1-7TM6JM,1-7OETVN,14583651,HLB-2abd99b0-32f4-11f1-8cdb-0c42a112278c,,1870.0,0,5112429984,8020110265.0,920761315,2026-04-17,13:02:27,销售订单5112429984创建成功交货单:8020110265开票：0920761315,S,1,成功
TCL202604170002,1-7TM6JM,1-7OETVO,14583651,HLB-2abd99c7-32f4-11f1-8cdb-0c42a112278c,,1870.0,0,5112429984,8020110265.0,920761315,2026-04-17,13:02:27,销售订单5112429984创建成功交货单:8020110265开票：0920761315,S,1,成功
TCL202604170002,1-7TM6JM,1-7OETVP,14583651,HLB-2abd99df-32f4-11f1-8cdb-0c42a112278c,,1870.0,0,5112429984,8020110265.0,920761315,2026-04-17,13:02:27,销售订单5112429984创建成功交货单:8020110265开票：0920761315,S,1,成功
TCL202604170002,1-7TM6JM,1-7OETVQ,14583651,HLB-2abd99f4-32f4-11f1-8cdb-0c42a112278c,,1870.0,0,5112429984,8020110265.0,920761315,2026-04-17,13:02:27,销售订单5112429984创建成功交货单:8020110265开票：0920761315,S,1,成功
TCL202604170002,1-7TM6JM,1-7OETVR,14583651,HLB-2abd9a09-32f4-11f1-8cdb-0c42a112278c,,1870.0,0,5112429984,8020110265.0,920761315,2026-04-17,13:02:27,销售订单5112429984创建成功交货单:8020110265开票：0920761315,S,1,成功
TCL202604170002,1-7TM6JM,1-7OETVS,14583651,HLB-2abd9a1c-32f4-11f1-8cdb-0c42a112278c,,1870.0,0,5112429984,8020110265.0,920761315,2026-04-17,13:02:27,销售订单5112429984创建成功交货单:8020110265开票：0920761315,S,1,成功
TCL202604170002,1-7TM6JM,1-7OETVT,14583651,HLB-2abd9a31-32f4-11f1-8cdb-0c42a112278c,,1870.0,0,5112429984,8020110265.0,920761315,2026-04-17,13:02:27,销售订单5112429984创建成功交货单:8020110265开票：0920761315,S,1,成功
TCL202604170002,1-7TM6JM,1-7OETVU,14583651,HLB-2abd9a44-32f4-11f1-8cdb-0c42a112278c,,1870.0,0,5112429984,8020110265.0,920761315,2026-04-17,13:02:27,销售订单5112429984创建成功交货单:8020110265开票：0920761315,S,1,成功
TCL202604170002,1-7TM6JM,1-7OETVV,14583651,HLB-2abd9a59-32f4-11f1-8cdb-0c42a112278c,,1870.0,0,5112429984,8020110265.0,920761315,2026-04-17,13:02:27,销售订单5112429984创建成功交货单:8020110265开票：0920761315,S,1,成功
TCL202604170002,1-7TM6JM,1-7OETVW,14583651,HLB-2abd9a6c-32f4-11f1-8cdb-0c42a112278c,,1870.0,0,5112429984,8020110265.0,920761315,2026-04-17,13:02:27,销售订单5112429984创建成功交货单:8020110265开票：0920761315,S,1,成功
TCL202604170002,1-7TM6JM,1-7OETVX,14583651,HLB-2abd9a84-32f4-11f1-8cdb-0c42a112278c,,1870.0,0,5112429984,8020110265.0,920761315,2026-04-17,13:02:27,销售订单5112429984创建成功交货单:8020110265开票：0920761315,S,1,成功
TCL202604170002,1-7TM6JM,1-7OETVY,14583651,HLB-2abd9a97-32f4-11f1-8cdb-0c42a112278c,,1870.0,0,5112429984,8020110265.0,920761315,2026-04-17,13:02:27,销售订单5112429984创建成功交货单:8020110265开票：0920761315,S,1,成功
TCL202604170002,1-7TM6JM,1-7OETVZ,14583651,HLB-2abd9aab-32f4-11f1-8cdb-0c42a112278c,,1870.0,0,5112429984,8020110265.0,920761315,2026-04-17,13:02:27,销售订单5112429984创建成功交货单:8020110265开票：0920761315,S,1,成功
TCL202604170002,1-7TM6QN,1-6IGQBM,14133847,HLB-045ec0b7-f666-11f0-8cdb-0c42a112278c,,1100.0,0,5112429984,8020110265.0,920761315,2026-04-17,13:02:27,销售订单5112429984创建成功交货单:8020110265开票：0920761315,S,1,成功
TCL202604170002,1-7TM6QN,1-6IGQBN,14133847,HLB-045ec0ca-f666-11f0-8cdb-0c42a112278c,,1100.0,0,5112429984,8020110265.0,920761315,2026-04-17,13:02:27,销售订单5112429984创建成功交货单:8020110265开票：0920761315,S,1,成功
TCL202604170002,1-7TM6QN,1-6IGQBO,14133847,HLB-045ec0de-f666-11f0-8cdb-0c42a112278c,,1100.0,0,5112429984,8020110265.0,920761315,2026-04-17,13:02:27,销售订单5112429984创建成功交货单:8020110265开票：0920761315,S,1,成功
TCL202604170002,1-7TM6QN,1-6IGQBP,14133847,HLB-045ec0f5-f666-11f0-8cdb-0c42a112278c,,1100.0,0,5112429984,8020110265.0,920761315,2026-04-17,13:02:27,销售订单5112429984创建成功交货单:8020110265开票：0920761315,S,1,成功
TCL202604170002,1-7TM6QN,1-6IGQBQ,14133847,HLB-045ec108-f666-11f0-8cdb-0c42a112278c,,1100.0,0,5112429984,8020110265.0,920761315,2026-04-17,13:02:27,销售订单5112429984创建成功交货单:8020110265开票：0920761315,S,1,成功
TCL202604170002,1-7TM6QN,1-6IGQBR,14133847,HLB-045ec11d-f666-11f0-8cdb-0c42a112278c,,1100.0,0,5112429984,8020110265.0,920761315,2026-04-17,13:02:27,销售订单5112429984创建成功交货单:8020110265开票：0920761315,S,1,成功
TCL202604170002,1-7TM6QN,1-6IGQBS,14133847,HLB-045ec133-f666-11f0-8cdb-0c42a112278c,,1100.0,0,5112429984,8020110265.0,920761315,2026-04-17,13:02:27,销售订单5112429984创建成功交货单:8020110265开票：0920761315,S,1,成功
TCL202604170002,1-7TM6QN,1-6IGQBT,14133847,HLB-045ec147-f666-11f0-8cdb-0c42a112278c,,1100.0,0,5112429984,8020110265.0,920761315,2026-04-17,13:02:27,销售订单5112429984创建成功交货单:8020110265开票：0920761315,S,1,成功
TCL202604170002,1-7TM6QN,1-6IGQBU,14133847,HLB-045ec15c-f666-11f0-8cdb-0c42a112278c,,1100.0,0,5112429984,8020110265.0,920761315,2026-04-17,13:02:27,销售订单5112429984创建成功交货单:8020110265开票：0920761315,S,1,成功
TCL202604170002,1-7TM6QN,1-6IGQBV,14133847,HLB-045ec16f-f666-11f0-8cdb-0c42a112278c,,1100.0,0,5112429984,8020110265.0,920761315,2026-04-17,13:02:27,销售订单5112429984创建成功交货单:8020110265开票：0920761315,S,1,成功
TCL202604170002,1-7TM6QN,1-6IGQBW,14133847,HLB-045ec182-f666-11f0-8cdb-0c42a112278c,,1100.0,0,5112429984,8020110265.0,920761315,2026-04-17,13:02:27,销售订单5112429984创建成功交货单:8020110265开票：0920761315,S,1,成功
TCL202604170002,1-7TM6QN,1-6IGQBX,14133847,HLB-045ec197-f666-11f0-8cdb-0c42a112278c,,1100.0,0,5112429984,8020110265.0,920761315,2026-04-17,13:02:27,销售订单5112429984创建成功交货单:8020110265开票：0920761315,S,1,成功
TCL202604170002,1-7TM6QN,1-6IGQBY,14133847,HLB-045ec1ac-f666-11f0-8cdb-0c42a112278c,,1100.0,0,5112429984,8020110265.0,920761315,2026-04-17,13:02:27,销售订单5112429984创建成功交货单:8020110265开票：0920761315,S,1,成功
TCL202604170002,1-7TM6QN,1-6IGQBZ,14133847,HLB-045ec1c0-f666-11f0-8cdb-0c42a112278c,,1100.0,0,5112429984,8020110265.0,920761315,2026-04-17,13:02:27,销售订单5112429984创建成功交货单:8020110265开票：0920761315,S,1,成功
TCL202604170002,1-7TM6QN,1-6IGQC0,14133847,HLB-045ec1d4-f666-11f0-8cdb-0c42a112278c,,1100.0,0,5112429984,8020110265.0,920761315,2026-04-17,13:02:27,销售订单5112429984创建成功交货单:8020110265开票：0920761315,S,1,成功
TCL202604170002,1-7TM6QN,1-6IGQC1,14133847,HLB-045ec1f4-f666-11f0-8cdb-0c42a112278c,,1100.0,0,5112429984,8020110265.0,920761315,2026-04-17,13:02:27,销售订单5112429984创建成功交货单:8020110265开票：0920761315,S,1,成功
TCL202604170002,1-7TM6QN,1-6IGQC2,14133847,HLB-045ec208-f666-11f0-8cdb-0c42a112278c,,1100.0,0,5112429984,8020110265.0,920761315,2026-04-17,13:02:27,销售订单5112429984创建成功交货单:8020110265开票：0920761315,S,1,成功
TCL202604170002,1-7TM6QN,1-6IGQC3,14133847,HLB-045ec21c-f666-11f0-8cdb-0c42a112278c,,1100.0,0,5112429984,8020110265.0,920761315,2026-04-17,13:02:27,销售订单5112429984创建成功交货单:8020110265开票：0920761315,S,1,成功
TCL202604170002,1-7TM6QN,1-6IGQC4,14133847,HLB-045ec22f-f666-11f0-8cdb-0c42a112278c,,1100.0,0,5112429984,8020110265.0,920761315,2026-04-17,13:02:27,销售订单5112429984创建成功交货单:8020110265开票：0920761315,S,1,成功
TCL202604170002,1-7TM6QN,1-6IGQC5,14133847,HLB-045ec244-f666-11f0-8cdb-0c42a112278c,,1100.0,0,5112429984,8020110265.0,920761315,2026-04-17,13:02:27,销售订单5112429984创建成功交货单:8020110265开票：0920761315,S,1,成功
TCL202604170002,1-7TM6QN,1-6IGQC6,14133847,HLB-045ec258-f666-11f0-8cdb-0c42a112278c,,1100.0,0,5112429984,8020110265.0,920761315,2026-04-17,13:02:27,销售订单5112429984创建成功交货单:8020110265开票：0920761315,S,1,成功
TCL202604170002,1-7TM6QN,1-6IGQC7,14133847,HLB-045ec28b-f666-11f0-8cdb-0c42a112278c,,1100.0,0,5112429984,8020110265.0,920761315,2026-04-17,13:02:27,销售订单5112429984创建成功交货单:8020110265开票：0920761315,S,1,成功
TCL202604170002,1-7TM6QN,1-6IGQC8,14133847,HLB-04737ccc-f666-11f0-8cdb-0c42a112278c,,1100.0,0,5112429984,8020110265.0,920761315,2026-04-17,13:02:27,销售订单5112429984创建成功交货单:8020110265开票：0920761315,S,1,成功
TCL202604170002,1-7TM6QN,1-6IGQC9,14133847,HLB-04737d37-f666-11f0-8cdb-0c42a112278c,,1100.0,0,5112429984,8020110265.0,920761315,2026-04-17,13:02:27,销售订单5112429984创建成功交货单:8020110265开票：0920761315,S,1,成功
TCL202604170002,1-7TM6QN,1-6IGQCA,14133847,HLB-04737d52-f666-11f0-8cdb-0c42a112278c,,1100.0,0,5112429984,8020110265.0,920761315,2026-04-17,13:02:27,销售订单5112429984创建成功交货单:8020110265开票：0920761315,S,1,成功
TCL202604170002,1-7TM6QN,1-6IGQWF,14133848,HLB-04737ee7-f666-11f0-8cdb-0c42a112278c,,1100.0,0,5112429984,8020110265.0,920761315,2026-04-17,13:02:27,销售订单5112429984创建成功交货单:8020110265开票：0920761315,S,1,成功
TCL202604170002,1-7TM6QN,1-6IGQWG,14133848,HLB-04737efd-f666-11f0-8cdb-0c42a112278c,,1100.0,0,5112429984,8020110265.0,920761315,2026-04-17,13:02:27,销售订单5112429984创建成功交货单:8020110265开票：0920761315,S,1,成功
TCL202604170002,1-7TM6QN,1-6IGQWH,14133848,HLB-04737f1c-f666-11f0-8cdb-0c42a112278c,,1100.0,0,5112429984,8020110265.0,920761315,2026-04-17,13:02:27,销售订单5112429984创建成功交货单:8020110265开票：0920761315,S,1,成功
TCL202604170002,1-7TM6QN,1-6IGQWI,14133848,HLB-04737f32-f666-11f0-8cdb-0c42a112278c,,1100.0,0,5112429984,8020110265.0,920761315,2026-04-17,13:02:27,销售订单5112429984创建成功交货单:8020110265开票：0920761315,S,1,成功
TCL202604170002,1-7TM6QN,1-6IGQWJ,14133848,HLB-04737f49-f666-11f0-8cdb-0c42a112278c,,1100.0,0,5112429984,8020110265.0,920761315,2026-04-17,13:02:27,销售订单5112429984创建成功交货单:8020110265开票：0920761315,S,1,成功
TCL202604170002,1-7TM6QN,1-6IGQWK,14133848,HLB-04737f60-f666-11f0-8cdb-0c42a112278c,,1100.0,0,5112429984,8020110265.0,920761315,2026-04-17,13:02:27,销售订单5112429984创建成功交货单:8020110265开票：0920761315,S,1,成功
TCL202604170002,1-7TM6QN,1-6IGQWL,14133848,HLB-04737f7a-f666-11f0-8cdb-0c42a112278c,,1100.0,0,5112429984,8020110265.0,920761315,2026-04-17,13:02:27,销售订单5112429984创建成功交货单:8020110265开票：0920761315,S,1,成功
TCL202604170002,1-7TM6QN,1-6IGQWM,14133848,HLB-04737f9b-f666-11f0-8cdb-0c42a112278c,,1100.0,0,5112429984,8020110265.0,920761315,2026-04-17,13:02:27,销售订单5112429984创建成功交货单:8020110265开票：0920761315,S,1,成功
TCL202604170002,1-7TM6QN,1-6IGQWN,14133848,HLB-04737fb2-f666-11f0-8cdb-0c42a112278c,,1100.0,0,5112429984,8020110265.0,920761315,2026-04-17,13:02:27,销售订单5112429984创建成功交货单:8020110265开票：0920761315,S,1,成功
TCL202604170002,1-7TM6QN,1-6IGQWO,14133848,HLB-04737fc7-f666-11f0-8cdb-0c42a112278c,,1100.0,0,5112429984,8020110265.0,920761315,2026-04-17,13:02:27,销售订单5112429984创建成功交货单:8020110265开票：0920761315,S,1,成功
TCL202604170002,1-7TM6QN,1-6IGQWP,14133848,HLB-04737fdf-f666-11f0-8cdb-0c42a112278c,,1100.0,0,5112429984,8020110265.0,920761315,2026-04-17,13:02:27,销售订单5112429984创建成功交货单:8020110265开票：0920761315,S,1,成功
TCL202604170002,1-7TM6QN,1-6IGQWQ,14133848,HLB-04737ff8-f666-11f0-8cdb-0c42a112278c,,1100.0,0,5112429984,8020110265.0,920761315,2026-04-17,13:02:27,销售订单5112429984创建成功交货单:8020110265开票：0920761315,S,1,成功
TCL202604170002,1-7TM6QN,1-6IGQWR,14133848,HLB-0473800e-f666-11f0-8cdb-0c42a112278c,,1100.0,0,5112429984,8020110265.0,920761315,2026-04-17,13:02:27,销售订单5112429984创建成功交货单:8020110265开票：0920761315,S,1,成功
TCL202604170002,1-7TM6QN,1-6IGQWS,14133848,HLB-04738026-f666-11f0-8cdb-0c42a112278c,,1100.0,0,5112429984,8020110265.0,920761315,2026-04-17,13:02:27,销售订单5112429984创建成功交货单:8020110265开票：0920761315,S,1,成功
TCL202604170002,1-7TM6QN,1-6IGQWT,14133848,HLB-04738039-f666-11f0-8cdb-0c42a112278c,,1100.0,0,5112429984,8020110265.0,920761315,2026-04-17,13:02:27,销售订单5112429984创建成功交货单:8020110265开票：0920761315,S,1,成功
TCL202604170002,1-7TM6RS,1-6IBZS1,14133845,HLB-04356f61-f666-11f0-8cdb-0c42a112278c,,1100.0,0,5112429984,8020110265.0,920761315,2026-04-17,13:02:27,销售订单5112429984创建成功交货单:8020110265开票：0920761315,S,1,成功
TCL202604170002,1-7TM6RS,1-6IBZS2,14133845,HLB-04356f83-f666-11f0-8cdb-0c42a112278c,,1100.0,0,5112429984,8020110265.0,920761315,2026-04-17,13:02:27,销售订单5112429984创建成功交货单:8020110265开票：0920761315,S,1,成功
TCL202604170002,1-7TM6RS,1-6IBZS3,14133845,HLB-04356faa-f666-11f0-8cdb-0c42a112278c,,1100.0,0,5112429984,8020110265.0,920761315,2026-04-17,13:02:27,销售订单5112429984创建成功交货单:8020110265开票：0920761315,S,1,成功
TCL202604170002,1-7TM6RS,1-6IBZS4,14133845,HLB-04356fcc-f666-11f0-8cdb-0c42a112278c,,1100.0,0,5112429984,8020110265.0,920761315,2026-04-17,13:02:27,销售订单5112429984创建成功交货单:8020110265开票：0920761315,S,1,成功
TCL202604170002,1-7TM6RS,1-6IBZS5,14133845,HLB-04356feb-f666-11f0-8cdb-0c42a112278c,,1100.0,0,5112429984,8020110265.0,920761315,2026-04-17,13:02:27,销售订单5112429984创建成功交货单:8020110265开票：0920761315,S,1,成功
TCL202604170002,1-7TM6RS,1-6IBZS6,14133845,HLB-04357010-f666-11f0-8cdb-0c42a112278c,,1100.0,0,5112429984,8020110265.0,920761315,2026-04-17,13:02:27,销售订单5112429984创建成功交货单:8020110265开票：0920761315,S,1,成功
TCL202604170002,1-7TM6RS,1-6IBZS7,14133845,HLB-04357030-f666-11f0-8cdb-0c42a112278c,,1100.0,0,5112429984,8020110265.0,920761315,2026-04-17,13:02:27,销售订单5112429984创建成功交货单:8020110265开票：0920761315,S,1,成功
TCL202604170002,1-7TM6RS,1-6IBZS8,14133845,HLB-04357053-f666-11f0-8cdb-0c42a112278c,,1100.0,0,5112429984,8020110265.0,920761315,2026-04-17,13:02:27,销售订单5112429984创建成功交货单:8020110265开票：0920761315,S,1,成功
TCL202604170002,1-7TM6RS,1-6IBZS9,14133845,HLB-04357076-f666-11f0-8cdb-0c42a112278c,,1100.0,0,5112429984,8020110265.0,920761315,2026-04-17,13:02:27,销售订单5112429984创建成功交货单:8020110265开票：0920761315,S,1,成功
TCL202604170002,1-7TM6RS,1-6IBZSA,14133845,HLB-04357096-f666-11f0-8cdb-0c42a112278c,,1100.0,0,5112429984,8020110265.0,920761315,2026-04-17,13:02:27,销售订单5112429984创建成功交货单:8020110265开票：0920761315,S,1,成功
TCL202604170002,1-7TM6RS,1-6IBZSB,14133845,HLB-043570b6-f666-11f0-8cdb-0c42a112278c,,1100.0,0,5112429984,8020110265.0,920761315,2026-04-17,13:02:27,销售订单5112429984创建成功交货单:8020110265开票：0920761315,S,1,成功
TCL202604170002,1-7TM6RS,1-6IBZSC,14133845,HLB-043570d6-f666-11f0-8cdb-0c42a112278c,,1100.0,0,5112429984,8020110265.0,920761315,2026-04-17,13:02:27,销售订单5112429984创建成功交货单:8020110265开票：0920761315,S,1,成功
TCL202604170002,1-7TM6RS,1-6IBZSD,14133845,HLB-043570f7-f666-11f0-8cdb-0c42a112278c,,1100.0,0,5112429984,8020110265.0,920761315,2026-04-17,13:02:27,销售订单5112429984创建成功交货单:8020110265开票：0920761315,S,1,成功
TCL202604170002,1-7TM6RS,1-6IBZSE,14133845,HLB-04357118-f666-11f0-8cdb-0c42a112278c,,1100.0,0,5112429984,8020110265.0,920761315,2026-04-17,13:02:27,销售订单5112429984创建成功交货单:8020110265开票：0920761315,S,1,成功
TCL202604170002,1-7TM6RS,1-6IBZSF,14133845,HLB-04357139-f666-11f0-8cdb-0c42a112278c,,1100.0,0,5112429984,8020110265.0,920761315,2026-04-17,13:02:27,销售订单5112429984创建成功交货单:8020110265开票：0920761315,S,1,成功
TCL202604170002,1-7TM6RS,1-6IBZSG,14133845,HLB-04357158-f666-11f0-8cdb-0c42a112278c,,1100.0,0,5112429984,8020110265.0,920761315,2026-04-17,13:02:27,销售订单5112429984创建成功交货单:8020110265开票：0920761315,S,1,成功
TCL202604170002,1-7TM6RS,1-6IBZSH,14133845,HLB-0435717b-f666-11f0-8cdb-0c42a112278c,,1100.0,0,5112429984,8020110265.0,920761315,2026-04-17,13:02:27,销售订单5112429984创建成功交货单:8020110265开票：0920761315,S,1,成功
TCL202604170002,1-7TM6RS,1-6IBZSI,14133845,HLB-0435719b-f666-11f0-8cdb-0c42a112278c,,1100.0,0,5112429984,8020110265.0,920761315,2026-04-17,13:02:27,销售订单5112429984创建成功交货单:8020110265开票：0920761315,S,1,成功
TCL202604170002,1-7TM6RS,1-6IBZSJ,14133845,HLB-043571bf-f666-11f0-8cdb-0c42a112278c,,1100.0,0,5112429984,8020110265.0,920761315,2026-04-17,13:02:27,销售订单5112429984创建成功交货单:8020110265开票：0920761315,S,1,成功
TCL202604170002,1-7TM6RS,1-6IBZSK,14133845,HLB-043571e5-f666-11f0-8cdb-0c42a112278c,,1100.0,0,5112429984,8020110265.0,920761315,2026-04-17,13:02:27,销售订单5112429984创建成功交货单:8020110265开票：0920761315,S,1,成功
TCL202604170002,1-7TM6RS,1-6IBZSL,14133845,HLB-0435720e-f666-11f0-8cdb-0c42a112278c,,1100.0,0,5112429984,8020110265.0,920761315,2026-04-17,13:02:27,销售订单5112429984创建成功交货单:8020110265开票：0920761315,S,1,成功
TCL202604170002,1-7TM6RS,1-6IBZSM,14133845,HLB-04357231-f666-11f0-8cdb-0c42a112278c,,1100.0,0,5112429984,8020110265.0,920761315,2026-04-17,13:02:27,销售订单5112429984创建成功交货单:8020110265开票：0920761315,S,1,成功
TCL202604170002,1-7TM6RS,1-6IBZSN,14133845,HLB-044a126e-f666-11f0-8cdb-0c42a112278c,,1100.0,0,5112429984,8020110265.0,920761315,2026-04-17,13:02:27,销售订单5112429984创建成功交货单:8020110265开票：0920761315,S,1,成功
TCL202604170002,1-7TM6RS,1-6IBZSO,14133845,HLB-044a12c9-f666-11f0-8cdb-0c42a112278c,,1100.0,0,5112429984,8020110265.0,920761315,2026-04-17,13:02:27,销售订单5112429984创建成功交货单:8020110265开票：0920761315,S,1,成功
TCL202604170002,1-7TM6RS,1-6IBZSP,14133845,HLB-044a12e4-f666-11f0-8cdb-0c42a112278c,,1100.0,0,5112429984,8020110265.0,920761315,2026-04-17,13:02:27,销售订单5112429984创建成功交货单:8020110265开票：0920761315,S,1,成功
TCL202604170002,1-7TM6RS,1-6IGKTE,14133841,HLB-03e0f9b8-f666-11f0-8cdb-0c42a112278c,,1100.0,0,5112429984,8020110265.0,920761315,2026-04-17,13:02:27,销售订单5112429984创建成功交货单:8020110265开票：0920761315,S,1,成功
TCL202604170002,1-7TM6RS,1-6IGKTF,14133841,HLB-03e0f9d1-f666-11f0-8cdb-0c42a112278c,,1100.0,0,5112429984,8020110265.0,920761315,2026-04-17,13:02:27,销售订单5112429984创建成功交货单:8020110265开票：0920761315,S,1,成功
TCL202604170002,1-7TM6RS,1-6IGKTG,14133841,HLB-03e0f9eb-f666-11f0-8cdb-0c42a112278c,,1100.0,0,5112429984,8020110265.0,920761315,2026-04-17,13:02:27,销售订单5112429984创建成功交货单:8020110265开票：0920761315,S,1,成功
TCL202604170002,1-7TM6RS,1-6IGKTH,14133841,HLB-03e0fa03-f666-11f0-8cdb-0c42a112278c,,1100.0,0,5112429984,8020110265.0,920761315,2026-04-17,13:02:27,销售订单5112429984创建成功交货单:8020110265开票：0920761315,S,1,成功
TCL202604170002,1-7TM6RS,1-6IGKTI,14133841,HLB-03e0fa19-f666-11f0-8cdb-0c42a112278c,,1100.0,0,5112429984,8020110265.0,920761315,2026-04-17,13:02:27,销售订单5112429984创建成功交货单:8020110265开票：0920761315,S,1,成功
TCL202604170002,1-7TM6RS,1-6IGKTJ,14133841,HLB-03e0fa2f-f666-11f0-8cdb-0c42a112278c,,1100.0,0,5112429984,8020110265.0,920761315,2026-04-17,13:02:27,销售订单5112429984创建成功交货单:8020110265开票：0920761315,S,1,成功
TCL202604170002,1-7TM6RS,1-6IGKTK,14133841,HLB-03e0fa45-f666-11f0-8cdb-0c42a112278c,,1100.0,0,5112429984,8020110265.0,920761315,2026-04-17,13:02:27,销售订单5112429984创建成功交货单:8020110265开票：0920761315,S,1,成功
TCL202604170002,1-7TM6RS,1-6IGKTL,14133841,HLB-03e0fa59-f666-11f0-8cdb-0c42a112278c,,1100.0,0,5112429984,8020110265.0,920761315,2026-04-17,13:02:27,销售订单5112429984创建成功交货单:8020110265开票：0920761315,S,1,成功
TCL202604170002,1-7TM6RS,1-6IGKTM,14133841,HLB-03e0fa8a-f666-11f0-8cdb-0c42a112278c,,1100.0,0,5112429984,8020110265.0,920761315,2026-04-17,13:02:27,销售订单5112429984创建成功交货单:8020110265开票：0920761315,S,1,成功
TCL202604170002,1-7TM6RS,1-6IGKTN,14133841,HLB-03e0faa1-f666-11f0-8cdb-0c42a112278c,,1100.0,0,5112429984,8020110265.0,920761315,2026-04-17,13:02:27,销售订单5112429984创建成功交货单:8020110265开票：0920761315,S,1,成功
TCL202604170002,1-7TM6RS,1-6IGKTO,14133841,HLB-03e0fab5-f666-11f0-8cdb-0c42a112278c,,1100.0,0,5112429984,8020110265.0,920761315,2026-04-17,13:02:27,销售订单5112429984创建成功交货单:8020110265开票：0920761315,S,1,成功
TCL202604170002,1-7TM6RS,1-6IGKTP,14133841,HLB-03e0fae1-f666-11f0-8cdb-0c42a112278c,,1100.0,0,5112429984,8020110265.0,920761315,2026-04-17,13:02:27,销售订单5112429984创建成功交货单:8020110265开票：0920761315,S,1,成功
TCL202604170002,1-7TM6RS,1-6IGKTQ,14133841,HLB-03e0faf8-f666-11f0-8cdb-0c42a112278c,,1100.0,0,5112429984,8020110265.0,920761315,2026-04-17,13:02:27,销售订单5112429984创建成功交货单:8020110265开票：0920761315,S,1,成功
TCL202604170002,1-7TM6RS,1-6IGKTR,14133841,HLB-03e0fb0c-f666-11f0-8cdb-0c42a112278c,,1100.0,0,5112429984,8020110265.0,920761315,2026-04-17,13:02:27,销售订单5112429984创建成功交货单:8020110265开票：0920761315,S,1,成功
TCL202604170002,1-7TM6RS,1-6IGKTS,14133841,HLB-03e0fb22-f666-11f0-8cdb-0c42a112278c,,1100.0,0,5112429984,8020110265.0,920761315,2026-04-17,13:02:27,销售订单5112429984创建成功交货单:8020110265开票：0920761315,S,1,成功
TCL202604170002,1-7TM6RS,1-6IGKTT,14133841,HLB-03e0fb35-f666-11f0-8cdb-0c42a112278c,,1100.0,0,5112429984,8020110265.0,920761315,2026-04-17,13:02:27,销售订单5112429984创建成功交货单:8020110265开票：0920761315,S,1,成功
TCL202604170002,1-7TM6RS,1-6IGKTU,14133841,HLB-03e0fb49-f666-11f0-8cdb-0c42a112278c,,1100.0,0,5112429984,8020110265.0,920761315,2026-04-17,13:02:27,销售订单5112429984创建成功交货单:8020110265开票：0920761315,S,1,成功
TCL202604170002,1-7TM6RS,1-6IGKTV,14133841,HLB-03e0fb5f-f666-11f0-8cdb-0c42a112278c,,1100.0,0,5112429984,8020110265.0,920761315,2026-04-17,13:02:27,销售订单5112429984创建成功交货单:8020110265开票：0920761315,S,1,成功
TCL202604170002,1-7TM6RS,1-6IGKTW,14133841,HLB-03e0fb73-f666-11f0-8cdb-0c42a112278c,,1100.0,0,5112429984,8020110265.0,920761315,2026-04-17,13:02:27,销售订单5112429984创建成功交货单:8020110265开票：0920761315,S,1,成功
TCL202604170002,1-7TM6RS,1-6IGKTX,14133841,HLB-03e0fb8a-f666-11f0-8cdb-0c42a112278c,,1100.0,0,5112429984,8020110265.0,920761315,2026-04-17,13:02:27,销售订单5112429984创建成功交货单:8020110265开票：0920761315,S,1,成功
TCL202604170002,1-7TM6RS,1-6IGKTY,14133841,HLB-03e0fb9e-f666-11f0-8cdb-0c42a112278c,,1100.0,0,5112429984,8020110265.0,920761315,2026-04-17,13:02:27,销售订单5112429984创建成功交货单:8020110265开票：0920761315,S,1,成功
TCL202604170002,1-7TM6RS,1-6IGKTZ,14133841,HLB-03e0fbb1-f666-11f0-8cdb-0c42a112278c,,1100.0,0,5112429984,8020110265.0,920761315,2026-04-17,13:02:27,销售订单5112429984创建成功交货单:8020110265开票：0920761315,S,1,成功
TCL202604170002,1-7TM6RS,1-6IGKU0,14133841,HLB-03f63f77-f666-11f0-8cdb-0c42a112278c,,1100.0,0,5112429984,8020110265.0,920761315,2026-04-17,13:02:27,销售订单5112429984创建成功交货单:8020110265开票：0920761315,S,1,成功
TCL202604170002,1-7TM6RS,1-6IGKU1,14133841,HLB-03f63fd8-f666-11f0-8cdb-0c42a112278c,,1100.0,0,5112429984,8020110265.0,920761315,2026-04-17,13:02:27,销售订单5112429984创建成功交货单:8020110265开票：0920761315,S,1,成功
TCL202604170002,1-7TM6RS,1-6IGKU2,14133841,HLB-03f63ff2-f666-11f0-8cdb-0c42a112278c,,1100.0,0,5112429984,8020110265.0,920761315,2026-04-17,13:02:27,销售订单5112429984创建成功交货单:8020110265开票：0920761315,S,1,成功
TCL202604170002,1-7TM6RS,1-6IGQER,14133842,HLB-03f64240-f666-11f0-8cdb-0c42a112278c,,1100.0,0,5112429984,8020110265.0,920761315,2026-04-17,13:02:27,销售订单5112429984创建成功交货单:8020110265开票：0920761315,S,1,成功
TCL202604170002,1-7TM6RS,1-6IGQES,14133842,HLB-03f64253-f666-11f0-8cdb-0c42a112278c,,1100.0,0,5112429984,8020110265.0,920761315,2026-04-17,13:02:27,销售订单5112429984创建成功交货单:8020110265开票：0920761315,S,1,成功
TCL202604170002,1-7TM6RS,1-6IGQET,14133842,HLB-03f64269-f666-11f0-8cdb-0c42a112278c,,1100.0,0,5112429984,8020110265.0,920761315,2026-04-17,13:02:27,销售订单5112429984创建成功交货单:8020110265开票：0920761315,S,1,成功
TCL202604170002,1-7TM6RS,1-6IGQEU,14133842,HLB-03f6427e-f666-11f0-8cdb-0c42a112278c,,1100.0,0,5112429984,8020110265.0,920761315,2026-04-17,13:02:27,销售订单5112429984创建成功交货单:8020110265开票：0920761315,S,1,成功
TCL202604170002,1-7TM6RS,1-6IGQF5,14133842,HLB-03f64292-f666-11f0-8cdb-0c42a112278c,,1100.0,0,5112429984,8020110265.0,920761315,2026-04-17,13:02:27,销售订单5112429984创建成功交货单:8020110265开票：0920761315,S,1,成功
TCL202604170002,1-7TM6RS,1-6IGQF6,14133842,HLB-03f642a5-f666-11f0-8cdb-0c42a112278c,,1100.0,0,5112429984,8020110265.0,920761315,2026-04-17,13:02:27,销售订单5112429984创建成功交货单:8020110265开票：0920761315,S,1,成功
TCL202604170002,1-7TM6RS,1-6IGQF7,14133842,HLB-03f642b9-f666-11f0-8cdb-0c42a112278c,,1100.0,0,5112429984,8020110265.0,920761315,2026-04-17,13:02:27,销售订单5112429984创建成功交货单:8020110265开票：0920761315,S,1,成功
TCL202604170002,1-7TM6RS,1-6IGQF8,14133842,HLB-03f642d0-f666-11f0-8cdb-0c42a112278c,,1100.0,0,5112429984,8020110265.0,920761315,2026-04-17,13:02:27,销售订单5112429984创建成功交货单:8020110265开票：0920761315,S,1,成功
TCL202604170002,1-7TM6RS,1-6IGQF9,14133842,HLB-03f642e4-f666-11f0-8cdb-0c42a112278c,,1100.0,0,5112429984,8020110265.0,920761315,2026-04-17,13:02:27,销售订单5112429984创建成功交货单:8020110265开票：0920761315,S,1,成功
TCL202604170002,1-7TM6RS,1-6IGQFA,14133842,HLB-03f642f9-f666-11f0-8cdb-0c42a112278c,,1100.0,0,5112429984,8020110265.0,920761315,2026-04-17,13:02:27,销售订单5112429984创建成功交货单:8020110265开票：0920761315,S,1,成功
TCL202604170002,1-7TM6RS,1-6IGQFB,14133842,HLB-03f6430d-f666-11f0-8cdb-0c42a112278c,,1100.0,0,5112429984,8020110265.0,920761315,2026-04-17,13:02:27,销售订单5112429984创建成功交货单:8020110265开票：0920761315,S,1,成功
TCL202604170002,1-7TM6RS,1-6IGQFC,14133842,HLB-03f64324-f666-11f0-8cdb-0c42a112278c,,1100.0,0,5112429984,8020110265.0,920761315,2026-04-17,13:02:27,销售订单5112429984创建成功交货单:8020110265开票：0920761315,S,1,成功
TCL202604170002,1-7TM6RS,1-6IGQFD,14133842,HLB-03f6433a-f666-11f0-8cdb-0c42a112278c,,1100.0,0,5112429984,8020110265.0,920761315,2026-04-17,13:02:27,销售订单5112429984创建成功交货单:8020110265开票：0920761315,S,1,成功
TCL202604170002,1-7TM6RS,1-6IGQFE,14133842,HLB-03f64350-f666-11f0-8cdb-0c42a112278c,,1100.0,0,5112429984,8020110265.0,920761315,2026-04-17,13:02:27,销售订单5112429984创建成功交货单:8020110265开票：0920761315,S,1,成功
TCL202604170002,1-7TM6RS,1-6IGQFF,14133842,HLB-03f6436a-f666-11f0-8cdb-0c42a112278c,,1100.0,0,5112429984,8020110265.0,920761315,2026-04-17,13:02:27,销售订单5112429984创建成功交货单:8020110265开票：0920761315,S,1,成功
TCL202604170002,1-7TM6RS,1-6IGQFG,14133842,HLB-03f6437e-f666-11f0-8cdb-0c42a112278c,,1100.0,0,5112429984,8020110265.0,920761315,2026-04-17,13:02:27,销售订单5112429984创建成功交货单:8020110265开票：0920761315,S,1,成功
TCL202604170002,1-7TM6RS,1-6IGQFH,14133842,HLB-03f64392-f666-11f0-8cdb-0c42a112278c,,1100.0,0,5112429984,8020110265.0,920761315,2026-04-17,13:02:27,销售订单5112429984创建成功交货单:8020110265开票：0920761315,S,1,成功
TCL202604170002,1-7TM6RS,1-6IGQFI,14133842,HLB-03f643a5-f666-11f0-8cdb-0c42a112278c,,1100.0,0,5112429984,8020110265.0,920761315,2026-04-17,13:02:27,销售订单5112429984创建成功交货单:8020110265开票：0920761315,S,1,成功
TCL202604170002,1-7TM6RS,1-6IGQFJ,14133842,HLB-03f643b9-f666-11f0-8cdb-0c42a112278c,,1100.0,0,5112429984,8020110265.0,920761315,2026-04-17,13:02:27,销售订单5112429984创建成功交货单:8020110265开票：0920761315,S,1,成功
TCL202604170002,1-7TM6RS,1-6IGQFK,14133842,HLB-03f643cd-f666-11f0-8cdb-0c42a112278c,,1100.0,0,5112429984,8020110265.0,920761315,2026-04-17,13:02:27,销售订单5112429984创建成功交货单:8020110265开票：0920761315,S,1,成功
TCL202604170002,1-7TM6RS,1-6IGQFL,14133842,HLB-03f64402-f666-11f0-8cdb-0c42a112278c,,1100.0,0,5112429984,8020110265.0,920761315,2026-04-17,13:02:27,销售订单5112429984创建成功交货单:8020110265开票：0920761315,S,1,成功
TCL202604170002,1-7TM6RS,1-6IGQFM,14133842,HLB-03f64416-f666-11f0-8cdb-0c42a112278c,,1100.0,0,5112429984,8020110265.0,920761315,2026-04-17,13:02:27,销售订单5112429984创建成功交货单:8020110265开票：0920761315,S,1,成功
TCL202604170002,1-7TM6RS,1-6IGQFN,14133842,HLB-040bc065-f666-11f0-8cdb-0c42a112278c,,1100.0,0,5112429984,8020110265.0,920761315,2026-04-17,13:02:27,销售订单5112429984创建成功交货单:8020110265开票：0920761315,S,1,成功
TCL202604170002,1-7TM6RS,1-6IGQFO,14133842,HLB-040bc0cb-f666-11f0-8cdb-0c42a112278c,,1100.0,0,5112429984,8020110265.0,920761315,2026-04-17,13:02:27,销售订单5112429984创建成功交货单:8020110265开票：0920761315,S,1,成功
TCL202604170002,1-7TM6RS,1-6IGRN1,14133851,HLB-04738157-f666-11f0-8cdb-0c42a112278c,,1100.0,0,5112429984,8020110265.0,920761315,2026-04-17,13:02:27,销售订单5112429984创建成功交货单:8020110265开票：0920761315,S,1,成功
TCL202604170002,1-7TM6RS,1-6IGRN2,14133851,HLB-0473816b-f666-11f0-8cdb-0c42a112278c,,1100.0,0,5112429984,8020110265.0,920761315,2026-04-17,13:02:27,销售订单5112429984创建成功交货单:8020110265开票：0920761315,S,1,成功
TCL202604170002,1-7TM6RS,1-6IGRN3,14133851,HLB-0473817f-f666-11f0-8cdb-0c42a112278c,,1100.0,0,5112429984,8020110265.0,920761315,2026-04-17,13:02:27,销售订单5112429984创建成功交货单:8020110265开票：0920761315,S,1,成功
TCL202604170002,1-7TM6RS,1-6IGRN4,14133851,HLB-04738192-f666-11f0-8cdb-0c42a112278c,,1100.0,0,5112429984,8020110265.0,920761315,2026-04-17,13:02:27,销售订单5112429984创建成功交货单:8020110265开票：0920761315,S,1,成功
TCL202604170002,1-7TM6RS,1-6IGRN5,14133851,HLB-047381a5-f666-11f0-8cdb-0c42a112278c,,1100.0,0,5112429984,8020110265.0,920761315,2026-04-17,13:02:27,销售订单5112429984创建成功交货单:8020110265开票：0920761315,S,1,成功
TCL202604170002,1-7TM6RS,1-6IGRN6,14133851,HLB-0487fefb-f666-11f0-8cdb-0c42a112278c,,1100.0,0,5112429984,8020110265.0,920761315,2026-04-17,13:02:27,销售订单5112429984创建成功交货单:8020110265开票：0920761315,S,1,成功
TCL202604170002,1-7TM6RS,1-6IGRN7,14133851,HLB-0487ff5c-f666-11f0-8cdb-0c42a112278c,,1100.0,0,5112429984,8020110265.0,920761315,2026-04-17,13:02:27,销售订单5112429984创建成功交货单:8020110265开票：0920761315,S,1,成功
TCL202604170002,1-7TM6RS,1-6IGRN8,14133851,HLB-0487ff73-f666-11f0-8cdb-0c42a112278c,,1100.0,0,5112429984,8020110265.0,920761315,2026-04-17,13:02:27,销售订单5112429984创建成功交货单:8020110265开票：0920761315,S,1,成功
TCL202604170002,1-7TM6RS,1-6IGRN9,14133851,HLB-0487ff8a-f666-11f0-8cdb-0c42a112278c,,1100.0,0,5112429984,8020110265.0,920761315,2026-04-17,13:02:27,销售订单5112429984创建成功交货单:8020110265开票：0920761315,S,1,成功
TCL202604170002,1-7TM6RS,1-6IGRNA,14133851,HLB-0487ffa2-f666-11f0-8cdb-0c42a112278c,,1100.0,0,5112429984,8020110265.0,920761315,2026-04-17,13:02:27,销售订单5112429984创建成功交货单:8020110265开票：0920761315,S,1,成功
TCL202604170002,1-7TM6RS,1-6IGWLX,14133842,HLB-040bc0e1-f666-11f0-8cdb-0c42a112278c,,1100.0,0,5112429984,8020110265.0,920761315,2026-04-17,13:02:27,销售订单5112429984创建成功交货单:8020110265开票：0920761315,S,1,成功
TCL202604170002,1-7TM6RS,1-6P8C5E,14200291,HLB-c17302ba-fcd4-11f0-8cdb-0c42a112278c,,1100.0,0,5112429984,8020110265.0,920761315,2026-04-17,13:02:27,销售订单5112429984创建成功交货单:8020110265开票：0920761315,S,1,成功
TCL202604170002,1-7TM6RS,1-6P8C5F,14200291,HLB-c17302ce-fcd4-11f0-8cdb-0c42a112278c,,1100.0,0,5112429984,8020110265.0,920761315,2026-04-17,13:02:27,销售订单5112429984创建成功交货单:8020110265开票：0920761315,S,1,成功
TCL202604170002,1-7TM6RS,1-6P8C5G,14200291,HLB-c17302e1-fcd4-11f0-8cdb-0c42a112278c,,1100.0,0,5112429984,8020110265.0,920761315,2026-04-17,13:02:27,销售订单5112429984创建成功交货单:8020110265开票：0920761315,S,1,成功
TCL202604170002,1-7TM6RS,1-6P8C5H,14200291,HLB-c17302f4-fcd4-11f0-8cdb-0c42a112278c,,1100.0,0,5112429984,8020110265.0,920761315,2026-04-17,13:02:27,销售订单5112429984创建成功交货单:8020110265开票：0920761315,S,1,成功
TCL202604170002,1-7TM6RS,1-6P8C5I,14200291,HLB-c1730307-fcd4-11f0-8cdb-0c42a112278c,,1100.0,0,5112429984,8020110265.0,920761315,2026-04-17,13:02:27,销售订单5112429984创建成功交货单:8020110265开票：0920761315,S,1,成功
TCL202604170002,1-7TM6RS,1-6P8C5J,14200291,HLB-c173031c-fcd4-11f0-8cdb-0c42a112278c,,1100.0,0,5112429984,8020110265.0,920761315,2026-04-17,13:02:27,销售订单5112429984创建成功交货单:8020110265开票：0920761315,S,1,成功
TCL202604170002,1-7TM6RS,1-6P8C5K,14200291,HLB-c1730332-fcd4-11f0-8cdb-0c42a112278c,,1100.0,0,5112429984,8020110265.0,920761315,2026-04-17,13:02:27,销售订单5112429984创建成功交货单:8020110265开票：0920761315,S,1,成功
TCL202604170002,1-7TM6RS,1-6P8C5L,14200291,HLB-c1730346-fcd4-11f0-8cdb-0c42a112278c,,1100.0,0,5112429984,8020110265.0,920761315,2026-04-17,13:02:27,销售订单5112429984创建成功交货单:8020110265开票：0920761315,S,1,成功
TCL202604170002,1-7TM6RS,1-6P8C5M,14200291,HLB-c173035b-fcd4-11f0-8cdb-0c42a112278c,,1100.0,0,5112429984,8020110265.0,920761315,2026-04-17,13:02:27,销售订单5112429984创建成功交货单:8020110265开票：0920761315,S,1,成功
TCL202604170002,1-7TM6RS,1-6P8C5N,14200291,HLB-c173036f-fcd4-11f0-8cdb-0c42a112278c,,1100.0,0,5112429984,8020110265.0,920761315,2026-04-17,13:02:27,销售订单5112429984创建成功交货单:8020110265开票：0920761315,S,1,成功
TCL202604170002,1-7TM6RS,1-6P8C5O,14200291,HLB-c1895d42-fcd4-11f0-8cdb-0c42a112278c,,1100.0,0,5112429984,8020110265.0,920761315,2026-04-17,13:02:27,销售订单5112429984创建成功交货单:8020110265开票：0920761315,S,1,成功
TCL202604170002,1-7TM6RS,1-6P8C5P,14200291,HLB-c1895d96-fcd4-11f0-8cdb-0c42a112278c,,1100.0,0,5112429984,8020110265.0,920761315,2026-04-17,13:02:27,销售订单5112429984创建成功交货单:8020110265开票：0920761315,S,1,成功
TCL202604170002,1-7TM6RS,1-6P8C5Q,14200291,HLB-c1895dad-fcd4-11f0-8cdb-0c42a112278c,,1100.0,0,5112429984,8020110265.0,920761315,2026-04-17,13:02:27,销售订单5112429984创建成功交货单:8020110265开票：0920761315,S,1,成功
TCL202604170002,1-7TM6RS,1-6P8C5R,14200291,HLB-c1895dca-fcd4-11f0-8cdb-0c42a112278c,,1100.0,0,5112429984,8020110265.0,920761315,2026-04-17,13:02:27,销售订单5112429984创建成功交货单:8020110265开票：0920761315,S,1,成功
TCL202604170002,1-7TM6RS,1-6P8C5S,14200291,HLB-c1895de2-fcd4-11f0-8cdb-0c42a112278c,,1100.0,0,5112429984,8020110265.0,920761315,2026-04-17,13:02:27,销售订单5112429984创建成功交货单:8020110265开票：0920761315,S,1,成功
TCL202604170002,1-7TM6RS,1-6P8C5T,14200291,HLB-c1895df9-fcd4-11f0-8cdb-0c42a112278c,,1100.0,0,5112429984,8020110265.0,920761315,2026-04-17,13:02:27,销售订单5112429984创建成功交货单:8020110265开票：0920761315,S,1,成功
TCL202604170002,1-7TM6RS,1-6P8C5U,14200291,HLB-c1895e14-fcd4-11f0-8cdb-0c42a112278c,,1100.0,0,5112429984,8020110265.0,920761315,2026-04-17,13:02:27,销售订单5112429984创建成功交货单:8020110265开票：0920761315,S,1,成功
TCL202604170002,1-7TM6RS,1-6P8C5V,14200291,HLB-c1895e30-fcd4-11f0-8cdb-0c42a112278c,,1100.0,0,5112429984,8020110265.0,920761315,2026-04-17,13:02:27,销售订单5112429984创建成功交货单:8020110265开票：0920761315,S,1,成功
TCL202604170002,1-7TM6RS,1-6P8C5W,14200291,HLB-c1895e91-fcd4-11f0-8cdb-0c42a112278c,,1100.0,0,5112429984,8020110265.0,920761315,2026-04-17,13:02:27,销售订单5112429984创建成功交货单:8020110265开票：0920761315,S,1,成功
TCL202604170002,1-7TM6RS,1-6P8C5X,14200291,HLB-c1895eae-fcd4-11f0-8cdb-0c42a112278c,,1100.0,0,5112429984,8020110265.0,920761315,2026-04-17,13:02:27,销售订单5112429984创建成功交货单:8020110265开票：0920761315,S,1,成功
TCL202604170002,1-7TM6RS,1-6P8C5Y,14200291,HLB-c1895ecb-fcd4-11f0-8cdb-0c42a112278c,,1100.0,0,5112429984,8020110265.0,920761315,2026-04-17,13:02:27,销售订单5112429984创建成功交货单:8020110265开票：0920761315,S,1,成功
TCL202604170002,1-7TM6RS,1-6P8C5Z,14200291,HLB-c1895ee8-fcd4-11f0-8cdb-0c42a112278c,,1100.0,0,5112429984,8020110265.0,920761315,2026-04-17,13:02:27,销售订单5112429984创建成功交货单:8020110265开票：0920761315,S,1,成功
TCL202604170002,1-7TM6RS,1-6P8C60,14200291,HLB-c1895f00-fcd4-11f0-8cdb-0c42a112278c,,1100.0,0,5112429984,8020110265.0,920761315,2026-04-17,13:02:27,销售订单5112429984创建成功交货单:8020110265开票：0920761315,S,1,成功
TCL202604170002,1-7TM6RS,1-6P8C61,14200291,HLB-c1895f1b-fcd4-11f0-8cdb-0c42a112278c,,1100.0,0,5112429984,8020110265.0,920761315,2026-04-17,13:02:27,销售订单5112429984创建成功交货单:8020110265开票：0920761315,S,1,成功
TCL202604170002,1-7TM6RS,1-6P8C62,14200291,HLB-c1895f33-fcd4-11f0-8cdb-0c42a112278c,,1100.0,0,5112429984,8020110265.0,920761315,2026-04-17,13:02:27,销售订单5112429984创建成功交货单:8020110265开票：0920761315,S,1,成功
TCL202604170005,1-7TMXJY,1-6AT69F,14062741,HLB-f488bcc9-eeaa-11f0-8cdb-0c42a112278c,,1260.0,0,5112430009,8020110295.0,920761343,2026-04-17,13:05:31,销售订单5112430009创建成功交货单:8020110295开票：0920761343,S,1,成功
TCL202604170005,1-7TMXJY,1-6AT69G,14062741,HLB-f488bcdf-eeaa-11f0-8cdb-0c42a112278c,,1260.0,0,5112430009,8020110295.0,920761343,2026-04-17,13:05:31,销售订单5112430009创建成功交货单:8020110295开票：0920761343,S,1,成功
TCL202604170005,1-7TMXJY,1-6AT69H,14062741,HLB-f488bcf6-eeaa-11f0-8cdb-0c42a112278c,,1260.0,0,5112430009,8020110295.0,920761343,2026-04-17,13:05:31,销售订单5112430009创建成功交货单:8020110295开票：0920761343,S,1,成功
TCL202604170005,1-7TMXJY,1-6AT69I,14062741,HLB-f488bd0c-eeaa-11f0-8cdb-0c42a112278c,,1260.0,0,5112430009,8020110295.0,920761343,2026-04-17,13:05:31,销售订单5112430009创建成功交货单:8020110295开票：0920761343,S,1,成功
TCL202604170005,1-7TMXJY,1-6AT69J,14062741,HLB-f488bd23-eeaa-11f0-8cdb-0c42a112278c,,1260.0,0,5112430009,8020110295.0,920761343,2026-04-17,13:05:31,销售订单5112430009创建成功交货单:8020110295开票：0920761343,S,1,成功
TCL202604170005,1-7TMXJY,1-6D53F1,14087152,HLB-904f9ed7-f11b-11f0-8cdb-0c42a112278c,,1260.0,0,5112430009,8020110295.0,920761343,2026-04-17,13:05:31,销售订单5112430009创建成功交货单:8020110295开票：0920761343,S,1,成功
TCL202604170005,1-7TMXJY,1-6D53F2,14087152,HLB-904f9eea-f11b-11f0-8cdb-0c42a112278c,,1260.0,0,5112430009,8020110295.0,920761343,2026-04-17,13:05:31,销售订单5112430009创建成功交货单:8020110295开票：0920761343,S,1,成功
TCL202604170005,1-7TMXJY,1-6D53F3,14087152,HLB-904f9eff-f11b-11f0-8cdb-0c42a112278c,,1260.0,0,5112430009,8020110295.0,920761343,2026-04-17,13:05:31,销售订单5112430009创建成功交货单:8020110295开票：0920761343,S,1,成功
TCL202604170005,1-7TMXJY,1-6D53F4,14087152,HLB-904f9f12-f11b-11f0-8cdb-0c42a112278c,,1260.0,0,5112430009,8020110295.0,920761343,2026-04-17,13:05:31,销售订单5112430009创建成功交货单:8020110295开票：0920761343,S,1,成功
TCL202604170005,1-7TMXJY,1-6D5KL7,14087129,HLB-61daadbd-f11b-11f0-8cdb-0c42a112278c,,1260.0,0,5112430009,8020110295.0,920761343,2026-04-17,13:05:31,销售订单5112430009创建成功交货单:8020110295开票：0920761343,S,1,成功
TCL202604170005,1-7TMXJY,1-6D5KL8,14087129,HLB-61daae04-f11b-11f0-8cdb-0c42a112278c,,1260.0,0,5112430009,8020110295.0,920761343,2026-04-17,13:05:31,销售订单5112430009创建成功交货单:8020110295开票：0920761343,S,1,成功
TCL202604170005,1-7TMXJY,1-6D5KL9,14087129,HLB-61daae1a-f11b-11f0-8cdb-0c42a112278c,,1260.0,0,5112430009,8020110295.0,920761343,2026-04-17,13:05:31,销售订单5112430009创建成功交货单:8020110295开票：0920761343,S,1,成功
TCL202604170005,1-7TMXJY,1-6D5KLA,14087129,HLB-61daae30-f11b-11f0-8cdb-0c42a112278c,,1260.0,0,5112430009,8020110295.0,920761343,2026-04-17,13:05:31,销售订单5112430009创建成功交货单:8020110295开票：0920761343,S,1,成功
TCL202604170005,1-7TMXJY,1-6D5KLB,14087129,HLB-61daae46-f11b-11f0-8cdb-0c42a112278c,,1260.0,0,5112430009,8020110295.0,920761343,2026-04-17,13:05:31,销售订单5112430009创建成功交货单:8020110295开票：0920761343,S,1,成功
TCL202604170005,1-7TMXJY,1-6D5KLC,14087129,HLB-61daae5a-f11b-11f0-8cdb-0c42a112278c,,1260.0,0,5112430009,8020110295.0,920761343,2026-04-17,13:05:31,销售订单5112430009创建成功交货单:8020110295开票：0920761343,S,1,成功
TCL202604170005,1-7TMXJY,1-6D5KLD,14087129,HLB-61daae84-f11b-11f0-8cdb-0c42a112278c,,1260.0,0,5112430009,8020110295.0,920761343,2026-04-17,13:05:31,销售订单5112430009创建成功交货单:8020110295开票：0920761343,S,1,成功
TCL202604170005,1-7TMXJY,1-6D5KLE,14087129,HLB-61daae9a-f11b-11f0-8cdb-0c42a112278c,,1260.0,0,5112430009,8020110295.0,920761343,2026-04-17,13:05:31,销售订单5112430009创建成功交货单:8020110295开票：0920761343,S,1,成功
TCL202604170005,1-7TMXJY,1-6D5KLF,14087129,HLB-61daaeb0-f11b-11f0-8cdb-0c42a112278c,,1260.0,0,5112430009,8020110295.0,920761343,2026-04-17,13:05:31,销售订单5112430009创建成功交货单:8020110295开票：0920761343,S,1,成功
TCL202604170005,1-7TMXJY,1-6D5KLG,14087129,HLB-61daaec5-f11b-11f0-8cdb-0c42a112278c,,1260.0,0,5112430009,8020110295.0,920761343,2026-04-17,13:05:31,销售订单5112430009创建成功交货单:8020110295开票：0920761343,S,1,成功
TCL202604170005,1-7TMXJY,1-6E2QNR,14096361,HLB-5e058925-f274-11f0-8cdb-0c42a112278c,,1260.0,0,5112430009,8020110295.0,920761343,2026-04-17,13:05:31,销售订单5112430009创建成功交货单:8020110295开票：0920761343,S,1,成功
TCL202604170005,1-7TMXJY,1-6E2QNS,14096361,HLB-5e058982-f274-11f0-8cdb-0c42a112278c,,1260.0,0,5112430009,8020110295.0,920761343,2026-04-17,13:05:31,销售订单5112430009创建成功交货单:8020110295开票：0920761343,S,1,成功
TCL202604170005,1-7TMXJY,1-6E2QNT,14096361,HLB-5e05899a-f274-11f0-8cdb-0c42a112278c,,1260.0,0,5112430009,8020110295.0,920761343,2026-04-17,13:05:31,销售订单5112430009创建成功交货单:8020110295开票：0920761343,S,1,成功
TCL202604170005,1-7TMXJY,1-6E2QNU,14096361,HLB-5e0589c0-f274-11f0-8cdb-0c42a112278c,,1260.0,0,5112430009,8020110295.0,920761343,2026-04-17,13:05:31,销售订单5112430009创建成功交货单:8020110295开票：0920761343,S,1,成功
TCL202604170005,1-7TMXJY,1-6E2QNV,14096361,HLB-5e0589dd-f274-11f0-8cdb-0c42a112278c,,1260.0,0,5112430009,8020110295.0,920761343,2026-04-17,13:05:31,销售订单5112430009创建成功交货单:8020110295开票：0920761343,S,1,成功
TCL202604170005,1-7TMXJY,1-6E2QNW,14096361,HLB-5e0589f6-f274-11f0-8cdb-0c42a112278c,,1260.0,0,5112430009,8020110295.0,920761343,2026-04-17,13:05:31,销售订单5112430009创建成功交货单:8020110295开票：0920761343,S,1,成功
TCL202604170005,1-7TMXJY,1-6E2QNX,14096361,HLB-5e058a0d-f274-11f0-8cdb-0c42a112278c,,1260.0,0,5112430009,8020110295.0,920761343,2026-04-17,13:05:31,销售订单5112430009创建成功交货单:8020110295开票：0920761343,S,1,成功
TCL202604170005,1-7TMXJY,1-6E2QNY,14096361,HLB-5e058a25-f274-11f0-8cdb-0c42a112278c,,1260.0,0,5112430009,8020110295.0,920761343,2026-04-17,13:05:31,销售订单5112430009创建成功交货单:8020110295开票：0920761343,S,1,成功
TCL202604170005,1-7TMXJY,1-6E2QNZ,14096361,HLB-5e058a3b-f274-11f0-8cdb-0c42a112278c,,1260.0,0,5112430009,8020110295.0,920761343,2026-04-17,13:05:31,销售订单5112430009创建成功交货单:8020110295开票：0920761343,S,1,成功
TCL202604170005,1-7TMXJY,1-6E2QO0,14096361,HLB-5e058a51-f274-11f0-8cdb-0c42a112278c,,1260.0,0,5112430009,8020110295.0,920761343,2026-04-17,13:05:31,销售订单5112430009创建成功交货单:8020110295开票：0920761343,S,1,成功
TCL202604170005,1-7TMXJY,1-6E2QO1,14096361,HLB-5e058a67-f274-11f0-8cdb-0c42a112278c,,1260.0,0,5112430009,8020110295.0,920761343,2026-04-17,13:05:31,销售订单5112430009创建成功交货单:8020110295开票：0920761343,S,1,成功
TCL202604170005,1-7TMXJY,1-6E2QO2,14096361,HLB-5e058a83-f274-11f0-8cdb-0c42a112278c,,1260.0,0,5112430009,8020110295.0,920761343,2026-04-17,13:05:31,销售订单5112430009创建成功交货单:8020110295开票：0920761343,S,1,成功
TCL202604170005,1-7TMXJY,1-6E2QO3,14096361,HLB-5e058a97-f274-11f0-8cdb-0c42a112278c,,1260.0,0,5112430009,8020110295.0,920761343,2026-04-17,13:05:31,销售订单5112430009创建成功交货单:8020110295开票：0920761343,S,1,成功
TCL202604170005,1-7TMXJY,1-6E2QO4,14096361,HLB-5e058aad-f274-11f0-8cdb-0c42a112278c,,1260.0,0,5112430009,8020110295.0,920761343,2026-04-17,13:05:31,销售订单5112430009创建成功交货单:8020110295开票：0920761343,S,1,成功
TCL202604170005,1-7TMXJY,1-6E2QO5,14096361,HLB-5e058ac6-f274-11f0-8cdb-0c42a112278c,,1260.0,0,5112430009,8020110295.0,920761343,2026-04-17,13:05:31,销售订单5112430009创建成功交货单:8020110295开票：0920761343,S,1,成功
TCL202604170005,1-7TMXJY,1-6E2QO6,14096361,HLB-5e058adc-f274-11f0-8cdb-0c42a112278c,,1260.0,0,5112430009,8020110295.0,920761343,2026-04-17,13:05:31,销售订单5112430009创建成功交货单:8020110295开票：0920761343,S,1,成功
TCL202604170005,1-7TMXJY,1-6E2QO7,14096361,HLB-5e058af0-f274-11f0-8cdb-0c42a112278c,,1260.0,0,5112430009,8020110295.0,920761343,2026-04-17,13:05:31,销售订单5112430009创建成功交货单:8020110295开票：0920761343,S,1,成功
TCL202604170005,1-7TMXJY,1-6E2QO8,14096361,HLB-5e058b08-f274-11f0-8cdb-0c42a112278c,,1260.0,0,5112430009,8020110295.0,920761343,2026-04-17,13:05:31,销售订单5112430009创建成功交货单:8020110295开票：0920761343,S,1,成功
TCL202604170005,1-7TMXJY,1-6E2QO9,14096361,HLB-5e058b1d-f274-11f0-8cdb-0c42a112278c,,1260.0,0,5112430009,8020110295.0,920761343,2026-04-17,13:05:31,销售订单5112430009创建成功交货单:8020110295开票：0920761343,S,1,成功
TCL202604170005,1-7TMXJY,1-6E2QOA,14096361,HLB-5e058b32-f274-11f0-8cdb-0c42a112278c,,1260.0,0,5112430009,8020110295.0,920761343,2026-04-17,13:05:31,销售订单5112430009创建成功交货单:8020110295开票：0920761343,S,1,成功
TCL202604170005,1-7TMXJY,1-6E2QOB,14096361,HLB-5e058b45-f274-11f0-8cdb-0c42a112278c,,1260.0,0,5112430009,8020110295.0,920761343,2026-04-17,13:05:31,销售订单5112430009创建成功交货单:8020110295开票：0920761343,S,1,成功
TCL202604170005,1-7TMXJY,1-6E2QOC,14096361,HLB-5e058b58-f274-11f0-8cdb-0c42a112278c,,1260.0,0,5112430009,8020110295.0,920761343,2026-04-17,13:05:31,销售订单5112430009创建成功交货单:8020110295开票：0920761343,S,1,成功
TCL202604170005,1-7TMXJY,1-6E2QOD,14096361,HLB-5e058b6c-f274-11f0-8cdb-0c42a112278c,,1260.0,0,5112430009,8020110295.0,920761343,2026-04-17,13:05:31,销售订单5112430009创建成功交货单:8020110295开票：0920761343,S,1,成功
TCL202604170005,1-7TMXJY,1-6E2QOE,14096361,HLB-5e058b81-f274-11f0-8cdb-0c42a112278c,,1260.0,0,5112430009,8020110295.0,920761343,2026-04-17,13:05:31,销售订单5112430009创建成功交货单:8020110295开票：0920761343,S,1,成功
TCL202604170005,1-7TMXJY,1-6E2QOF,14096361,HLB-5e058b95-f274-11f0-8cdb-0c42a112278c,,1260.0,0,5112430009,8020110295.0,920761343,2026-04-17,13:05:31,销售订单5112430009创建成功交货单:8020110295开票：0920761343,S,1,成功
TCL202604170005,1-7TMXJY,1-6E2QOG,14096361,HLB-5e058ba9-f274-11f0-8cdb-0c42a112278c,,1260.0,0,5112430009,8020110295.0,920761343,2026-04-17,13:05:31,销售订单5112430009创建成功交货单:8020110295开票：0920761343,S,1,成功
TCL202604170005,1-7TMXJY,1-6E2QOH,14096361,HLB-5e058bbc-f274-11f0-8cdb-0c42a112278c,,1260.0,0,5112430009,8020110295.0,920761343,2026-04-17,13:05:31,销售订单5112430009创建成功交货单:8020110295开票：0920761343,S,1,成功
TCL202604170005,1-7TMXJY,1-6E2QOI,14096361,HLB-5e058bee-f274-11f0-8cdb-0c42a112278c,,1260.0,0,5112430009,8020110295.0,920761343,2026-04-17,13:05:31,销售订单5112430009创建成功交货单:8020110295开票：0920761343,S,1,成功
TCL202604170005,1-7TMXJY,1-6E2QOJ,14096361,HLB-5e058c02-f274-11f0-8cdb-0c42a112278c,,1260.0,0,5112430009,8020110295.0,920761343,2026-04-17,13:05:31,销售订单5112430009创建成功交货单:8020110295开票：0920761343,S,1,成功
TCL202604170005,1-7TMXJY,1-6E2QOK,14096361,HLB-5e058c15-f274-11f0-8cdb-0c42a112278c,,1260.0,0,5112430009,8020110295.0,920761343,2026-04-17,13:05:31,销售订单5112430009创建成功交货单:8020110295开票：0920761343,S,1,成功
TCL202604170005,1-7TMXJY,1-6E2ZOQ,14096381,HLB-2531c2e2-f275-11f0-8cdb-0c42a112278c,,1260.0,0,5112430009,8020110295.0,920761343,2026-04-17,13:05:31,销售订单5112430009创建成功交货单:8020110295开票：0920761343,S,1,成功
TCL202604170005,1-7TMXJY,1-6E2ZOR,14096381,HLB-2531c334-f275-11f0-8cdb-0c42a112278c,,1260.0,0,5112430009,8020110295.0,920761343,2026-04-17,13:05:31,销售订单5112430009创建成功交货单:8020110295开票：0920761343,S,1,成功
TCL202604170005,1-7TMXJY,1-6E2ZOS,14096381,HLB-2531c359-f275-11f0-8cdb-0c42a112278c,,1260.0,0,5112430009,8020110295.0,920761343,2026-04-17,13:05:31,销售订单5112430009创建成功交货单:8020110295开票：0920761343,S,1,成功
TCL202604170005,1-7TMXJY,1-6E2ZOT,14096381,HLB-2531c36e-f275-11f0-8cdb-0c42a112278c,,1260.0,0,5112430009,8020110295.0,920761343,2026-04-17,13:05:31,销售订单5112430009创建成功交货单:8020110295开票：0920761343,S,1,成功
TCL202604170005,1-7TMXJY,1-6E2ZOU,14096381,HLB-2531c389-f275-11f0-8cdb-0c42a112278c,,1260.0,0,5112430009,8020110295.0,920761343,2026-04-17,13:05:31,销售订单5112430009创建成功交货单:8020110295开票：0920761343,S,1,成功
TCL202604170005,1-7TMXJY,1-6E2ZOV,14096381,HLB-2531c3a0-f275-11f0-8cdb-0c42a112278c,,1260.0,0,5112430009,8020110295.0,920761343,2026-04-17,13:05:31,销售订单5112430009创建成功交货单:8020110295开票：0920761343,S,1,成功
TCL202604170005,1-7TMXJY,1-6E2ZOW,14096381,HLB-2531c3b8-f275-11f0-8cdb-0c42a112278c,,1260.0,0,5112430009,8020110295.0,920761343,2026-04-17,13:05:31,销售订单5112430009创建成功交货单:8020110295开票：0920761343,S,1,成功
TCL202604170005,1-7TMXJY,1-6E2ZOX,14096381,HLB-2531c3cc-f275-11f0-8cdb-0c42a112278c,,1260.0,0,5112430009,8020110295.0,920761343,2026-04-17,13:05:31,销售订单5112430009创建成功交货单:8020110295开票：0920761343,S,1,成功
TCL202604170005,1-7TMXJY,1-6E2ZOZ,14096381,HLB-2531c3f8-f275-11f0-8cdb-0c42a112278c,,1260.0,0,5112430009,8020110295.0,920761343,2026-04-17,13:05:31,销售订单5112430009创建成功交货单:8020110295开票：0920761343,S,1,成功
TCL202604170005,1-7TMXJY,1-6E2ZP0,14096381,HLB-2531c40d-f275-11f0-8cdb-0c42a112278c,,1260.0,0,5112430009,8020110295.0,920761343,2026-04-17,13:05:31,销售订单5112430009创建成功交货单:8020110295开票：0920761343,S,1,成功
TCL202604170005,1-7TMXJY,1-6E2ZP1,14096381,HLB-2531c421-f275-11f0-8cdb-0c42a112278c,,1260.0,0,5112430009,8020110295.0,920761343,2026-04-17,13:05:31,销售订单5112430009创建成功交货单:8020110295开票：0920761343,S,1,成功
TCL202604170005,1-7TMXJY,1-6E2ZP2,14096381,HLB-2531c437-f275-11f0-8cdb-0c42a112278c,,1260.0,0,5112430009,8020110295.0,920761343,2026-04-17,13:05:31,销售订单5112430009创建成功交货单:8020110295开票：0920761343,S,1,成功
TCL202604170005,1-7TMXJY,1-6E2ZP3,14096381,HLB-2531c44c-f275-11f0-8cdb-0c42a112278c,,1260.0,0,5112430009,8020110295.0,920761343,2026-04-17,13:05:31,销售订单5112430009创建成功交货单:8020110295开票：0920761343,S,1,成功
TCL202604170005,1-7TMXJY,1-6E2ZP4,14096381,HLB-2531c461-f275-11f0-8cdb-0c42a112278c,,1260.0,0,5112430009,8020110295.0,920761343,2026-04-17,13:05:31,销售订单5112430009创建成功交货单:8020110295开票：0920761343,S,1,成功
TCL202604170005,1-7TMXJY,1-6E2ZP5,14096381,HLB-2531c474-f275-11f0-8cdb-0c42a112278c,,1260.0,0,5112430009,8020110295.0,920761343,2026-04-17,13:05:31,销售订单5112430009创建成功交货单:8020110295开票：0920761343,S,1,成功
TCL202604170005,1-7TMXJY,1-6E2ZP6,14096381,HLB-2531c48a-f275-11f0-8cdb-0c42a112278c,,1260.0,0,5112430009,8020110295.0,920761343,2026-04-17,13:05:31,销售订单5112430009创建成功交货单:8020110295开票：0920761343,S,1,成功
TCL202604170005,1-7TMXJY,1-6E2ZP7,14096381,HLB-2531c49e-f275-11f0-8cdb-0c42a112278c,,1260.0,0,5112430009,8020110295.0,920761343,2026-04-17,13:05:31,销售订单5112430009创建成功交货单:8020110295开票：0920761343,S,1,成功
TCL202604170005,1-7TMXJY,1-6E2ZP8,14096381,HLB-2531c4b3-f275-11f0-8cdb-0c42a112278c,,1260.0,0,5112430009,8020110295.0,920761343,2026-04-17,13:05:31,销售订单5112430009创建成功交货单:8020110295开票：0920761343,S,1,成功
TCL202604170005,1-7TMXJY,1-6E2ZP9,14096381,HLB-2531c4c8-f275-11f0-8cdb-0c42a112278c,,1260.0,0,5112430009,8020110295.0,920761343,2026-04-17,13:05:31,销售订单5112430009创建成功交货单:8020110295开票：0920761343,S,1,成功
TCL202604170005,1-7TMXJY,1-6E2ZPA,14096381,HLB-2531c4dd-f275-11f0-8cdb-0c42a112278c,,1260.0,0,5112430009,8020110295.0,920761343,2026-04-17,13:05:31,销售订单5112430009创建成功交货单:8020110295开票：0920761343,S,1,成功
TCL202604170005,1-7TMXJY,1-6E2ZPB,14096381,HLB-2531c4f1-f275-11f0-8cdb-0c42a112278c,,1260.0,0,5112430009,8020110295.0,920761343,2026-04-17,13:05:31,销售订单5112430009创建成功交货单:8020110295开票：0920761343,S,1,成功
TCL202604170005,1-7TMXJY,1-6E2ZPC,14096381,HLB-2531c507-f275-11f0-8cdb-0c42a112278c,,1260.0,0,5112430009,8020110295.0,920761343,2026-04-17,13:05:31,销售订单5112430009创建成功交货单:8020110295开票：0920761343,S,1,成功
TCL202604170005,1-7TMXJY,1-6E2ZPD,14096381,HLB-2531c51a-f275-11f0-8cdb-0c42a112278c,,1260.0,0,5112430009,8020110295.0,920761343,2026-04-17,13:05:31,销售订单5112430009创建成功交货单:8020110295开票：0920761343,S,1,成功
TCL202604170005,1-7TMXJY,1-6E2ZPE,14096381,HLB-2531c52e-f275-11f0-8cdb-0c42a112278c,,1260.0,0,5112430009,8020110295.0,920761343,2026-04-17,13:05:31,销售订单5112430009创建成功交货单:8020110295开票：0920761343,S,1,成功
TCL202604170005,1-7TMXJY,1-6E2ZPF,14096381,HLB-2531c542-f275-11f0-8cdb-0c42a112278c,,1260.0,0,5112430009,8020110295.0,920761343,2026-04-17,13:05:31,销售订单5112430009创建成功交货单:8020110295开票：0920761343,S,1,成功
TCL202604170005,1-7TMXJY,1-6E2ZPG,14096381,HLB-2531c556-f275-11f0-8cdb-0c42a112278c,,1260.0,0,5112430009,8020110295.0,920761343,2026-04-17,13:05:31,销售订单5112430009创建成功交货单:8020110295开票：0920761343,S,1,成功
TCL202604170005,1-7TMXJY,1-6E2ZPH,14096381,HLB-2531c56a-f275-11f0-8cdb-0c42a112278c,,1260.0,0,5112430009,8020110295.0,920761343,2026-04-17,13:05:31,销售订单5112430009创建成功交货单:8020110295开票：0920761343,S,1,成功
TCL202604170005,1-7TMXJY,1-6E2ZPI,14096381,HLB-2531c57f-f275-11f0-8cdb-0c42a112278c,,1260.0,0,5112430009,8020110295.0,920761343,2026-04-17,13:05:31,销售订单5112430009创建成功交货单:8020110295开票：0920761343,S,1,成功
TCL202604170005,1-7TMXJY,1-6E2ZPJ,14096381,HLB-2531c594-f275-11f0-8cdb-0c42a112278c,,1260.0,0,5112430009,8020110295.0,920761343,2026-04-17,13:05:31,销售订单5112430009创建成功交货单:8020110295开票：0920761343,S,1,成功
TCL202604170005,1-7TMXJY,1-6E31C2,14047620,HLB-b21d29cd-ed03-11f0-8cdb-0c42a112278c,,1260.0,0,5112430009,8020110295.0,920761343,2026-04-17,13:05:31,销售订单5112430009创建成功交货单:8020110295开票：0920761343,S,1,成功
TCL202604170005,1-7TMXJY,1-6E31C3,14047620,HLB-b21d29e9-ed03-11f0-8cdb-0c42a112278c,,1260.0,0,5112430009,8020110295.0,920761343,2026-04-17,13:05:31,销售订单5112430009创建成功交货单:8020110295开票：0920761343,S,1,成功
TCL202604170005,1-7TMXJY,1-6E31C4,14047620,HLB-b21d2a09-ed03-11f0-8cdb-0c42a112278c,,1260.0,0,5112430009,8020110295.0,920761343,2026-04-17,13:05:31,销售订单5112430009创建成功交货单:8020110295开票：0920761343,S,1,成功
TCL202604170005,1-7TMXJY,1-6E31C5,14047620,HLB-b21d2a2b-ed03-11f0-8cdb-0c42a112278c,,1260.0,0,5112430009,8020110295.0,920761343,2026-04-17,13:05:31,销售订单5112430009创建成功交货单:8020110295开票：0920761343,S,1,成功
TCL202604170005,1-7TMXJY,1-6E31C6,14047620,HLB-b21d2a47-ed03-11f0-8cdb-0c42a112278c,,1260.0,0,5112430009,8020110295.0,920761343,2026-04-17,13:05:31,销售订单5112430009创建成功交货单:8020110295开票：0920761343,S,1,成功
TCL202604170005,1-7TMXJY,1-6E31C7,14047620,HLB-b21d2a61-ed03-11f0-8cdb-0c42a112278c,,1260.0,0,5112430009,8020110295.0,920761343,2026-04-17,13:05:31,销售订单5112430009创建成功交货单:8020110295开票：0920761343,S,1,成功
TCL202604170005,1-7TMXJY,1-6E31C8,14047620,HLB-b21d2a7a-ed03-11f0-8cdb-0c42a112278c,,1260.0,0,5112430009,8020110295.0,920761343,2026-04-17,13:05:31,销售订单5112430009创建成功交货单:8020110295开票：0920761343,S,1,成功
TCL202604170005,1-7TMXJY,1-6E31C9,14047620,HLB-b21d2a92-ed03-11f0-8cdb-0c42a112278c,,1260.0,0,5112430009,8020110295.0,920761343,2026-04-17,13:05:31,销售订单5112430009创建成功交货单:8020110295开票：0920761343,S,1,成功
TCL202604170005,1-7TMXJY,1-6E31CA,14047620,HLB-b21d2aab-ed03-11f0-8cdb-0c42a112278c,,1260.0,0,5112430009,8020110295.0,920761343,2026-04-17,13:05:31,销售订单5112430009创建成功交货单:8020110295开票：0920761343,S,1,成功
TCL202604170005,1-7TMXJY,1-6E31CB,14047620,HLB-b21d2ac1-ed03-11f0-8cdb-0c42a112278c,,1260.0,0,5112430009,8020110295.0,920761343,2026-04-17,13:05:31,销售订单5112430009创建成功交货单:8020110295开票：0920761343,S,1,成功
TCL202604170005,1-7TMXJY,1-6E31CC,14047620,HLB-b21d2b07-ed03-11f0-8cdb-0c42a112278c,,1260.0,0,5112430009,8020110295.0,920761343,2026-04-17,13:05:31,销售订单5112430009创建成功交货单:8020110295开票：0920761343,S,1,成功
TCL202604170005,1-7TMXJY,1-6E31CD,14047620,HLB-b21d2b23-ed03-11f0-8cdb-0c42a112278c,,1260.0,0,5112430009,8020110295.0,920761343,2026-04-17,13:05:31,销售订单5112430009创建成功交货单:8020110295开票：0920761343,S,1,成功
TCL202604170005,1-7TMXJY,1-6E31CE,14047620,HLB-b21d2b38-ed03-11f0-8cdb-0c42a112278c,,1260.0,0,5112430009,8020110295.0,920761343,2026-04-17,13:05:31,销售订单5112430009创建成功交货单:8020110295开票：0920761343,S,1,成功
TCL202604170005,1-7TMXJY,1-6E31CF,14047620,HLB-b21d2b4c-ed03-11f0-8cdb-0c42a112278c,,1260.0,0,5112430009,8020110295.0,920761343,2026-04-17,13:05:31,销售订单5112430009创建成功交货单:8020110295开票：0920761343,S,1,成功
TCL202604170005,1-7TMXJY,1-6E31CG,14047620,HLB-b21d2b61-ed03-11f0-8cdb-0c42a112278c,,1260.0,0,5112430009,8020110295.0,920761343,2026-04-17,13:05:31,销售订单5112430009创建成功交货单:8020110295开票：0920761343,S,1,成功
TCL202604170005,1-7TMXJY,1-6E31CH,14047620,HLB-b21d2b9c-ed03-11f0-8cdb-0c42a112278c,,1260.0,0,5112430009,8020110295.0,920761343,2026-04-17,13:05:31,销售订单5112430009创建成功交货单:8020110295开票：0920761343,S,1,成功
TCL202604170005,1-7TMXJY,1-6E31CI,14047620,HLB-b21d2bb9-ed03-11f0-8cdb-0c42a112278c,,1260.0,0,5112430009,8020110295.0,920761343,2026-04-17,13:05:31,销售订单5112430009创建成功交货单:8020110295开票：0920761343,S,1,成功
TCL202604170005,1-7TMXJY,1-6E31CJ,14047620,HLB-b21d2bcd-ed03-11f0-8cdb-0c42a112278c,,1260.0,0,5112430009,8020110295.0,920761343,2026-04-17,13:05:31,销售订单5112430009创建成功交货单:8020110295开票：0920761343,S,1,成功
TCL202604170005,1-7TMXJY,1-6E31CK,14047620,HLB-b21d2be5-ed03-11f0-8cdb-0c42a112278c,,1260.0,0,5112430009,8020110295.0,920761343,2026-04-17,13:05:31,销售订单5112430009创建成功交货单:8020110295开票：0920761343,S,1,成功
TCL202604170005,1-7TMXJY,1-6E31CL,14047620,HLB-b21d2bfb-ed03-11f0-8cdb-0c42a112278c,,1260.0,0,5112430009,8020110295.0,920761343,2026-04-17,13:05:31,销售订单5112430009创建成功交货单:8020110295开票：0920761343,S,1,成功
TCL202604170005,1-7TMXJY,1-6E31CM,14047620,HLB-b21d2c10-ed03-11f0-8cdb-0c42a112278c,,1260.0,0,5112430009,8020110295.0,920761343,2026-04-17,13:05:31,销售订单5112430009创建成功交货单:8020110295开票：0920761343,S,1,成功
TCL202604170005,1-7TMXJY,1-6E31CN,14047620,HLB-b21d2c26-ed03-11f0-8cdb-0c42a112278c,,1260.0,0,5112430009,8020110295.0,920761343,2026-04-17,13:05:31,销售订单5112430009创建成功交货单:8020110295开票：0920761343,S,1,成功
TCL202604170005,1-7TMXJY,1-6E31CO,14047620,HLB-b21d2c3b-ed03-11f0-8cdb-0c42a112278c,,1260.0,0,5112430009,8020110295.0,920761343,2026-04-17,13:05:31,销售订单5112430009创建成功交货单:8020110295开票：0920761343,S,1,成功
TCL202604170005,1-7TMXJY,1-6E31CP,14047620,HLB-b21d2c4f-ed03-11f0-8cdb-0c42a112278c,,1260.0,0,5112430009,8020110295.0,920761343,2026-04-17,13:05:31,销售订单5112430009创建成功交货单:8020110295开票：0920761343,S,1,成功
TCL202604170005,1-7TMXJY,1-6E31CQ,14047620,HLB-b21d2c64-ed03-11f0-8cdb-0c42a112278c,,1260.0,0,5112430009,8020110295.0,920761343,2026-04-17,13:05:31,销售订单5112430009创建成功交货单:8020110295开票：0920761343,S,1,成功
TCL202604170005,1-7TMXJY,1-6E31CR,14047620,HLB-b21d2c79-ed03-11f0-8cdb-0c42a112278c,,1260.0,0,5112430009,8020110295.0,920761343,2026-04-17,13:05:31,销售订单5112430009创建成功交货单:8020110295开票：0920761343,S,1,成功
TCL202604170005,1-7TMXJY,1-6E31CS,14047620,HLB-b21d2c8f-ed03-11f0-8cdb-0c42a112278c,,1260.0,0,5112430009,8020110295.0,920761343,2026-04-17,13:05:31,销售订单5112430009创建成功交货单:8020110295开票：0920761343,S,1,成功
TCL202604170005,1-7TMXJY,1-6E31CT,14047620,HLB-b21d2ca7-ed03-11f0-8cdb-0c42a112278c,,1260.0,0,5112430009,8020110295.0,920761343,2026-04-17,13:05:31,销售订单5112430009创建成功交货单:8020110295开票：0920761343,S,1,成功
TCL202604170005,1-7TMXJY,1-6E31CU,14047620,HLB-b21d2cbc-ed03-11f0-8cdb-0c42a112278c,,1260.0,0,5112430009,8020110295.0,920761343,2026-04-17,13:05:31,销售订单5112430009创建成功交货单:8020110295开票：0920761343,S,1,成功
TCL202604170005,1-7TMXJY,1-6E31CV,14047620,HLB-b21d2cd0-ed03-11f0-8cdb-0c42a112278c,,1260.0,0,5112430009,8020110295.0,920761343,2026-04-17,13:05:31,销售订单5112430009创建成功交货单:8020110295开票：0920761343,S,1,成功
TCL202604170005,1-7TMXJY,1-6E35Q6,14089668,HLB-7f34a424-f1b0-11f0-8cdb-0c42a112278c,,1260.0,0,5112430009,8020110295.0,920761343,2026-04-17,13:05:31,销售订单5112430009创建成功交货单:8020110295开票：0920761343,S,1,成功
TCL202604170005,1-7TMXJY,1-6E35Q7,14089668,HLB-7f34a439-f1b0-11f0-8cdb-0c42a112278c,,1260.0,0,5112430009,8020110295.0,920761343,2026-04-17,13:05:31,销售订单5112430009创建成功交货单:8020110295开票：0920761343,S,1,成功
TCL202604170005,1-7TMXJY,1-6E35Q8,14089668,HLB-7f34a44d-f1b0-11f0-8cdb-0c42a112278c,,1260.0,0,5112430009,8020110295.0,920761343,2026-04-17,13:05:31,销售订单5112430009创建成功交货单:8020110295开票：0920761343,S,1,成功
TCL202604170005,1-7TMXJY,1-6E35Q9,14089668,HLB-7f34a462-f1b0-11f0-8cdb-0c42a112278c,,1260.0,0,5112430009,8020110295.0,920761343,2026-04-17,13:05:31,销售订单5112430009创建成功交货单:8020110295开票：0920761343,S,1,成功
TCL202604170005,1-7TMXJY,1-6E35QA,14089668,HLB-7f34a475-f1b0-11f0-8cdb-0c42a112278c,,1260.0,0,5112430009,8020110295.0,920761343,2026-04-17,13:05:31,销售订单5112430009创建成功交货单:8020110295开票：0920761343,S,1,成功
TCL202604170005,1-7TMXJY,1-6E35QB,14089668,HLB-7f34a48b-f1b0-11f0-8cdb-0c42a112278c,,1260.0,0,5112430009,8020110295.0,920761343,2026-04-17,13:05:31,销售订单5112430009创建成功交货单:8020110295开票：0920761343,S,1,成功
TCL202604170005,1-7TMXJY,1-6E35QC,14089668,HLB-7f34a49e-f1b0-11f0-8cdb-0c42a112278c,,1260.0,0,5112430009,8020110295.0,920761343,2026-04-17,13:05:31,销售订单5112430009创建成功交货单:8020110295开票：0920761343,S,1,成功
TCL202604170005,1-7TMXJY,1-6E35QD,14089668,HLB-7f34a4b1-f1b0-11f0-8cdb-0c42a112278c,,1260.0,0,5112430009,8020110295.0,920761343,2026-04-17,13:05:31,销售订单5112430009创建成功交货单:8020110295开票：0920761343,S,1,成功
TCL202604170005,1-7TMXJY,1-6E35QE,14089668,HLB-7f34a4c5-f1b0-11f0-8cdb-0c42a112278c,,1260.0,0,5112430009,8020110295.0,920761343,2026-04-17,13:05:31,销售订单5112430009创建成功交货单:8020110295开票：0920761343,S,1,成功
TCL202604170005,1-7TMXJY,1-6E35QF,14089668,HLB-7f34a4da-f1b0-11f0-8cdb-0c42a112278c,,1260.0,0,5112430009,8020110295.0,920761343,2026-04-17,13:05:31,销售订单5112430009创建成功交货单:8020110295开票：0920761343,S,1,成功
TCL202604170005,1-7TMXJY,1-6E35QG,14089668,HLB-7f34a4f0-f1b0-11f0-8cdb-0c42a112278c,,1260.0,0,5112430009,8020110295.0,920761343,2026-04-17,13:05:31,销售订单5112430009创建成功交货单:8020110295开票：0920761343,S,1,成功
TCL202604170005,1-7TMXJY,1-6E35QH,14089668,HLB-7f34a505-f1b0-11f0-8cdb-0c42a112278c,,1260.0,0,5112430009,8020110295.0,920761343,2026-04-17,13:05:31,销售订单5112430009创建成功交货单:8020110295开票：0920761343,S,1,成功
TCL202604170005,1-7TMXJY,1-6E35QI,14089668,HLB-7f34a518-f1b0-11f0-8cdb-0c42a112278c,,1260.0,0,5112430009,8020110295.0,920761343,2026-04-17,13:05:31,销售订单5112430009创建成功交货单:8020110295开票：0920761343,S,1,成功
TCL202604170005,1-7TMXJY,1-6E35QJ,14089668,HLB-7f34a52d-f1b0-11f0-8cdb-0c42a112278c,,1260.0,0,5112430009,8020110295.0,920761343,2026-04-17,13:05:31,销售订单5112430009创建成功交货单:8020110295开票：0920761343,S,1,成功
TCL202604170005,1-7TMXJY,1-6E35QK,14089668,HLB-7f34a543-f1b0-11f0-8cdb-0c42a112278c,,1260.0,0,5112430009,8020110295.0,920761343,2026-04-17,13:05:31,销售订单5112430009创建成功交货单:8020110295开票：0920761343,S,1,成功
TCL202604170005,1-7TMXJY,1-6E35QL,14089668,HLB-7f34a557-f1b0-11f0-8cdb-0c42a112278c,,1260.0,0,5112430009,8020110295.0,920761343,2026-04-17,13:05:31,销售订单5112430009创建成功交货单:8020110295开票：0920761343,S,1,成功
TCL202604170005,1-7TMXJY,1-6E35QM,14089668,HLB-7f34a56a-f1b0-11f0-8cdb-0c42a112278c,,1260.0,0,5112430009,8020110295.0,920761343,2026-04-17,13:05:31,销售订单5112430009创建成功交货单:8020110295开票：0920761343,S,1,成功
TCL202604170005,1-7TMXJY,1-6E35QN,14089668,HLB-7f34a57d-f1b0-11f0-8cdb-0c42a112278c,,1260.0,0,5112430009,8020110295.0,920761343,2026-04-17,13:05:31,销售订单5112430009创建成功交货单:8020110295开票：0920761343,S,1,成功
TCL202604170005,1-7TMXJY,1-6E35QO,14089668,HLB-7f34a593-f1b0-11f0-8cdb-0c42a112278c,,1260.0,0,5112430009,8020110295.0,920761343,2026-04-17,13:05:31,销售订单5112430009创建成功交货单:8020110295开票：0920761343,S,1,成功
TCL202604170005,1-7TMXJY,1-6E35QP,14089668,HLB-7f34a5a6-f1b0-11f0-8cdb-0c42a112278c,,1260.0,0,5112430009,8020110295.0,920761343,2026-04-17,13:05:31,销售订单5112430009创建成功交货单:8020110295开票：0920761343,S,1,成功
TCL202604170005,1-7TMXJY,1-6E35QQ,14089668,HLB-7f34a5bc-f1b0-11f0-8cdb-0c42a112278c,,1260.0,0,5112430009,8020110295.0,920761343,2026-04-17,13:05:31,销售订单5112430009创建成功交货单:8020110295开票：0920761343,S,1,成功
TCL202604170005,1-7TMXJY,1-6E35QR,14089668,HLB-7f34a5d0-f1b0-11f0-8cdb-0c42a112278c,,1260.0,0,5112430009,8020110295.0,920761343,2026-04-17,13:05:31,销售订单5112430009创建成功交货单:8020110295开票：0920761343,S,1,成功
TCL202604170005,1-7TMXJY,1-6E35QS,14089668,HLB-7f34a5e4-f1b0-11f0-8cdb-0c42a112278c,,1260.0,0,5112430009,8020110295.0,920761343,2026-04-17,13:05:31,销售订单5112430009创建成功交货单:8020110295开票：0920761343,S,1,成功
TCL202604170005,1-7TMXJY,1-6E35QT,14089668,HLB-7f34a5fa-f1b0-11f0-8cdb-0c42a112278c,,1260.0,0,5112430009,8020110295.0,920761343,2026-04-17,13:05:31,销售订单5112430009创建成功交货单:8020110295开票：0920761343,S,1,成功
TCL202604170005,1-7TMXJY,1-6E35QU,14089668,HLB-7f34a60d-f1b0-11f0-8cdb-0c42a112278c,,1260.0,0,5112430009,8020110295.0,920761343,2026-04-17,13:05:31,销售订单5112430009创建成功交货单:8020110295开票：0920761343,S,1,成功
TCL202604170005,1-7TMXJY,1-6E387J,14047619,HLB-b1eee407-ed03-11f0-8cdb-0c42a112278c,,1260.0,0,5112430009,8020110295.0,920761343,2026-04-17,13:05:31,销售订单5112430009创建成功交货单:8020110295开票：0920761343,S,1,成功
TCL202604170005,1-7TMXJY,1-6E387K,14047619,HLB-b1eee466-ed03-11f0-8cdb-0c42a112278c,,1260.0,0,5112430009,8020110295.0,920761343,2026-04-17,13:05:31,销售订单5112430009创建成功交货单:8020110295开票：0920761343,S,1,成功
TCL202604170005,1-7TMXJY,1-6E387L,14047619,HLB-b1eee481-ed03-11f0-8cdb-0c42a112278c,,1260.0,0,5112430009,8020110295.0,920761343,2026-04-17,13:05:31,销售订单5112430009创建成功交货单:8020110295开票：0920761343,S,1,成功
TCL202604170005,1-7TMXJY,1-6E387M,14047619,HLB-b1eee49d-ed03-11f0-8cdb-0c42a112278c,,1260.0,0,5112430009,8020110295.0,920761343,2026-04-17,13:05:31,销售订单5112430009创建成功交货单:8020110295开票：0920761343,S,1,成功
TCL202604170005,1-7TMXJY,1-6E387N,14047619,HLB-b1eee4b9-ed03-11f0-8cdb-0c42a112278c,,1260.0,0,5112430009,8020110295.0,920761343,2026-04-17,13:05:31,销售订单5112430009创建成功交货单:8020110295开票：0920761343,S,1,成功
TCL202604170005,1-7TMXJY,1-6E387O,14047619,HLB-b1eee4d6-ed03-11f0-8cdb-0c42a112278c,,1260.0,0,5112430009,8020110295.0,920761343,2026-04-17,13:05:31,销售订单5112430009创建成功交货单:8020110295开票：0920761343,S,1,成功
TCL202604170005,1-7TMXJY,1-6E387P,14047619,HLB-b1eee4ee-ed03-11f0-8cdb-0c42a112278c,,1260.0,0,5112430009,8020110295.0,920761343,2026-04-17,13:05:31,销售订单5112430009创建成功交货单:8020110295开票：0920761343,S,1,成功
TCL202604170005,1-7TMXJY,1-6E387Q,14047619,HLB-b1eee507-ed03-11f0-8cdb-0c42a112278c,,1260.0,0,5112430009,8020110295.0,920761343,2026-04-17,13:05:31,销售订单5112430009创建成功交货单:8020110295开票：0920761343,S,1,成功
TCL202604170005,1-7TMXJY,1-6E387R,14047619,HLB-b1eee51f-ed03-11f0-8cdb-0c42a112278c,,1260.0,0,5112430009,8020110295.0,920761343,2026-04-17,13:05:31,销售订单5112430009创建成功交货单:8020110295开票：0920761343,S,1,成功
TCL202604170005,1-7TMXJY,1-6E387S,14047619,HLB-b1eee537-ed03-11f0-8cdb-0c42a112278c,,1260.0,0,5112430009,8020110295.0,920761343,2026-04-17,13:05:31,销售订单5112430009创建成功交货单:8020110295开票：0920761343,S,1,成功
TCL202604170005,1-7TMXJY,1-6E387T,14047619,HLB-b1eee54f-ed03-11f0-8cdb-0c42a112278c,,1260.0,0,5112430009,8020110295.0,920761343,2026-04-17,13:05:31,销售订单5112430009创建成功交货单:8020110295开票：0920761343,S,1,成功
TCL202604170005,1-7TMXJY,1-6E387U,14047619,HLB-b1eee566-ed03-11f0-8cdb-0c42a112278c,,1260.0,0,5112430009,8020110295.0,920761343,2026-04-17,13:05:31,销售订单5112430009创建成功交货单:8020110295开票：0920761343,S,1,成功
TCL202604170005,1-7TMXJY,1-6E387V,14047619,HLB-b1eee57d-ed03-11f0-8cdb-0c42a112278c,,1260.0,0,5112430009,8020110295.0,920761343,2026-04-17,13:05:31,销售订单5112430009创建成功交货单:8020110295开票：0920761343,S,1,成功
TCL202604170005,1-7TMXJY,1-6E387W,14047619,HLB-b1eee595-ed03-11f0-8cdb-0c42a112278c,,1260.0,0,5112430009,8020110295.0,920761343,2026-04-17,13:05:31,销售订单5112430009创建成功交货单:8020110295开票：0920761343,S,1,成功
TCL202604170005,1-7TMXJY,1-6E387X,14047619,HLB-b1eee5aa-ed03-11f0-8cdb-0c42a112278c,,1260.0,0,5112430009,8020110295.0,920761343,2026-04-17,13:05:31,销售订单5112430009创建成功交货单:8020110295开票：0920761343,S,1,成功
TCL202604170005,1-7TMXJY,1-6E387Y,14047619,HLB-b1eee5c0-ed03-11f0-8cdb-0c42a112278c,,1260.0,0,5112430009,8020110295.0,920761343,2026-04-17,13:05:31,销售订单5112430009创建成功交货单:8020110295开票：0920761343,S,1,成功
TCL202604170005,1-7TMXJY,1-6E387Z,14047619,HLB-b1eee5d4-ed03-11f0-8cdb-0c42a112278c,,1260.0,0,5112430009,8020110295.0,920761343,2026-04-17,13:05:31,销售订单5112430009创建成功交货单:8020110295开票：0920761343,S,1,成功
TCL202604170005,1-7TMXJY,1-6E3880,14047619,HLB-b1eee5e8-ed03-11f0-8cdb-0c42a112278c,,1260.0,0,5112430009,8020110295.0,920761343,2026-04-17,13:05:31,销售订单5112430009创建成功交货单:8020110295开票：0920761343,S,1,成功
TCL202604170005,1-7TMXJY,1-6E3881,14047619,HLB-b1eee5ff-ed03-11f0-8cdb-0c42a112278c,,1260.0,0,5112430009,8020110295.0,920761343,2026-04-17,13:05:31,销售订单5112430009创建成功交货单:8020110295开票：0920761343,S,1,成功
TCL202604170005,1-7TMXJY,1-6E3882,14047619,HLB-b1eee615-ed03-11f0-8cdb-0c42a112278c,,1260.0,0,5112430009,8020110295.0,920761343,2026-04-17,13:05:31,销售订单5112430009创建成功交货单:8020110295开票：0920761343,S,1,成功
TCL202604170005,1-7TMXJY,1-6E3883,14047619,HLB-b1eee62a-ed03-11f0-8cdb-0c42a112278c,,1260.0,0,5112430009,8020110295.0,920761343,2026-04-17,13:05:31,销售订单5112430009创建成功交货单:8020110295开票：0920761343,S,1,成功
TCL202604170005,1-7TMXJY,1-6E3884,14047619,HLB-b1eee640-ed03-11f0-8cdb-0c42a112278c,,1260.0,0,5112430009,8020110295.0,920761343,2026-04-17,13:05:31,销售订单5112430009创建成功交货单:8020110295开票：0920761343,S,1,成功
TCL202604170005,1-7TMXJY,1-6E3885,14047619,HLB-b1eee654-ed03-11f0-8cdb-0c42a112278c,,1260.0,0,5112430009,8020110295.0,920761343,2026-04-17,13:05:31,销售订单5112430009创建成功交货单:8020110295开票：0920761343,S,1,成功
TCL202604170005,1-7TMXJY,1-6E3886,14047619,HLB-b1eee668-ed03-11f0-8cdb-0c42a112278c,,1260.0,0,5112430009,8020110295.0,920761343,2026-04-17,13:05:31,销售订单5112430009创建成功交货单:8020110295开票：0920761343,S,1,成功
TCL202604170005,1-7TMXJY,1-6E3887,14047619,HLB-b1eee67b-ed03-11f0-8cdb-0c42a112278c,,1260.0,0,5112430009,8020110295.0,920761343,2026-04-17,13:05:31,销售订单5112430009创建成功交货单:8020110295开票：0920761343,S,1,成功
TCL202604170005,1-7TMXJY,1-6E3888,14047619,HLB-b1eee690-ed03-11f0-8cdb-0c42a112278c,,1260.0,0,5112430009,8020110295.0,920761343,2026-04-17,13:05:31,销售订单5112430009创建成功交货单:8020110295开票：0920761343,S,1,成功
TCL202604170005,1-7TMXJY,1-6E3889,14047619,HLB-b1eee6a4-ed03-11f0-8cdb-0c42a112278c,,1260.0,0,5112430009,8020110295.0,920761343,2026-04-17,13:05:31,销售订单5112430009创建成功交货单:8020110295开票：0920761343,S,1,成功
TCL202604170005,1-7TMXJY,1-6E388A,14047619,HLB-b1eee6b7-ed03-11f0-8cdb-0c42a112278c,,1260.0,0,5112430009,8020110295.0,920761343,2026-04-17,13:05:31,销售订单5112430009创建成功交货单:8020110295开票：0920761343,S,1,成功
TCL202604170005,1-7TMXJY,1-6E388B,14047619,HLB-b1eee6cb-ed03-11f0-8cdb-0c42a112278c,,1260.0,0,5112430009,8020110295.0,920761343,2026-04-17,13:05:31,销售订单5112430009创建成功交货单:8020110295开票：0920761343,S,1,成功
TCL202604170005,1-7TMXJY,1-6E388C,14047619,HLB-b1eee6df-ed03-11f0-8cdb-0c42a112278c,,1260.0,0,5112430009,8020110295.0,920761343,2026-04-17,13:05:31,销售订单5112430009创建成功交货单:8020110295开票：0920761343,S,1,成功
TCL202604170005,1-7TMXJY,1-6E39LH,14047621,HLB-b246ed2b-ed03-11f0-8cdb-0c42a112278c,,1260.0,0,5112430009,8020110295.0,920761343,2026-04-17,13:05:31,销售订单5112430009创建成功交货单:8020110295开票：0920761343,S,1,成功
TCL202604170005,1-7TMXJY,1-6E39LI,14047621,HLB-b246ed5e-ed03-11f0-8cdb-0c42a112278c,,1260.0,0,5112430009,8020110295.0,920761343,2026-04-17,13:05:31,销售订单5112430009创建成功交货单:8020110295开票：0920761343,S,1,成功
TCL202604170005,1-7TMXJY,1-6E39LJ,14047621,HLB-b246ed77-ed03-11f0-8cdb-0c42a112278c,,1260.0,0,5112430009,8020110295.0,920761343,2026-04-17,13:05:31,销售订单5112430009创建成功交货单:8020110295开票：0920761343,S,1,成功
TCL202604170005,1-7TMXJY,1-6E39LK,14047621,HLB-b246ed90-ed03-11f0-8cdb-0c42a112278c,,1260.0,0,5112430009,8020110295.0,920761343,2026-04-17,13:05:31,销售订单5112430009创建成功交货单:8020110295开票：0920761343,S,1,成功
TCL202604170005,1-7TMXJY,1-6E39LL,14047621,HLB-b246eda8-ed03-11f0-8cdb-0c42a112278c,,1260.0,0,5112430009,8020110295.0,920761343,2026-04-17,13:05:31,销售订单5112430009创建成功交货单:8020110295开票：0920761343,S,1,成功
TCL202604170005,1-7TMXJY,1-6E39LM,14047621,HLB-b246edd5-ed03-11f0-8cdb-0c42a112278c,,1260.0,0,5112430009,8020110295.0,920761343,2026-04-17,13:05:31,销售订单5112430009创建成功交货单:8020110295开票：0920761343,S,1,成功
TCL202604170005,1-7TMXJY,1-6E39LN,14047621,HLB-b246edef-ed03-11f0-8cdb-0c42a112278c,,1260.0,0,5112430009,8020110295.0,920761343,2026-04-17,13:05:31,销售订单5112430009创建成功交货单:8020110295开票：0920761343,S,1,成功
TCL202604170005,1-7TMXJY,1-6E39LO,14047621,HLB-b246ee09-ed03-11f0-8cdb-0c42a112278c,,1260.0,0,5112430009,8020110295.0,920761343,2026-04-17,13:05:31,销售订单5112430009创建成功交货单:8020110295开票：0920761343,S,1,成功
TCL202604170005,1-7TMXJY,1-6E39LP,14047621,HLB-b246ee23-ed03-11f0-8cdb-0c42a112278c,,1260.0,0,5112430009,8020110295.0,920761343,2026-04-17,13:05:31,销售订单5112430009创建成功交货单:8020110295开票：0920761343,S,1,成功
TCL202604170005,1-7TMXJY,1-6E39LQ,14047621,HLB-b246ee3c-ed03-11f0-8cdb-0c42a112278c,,1260.0,0,5112430009,8020110295.0,920761343,2026-04-17,13:05:31,销售订单5112430009创建成功交货单:8020110295开票：0920761343,S,1,成功
TCL202604170005,1-7TMXJY,1-6E39LR,14047621,HLB-b246ee53-ed03-11f0-8cdb-0c42a112278c,,1260.0,0,5112430009,8020110295.0,920761343,2026-04-17,13:05:31,销售订单5112430009创建成功交货单:8020110295开票：0920761343,S,1,成功
TCL202604170005,1-7TMXJY,1-6E39LS,14047621,HLB-b246ee85-ed03-11f0-8cdb-0c42a112278c,,1260.0,0,5112430009,8020110295.0,920761343,2026-04-17,13:05:31,销售订单5112430009创建成功交货单:8020110295开票：0920761343,S,1,成功
TCL202604170005,1-7TMXJY,1-6E39LT,14047621,HLB-b246ee9e-ed03-11f0-8cdb-0c42a112278c,,1260.0,0,5112430009,8020110295.0,920761343,2026-04-17,13:05:31,销售订单5112430009创建成功交货单:8020110295开票：0920761343,S,1,成功
TCL202604170005,1-7TMXJY,1-6E39LU,14047621,HLB-b246eebd-ed03-11f0-8cdb-0c42a112278c,,1260.0,0,5112430009,8020110295.0,920761343,2026-04-17,13:05:31,销售订单5112430009创建成功交货单:8020110295开票：0920761343,S,1,成功
TCL202604170005,1-7TMXJY,1-6E39LV,14047621,HLB-b246eed8-ed03-11f0-8cdb-0c42a112278c,,1260.0,0,5112430009,8020110295.0,920761343,2026-04-17,13:05:31,销售订单5112430009创建成功交货单:8020110295开票：0920761343,S,1,成功
TCL202604170005,1-7TMXJY,1-6E39LW,14047621,HLB-b246eeee-ed03-11f0-8cdb-0c42a112278c,,1260.0,0,5112430009,8020110295.0,920761343,2026-04-17,13:05:31,销售订单5112430009创建成功交货单:8020110295开票：0920761343,S,1,成功
TCL202604170005,1-7TMXJY,1-6E39LX,14047621,HLB-b246ef05-ed03-11f0-8cdb-0c42a112278c,,1260.0,0,5112430009,8020110295.0,920761343,2026-04-17,13:05:31,销售订单5112430009创建成功交货单:8020110295开票：0920761343,S,1,成功
TCL202604170005,1-7TMXJY,1-6E39LY,14047621,HLB-b246ef1d-ed03-11f0-8cdb-0c42a112278c,,1260.0,0,5112430009,8020110295.0,920761343,2026-04-17,13:05:31,销售订单5112430009创建成功交货单:8020110295开票：0920761343,S,1,成功
TCL202604170005,1-7TMXJY,1-6E39LZ,14047621,HLB-b246ef36-ed03-11f0-8cdb-0c42a112278c,,1260.0,0,5112430009,8020110295.0,920761343,2026-04-17,13:05:31,销售订单5112430009创建成功交货单:8020110295开票：0920761343,S,1,成功
TCL202604170005,1-7TMXJY,1-6E39M0,14047621,HLB-b246ef4c-ed03-11f0-8cdb-0c42a112278c,,1260.0,0,5112430009,8020110295.0,920761343,2026-04-17,13:05:31,销售订单5112430009创建成功交货单:8020110295开票：0920761343,S,1,成功
TCL202604170005,1-7TMXJY,1-6E39M1,14047621,HLB-b246ef67-ed03-11f0-8cdb-0c42a112278c,,1260.0,0,5112430009,8020110295.0,920761343,2026-04-17,13:05:31,销售订单5112430009创建成功交货单:8020110295开票：0920761343,S,1,成功
TCL202604170005,1-7TMXJY,1-6E39M2,14047621,HLB-b246ef7b-ed03-11f0-8cdb-0c42a112278c,,1260.0,0,5112430009,8020110295.0,920761343,2026-04-17,13:05:31,销售订单5112430009创建成功交货单:8020110295开票：0920761343,S,1,成功
TCL202604170005,1-7TMXJY,1-6E39M3,14047621,HLB-b246ef90-ed03-11f0-8cdb-0c42a112278c,,1260.0,0,5112430009,8020110295.0,920761343,2026-04-17,13:05:31,销售订单5112430009创建成功交货单:8020110295开票：0920761343,S,1,成功
TCL202604170005,1-7TMXJY,1-6E39M4,14047621,HLB-b246efb8-ed03-11f0-8cdb-0c42a112278c,,1260.0,0,5112430009,8020110295.0,920761343,2026-04-17,13:05:31,销售订单5112430009创建成功交货单:8020110295开票：0920761343,S,1,成功
TCL202604170005,1-7TMXJY,1-6E39M5,14047621,HLB-b246efcf-ed03-11f0-8cdb-0c42a112278c,,1260.0,0,5112430009,8020110295.0,920761343,2026-04-17,13:05:31,销售订单5112430009创建成功交货单:8020110295开票：0920761343,S,1,成功
TCL202604170005,1-7TMXJY,1-6E39M6,14047621,HLB-b246efe3-ed03-11f0-8cdb-0c42a112278c,,1260.0,0,5112430009,8020110295.0,920761343,2026-04-17,13:05:31,销售订单5112430009创建成功交货单:8020110295开票：0920761343,S,1,成功
TCL202604170005,1-7TMXJY,1-6E39M7,14047621,HLB-b246effb-ed03-11f0-8cdb-0c42a112278c,,1260.0,0,5112430009,8020110295.0,920761343,2026-04-17,13:05:31,销售订单5112430009创建成功交货单:8020110295开票：0920761343,S,1,成功
TCL202604170005,1-7TMXJY,1-6E39M8,14047621,HLB-b246f022-ed03-11f0-8cdb-0c42a112278c,,1260.0,0,5112430009,8020110295.0,920761343,2026-04-17,13:05:31,销售订单5112430009创建成功交货单:8020110295开票：0920761343,S,1,成功
TCL202604170005,1-7TMXJY,1-6E39M9,14047621,HLB-b246f038-ed03-11f0-8cdb-0c42a112278c,,1260.0,0,5112430009,8020110295.0,920761343,2026-04-17,13:05:31,销售订单5112430009创建成功交货单:8020110295开票：0920761343,S,1,成功
TCL202604170005,1-7TMXJY,1-6E39MA,14047621,HLB-b246f04d-ed03-11f0-8cdb-0c42a112278c,,1260.0,0,5112430009,8020110295.0,920761343,2026-04-17,13:05:31,销售订单5112430009创建成功交货单:8020110295开票：0920761343,S,1,成功
TCL202604170005,1-7TMXJY,1-6F3AOH,14085653,HLB-f9151af2-f10c-11f0-8cdb-0c42a112278c,,1260.0,0,5112430009,8020110295.0,920761343,2026-04-17,13:05:31,销售订单5112430009创建成功交货单:8020110295开票：0920761343,S,1,成功
TCL202604170005,1-7TMXJY,1-6F3AOI,14085653,HLB-f9151b0a-f10c-11f0-8cdb-0c42a112278c,,1260.0,0,5112430009,8020110295.0,920761343,2026-04-17,13:05:31,销售订单5112430009创建成功交货单:8020110295开票：0920761343,S,1,成功
TCL202604170005,1-7TMXJY,1-6F3AOJ,14085653,HLB-f9151b73-f10c-11f0-8cdb-0c42a112278c,,1260.0,0,5112430009,8020110295.0,920761343,2026-04-17,13:05:31,销售订单5112430009创建成功交货单:8020110295开票：0920761343,S,1,成功
TCL202604170005,1-7TMXJY,1-6F3AOK,14085653,HLB-f9151b8c-f10c-11f0-8cdb-0c42a112278c,,1260.0,0,5112430009,8020110295.0,920761343,2026-04-17,13:05:31,销售订单5112430009创建成功交货单:8020110295开票：0920761343,S,1,成功
TCL202604170005,1-7TMXJY,1-6F3AOL,14085653,HLB-f9151bac-f10c-11f0-8cdb-0c42a112278c,,1260.0,0,5112430009,8020110295.0,920761343,2026-04-17,13:05:31,销售订单5112430009创建成功交货单:8020110295开票：0920761343,S,1,成功
TCL202604170005,1-7TMXJY,1-6P6KM8,14181826,HLB-ee53fefa-fb29-11f0-8cdb-0c42a112278c,,1260.0,0,5112430009,8020110295.0,920761343,2026-04-17,13:05:31,销售订单5112430009创建成功交货单:8020110295开票：0920761343,S,1,成功
TCL202604170005,1-7TMXJY,1-6P6KM9,14181826,HLB-ee53ff11-fb29-11f0-8cdb-0c42a112278c,,1260.0,0,5112430009,8020110295.0,920761343,2026-04-17,13:05:31,销售订单5112430009创建成功交货单:8020110295开票：0920761343,S,1,成功
TCL202604170005,1-7TMXJY,1-6P6KMA,14181826,HLB-ee53ff27-fb29-11f0-8cdb-0c42a112278c,,1260.0,0,5112430009,8020110295.0,920761343,2026-04-17,13:05:31,销售订单5112430009创建成功交货单:8020110295开票：0920761343,S,1,成功
TCL202604170005,1-7TMXJY,1-6P6KMB,14181826,HLB-ee53ff3d-fb29-11f0-8cdb-0c42a112278c,,1260.0,0,5112430009,8020110295.0,920761343,2026-04-17,13:05:31,销售订单5112430009创建成功交货单:8020110295开票：0920761343,S,1,成功
TCL202604170005,1-7TMXJY,1-6P6KMC,14181826,HLB-ee53ff52-fb29-11f0-8cdb-0c42a112278c,,1260.0,0,5112430009,8020110295.0,920761343,2026-04-17,13:05:31,销售订单5112430009创建成功交货单:8020110295开票：0920761343,S,1,成功
TCL202604170005,1-7TMXJY,1-6P6KMD,14181826,HLB-ee53ff68-fb29-11f0-8cdb-0c42a112278c,,1260.0,0,5112430009,8020110295.0,920761343,2026-04-17,13:05:31,销售订单5112430009创建成功交货单:8020110295开票：0920761343,S,1,成功
TCL202604170005,1-7TMXJY,1-6P6KME,14181826,HLB-ee53ff7c-fb29-11f0-8cdb-0c42a112278c,,1260.0,0,5112430009,8020110295.0,920761343,2026-04-17,13:05:31,销售订单5112430009创建成功交货单:8020110295开票：0920761343,S,1,成功
TCL202604170005,1-7TMXJY,1-6P6KMF,14181826,HLB-ee53ff91-fb29-11f0-8cdb-0c42a112278c,,1260.0,0,5112430009,8020110295.0,920761343,2026-04-17,13:05:31,销售订单5112430009创建成功交货单:8020110295开票：0920761343,S,1,成功
TCL202604170005,1-7TMXJY,1-6P6KMG,14181826,HLB-ee53ffa8-fb29-11f0-8cdb-0c42a112278c,,1260.0,0,5112430009,8020110295.0,920761343,2026-04-17,13:05:31,销售订单5112430009创建成功交货单:8020110295开票：0920761343,S,1,成功
TCL202604170005,1-7TMXJY,1-6P6KMH,14181826,HLB-ee53ffbe-fb29-11f0-8cdb-0c42a112278c,,1260.0,0,5112430009,8020110295.0,920761343,2026-04-17,13:05:31,销售订单5112430009创建成功交货单:8020110295开票：0920761343,S,1,成功
TCL202604170005,1-7TMXJY,1-6P6KMI,14181826,HLB-ee53ffd1-fb29-11f0-8cdb-0c42a112278c,,1260.0,0,5112430009,8020110295.0,920761343,2026-04-17,13:05:31,销售订单5112430009创建成功交货单:8020110295开票：0920761343,S,1,成功
TCL202604170005,1-7TMXJY,1-6P6KMJ,14181826,HLB-ee53ffe6-fb29-11f0-8cdb-0c42a112278c,,1260.0,0,5112430009,8020110295.0,920761343,2026-04-17,13:05:31,销售订单5112430009创建成功交货单:8020110295开票：0920761343,S,1,成功
TCL202604170005,1-7TMXJY,1-6P6KMK,14181826,HLB-ee53fffe-fb29-11f0-8cdb-0c42a112278c,,1260.0,0,5112430009,8020110295.0,920761343,2026-04-17,13:05:31,销售订单5112430009创建成功交货单:8020110295开票：0920761343,S,1,成功
TCL202604170005,1-7TMXJY,1-6P6KML,14181826,HLB-ee540012-fb29-11f0-8cdb-0c42a112278c,,1260.0,0,5112430009,8020110295.0,920761343,2026-04-17,13:05:31,销售订单5112430009创建成功交货单:8020110295开票：0920761343,S,1,成功
TCL202604170005,1-7TMXJY,1-6P6KMM,14181826,HLB-ee540027-fb29-11f0-8cdb-0c42a112278c,,1260.0,0,5112430009,8020110295.0,920761343,2026-04-17,13:05:31,销售订单5112430009创建成功交货单:8020110295开票：0920761343,S,1,成功
TCL202604170005,1-7TMXJY,1-6P6KMN,14181826,HLB-ee54003d-fb29-11f0-8cdb-0c42a112278c,,1260.0,0,5112430009,8020110295.0,920761343,2026-04-17,13:05:31,销售订单5112430009创建成功交货单:8020110295开票：0920761343,S,1,成功
TCL202604170005,1-7TMXJY,1-6P6KMO,14181826,HLB-ee540051-fb29-11f0-8cdb-0c42a112278c,,1260.0,0,5112430009,8020110295.0,920761343,2026-04-17,13:05:31,销售订单5112430009创建成功交货单:8020110295开票：0920761343,S,1,成功
TCL202604170005,1-7TMXJY,1-6P6KMP,14181826,HLB-ee540064-fb29-11f0-8cdb-0c42a112278c,,1260.0,0,5112430009,8020110295.0,920761343,2026-04-17,13:05:31,销售订单5112430009创建成功交货单:8020110295开票：0920761343,S,1,成功
TCL202604170005,1-7TMXJY,1-6P6KMQ,14181826,HLB-ee54007b-fb29-11f0-8cdb-0c42a112278c,,1260.0,0,5112430009,8020110295.0,920761343,2026-04-17,13:05:31,销售订单5112430009创建成功交货单:8020110295开票：0920761343,S,1,成功
TCL202604170005,1-7TMXJY,1-6P6KMR,14181826,HLB-ee540091-fb29-11f0-8cdb-0c42a112278c,,1260.0,0,5112430009,8020110295.0,920761343,2026-04-17,13:05:31,销售订单5112430009创建成功交货单:8020110295开票：0920761343,S,1,成功
TCL202604170005,1-7TMXJY,1-6P6KMS,14181826,HLB-ee5400a5-fb29-11f0-8cdb-0c42a112278c,,1260.0,0,5112430009,8020110295.0,920761343,2026-04-17,13:05:31,销售订单5112430009创建成功交货单:8020110295开票：0920761343,S,1,成功
TCL202604170005,1-7TMXJY,1-6P6KMT,14181826,HLB-ee5400b7-fb29-11f0-8cdb-0c42a112278c,,1260.0,0,5112430009,8020110295.0,920761343,2026-04-17,13:05:31,销售订单5112430009创建成功交货单:8020110295开票：0920761343,S,1,成功
TCL202604170005,1-7TMXJY,1-6P6KMU,14181826,HLB-ee5400cc-fb29-11f0-8cdb-0c42a112278c,,1260.0,0,5112430009,8020110295.0,920761343,2026-04-17,13:05:31,销售订单5112430009创建成功交货单:8020110295开票：0920761343,S,1,成功
TCL202604170005,1-7TMXJY,1-6P6KMV,14181826,HLB-ee5400e0-fb29-11f0-8cdb-0c42a112278c,,1260.0,0,5112430009,8020110295.0,920761343,2026-04-17,13:05:31,销售订单5112430009创建成功交货单:8020110295开票：0920761343,S,1,成功
TCL202604170005,1-7TMXJY,1-6P6KMW,14181826,HLB-ee5400f5-fb29-11f0-8cdb-0c42a112278c,,1260.0,0,5112430009,8020110295.0,920761343,2026-04-17,13:05:31,销售订单5112430009创建成功交货单:8020110295开票：0920761343,S,1,成功
TCL202604170005,1-7TMXJY,1-6P749H,14200820,HLB-d2e519d3-fcd8-11f0-8cdb-0c42a112278c,,1260.0,0,5112430009,8020110295.0,920761343,2026-04-17,13:05:31,销售订单5112430009创建成功交货单:8020110295开票：0920761343,S,1,成功
TCL202604170005,1-7TMXJY,1-6P749I,14200820,HLB-d2e519e8-fcd8-11f0-8cdb-0c42a112278c,,1260.0,0,5112430009,8020110295.0,920761343,2026-04-17,13:05:31,销售订单5112430009创建成功交货单:8020110295开票：0920761343,S,1,成功
TCL202604170005,1-7TMXJY,1-6P749J,14200820,HLB-d2e519fb-fcd8-11f0-8cdb-0c42a112278c,,1260.0,0,5112430009,8020110295.0,920761343,2026-04-17,13:05:31,销售订单5112430009创建成功交货单:8020110295开票：0920761343,S,1,成功
TCL202604170005,1-7TMXJY,1-6P749K,14200820,HLB-d2e51a0f-fcd8-11f0-8cdb-0c42a112278c,,1260.0,0,5112430009,8020110295.0,920761343,2026-04-17,13:05:31,销售订单5112430009创建成功交货单:8020110295开票：0920761343,S,1,成功
TCL202604170005,1-7TMXJY,1-6P749L,14200820,HLB-d2e51a24-fcd8-11f0-8cdb-0c42a112278c,,1260.0,0,5112430009,8020110295.0,920761343,2026-04-17,13:05:31,销售订单5112430009创建成功交货单:8020110295开票：0920761343,S,1,成功
TCL202604170005,1-7TMXJY,1-6P749M,14200820,HLB-d2e51a39-fcd8-11f0-8cdb-0c42a112278c,,1260.0,0,5112430009,8020110295.0,920761343,2026-04-17,13:05:31,销售订单5112430009创建成功交货单:8020110295开票：0920761343,S,1,成功
TCL202604170005,1-7TMXJY,1-6P749N,14200820,HLB-d2e51a4e-fcd8-11f0-8cdb-0c42a112278c,,1260.0,0,5112430009,8020110295.0,920761343,2026-04-17,13:05:31,销售订单5112430009创建成功交货单:8020110295开票：0920761343,S,1,成功
TCL202604170005,1-7TMXJY,1-6P749O,14200820,HLB-d2e51a63-fcd8-11f0-8cdb-0c42a112278c,,1260.0,0,5112430009,8020110295.0,920761343,2026-04-17,13:05:31,销售订单5112430009创建成功交货单:8020110295开票：0920761343,S,1,成功
TCL202604170005,1-7TMXJY,1-6P749P,14200820,HLB-d2e51a77-fcd8-11f0-8cdb-0c42a112278c,,1260.0,0,5112430009,8020110295.0,920761343,2026-04-17,13:05:31,销售订单5112430009创建成功交货单:8020110295开票：0920761343,S,1,成功
TCL202604170005,1-7TMXJY,1-6P749Q,14200820,HLB-d2e51a8d-fcd8-11f0-8cdb-0c42a112278c,,1260.0,0,5112430009,8020110295.0,920761343,2026-04-17,13:05:31,销售订单5112430009创建成功交货单:8020110295开票：0920761343,S,1,成功
TCL202604170005,1-7TMXJY,1-6P749R,14200820,HLB-d2e51aa1-fcd8-11f0-8cdb-0c42a112278c,,1260.0,0,5112430009,8020110295.0,920761343,2026-04-17,13:05:31,销售订单5112430009创建成功交货单:8020110295开票：0920761343,S,1,成功
TCL202604170005,1-7TMXJY,1-6P749S,14200820,HLB-d2e51ab5-fcd8-11f0-8cdb-0c42a112278c,,1260.0,0,5112430009,8020110295.0,920761343,2026-04-17,13:05:31,销售订单5112430009创建成功交货单:8020110295开票：0920761343,S,1,成功
TCL202604170005,1-7TMXJY,1-6P749T,14200820,HLB-d2e51ac8-fcd8-11f0-8cdb-0c42a112278c,,1260.0,0,5112430009,8020110295.0,920761343,2026-04-17,13:05:31,销售订单5112430009创建成功交货单:8020110295开票：0920761343,S,1,成功
TCL202604170005,1-7TMXJY,1-6P749U,14200820,HLB-d2e51add-fcd8-11f0-8cdb-0c42a112278c,,1260.0,0,5112430009,8020110295.0,920761343,2026-04-17,13:05:31,销售订单5112430009创建成功交货单:8020110295开票：0920761343,S,1,成功
TCL202604170005,1-7TMXJY,1-6P749V,14200820,HLB-d2e51af1-fcd8-11f0-8cdb-0c42a112278c,,1260.0,0,5112430009,8020110295.0,920761343,2026-04-17,13:05:31,销售订单5112430009创建成功交货单:8020110295开票：0920761343,S,1,成功
TCL202604170005,1-7TMXJY,1-6P749W,14200820,HLB-d2e51b09-fcd8-11f0-8cdb-0c42a112278c,,1260.0,0,5112430009,8020110295.0,920761343,2026-04-17,13:05:31,销售订单5112430009创建成功交货单:8020110295开票：0920761343,S,1,成功
TCL202604170005,1-7TMXJY,1-6P749X,14200820,HLB-d2e51b1e-fcd8-11f0-8cdb-0c42a112278c,,1260.0,0,5112430009,8020110295.0,920761343,2026-04-17,13:05:31,销售订单5112430009创建成功交货单:8020110295开票：0920761343,S,1,成功
TCL202604170005,1-7TMXJY,1-6P749Y,14200820,HLB-d2e51b33-fcd8-11f0-8cdb-0c42a112278c,,1260.0,0,5112430009,8020110295.0,920761343,2026-04-17,13:05:31,销售订单5112430009创建成功交货单:8020110295开票：0920761343,S,1,成功
TCL202604170005,1-7TMXJY,1-6P749Z,14200820,HLB-d2e51b48-fcd8-11f0-8cdb-0c42a112278c,,1260.0,0,5112430009,8020110295.0,920761343,2026-04-17,13:05:31,销售订单5112430009创建成功交货单:8020110295开票：0920761343,S,1,成功
TCL202604170005,1-7TMXJY,1-6P74A0,14200820,HLB-d2e51b5d-fcd8-11f0-8cdb-0c42a112278c,,1260.0,0,5112430009,8020110295.0,920761343,2026-04-17,13:05:31,销售订单5112430009创建成功交货单:8020110295开票：0920761343,S,1,成功
TCL202604170005,1-7TMXJY,1-6P74A2,14200820,HLB-d2e51b84-fcd8-11f0-8cdb-0c42a112278c,,1260.0,0,5112430009,8020110295.0,920761343,2026-04-17,13:05:31,销售订单5112430009创建成功交货单:8020110295开票：0920761343,S,1,成功
TCL202604170005,1-7TMXJY,1-6P74A3,14200820,HLB-d2e51b98-fcd8-11f0-8cdb-0c42a112278c,,1260.0,0,5112430009,8020110295.0,920761343,2026-04-17,13:05:31,销售订单5112430009创建成功交货单:8020110295开票：0920761343,S,1,成功
TCL202604170005,1-7TMXJY,1-6P74A4,14200820,HLB-d2e51bac-fcd8-11f0-8cdb-0c42a112278c,,1260.0,0,5112430009,8020110295.0,920761343,2026-04-17,13:05:31,销售订单5112430009创建成功交货单:8020110295开票：0920761343,S,1,成功
TCL202604170005,1-7TMXJY,1-6P74A5,14200820,HLB-d2e51bc0-fcd8-11f0-8cdb-0c42a112278c,,1260.0,0,5112430009,8020110295.0,920761343,2026-04-17,13:05:31,销售订单5112430009创建成功交货单:8020110295开票：0920761343,S,1,成功
TCL202604170005,1-7TMXJY,1-6P7943,14200795,HLB-a009b4a8-fcd8-11f0-8cdb-0c42a112278c,,1260.0,0,5112430009,8020110295.0,920761343,2026-04-17,13:05:31,销售订单5112430009创建成功交货单:8020110295开票：0920761343,S,1,成功
TCL202604170005,1-7TMXJY,1-6P7944,14200795,HLB-a009b4bf-fcd8-11f0-8cdb-0c42a112278c,,1260.0,0,5112430009,8020110295.0,920761343,2026-04-17,13:05:31,销售订单5112430009创建成功交货单:8020110295开票：0920761343,S,1,成功
TCL202604170005,1-7TMXJY,1-6P7945,14200795,HLB-a009b4d6-fcd8-11f0-8cdb-0c42a112278c,,1260.0,0,5112430009,8020110295.0,920761343,2026-04-17,13:05:31,销售订单5112430009创建成功交货单:8020110295开票：0920761343,S,1,成功
TCL202604170005,1-7TMXJY,1-6P7946,14200795,HLB-a009b4ee-fcd8-11f0-8cdb-0c42a112278c,,1260.0,0,5112430009,8020110295.0,920761343,2026-04-17,13:05:31,销售订单5112430009创建成功交货单:8020110295开票：0920761343,S,1,成功
TCL202604170005,1-7TMXJY,1-6P7947,14200795,HLB-a009b506-fcd8-11f0-8cdb-0c42a112278c,,1260.0,0,5112430009,8020110295.0,920761343,2026-04-17,13:05:31,销售订单5112430009创建成功交货单:8020110295开票：0920761343,S,1,成功
TCL202604170005,1-7TMXJY,1-6P7948,14200795,HLB-a009b51d-fcd8-11f0-8cdb-0c42a112278c,,1260.0,0,5112430009,8020110295.0,920761343,2026-04-17,13:05:31,销售订单5112430009创建成功交货单:8020110295开票：0920761343,S,1,成功
TCL202604170005,1-7TMXJY,1-6P7949,14200795,HLB-a009b534-fcd8-11f0-8cdb-0c42a112278c,,1260.0,0,5112430009,8020110295.0,920761343,2026-04-17,13:05:31,销售订单5112430009创建成功交货单:8020110295开票：0920761343,S,1,成功
TCL202604170005,1-7TMXJY,1-6P794A,14200795,HLB-a009b54d-fcd8-11f0-8cdb-0c42a112278c,,1260.0,0,5112430009,8020110295.0,920761343,2026-04-17,13:05:31,销售订单5112430009创建成功交货单:8020110295开票：0920761343,S,1,成功
TCL202604170005,1-7TMXJY,1-6P794B,14200795,HLB-a009b562-fcd8-11f0-8cdb-0c42a112278c,,1260.0,0,5112430009,8020110295.0,920761343,2026-04-17,13:05:31,销售订单5112430009创建成功交货单:8020110295开票：0920761343,S,1,成功
TCL202604170005,1-7TMXJY,1-6P794C,14200795,HLB-a009b57a-fcd8-11f0-8cdb-0c42a112278c,,1260.0,0,5112430009,8020110295.0,920761343,2026-04-17,13:05:31,销售订单5112430009创建成功交货单:8020110295开票：0920761343,S,1,成功
TCL202604170005,1-7TMXJY,1-6P794D,14200795,HLB-a009b595-fcd8-11f0-8cdb-0c42a112278c,,1260.0,0,5112430009,8020110295.0,920761343,2026-04-17,13:05:31,销售订单5112430009创建成功交货单:8020110295开票：0920761343,S,1,成功
TCL202604170005,1-7TMXJY,1-6P794E,14200795,HLB-a009b5ab-fcd8-11f0-8cdb-0c42a112278c,,1260.0,0,5112430009,8020110295.0,920761343,2026-04-17,13:05:31,销售订单5112430009创建成功交货单:8020110295开票：0920761343,S,1,成功
TCL202604170005,1-7TMXJY,1-6P794F,14200795,HLB-a009b5c3-fcd8-11f0-8cdb-0c42a112278c,,1260.0,0,5112430009,8020110295.0,920761343,2026-04-17,13:05:31,销售订单5112430009创建成功交货单:8020110295开票：0920761343,S,1,成功
TCL202604170005,1-7TMXJY,1-6P794G,14200795,HLB-a009b5dc-fcd8-11f0-8cdb-0c42a112278c,,1260.0,0,5112430009,8020110295.0,920761343,2026-04-17,13:05:31,销售订单5112430009创建成功交货单:8020110295开票：0920761343,S,1,成功
TCL202604170005,1-7TMXJY,1-6P794H,14200795,HLB-a009b5f0-fcd8-11f0-8cdb-0c42a112278c,,1260.0,0,5112430009,8020110295.0,920761343,2026-04-17,13:05:31,销售订单5112430009创建成功交货单:8020110295开票：0920761343,S,1,成功
TCL202604170005,1-7TMXJY,1-6P794I,14200795,HLB-a009b604-fcd8-11f0-8cdb-0c42a112278c,,1260.0,0,5112430009,8020110295.0,920761343,2026-04-17,13:05:31,销售订单5112430009创建成功交货单:8020110295开票：0920761343,S,1,成功
TCL202604170005,1-7TMXJY,1-6P794J,14200795,HLB-a009b61b-fcd8-11f0-8cdb-0c42a112278c,,1260.0,0,5112430009,8020110295.0,920761343,2026-04-17,13:05:31,销售订单5112430009创建成功交货单:8020110295开票：0920761343,S,1,成功
TCL202604170005,1-7TMXJY,1-6P794K,14200795,HLB-a009b631-fcd8-11f0-8cdb-0c42a112278c,,1260.0,0,5112430009,8020110295.0,920761343,2026-04-17,13:05:31,销售订单5112430009创建成功交货单:8020110295开票：0920761343,S,1,成功
TCL202604170005,1-7TMXJY,1-6P794L,14200795,HLB-a009b64b-fcd8-11f0-8cdb-0c42a112278c,,1260.0,0,5112430009,8020110295.0,920761343,2026-04-17,13:05:31,销售订单5112430009创建成功交货单:8020110295开票：0920761343,S,1,成功
TCL202604170005,1-7TMXJY,1-6P794M,14200795,HLB-a009b661-fcd8-11f0-8cdb-0c42a112278c,,1260.0,0,5112430009,8020110295.0,920761343,2026-04-17,13:05:31,销售订单5112430009创建成功交货单:8020110295开票：0920761343,S,1,成功
TCL202604170005,1-7TMXJY,1-6P794N,14200795,HLB-a009b675-fcd8-11f0-8cdb-0c42a112278c,,1260.0,0,5112430009,8020110295.0,920761343,2026-04-17,13:05:31,销售订单5112430009创建成功交货单:8020110295开票：0920761343,S,1,成功
TCL202604170005,1-7TMXJY,1-6P794O,14200795,HLB-a009b68a-fcd8-11f0-8cdb-0c42a112278c,,1260.0,0,5112430009,8020110295.0,920761343,2026-04-17,13:05:31,销售订单5112430009创建成功交货单:8020110295开票：0920761343,S,1,成功
TCL202604170005,1-7TMXJY,1-6P794P,14200795,HLB-a009b69f-fcd8-11f0-8cdb-0c42a112278c,,1260.0,0,5112430009,8020110295.0,920761343,2026-04-17,13:05:31,销售订单5112430009创建成功交货单:8020110295开票：0920761343,S,1,成功
TCL202604170005,1-7TMXJY,1-6P794Q,14200795,HLB-a009b6b4-fcd8-11f0-8cdb-0c42a112278c,,1260.0,0,5112430009,8020110295.0,920761343,2026-04-17,13:05:31,销售订单5112430009创建成功交货单:8020110295开票：0920761343,S,1,成功
TCL202604170005,1-7TMXJY,1-6P794R,14200795,HLB-a009b6cb-fcd8-11f0-8cdb-0c42a112278c,,1260.0,0,5112430009,8020110295.0,920761343,2026-04-17,13:05:31,销售订单5112430009创建成功交货单:8020110295开票：0920761343,S,1,成功
TCL202604170005,1-7TMXJY,1-6P7L8M,14200922,HLB-a856e556-fcd9-11f0-8cdb-0c42a112278c,,1260.0,0,5112430009,8020110295.0,920761343,2026-04-17,13:05:31,销售订单5112430009创建成功交货单:8020110295开票：0920761343,S,1,成功
TCL202604170005,1-7TMXJY,1-6P7L8N,14200922,HLB-a856e56c-fcd9-11f0-8cdb-0c42a112278c,,1260.0,0,5112430009,8020110295.0,920761343,2026-04-17,13:05:31,销售订单5112430009创建成功交货单:8020110295开票：0920761343,S,1,成功
TCL202604170005,1-7TMXJY,1-6P7L8O,14200922,HLB-a856e586-fcd9-11f0-8cdb-0c42a112278c,,1260.0,0,5112430009,8020110295.0,920761343,2026-04-17,13:05:31,销售订单5112430009创建成功交货单:8020110295开票：0920761343,S,1,成功
TCL202604170005,1-7TMXJY,1-6P7L8P,14200922,HLB-a856e59f-fcd9-11f0-8cdb-0c42a112278c,,1260.0,0,5112430009,8020110295.0,920761343,2026-04-17,13:05:31,销售订单5112430009创建成功交货单:8020110295开票：0920761343,S,1,成功
TCL202604170005,1-7TMXJY,1-6P7L8Q,14200922,HLB-a856e5b3-fcd9-11f0-8cdb-0c42a112278c,,1260.0,0,5112430009,8020110295.0,920761343,2026-04-17,13:05:31,销售订单5112430009创建成功交货单:8020110295开票：0920761343,S,1,成功
TCL202604170005,1-7TMXJY,1-6P7L8R,14200922,HLB-a856e5c8-fcd9-11f0-8cdb-0c42a112278c,,1260.0,0,5112430009,8020110295.0,920761343,2026-04-17,13:05:31,销售订单5112430009创建成功交货单:8020110295开票：0920761343,S,1,成功
TCL202604170005,1-7TMXJY,1-6P7L8S,14200922,HLB-a856e5dc-fcd9-11f0-8cdb-0c42a112278c,,1260.0,0,5112430009,8020110295.0,920761343,2026-04-17,13:05:31,销售订单5112430009创建成功交货单:8020110295开票：0920761343,S,1,成功
TCL202604170005,1-7TMXJY,1-6P7L8T,14200922,HLB-a856e5f2-fcd9-11f0-8cdb-0c42a112278c,,1260.0,0,5112430009,8020110295.0,920761343,2026-04-17,13:05:31,销售订单5112430009创建成功交货单:8020110295开票：0920761343,S,1,成功
TCL202604170005,1-7TMXJY,1-6P7L8U,14200922,HLB-a856e606-fcd9-11f0-8cdb-0c42a112278c,,1260.0,0,5112430009,8020110295.0,920761343,2026-04-17,13:05:31,销售订单5112430009创建成功交货单:8020110295开票：0920761343,S,1,成功
TCL202604170005,1-7TMXJY,1-6P7L8V,14200922,HLB-a856e61c-fcd9-11f0-8cdb-0c42a112278c,,1260.0,0,5112430009,8020110295.0,920761343,2026-04-17,13:05:31,销售订单5112430009创建成功交货单:8020110295开票：0920761343,S,1,成功
TCL202604170005,1-7TMXJY,1-6P7L8W,14200922,HLB-a856e632-fcd9-11f0-8cdb-0c42a112278c,,1260.0,0,5112430009,8020110295.0,920761343,2026-04-17,13:05:31,销售订单5112430009创建成功交货单:8020110295开票：0920761343,S,1,成功
TCL202604170005,1-7TMXJY,1-6P7L8X,14200922,HLB-a856e649-fcd9-11f0-8cdb-0c42a112278c,,1260.0,0,5112430009,8020110295.0,920761343,2026-04-17,13:05:31,销售订单5112430009创建成功交货单:8020110295开票：0920761343,S,1,成功
TCL202604170005,1-7TMXJY,1-6P7L8Y,14200922,HLB-a856e662-fcd9-11f0-8cdb-0c42a112278c,,1260.0,0,5112430009,8020110295.0,920761343,2026-04-17,13:05:31,销售订单5112430009创建成功交货单:8020110295开票：0920761343,S,1,成功
TCL202604170005,1-7TMXJY,1-6P7L8Z,14200922,HLB-a856e676-fcd9-11f0-8cdb-0c42a112278c,,1260.0,0,5112430009,8020110295.0,920761343,2026-04-17,13:05:31,销售订单5112430009创建成功交货单:8020110295开票：0920761343,S,1,成功
TCL202604170005,1-7TMXJY,1-6P7L90,14200922,HLB-a856e68c-fcd9-11f0-8cdb-0c42a112278c,,1260.0,0,5112430009,8020110295.0,920761343,2026-04-17,13:05:31,销售订单5112430009创建成功交货单:8020110295开票：0920761343,S,1,成功
TCL202604170005,1-7TMXJY,1-6P7L91,14200922,HLB-a856e6a1-fcd9-11f0-8cdb-0c42a112278c,,1260.0,0,5112430009,8020110295.0,920761343,2026-04-17,13:05:31,销售订单5112430009创建成功交货单:8020110295开票：0920761343,S,1,成功
TCL202604170005,1-7TMXJY,1-6P7L92,14200922,HLB-a856e6b6-fcd9-11f0-8cdb-0c42a112278c,,1260.0,0,5112430009,8020110295.0,920761343,2026-04-17,13:05:31,销售订单5112430009创建成功交货单:8020110295开票：0920761343,S,1,成功
TCL202604170005,1-7TMXJY,1-6P7L93,14200922,HLB-a856e6ca-fcd9-11f0-8cdb-0c42a112278c,,1260.0,0,5112430009,8020110295.0,920761343,2026-04-17,13:05:31,销售订单5112430009创建成功交货单:8020110295开票：0920761343,S,1,成功
TCL202604170005,1-7TMXJY,1-6P7L94,14200922,HLB-a856e6df-fcd9-11f0-8cdb-0c42a112278c,,1260.0,0,5112430009,8020110295.0,920761343,2026-04-17,13:05:31,销售订单5112430009创建成功交货单:8020110295开票：0920761343,S,1,成功
TCL202604170005,1-7TMXJY,1-6P7L95,14200922,HLB-a856e6f4-fcd9-11f0-8cdb-0c42a112278c,,1260.0,0,5112430009,8020110295.0,920761343,2026-04-17,13:05:31,销售订单5112430009创建成功交货单:8020110295开票：0920761343,S,1,成功
TCL202604170005,1-7TMXJY,1-6P7L96,14200922,HLB-a856e707-fcd9-11f0-8cdb-0c42a112278c,,1260.0,0,5112430009,8020110295.0,920761343,2026-04-17,13:05:31,销售订单5112430009创建成功交货单:8020110295开票：0920761343,S,1,成功
TCL202604170005,1-7TMXJY,1-6P7L97,14200922,HLB-a856e71c-fcd9-11f0-8cdb-0c42a112278c,,1260.0,0,5112430009,8020110295.0,920761343,2026-04-17,13:05:31,销售订单5112430009创建成功交货单:8020110295开票：0920761343,S,1,成功
TCL202604170005,1-7TMXJY,1-6P7L98,14200922,HLB-a856e731-fcd9-11f0-8cdb-0c42a112278c,,1260.0,0,5112430009,8020110295.0,920761343,2026-04-17,13:05:31,销售订单5112430009创建成功交货单:8020110295开票：0920761343,S,1,成功
TCL202604170005,1-7TMXJY,1-6P7L99,14200922,HLB-a856e744-fcd9-11f0-8cdb-0c42a112278c,,1260.0,0,5112430009,8020110295.0,920761343,2026-04-17,13:05:31,销售订单5112430009创建成功交货单:8020110295开票：0920761343,S,1,成功
TCL202604170005,1-7TMXJY,1-6P7L9A,14200922,HLB-a856e75a-fcd9-11f0-8cdb-0c42a112278c,,1260.0,0,5112430009,8020110295.0,920761343,2026-04-17,13:05:31,销售订单5112430009创建成功交货单:8020110295开票：0920761343,S,1,成功
TCL202604170005,1-7TMXJY,1-6P7Q0M,14200986,HLB-45c72bb4-fcda-11f0-8cdb-0c42a112278c,,1260.0,0,5112430009,8020110295.0,920761343,2026-04-17,13:05:31,销售订单5112430009创建成功交货单:8020110295开票：0920761343,S,1,成功
TCL202604170005,1-7TMXJY,1-6P7Q0N,14200986,HLB-45c72bcf-fcda-11f0-8cdb-0c42a112278c,,1260.0,0,5112430009,8020110295.0,920761343,2026-04-17,13:05:31,销售订单5112430009创建成功交货单:8020110295开票：0920761343,S,1,成功
TCL202604170005,1-7TMXJY,1-6P7Q0O,14200986,HLB-45c72be9-fcda-11f0-8cdb-0c42a112278c,,1260.0,0,5112430009,8020110295.0,920761343,2026-04-17,13:05:31,销售订单5112430009创建成功交货单:8020110295开票：0920761343,S,1,成功
TCL202604170005,1-7TMXJY,1-6P7Q0P,14200986,HLB-45c72c01-fcda-11f0-8cdb-0c42a112278c,,1260.0,0,5112430009,8020110295.0,920761343,2026-04-17,13:05:31,销售订单5112430009创建成功交货单:8020110295开票：0920761343,S,1,成功
TCL202604170005,1-7TMXJY,1-6P7Q0Q,14200986,HLB-45c72c19-fcda-11f0-8cdb-0c42a112278c,,1260.0,0,5112430009,8020110295.0,920761343,2026-04-17,13:05:31,销售订单5112430009创建成功交货单:8020110295开票：0920761343,S,1,成功
TCL202604170005,1-7TMXJY,1-6P7Q0R,14200986,HLB-45c72c34-fcda-11f0-8cdb-0c42a112278c,,1260.0,0,5112430009,8020110295.0,920761343,2026-04-17,13:05:31,销售订单5112430009创建成功交货单:8020110295开票：0920761343,S,1,成功
TCL202604170005,1-7TMXJY,1-6P7Q0S,14200986,HLB-45c72c4a-fcda-11f0-8cdb-0c42a112278c,,1260.0,0,5112430009,8020110295.0,920761343,2026-04-17,13:05:31,销售订单5112430009创建成功交货单:8020110295开票：0920761343,S,1,成功
TCL202604170005,1-7TMXJY,1-6P7Q0T,14200986,HLB-45c72c66-fcda-11f0-8cdb-0c42a112278c,,1260.0,0,5112430009,8020110295.0,920761343,2026-04-17,13:05:31,销售订单5112430009创建成功交货单:8020110295开票：0920761343,S,1,成功
TCL202604170005,1-7TMXJY,1-6P7Q0U,14200986,HLB-45c72c7b-fcda-11f0-8cdb-0c42a112278c,,1260.0,0,5112430009,8020110295.0,920761343,2026-04-17,13:05:31,销售订单5112430009创建成功交货单:8020110295开票：0920761343,S,1,成功
TCL202604170005,1-7TMXJY,1-6P7Q0V,14200986,HLB-45c72c8f-fcda-11f0-8cdb-0c42a112278c,,1260.0,0,5112430009,8020110295.0,920761343,2026-04-17,13:05:31,销售订单5112430009创建成功交货单:8020110295开票：0920761343,S,1,成功
TCL202604170005,1-7TMXJY,1-6P7Q0W,14200986,HLB-45c72ca4-fcda-11f0-8cdb-0c42a112278c,,1260.0,0,5112430009,8020110295.0,920761343,2026-04-17,13:05:31,销售订单5112430009创建成功交货单:8020110295开票：0920761343,S,1,成功
TCL202604170005,1-7TMXJY,1-6P7Q0X,14200986,HLB-45c72cba-fcda-11f0-8cdb-0c42a112278c,,1260.0,0,5112430009,8020110295.0,920761343,2026-04-17,13:05:31,销售订单5112430009创建成功交货单:8020110295开票：0920761343,S,1,成功
TCL202604170005,1-7TMXJY,1-6P7Q0Y,14200986,HLB-45c72ccd-fcda-11f0-8cdb-0c42a112278c,,1260.0,0,5112430009,8020110295.0,920761343,2026-04-17,13:05:31,销售订单5112430009创建成功交货单:8020110295开票：0920761343,S,1,成功
TCL202604170005,1-7TMXJY,1-6P7Q0Z,14200986,HLB-45c72ce3-fcda-11f0-8cdb-0c42a112278c,,1260.0,0,5112430009,8020110295.0,920761343,2026-04-17,13:05:31,销售订单5112430009创建成功交货单:8020110295开票：0920761343,S,1,成功
TCL202604170005,1-7TMXJY,1-6P7Q10,14200986,HLB-45c72cf9-fcda-11f0-8cdb-0c42a112278c,,1260.0,0,5112430009,8020110295.0,920761343,2026-04-17,13:05:31,销售订单5112430009创建成功交货单:8020110295开票：0920761343,S,1,成功
TCL202604170005,1-7TMXJY,1-6P7Q11,14200986,HLB-45c72d0e-fcda-11f0-8cdb-0c42a112278c,,1260.0,0,5112430009,8020110295.0,920761343,2026-04-17,13:05:31,销售订单5112430009创建成功交货单:8020110295开票：0920761343,S,1,成功
TCL202604170005,1-7TMXJY,1-6P7Q12,14200986,HLB-45c72d28-fcda-11f0-8cdb-0c42a112278c,,1260.0,0,5112430009,8020110295.0,920761343,2026-04-17,13:05:31,销售订单5112430009创建成功交货单:8020110295开票：0920761343,S,1,成功
TCL202604170005,1-7TMXJY,1-6P7Q13,14200986,HLB-45c72d43-fcda-11f0-8cdb-0c42a112278c,,1260.0,0,5112430009,8020110295.0,920761343,2026-04-17,13:05:31,销售订单5112430009创建成功交货单:8020110295开票：0920761343,S,1,成功
TCL202604170005,1-7TMXJY,1-6P7Q14,14200986,HLB-45c72d5f-fcda-11f0-8cdb-0c42a112278c,,1260.0,0,5112430009,8020110295.0,920761343,2026-04-17,13:05:31,销售订单5112430009创建成功交货单:8020110295开票：0920761343,S,1,成功
TCL202604170005,1-7TMXJY,1-6P7Q15,14200986,HLB-45c72d77-fcda-11f0-8cdb-0c42a112278c,,1260.0,0,5112430009,8020110295.0,920761343,2026-04-17,13:05:31,销售订单5112430009创建成功交货单:8020110295开票：0920761343,S,1,成功
TCL202604170005,1-7TMXJY,1-6P7Q16,14200986,HLB-45c72da3-fcda-11f0-8cdb-0c42a112278c,,1260.0,0,5112430009,8020110295.0,920761343,2026-04-17,13:05:31,销售订单5112430009创建成功交货单:8020110295开票：0920761343,S,1,成功
TCL202604170005,1-7TMXJY,1-6P7Q17,14200986,HLB-45c72db9-fcda-11f0-8cdb-0c42a112278c,,1260.0,0,5112430009,8020110295.0,920761343,2026-04-17,13:05:31,销售订单5112430009创建成功交货单:8020110295开票：0920761343,S,1,成功
TCL202604170005,1-7TMXJY,1-6P7Q18,14200986,HLB-45c72dd1-fcda-11f0-8cdb-0c42a112278c,,1260.0,0,5112430009,8020110295.0,920761343,2026-04-17,13:05:31,销售订单5112430009创建成功交货单:8020110295开票：0920761343,S,1,成功
TCL202604170005,1-7TMXJY,1-6P7Q19,14200986,HLB-45c72de9-fcda-11f0-8cdb-0c42a112278c,,1260.0,0,5112430009,8020110295.0,920761343,2026-04-17,13:05:31,销售订单5112430009创建成功交货单:8020110295开票：0920761343,S,1,成功
TCL202604170005,1-7TMXJY,1-6P7Q1A,14200986,HLB-45c72e00-fcda-11f0-8cdb-0c42a112278c,,1260.0,0,5112430009,8020110295.0,920761343,2026-04-17,13:05:31,销售订单5112430009创建成功交货单:8020110295开票：0920761343,S,1,成功
TCL202604170005,1-7TMXJY,1-6TV0F3,14266523,HLB-db50a37f-03ff-11f1-8cdb-0c42a112278c,,1260.0,0,5112430009,8020110295.0,920761343,2026-04-17,13:05:31,销售订单5112430009创建成功交货单:8020110295开票：0920761343,S,1,成功
TCL202604170005,1-7TMXJY,1-6TV0F4,14266523,HLB-db50a393-03ff-11f1-8cdb-0c42a112278c,,1260.0,0,5112430009,8020110295.0,920761343,2026-04-17,13:05:31,销售订单5112430009创建成功交货单:8020110295开票：0920761343,S,1,成功
TCL202604170005,1-7TMXJY,1-6TV0F5,14266523,HLB-db50a3aa-03ff-11f1-8cdb-0c42a112278c,,1260.0,0,5112430009,8020110295.0,920761343,2026-04-17,13:05:31,销售订单5112430009创建成功交货单:8020110295开票：0920761343,S,1,成功
TCL202604170005,1-7TMXJY,1-6TV0F6,14266523,HLB-db50a3c0-03ff-11f1-8cdb-0c42a112278c,,1260.0,0,5112430009,8020110295.0,920761343,2026-04-17,13:05:31,销售订单5112430009创建成功交货单:8020110295开票：0920761343,S,1,成功
TCL202604170005,1-7TMXJY,1-6TV0F7,14266523,HLB-db50a3d5-03ff-11f1-8cdb-0c42a112278c,,1260.0,0,5112430009,8020110295.0,920761343,2026-04-17,13:05:31,销售订单5112430009创建成功交货单:8020110295开票：0920761343,S,1,成功
TCL202604170005,1-7TMXJY,1-6TV0F8,14266523,HLB-db50a3ec-03ff-11f1-8cdb-0c42a112278c,,1260.0,0,5112430009,8020110295.0,920761343,2026-04-17,13:05:31,销售订单5112430009创建成功交货单:8020110295开票：0920761343,S,1,成功
TCL202604170005,1-7TMXJY,1-6TV0F9,14266523,HLB-db50a402-03ff-11f1-8cdb-0c42a112278c,,1260.0,0,5112430009,8020110295.0,920761343,2026-04-17,13:05:31,销售订单5112430009创建成功交货单:8020110295开票：0920761343,S,1,成功
TCL202604170005,1-7TMXJY,1-6TV0FA,14266523,HLB-db50a418-03ff-11f1-8cdb-0c42a112278c,,1260.0,0,5112430009,8020110295.0,920761343,2026-04-17,13:05:31,销售订单5112430009创建成功交货单:8020110295开票：0920761343,S,1,成功
TCL202604170005,1-7TMXJY,1-6TV0FB,14266523,HLB-db50a42e-03ff-11f1-8cdb-0c42a112278c,,1260.0,0,5112430009,8020110295.0,920761343,2026-04-17,13:05:31,销售订单5112430009创建成功交货单:8020110295开票：0920761343,S,1,成功
TCL202604170005,1-7TMXJY,1-6TV0FC,14266523,HLB-db50a444-03ff-11f1-8cdb-0c42a112278c,,1260.0,0,5112430009,8020110295.0,920761343,2026-04-17,13:05:31,销售订单5112430009创建成功交货单:8020110295开票：0920761343,S,1,成功
TCL202604170005,1-7TMXJY,1-6TV0FD,14266523,HLB-db50a45a-03ff-11f1-8cdb-0c42a112278c,,1260.0,0,5112430009,8020110295.0,920761343,2026-04-17,13:05:31,销售订单5112430009创建成功交货单:8020110295开票：0920761343,S,1,成功
TCL202604170005,1-7TMXJY,1-6TV0FE,14266523,HLB-db50a46e-03ff-11f1-8cdb-0c42a112278c,,1260.0,0,5112430009,8020110295.0,920761343,2026-04-17,13:05:31,销售订单5112430009创建成功交货单:8020110295开票：0920761343,S,1,成功
TCL202604170005,1-7TMXJY,1-6TV0FF,14266523,HLB-db50a483-03ff-11f1-8cdb-0c42a112278c,,1260.0,0,5112430009,8020110295.0,920761343,2026-04-17,13:05:31,销售订单5112430009创建成功交货单:8020110295开票：0920761343,S,1,成功
TCL202604170005,1-7TMXJY,1-6TV0FG,14266523,HLB-db50a497-03ff-11f1-8cdb-0c42a112278c,,1260.0,0,5112430009,8020110295.0,920761343,2026-04-17,13:05:31,销售订单5112430009创建成功交货单:8020110295开票：0920761343,S,1,成功
TCL202604170005,1-7TMXJY,1-6TV0FH,14266523,HLB-db50a4ac-03ff-11f1-8cdb-0c42a112278c,,1260.0,0,5112430009,8020110295.0,920761343,2026-04-17,13:05:31,销售订单5112430009创建成功交货单:8020110295开票：0920761343,S,1,成功
TCL202604170005,1-7TMXJY,1-6TV0FI,14266523,HLB-db50a4c0-03ff-11f1-8cdb-0c42a112278c,,1260.0,0,5112430009,8020110295.0,920761343,2026-04-17,13:05:31,销售订单5112430009创建成功交货单:8020110295开票：0920761343,S,1,成功
TCL202604170005,1-7TMXJY,1-6TV0FJ,14266523,HLB-db50a4d6-03ff-11f1-8cdb-0c42a112278c,,1260.0,0,5112430009,8020110295.0,920761343,2026-04-17,13:05:31,销售订单5112430009创建成功交货单:8020110295开票：0920761343,S,1,成功
TCL202604170005,1-7TMXJY,1-6TV0FK,14266523,HLB-db50a4fc-03ff-11f1-8cdb-0c42a112278c,,1260.0,0,5112430009,8020110295.0,920761343,2026-04-17,13:05:31,销售订单5112430009创建成功交货单:8020110295开票：0920761343,S,1,成功
TCL202604170005,1-7TMXJY,1-6TV0FL,14266523,HLB-db50a513-03ff-11f1-8cdb-0c42a112278c,,1260.0,0,5112430009,8020110295.0,920761343,2026-04-17,13:05:31,销售订单5112430009创建成功交货单:8020110295开票：0920761343,S,1,成功
TCL202604170005,1-7TMXJY,1-6TV0FM,14266523,HLB-db50a528-03ff-11f1-8cdb-0c42a112278c,,1260.0,0,5112430009,8020110295.0,920761343,2026-04-17,13:05:31,销售订单5112430009创建成功交货单:8020110295开票：0920761343,S,1,成功
TCL202604170005,1-7TMXJY,1-6TV0FN,14266523,HLB-db50a53d-03ff-11f1-8cdb-0c42a112278c,,1260.0,0,5112430009,8020110295.0,920761343,2026-04-17,13:05:31,销售订单5112430009创建成功交货单:8020110295开票：0920761343,S,1,成功
TCL202604170005,1-7TMXJY,1-6TV0FO,14266523,HLB-db50a552-03ff-11f1-8cdb-0c42a112278c,,1260.0,0,5112430009,8020110295.0,920761343,2026-04-17,13:05:31,销售订单5112430009创建成功交货单:8020110295开票：0920761343,S,1,成功
TCL202604170005,1-7TMXJY,1-6TV0FP,14266523,HLB-db50a568-03ff-11f1-8cdb-0c42a112278c,,1260.0,0,5112430009,8020110295.0,920761343,2026-04-17,13:05:31,销售订单5112430009创建成功交货单:8020110295开票：0920761343,S,1,成功
TCL202604170005,1-7TMXJY,1-6TV0FQ,14266523,HLB-db50a57d-03ff-11f1-8cdb-0c42a112278c,,1260.0,0,5112430009,8020110295.0,920761343,2026-04-17,13:05:31,销售订单5112430009创建成功交货单:8020110295开票：0920761343,S,1,成功
TCL202604170005,1-7TMXJY,1-6TV0FR,14266523,HLB-db50a592-03ff-11f1-8cdb-0c42a112278c,,1260.0,0,5112430009,8020110295.0,920761343,2026-04-17,13:05:31,销售订单5112430009创建成功交货单:8020110295开票：0920761343,S,1,成功
TCL202604170005,1-7TMXJY,1-725P9A,14317975,HLB-c221a3f8-178e-11f1-8cdb-0c42a112278c,,1260.0,0,5112430009,8020110295.0,920761343,2026-04-17,13:05:31,销售订单5112430009创建成功交货单:8020110295开票：0920761343,S,1,成功
TCL202604170005,1-7TMXJY,1-725P9B,14317975,HLB-c221a40c-178e-11f1-8cdb-0c42a112278c,,1260.0,0,5112430009,8020110295.0,920761343,2026-04-17,13:05:31,销售订单5112430009创建成功交货单:8020110295开票：0920761343,S,1,成功
TCL202604170005,1-7TMXJY,1-725P9C,14317975,HLB-c221a41f-178e-11f1-8cdb-0c42a112278c,,1260.0,0,5112430009,8020110295.0,920761343,2026-04-17,13:05:31,销售订单5112430009创建成功交货单:8020110295开票：0920761343,S,1,成功
TCL202604170005,1-7TMXJY,1-725P9D,14317975,HLB-c221a433-178e-11f1-8cdb-0c42a112278c,,1260.0,0,5112430009,8020110295.0,920761343,2026-04-17,13:05:31,销售订单5112430009创建成功交货单:8020110295开票：0920761343,S,1,成功
TCL202604170005,1-7TMXJY,1-725P9E,14317975,HLB-c221a449-178e-11f1-8cdb-0c42a112278c,,1260.0,0,5112430009,8020110295.0,920761343,2026-04-17,13:05:31,销售订单5112430009创建成功交货单:8020110295开票：0920761343,S,1,成功
TCL202604170005,1-7TMXJY,1-725P9F,14317975,HLB-c221a45d-178e-11f1-8cdb-0c42a112278c,,1260.0,0,5112430009,8020110295.0,920761343,2026-04-17,13:05:31,销售订单5112430009创建成功交货单:8020110295开票：0920761343,S,1,成功
TCL202604170005,1-7TMXJY,1-725P9G,14317975,HLB-c221a474-178e-11f1-8cdb-0c42a112278c,,1260.0,0,5112430009,8020110295.0,920761343,2026-04-17,13:05:31,销售订单5112430009创建成功交货单:8020110295开票：0920761343,S,1,成功
TCL202604170005,1-7TMXJY,1-725P9H,14317975,HLB-c221a48a-178e-11f1-8cdb-0c42a112278c,,1260.0,0,5112430009,8020110295.0,920761343,2026-04-17,13:05:31,销售订单5112430009创建成功交货单:8020110295开票：0920761343,S,1,成功
TCL202604170005,1-7TMXJY,1-725P9I,14317975,HLB-c221a4a3-178e-11f1-8cdb-0c42a112278c,,1260.0,0,5112430009,8020110295.0,920761343,2026-04-17,13:05:31,销售订单5112430009创建成功交货单:8020110295开票：0920761343,S,1,成功
TCL202604170005,1-7TMXJY,1-725P9J,14317975,HLB-c221a4bd-178e-11f1-8cdb-0c42a112278c,,1260.0,0,5112430009,8020110295.0,920761343,2026-04-17,13:05:31,销售订单5112430009创建成功交货单:8020110295开票：0920761343,S,1,成功
TCL202604170005,1-7TMXJY,1-725P9K,14317975,HLB-c221a4d6-178e-11f1-8cdb-0c42a112278c,,1260.0,0,5112430009,8020110295.0,920761343,2026-04-17,13:05:31,销售订单5112430009创建成功交货单:8020110295开票：0920761343,S,1,成功
TCL202604170005,1-7TMXJY,1-725P9L,14317975,HLB-c221a4ec-178e-11f1-8cdb-0c42a112278c,,1260.0,0,5112430009,8020110295.0,920761343,2026-04-17,13:05:31,销售订单5112430009创建成功交货单:8020110295开票：0920761343,S,1,成功
TCL202604170005,1-7TMXJY,1-725P9M,14317975,HLB-c221a50b-178e-11f1-8cdb-0c42a112278c,,1260.0,0,5112430009,8020110295.0,920761343,2026-04-17,13:05:31,销售订单5112430009创建成功交货单:8020110295开票：0920761343,S,1,成功
TCL202604170005,1-7TMXJY,1-725P9N,14317975,HLB-c221a524-178e-11f1-8cdb-0c42a112278c,,1260.0,0,5112430009,8020110295.0,920761343,2026-04-17,13:05:31,销售订单5112430009创建成功交货单:8020110295开票：0920761343,S,1,成功
TCL202604170005,1-7TMXJY,1-725P9O,14317975,HLB-c221a539-178e-11f1-8cdb-0c42a112278c,,1260.0,0,5112430009,8020110295.0,920761343,2026-04-17,13:05:31,销售订单5112430009创建成功交货单:8020110295开票：0920761343,S,1,成功
TCL202604170005,1-7TMXJY,1-725P9P,14317975,HLB-c221a54e-178e-11f1-8cdb-0c42a112278c,,1260.0,0,5112430009,8020110295.0,920761343,2026-04-17,13:05:31,销售订单5112430009创建成功交货单:8020110295开票：0920761343,S,1,成功
TCL202604170005,1-7TMXJY,1-725P9Q,14317975,HLB-c221a567-178e-11f1-8cdb-0c42a112278c,,1260.0,0,5112430009,8020110295.0,920761343,2026-04-17,13:05:31,销售订单5112430009创建成功交货单:8020110295开票：0920761343,S,1,成功
TCL202604170005,1-7TMXJY,1-725P9R,14317975,HLB-c221a57f-178e-11f1-8cdb-0c42a112278c,,1260.0,0,5112430009,8020110295.0,920761343,2026-04-17,13:05:31,销售订单5112430009创建成功交货单:8020110295开票：0920761343,S,1,成功
TCL202604170005,1-7TMXJY,1-725P9S,14317975,HLB-c221a595-178e-11f1-8cdb-0c42a112278c,,1260.0,0,5112430009,8020110295.0,920761343,2026-04-17,13:05:31,销售订单5112430009创建成功交货单:8020110295开票：0920761343,S,1,成功
TCL202604170005,1-7TMXJY,1-725P9T,14317975,HLB-c221a5ab-178e-11f1-8cdb-0c42a112278c,,1260.0,0,5112430009,8020110295.0,920761343,2026-04-17,13:05:31,销售订单5112430009创建成功交货单:8020110295开票：0920761343,S,1,成功
TCL202604170005,1-7TMXJY,1-725P9U,14317975,HLB-c221a5be-178e-11f1-8cdb-0c42a112278c,,1260.0,0,5112430009,8020110295.0,920761343,2026-04-17,13:05:31,销售订单5112430009创建成功交货单:8020110295开票：0920761343,S,1,成功
TCL202604170005,1-7TMXJY,1-725P9V,14317975,HLB-c221a5d2-178e-11f1-8cdb-0c42a112278c,,1260.0,0,5112430009,8020110295.0,920761343,2026-04-17,13:05:31,销售订单5112430009创建成功交货单:8020110295开票：0920761343,S,1,成功
TCL202604170005,1-7TMXJY,1-725P9W,14317975,HLB-c221a5e8-178e-11f1-8cdb-0c42a112278c,,1260.0,0,5112430009,8020110295.0,920761343,2026-04-17,13:05:31,销售订单5112430009创建成功交货单:8020110295开票：0920761343,S,1,成功
TCL202604170005,1-7TMXJY,1-725P9X,14317975,HLB-c221a5ff-178e-11f1-8cdb-0c42a112278c,,1260.0,0,5112430009,8020110295.0,920761343,2026-04-17,13:05:31,销售订单5112430009创建成功交货单:8020110295开票：0920761343,S,1,成功
TCL202604170005,1-7TMXJY,1-725P9Y,14317975,HLB-c236e182-178e-11f1-8cdb-0c42a112278c,,1260.0,0,5112430009,8020110295.0,920761343,2026-04-17,13:05:31,销售订单5112430009创建成功交货单:8020110295开票：0920761343,S,1,成功
TCL202604170005,1-7TMXJY,1-74PZE4,14352917,HLB-fab5cf46-1c1b-11f1-8cdb-0c42a112278c,,1260.0,0,5112430009,8020110295.0,920761343,2026-04-17,13:05:31,销售订单5112430009创建成功交货单:8020110295开票：0920761343,S,1,成功
TCL202604170005,1-7TMXUC,1-6P8O53,14200290,HLB-c15c0011-fcd4-11f0-8cdb-0c42a112278c,,1710.0,0,5112430009,8020110295.0,920761343,2026-04-17,13:05:31,销售订单5112430009创建成功交货单:8020110295开票：0920761343,S,1,成功
TCL202604170005,1-7TMXUC,1-6P8O54,14200290,HLB-c15c0029-fcd4-11f0-8cdb-0c42a112278c,,1710.0,0,5112430009,8020110295.0,920761343,2026-04-17,13:05:31,销售订单5112430009创建成功交货单:8020110295开票：0920761343,S,1,成功
TCL202604170005,1-7TMXUC,1-6P8O55,14200290,HLB-c15c003d-fcd4-11f0-8cdb-0c42a112278c,,1710.0,0,5112430009,8020110295.0,920761343,2026-04-17,13:05:31,销售订单5112430009创建成功交货单:8020110295开票：0920761343,S,1,成功
TCL202604170005,1-7TMXUC,1-6P8O56,14200290,HLB-c15c0053-fcd4-11f0-8cdb-0c42a112278c,,1710.0,0,5112430009,8020110295.0,920761343,2026-04-17,13:05:31,销售订单5112430009创建成功交货单:8020110295开票：0920761343,S,1,成功
TCL202604170005,1-7TMXUC,1-6P8O57,14200290,HLB-c15c0097-fcd4-11f0-8cdb-0c42a112278c,,1710.0,0,5112430009,8020110295.0,920761343,2026-04-17,13:05:31,销售订单5112430009创建成功交货单:8020110295开票：0920761343,S,1,成功
TCL202604170005,1-7TMXUC,1-6P8O58,14200290,HLB-c15c00b2-fcd4-11f0-8cdb-0c42a112278c,,1710.0,0,5112430009,8020110295.0,920761343,2026-04-17,13:05:31,销售订单5112430009创建成功交货单:8020110295开票：0920761343,S,1,成功
TCL202604170005,1-7TMXUC,1-6P8O59,14200290,HLB-c15c00c7-fcd4-11f0-8cdb-0c42a112278c,,1710.0,0,5112430009,8020110295.0,920761343,2026-04-17,13:05:31,销售订单5112430009创建成功交货单:8020110295开票：0920761343,S,1,成功
TCL202604170005,1-7TMXUC,1-6P8O5A,14200290,HLB-c15c00df-fcd4-11f0-8cdb-0c42a112278c,,1710.0,0,5112430009,8020110295.0,920761343,2026-04-17,13:05:31,销售订单5112430009创建成功交货单:8020110295开票：0920761343,S,1,成功
TCL202604170005,1-7TMXUC,1-6P8O5B,14200290,HLB-c15c00f9-fcd4-11f0-8cdb-0c42a112278c,,1710.0,0,5112430009,8020110295.0,920761343,2026-04-17,13:05:31,销售订单5112430009创建成功交货单:8020110295开票：0920761343,S,1,成功
TCL202604170005,1-7TMXUC,1-6P8O5C,14200290,HLB-c15c010f-fcd4-11f0-8cdb-0c42a112278c,,1710.0,0,5112430009,8020110295.0,920761343,2026-04-17,13:05:31,销售订单5112430009创建成功交货单:8020110295开票：0920761343,S,1,成功
TCL202604170005,1-7TMXUC,1-6P8O5D,14200290,HLB-c15c0126-fcd4-11f0-8cdb-0c42a112278c,,1710.0,0,5112430009,8020110295.0,920761343,2026-04-17,13:05:31,销售订单5112430009创建成功交货单:8020110295开票：0920761343,S,1,成功
TCL202604170005,1-7TMXUC,1-6P8O5E,14200290,HLB-c15c013d-fcd4-11f0-8cdb-0c42a112278c,,1710.0,0,5112430009,8020110295.0,920761343,2026-04-17,13:05:31,销售订单5112430009创建成功交货单:8020110295开票：0920761343,S,1,成功
TCL202604170005,1-7TMXUC,1-6P8O5F,14200290,HLB-c15c0153-fcd4-11f0-8cdb-0c42a112278c,,1710.0,0,5112430009,8020110295.0,920761343,2026-04-17,13:05:31,销售订单5112430009创建成功交货单:8020110295开票：0920761343,S,1,成功
TCL202604170005,1-7TMXUC,1-6P8O5G,14200290,HLB-c15c0169-fcd4-11f0-8cdb-0c42a112278c,,1710.0,0,5112430009,8020110295.0,920761343,2026-04-17,13:05:31,销售订单5112430009创建成功交货单:8020110295开票：0920761343,S,1,成功
TCL202604170005,1-7TMXUC,1-6P8O5H,14200290,HLB-c15c017d-fcd4-11f0-8cdb-0c42a112278c,,1710.0,0,5112430009,8020110295.0,920761343,2026-04-17,13:05:31,销售订单5112430009创建成功交货单:8020110295开票：0920761343,S,1,成功
TCL202604170005,1-7TMXUC,1-6P8O5I,14200290,HLB-c15c0193-fcd4-11f0-8cdb-0c42a112278c,,1710.0,0,5112430009,8020110295.0,920761343,2026-04-17,13:05:31,销售订单5112430009创建成功交货单:8020110295开票：0920761343,S,1,成功
TCL202604170005,1-7TMXUC,1-6P8O5J,14200290,HLB-c15c01a8-fcd4-11f0-8cdb-0c42a112278c,,1710.0,0,5112430009,8020110295.0,920761343,2026-04-17,13:05:31,销售订单5112430009创建成功交货单:8020110295开票：0920761343,S,1,成功
TCL202604170005,1-7TMXUC,1-6P8O5K,14200290,HLB-c15c01bc-fcd4-11f0-8cdb-0c42a112278c,,1710.0,0,5112430009,8020110295.0,920761343,2026-04-17,13:05:31,销售订单5112430009创建成功交货单:8020110295开票：0920761343,S,1,成功
TCL202604170005,1-7TMXUC,1-6P8O5L,14200290,HLB-c15c01cf-fcd4-11f0-8cdb-0c42a112278c,,1710.0,0,5112430009,8020110295.0,920761343,2026-04-17,13:05:31,销售订单5112430009创建成功交货单:8020110295开票：0920761343,S,1,成功
TCL202604170005,1-7TMXUC,1-6P8O5M,14200290,HLB-c15c01e4-fcd4-11f0-8cdb-0c42a112278c,,1710.0,0,5112430009,8020110295.0,920761343,2026-04-17,13:05:31,销售订单5112430009创建成功交货单:8020110295开票：0920761343,S,1,成功
TCL202604170005,1-7TMXUC,1-6P8O5N,14200290,HLB-c15c01f8-fcd4-11f0-8cdb-0c42a112278c,,1710.0,0,5112430009,8020110295.0,920761343,2026-04-17,13:05:31,销售订单5112430009创建成功交货单:8020110295开票：0920761343,S,1,成功
TCL202604170005,1-7TMXUC,1-6P8O5O,14200290,HLB-c15c020c-fcd4-11f0-8cdb-0c42a112278c,,1710.0,0,5112430009,8020110295.0,920761343,2026-04-17,13:05:31,销售订单5112430009创建成功交货单:8020110295开票：0920761343,S,1,成功
TCL202604170005,1-7TMXUC,1-6P8O5P,14200290,HLB-c15c021f-fcd4-11f0-8cdb-0c42a112278c,,1710.0,0,5112430009,8020110295.0,920761343,2026-04-17,13:05:31,销售订单5112430009创建成功交货单:8020110295开票：0920761343,S,1,成功
TCL202604170005,1-7TMXUC,1-6P8O5Q,14200290,HLB-c15c0235-fcd4-11f0-8cdb-0c42a112278c,,1710.0,0,5112430009,8020110295.0,920761343,2026-04-17,13:05:31,销售订单5112430009创建成功交货单:8020110295开票：0920761343,S,1,成功
TCL202604170005,1-7TMXUC,1-6P8O5R,14200290,HLB-c15c0249-fcd4-11f0-8cdb-0c42a112278c,,1710.0,0,5112430009,8020110295.0,920761343,2026-04-17,13:05:31,销售订单5112430009创建成功交货单:8020110295开票：0920761343,S,1,成功
TCL202604170005,1-7TMXV2,1-6AT68Q,14062741,HLB-f488ba5f-eeaa-11f0-8cdb-0c42a112278c,,2220.0,0,5112430009,8020110295.0,920761343,2026-04-17,13:05:31,销售订单5112430009创建成功交货单:8020110295开票：0920761343,S,1,成功
TCL202604170005,1-7TMXV2,1-6AT68R,14062741,HLB-f488ba86-eeaa-11f0-8cdb-0c42a112278c,,2220.0,0,5112430009,8020110295.0,920761343,2026-04-17,13:05:31,销售订单5112430009创建成功交货单:8020110295开票：0920761343,S,1,成功
TCL202604170005,1-7TMXV2,1-6AT68S,14062741,HLB-f488baa9-eeaa-11f0-8cdb-0c42a112278c,,2220.0,0,5112430009,8020110295.0,920761343,2026-04-17,13:05:31,销售订单5112430009创建成功交货单:8020110295开票：0920761343,S,1,成功
TCL202604170005,1-7TMXV2,1-6AT68T,14062741,HLB-f488bac5-eeaa-11f0-8cdb-0c42a112278c,,2220.0,0,5112430009,8020110295.0,920761343,2026-04-17,13:05:31,销售订单5112430009创建成功交货单:8020110295开票：0920761343,S,1,成功
TCL202604170005,1-7TMXV2,1-6AT68U,14062741,HLB-f488badc-eeaa-11f0-8cdb-0c42a112278c,,2220.0,0,5112430009,8020110295.0,920761343,2026-04-17,13:05:31,销售订单5112430009创建成功交货单:8020110295开票：0920761343,S,1,成功
TCL202604170005,1-7TMXV2,1-6AT68V,14062741,HLB-f488baf5-eeaa-11f0-8cdb-0c42a112278c,,2220.0,0,5112430009,8020110295.0,920761343,2026-04-17,13:05:31,销售订单5112430009创建成功交货单:8020110295开票：0920761343,S,1,成功
TCL202604170005,1-7TMXV2,1-6AT68W,14062741,HLB-f488bb0c-eeaa-11f0-8cdb-0c42a112278c,,2220.0,0,5112430009,8020110295.0,920761343,2026-04-17,13:05:31,销售订单5112430009创建成功交货单:8020110295开票：0920761343,S,1,成功
TCL202604170005,1-7TMXV2,1-6AT68X,14062741,HLB-f488bb23-eeaa-11f0-8cdb-0c42a112278c,,2220.0,0,5112430009,8020110295.0,920761343,2026-04-17,13:05:31,销售订单5112430009创建成功交货单:8020110295开票：0920761343,S,1,成功
TCL202604170005,1-7TMXV2,1-6AT68Y,14062741,HLB-f488bb3c-eeaa-11f0-8cdb-0c42a112278c,,2220.0,0,5112430009,8020110295.0,920761343,2026-04-17,13:05:31,销售订单5112430009创建成功交货单:8020110295开票：0920761343,S,1,成功
TCL202604170005,1-7TMXV2,1-6AT68Z,14062741,HLB-f488bb58-eeaa-11f0-8cdb-0c42a112278c,,2220.0,0,5112430009,8020110295.0,920761343,2026-04-17,13:05:31,销售订单5112430009创建成功交货单:8020110295开票：0920761343,S,1,成功
TCL202604170005,1-7TMXV2,1-6AT690,14062741,HLB-f488bb6f-eeaa-11f0-8cdb-0c42a112278c,,2220.0,0,5112430009,8020110295.0,920761343,2026-04-17,13:05:31,销售订单5112430009创建成功交货单:8020110295开票：0920761343,S,1,成功
TCL202604170005,1-7TMXV2,1-6AT691,14062741,HLB-f488bb87-eeaa-11f0-8cdb-0c42a112278c,,2220.0,0,5112430009,8020110295.0,920761343,2026-04-17,13:05:31,销售订单5112430009创建成功交货单:8020110295开票：0920761343,S,1,成功
TCL202604170005,1-7TMXV2,1-6AT692,14062741,HLB-f488bb9c-eeaa-11f0-8cdb-0c42a112278c,,2220.0,0,5112430009,8020110295.0,920761343,2026-04-17,13:05:31,销售订单5112430009创建成功交货单:8020110295开票：0920761343,S,1,成功
TCL202604170005,1-7TMXV2,1-6AT693,14062741,HLB-f488bbaf-eeaa-11f0-8cdb-0c42a112278c,,2220.0,0,5112430009,8020110295.0,920761343,2026-04-17,13:05:31,销售订单5112430009创建成功交货单:8020110295开票：0920761343,S,1,成功
TCL202604170005,1-7TMXV2,1-6AT694,14062741,HLB-f488bbc6-eeaa-11f0-8cdb-0c42a112278c,,2220.0,0,5112430009,8020110295.0,920761343,2026-04-17,13:05:31,销售订单5112430009创建成功交货单:8020110295开票：0920761343,S,1,成功
TCL202604170005,1-7TMXV2,1-6AT695,14062741,HLB-f488bbdd-eeaa-11f0-8cdb-0c42a112278c,,2220.0,0,5112430009,8020110295.0,920761343,2026-04-17,13:05:31,销售订单5112430009创建成功交货单:8020110295开票：0920761343,S,1,成功
TCL202604170005,1-7TMXV2,1-6AT696,14062741,HLB-f488bbf2-eeaa-11f0-8cdb-0c42a112278c,,2220.0,0,5112430009,8020110295.0,920761343,2026-04-17,13:05:31,销售订单5112430009创建成功交货单:8020110295开票：0920761343,S,1,成功
TCL202604170005,1-7TMXV2,1-6AT697,14062741,HLB-f488bc09-eeaa-11f0-8cdb-0c42a112278c,,2220.0,0,5112430009,8020110295.0,920761343,2026-04-17,13:05:31,销售订单5112430009创建成功交货单:8020110295开票：0920761343,S,1,成功
TCL202604170005,1-7TMXV2,1-6AT698,14062741,HLB-f488bc21-eeaa-11f0-8cdb-0c42a112278c,,2220.0,0,5112430009,8020110295.0,920761343,2026-04-17,13:05:31,销售订单5112430009创建成功交货单:8020110295开票：0920761343,S,1,成功
TCL202604170005,1-7TMXV2,1-6AT699,14062741,HLB-f488bc3b-eeaa-11f0-8cdb-0c42a112278c,,2220.0,0,5112430009,8020110295.0,920761343,2026-04-17,13:05:31,销售订单5112430009创建成功交货单:8020110295开票：0920761343,S,1,成功
TCL202604170005,1-7TMXV2,1-6AT69C,14062741,HLB-f488bc7f-eeaa-11f0-8cdb-0c42a112278c,,2220.0,0,5112430009,8020110295.0,920761343,2026-04-17,13:05:31,销售订单5112430009创建成功交货单:8020110295开票：0920761343,S,1,成功
TCL202604170005,1-7TMXV2,1-6AT69D,14062741,HLB-f488bc94-eeaa-11f0-8cdb-0c42a112278c,,2220.0,0,5112430009,8020110295.0,920761343,2026-04-17,13:05:31,销售订单5112430009创建成功交货单:8020110295开票：0920761343,S,1,成功
TCL202604170005,1-7TMXV2,1-6AT69E,14062741,HLB-f488bcb0-eeaa-11f0-8cdb-0c42a112278c,,2220.0,0,5112430009,8020110295.0,920761343,2026-04-17,13:05:31,销售订单5112430009创建成功交货单:8020110295开票：0920761343,S,1,成功
TCL202604170005,1-7TMXV2,1-6D53EV,14087152,HLB-904f9e10-f11b-11f0-8cdb-0c42a112278c,,2220.0,0,5112430009,8020110295.0,920761343,2026-04-17,13:05:31,销售订单5112430009创建成功交货单:8020110295开票：0920761343,S,1,成功
TCL202604170005,1-7TMXV2,1-6D53EW,14087152,HLB-904f9e5d-f11b-11f0-8cdb-0c42a112278c,,2220.0,0,5112430009,8020110295.0,920761343,2026-04-17,13:05:31,销售订单5112430009创建成功交货单:8020110295开票：0920761343,S,1,成功
TCL202604170005,1-7TMXV2,1-6D53EX,14087152,HLB-904f9e81-f11b-11f0-8cdb-0c42a112278c,,2220.0,0,5112430009,8020110295.0,920761343,2026-04-17,13:05:31,销售订单5112430009创建成功交货单:8020110295开票：0920761343,S,1,成功
TCL202604170005,1-7TMXV2,1-6D53EY,14087152,HLB-904f9e96-f11b-11f0-8cdb-0c42a112278c,,2220.0,0,5112430009,8020110295.0,920761343,2026-04-17,13:05:31,销售订单5112430009创建成功交货单:8020110295开票：0920761343,S,1,成功
TCL202604170005,1-7TMXV2,1-6D53EZ,14087152,HLB-904f9eac-f11b-11f0-8cdb-0c42a112278c,,2220.0,0,5112430009,8020110295.0,920761343,2026-04-17,13:05:31,销售订单5112430009创建成功交货单:8020110295开票：0920761343,S,1,成功
TCL202604170005,1-7TMXV2,1-6F3ANX,14085653,HLB-f8ee3496-f10c-11f0-8cdb-0c42a112278c,,2220.0,0,5112430009,8020110295.0,920761343,2026-04-17,13:05:31,销售订单5112430009创建成功交货单:8020110295开票：0920761343,S,1,成功
TCL202604170005,1-7TMXV2,1-6F3ANY,14085653,HLB-f8ee34b1-f10c-11f0-8cdb-0c42a112278c,,2220.0,0,5112430009,8020110295.0,920761343,2026-04-17,13:05:31,销售订单5112430009创建成功交货单:8020110295开票：0920761343,S,1,成功
TCL202604170005,1-7TMXV2,1-6F3ANZ,14085653,HLB-f8ee34cc-f10c-11f0-8cdb-0c42a112278c,,2220.0,0,5112430009,8020110295.0,920761343,2026-04-17,13:05:31,销售订单5112430009创建成功交货单:8020110295开票：0920761343,S,1,成功
TCL202604170005,1-7TMXV2,1-6F3AO0,14085653,HLB-f8ee34e8-f10c-11f0-8cdb-0c42a112278c,,2220.0,0,5112430009,8020110295.0,920761343,2026-04-17,13:05:31,销售订单5112430009创建成功交货单:8020110295开票：0920761343,S,1,成功
TCL202604170005,1-7TMXV2,1-6F3AO1,14085653,HLB-f8ee350e-f10c-11f0-8cdb-0c42a112278c,,2220.0,0,5112430009,8020110295.0,920761343,2026-04-17,13:05:31,销售订单5112430009创建成功交货单:8020110295开票：0920761343,S,1,成功
TCL202604170005,1-7TMXV2,1-6F3AO2,14085653,HLB-f8ee3551-f10c-11f0-8cdb-0c42a112278c,,2220.0,0,5112430009,8020110295.0,920761343,2026-04-17,13:05:31,销售订单5112430009创建成功交货单:8020110295开票：0920761343,S,1,成功
TCL202604170005,1-7TMXV2,1-6F3AO3,14085653,HLB-f8ee3576-f10c-11f0-8cdb-0c42a112278c,,2220.0,0,5112430009,8020110295.0,920761343,2026-04-17,13:05:31,销售订单5112430009创建成功交货单:8020110295开票：0920761343,S,1,成功
TCL202604170005,1-7TMXV2,1-6F3AO4,14085653,HLB-f8ee359c-f10c-11f0-8cdb-0c42a112278c,,2220.0,0,5112430009,8020110295.0,920761343,2026-04-17,13:05:31,销售订单5112430009创建成功交货单:8020110295开票：0920761343,S,1,成功
TCL202604170005,1-7TMXV2,1-6F3AO5,14085653,HLB-f8ee35c2-f10c-11f0-8cdb-0c42a112278c,,2220.0,0,5112430009,8020110295.0,920761343,2026-04-17,13:05:31,销售订单5112430009创建成功交货单:8020110295开票：0920761343,S,1,成功
TCL202604170005,1-7TMXV2,1-6F3AO6,14085653,HLB-f8ee35ec-f10c-11f0-8cdb-0c42a112278c,,2220.0,0,5112430009,8020110295.0,920761343,2026-04-17,13:05:31,销售订单5112430009创建成功交货单:8020110295开票：0920761343,S,1,成功
TCL202604170005,1-7TMXV2,1-6F3AO7,14085653,HLB-f8ee3604-f10c-11f0-8cdb-0c42a112278c,,2220.0,0,5112430009,8020110295.0,920761343,2026-04-17,13:05:31,销售订单5112430009创建成功交货单:8020110295开票：0920761343,S,1,成功
TCL202604170005,1-7TMXV2,1-6F3AO8,14085653,HLB-f8ee361b-f10c-11f0-8cdb-0c42a112278c,,2220.0,0,5112430009,8020110295.0,920761343,2026-04-17,13:05:31,销售订单5112430009创建成功交货单:8020110295开票：0920761343,S,1,成功
TCL202604170005,1-7TMXV2,1-6F3AO9,14085653,HLB-f8ee3630-f10c-11f0-8cdb-0c42a112278c,,2220.0,0,5112430009,8020110295.0,920761343,2026-04-17,13:05:31,销售订单5112430009创建成功交货单:8020110295开票：0920761343,S,1,成功
TCL202604170005,1-7TMXV2,1-6F3AOA,14085653,HLB-f8ee3646-f10c-11f0-8cdb-0c42a112278c,,2220.0,0,5112430009,8020110295.0,920761343,2026-04-17,13:05:31,销售订单5112430009创建成功交货单:8020110295开票：0920761343,S,1,成功
TCL202604170005,1-7TMXV2,1-6F3AOB,14085653,HLB-f8ee365b-f10c-11f0-8cdb-0c42a112278c,,2220.0,0,5112430009,8020110295.0,920761343,2026-04-17,13:05:31,销售订单5112430009创建成功交货单:8020110295开票：0920761343,S,1,成功
TCL202604170005,1-7TMXV2,1-6F3AOC,14085653,HLB-f8ee3670-f10c-11f0-8cdb-0c42a112278c,,2220.0,0,5112430009,8020110295.0,920761343,2026-04-17,13:05:31,销售订单5112430009创建成功交货单:8020110295开票：0920761343,S,1,成功
TCL202604170005,1-7TMXV2,1-6F3AOD,14085653,HLB-f8ee3689-f10c-11f0-8cdb-0c42a112278c,,2220.0,0,5112430009,8020110295.0,920761343,2026-04-17,13:05:31,销售订单5112430009创建成功交货单:8020110295开票：0920761343,S,1,成功
TCL202604170005,1-7TMXV2,1-6F3AOE,14085653,HLB-f8ee36a1-f10c-11f0-8cdb-0c42a112278c,,2220.0,0,5112430009,8020110295.0,920761343,2026-04-17,13:05:31,销售订单5112430009创建成功交货单:8020110295开票：0920761343,S,1,成功
TCL202604170005,1-7TMXV2,1-6F3AOF,14085653,HLB-f8ee36b6-f10c-11f0-8cdb-0c42a112278c,,2220.0,0,5112430009,8020110295.0,920761343,2026-04-17,13:05:31,销售订单5112430009创建成功交货单:8020110295开票：0920761343,S,1,成功
TCL202604170005,1-7TMXV2,1-6F3AOG,14085653,HLB-f8ee36cb-f10c-11f0-8cdb-0c42a112278c,,2220.0,0,5112430009,8020110295.0,920761343,2026-04-17,13:05:31,销售订单5112430009创建成功交货单:8020110295开票：0920761343,S,1,成功
TCL202604170005,1-7TMXV2,1-6SR7UQ,14252948,HLB-ff7b47da-0253-11f1-8cdb-0c42a112278c,,2220.0,0,5112430009,8020110295.0,920761343,2026-04-17,13:05:31,销售订单5112430009创建成功交货单:8020110295开票：0920761343,S,1,成功
TCL202604170005,1-7TMXV2,1-6SR7UR,14252948,HLB-ff7b4821-0253-11f1-8cdb-0c42a112278c,,2220.0,0,5112430009,8020110295.0,920761343,2026-04-17,13:05:31,销售订单5112430009创建成功交货单:8020110295开票：0920761343,S,1,成功
TCL202604170005,1-7TMXV2,1-6TV0EJ,14266523,HLB-db50a147-03ff-11f1-8cdb-0c42a112278c,,2220.0,0,5112430009,8020110295.0,920761343,2026-04-17,13:05:31,销售订单5112430009创建成功交货单:8020110295开票：0920761343,S,1,成功
TCL202604170005,1-7TMXV2,1-6TV0EK,14266523,HLB-db50a19f-03ff-11f1-8cdb-0c42a112278c,,2220.0,0,5112430009,8020110295.0,920761343,2026-04-17,13:05:31,销售订单5112430009创建成功交货单:8020110295开票：0920761343,S,1,成功
TCL202604170005,1-7TMXV2,1-6TV0EL,14266523,HLB-db50a1c3-03ff-11f1-8cdb-0c42a112278c,,2220.0,0,5112430009,8020110295.0,920761343,2026-04-17,13:05:31,销售订单5112430009创建成功交货单:8020110295开票：0920761343,S,1,成功
TCL202604170005,1-7TMXV2,1-6TV0EM,14266523,HLB-db50a1db-03ff-11f1-8cdb-0c42a112278c,,2220.0,0,5112430009,8020110295.0,920761343,2026-04-17,13:05:31,销售订单5112430009创建成功交货单:8020110295开票：0920761343,S,1,成功
TCL202604170005,1-7TMXV2,1-6TV0EN,14266523,HLB-db50a203-03ff-11f1-8cdb-0c42a112278c,,2220.0,0,5112430009,8020110295.0,920761343,2026-04-17,13:05:31,销售订单5112430009创建成功交货单:8020110295开票：0920761343,S,1,成功
TCL202604170005,1-7TMXV2,1-6TV0EO,14266523,HLB-db50a21e-03ff-11f1-8cdb-0c42a112278c,,2220.0,0,5112430009,8020110295.0,920761343,2026-04-17,13:05:31,销售订单5112430009创建成功交货单:8020110295开票：0920761343,S,1,成功
TCL202604170005,1-7TMXV2,1-6TV0EP,14266523,HLB-db50a238-03ff-11f1-8cdb-0c42a112278c,,2220.0,0,5112430009,8020110295.0,920761343,2026-04-17,13:05:31,销售订单5112430009创建成功交货单:8020110295开票：0920761343,S,1,成功
TCL202604170005,1-7TMXV2,1-6TV0EQ,14266523,HLB-db50a254-03ff-11f1-8cdb-0c42a112278c,,2220.0,0,5112430009,8020110295.0,920761343,2026-04-17,13:05:31,销售订单5112430009创建成功交货单:8020110295开票：0920761343,S,1,成功
TCL202604170005,1-7TMXV2,1-6TV0ER,14266523,HLB-db50a26e-03ff-11f1-8cdb-0c42a112278c,,2220.0,0,5112430009,8020110295.0,920761343,2026-04-17,13:05:31,销售订单5112430009创建成功交货单:8020110295开票：0920761343,S,1,成功
TCL202604170005,1-7TMXV2,1-6TV0ES,14266523,HLB-db50a283-03ff-11f1-8cdb-0c42a112278c,,2220.0,0,5112430009,8020110295.0,920761343,2026-04-17,13:05:31,销售订单5112430009创建成功交货单:8020110295开票：0920761343,S,1,成功
TCL202604170005,1-7TMXV2,1-6TV0ET,14266523,HLB-db50a29c-03ff-11f1-8cdb-0c42a112278c,,2220.0,0,5112430009,8020110295.0,920761343,2026-04-17,13:05:31,销售订单5112430009创建成功交货单:8020110295开票：0920761343,S,1,成功
TCL202604170005,1-7TMXV2,1-6TV0EU,14266523,HLB-db50a2b3-03ff-11f1-8cdb-0c42a112278c,,2220.0,0,5112430009,8020110295.0,920761343,2026-04-17,13:05:31,销售订单5112430009创建成功交货单:8020110295开票：0920761343,S,1,成功
TCL202604170005,1-7TMXV2,1-6TV0EV,14266523,HLB-db50a2cc-03ff-11f1-8cdb-0c42a112278c,,2220.0,0,5112430009,8020110295.0,920761343,2026-04-17,13:05:31,销售订单5112430009创建成功交货单:8020110295开票：0920761343,S,1,成功
TCL202604170005,1-7TMXV2,1-6TV0EW,14266523,HLB-db50a2e2-03ff-11f1-8cdb-0c42a112278c,,2220.0,0,5112430009,8020110295.0,920761343,2026-04-17,13:05:31,销售订单5112430009创建成功交货单:8020110295开票：0920761343,S,1,成功
TCL202604170005,1-7TMXV2,1-6TV0EX,14266523,HLB-db50a2fb-03ff-11f1-8cdb-0c42a112278c,,2220.0,0,5112430009,8020110295.0,920761343,2026-04-17,13:05:31,销售订单5112430009创建成功交货单:8020110295开票：0920761343,S,1,成功
TCL202604170005,1-7TMXV2,1-6TV0EY,14266523,HLB-db50a30f-03ff-11f1-8cdb-0c42a112278c,,2220.0,0,5112430009,8020110295.0,920761343,2026-04-17,13:05:31,销售订单5112430009创建成功交货单:8020110295开票：0920761343,S,1,成功
TCL202604170005,1-7TMXV2,1-6TV0EZ,14266523,HLB-db50a323-03ff-11f1-8cdb-0c42a112278c,,2220.0,0,5112430009,8020110295.0,920761343,2026-04-17,13:05:31,销售订单5112430009创建成功交货单:8020110295开票：0920761343,S,1,成功
TCL202604170005,1-7TMXV2,1-6TV0F0,14266523,HLB-db50a337-03ff-11f1-8cdb-0c42a112278c,,2220.0,0,5112430009,8020110295.0,920761343,2026-04-17,13:05:31,销售订单5112430009创建成功交货单:8020110295开票：0920761343,S,1,成功
TCL202604170005,1-7TMXV2,1-6TV0F1,14266523,HLB-db50a34d-03ff-11f1-8cdb-0c42a112278c,,2220.0,0,5112430009,8020110295.0,920761343,2026-04-17,13:05:31,销售订单5112430009创建成功交货单:8020110295开票：0920761343,S,1,成功
TCL202604170005,1-7TMXV2,1-6TV0F2,14266523,HLB-db50a367-03ff-11f1-8cdb-0c42a112278c,,2220.0,0,5112430009,8020110295.0,920761343,2026-04-17,13:05:31,销售订单5112430009创建成功交货单:8020110295开票：0920761343,S,1,成功
TCL202604170005,1-7TMXV2,1-6TVI37,14266514,HLB-cc7fbf9d-03ff-11f1-8cdb-0c42a112278c,,2220.0,0,5112430009,8020110295.0,920761343,2026-04-17,13:05:31,销售订单5112430009创建成功交货单:8020110295开票：0920761343,S,1,成功
TCL202604170005,1-7TMXV2,1-6TVI38,14266514,HLB-cc7fc001-03ff-11f1-8cdb-0c42a112278c,,2220.0,0,5112430009,8020110295.0,920761343,2026-04-17,13:05:31,销售订单5112430009创建成功交货单:8020110295开票：0920761343,S,1,成功
TCL202604170005,1-7TMXV2,1-6TVI39,14266514,HLB-cc7fc08d-03ff-11f1-8cdb-0c42a112278c,,2220.0,0,5112430009,8020110295.0,920761343,2026-04-17,13:05:31,销售订单5112430009创建成功交货单:8020110295开票：0920761343,S,1,成功
TCL202604170005,1-7TMXV2,1-6TVI3A,14266514,HLB-cc7fc0a2-03ff-11f1-8cdb-0c42a112278c,,2220.0,0,5112430009,8020110295.0,920761343,2026-04-17,13:05:31,销售订单5112430009创建成功交货单:8020110295开票：0920761343,S,1,成功
TCL202604170005,1-7TMXV2,1-6TVI3B,14266514,HLB-cc7fc0b6-03ff-11f1-8cdb-0c42a112278c,,2220.0,0,5112430009,8020110295.0,920761343,2026-04-17,13:05:31,销售订单5112430009创建成功交货单:8020110295开票：0920761343,S,1,成功
TCL202604170005,1-7TMXX6,1-6AT69K,14062741,HLB-f488bd37-eeaa-11f0-8cdb-0c42a112278c,,1260.0,0,5112430009,8020110295.0,920761343,2026-04-17,13:05:31,销售订单5112430009创建成功交货单:8020110295开票：0920761343,S,1,成功
TCL202604170005,1-7TMXX6,1-6AT69L,14062741,HLB-f488bd4d-eeaa-11f0-8cdb-0c42a112278c,,1260.0,0,5112430009,8020110295.0,920761343,2026-04-17,13:05:31,销售订单5112430009创建成功交货单:8020110295开票：0920761343,S,1,成功
TCL202604170005,1-7TMXX6,1-6AT69M,14062741,HLB-f488bd63-eeaa-11f0-8cdb-0c42a112278c,,1260.0,0,5112430009,8020110295.0,920761343,2026-04-17,13:05:31,销售订单5112430009创建成功交货单:8020110295开票：0920761343,S,1,成功
TCL202604170005,1-7TMXX6,1-6AT69N,14062741,HLB-f488bd77-eeaa-11f0-8cdb-0c42a112278c,,1260.0,0,5112430009,8020110295.0,920761343,2026-04-17,13:05:31,销售订单5112430009创建成功交货单:8020110295开票：0920761343,S,1,成功
TCL202604170005,1-7TMXX6,1-6AT69O,14062741,HLB-f488bd8e-eeaa-11f0-8cdb-0c42a112278c,,1260.0,0,5112430009,8020110295.0,920761343,2026-04-17,13:05:31,销售订单5112430009创建成功交货单:8020110295开票：0920761343,S,1,成功
TCL202604170005,1-7TMXX6,1-6AT69P,14062741,HLB-f4b05735-eeaa-11f0-8cdb-0c42a112278c,,1260.0,0,5112430009,8020110295.0,920761343,2026-04-17,13:05:31,销售订单5112430009创建成功交货单:8020110295开票：0920761343,S,1,成功
TCL202604170005,1-7TMXX6,1-6AT69Q,14062741,HLB-f4b057a0-eeaa-11f0-8cdb-0c42a112278c,,1260.0,0,5112430009,8020110295.0,920761343,2026-04-17,13:05:31,销售订单5112430009创建成功交货单:8020110295开票：0920761343,S,1,成功
TCL202604170005,1-7TMXX6,1-6AT69R,14062741,HLB-f4b057be-eeaa-11f0-8cdb-0c42a112278c,,1260.0,0,5112430009,8020110295.0,920761343,2026-04-17,13:05:31,销售订单5112430009创建成功交货单:8020110295开票：0920761343,S,1,成功
TCL202604170005,1-7TMXX6,1-6AT69S,14062741,HLB-f4b057da-eeaa-11f0-8cdb-0c42a112278c,,1260.0,0,5112430009,8020110295.0,920761343,2026-04-17,13:05:31,销售订单5112430009创建成功交货单:8020110295开票：0920761343,S,1,成功
TCL202604170005,1-7TMXX6,1-6AT69T,14062741,HLB-f4b057f1-eeaa-11f0-8cdb-0c42a112278c,,1260.0,0,5112430009,8020110295.0,920761343,2026-04-17,13:05:31,销售订单5112430009创建成功交货单:8020110295开票：0920761343,S,1,成功
TCL202604170005,1-7TMXX6,1-6AT69U,14062741,HLB-f4b0582c-eeaa-11f0-8cdb-0c42a112278c,,1260.0,0,5112430009,8020110295.0,920761343,2026-04-17,13:05:31,销售订单5112430009创建成功交货单:8020110295开票：0920761343,S,1,成功
TCL202604170005,1-7TMXX6,1-6AT69V,14062741,HLB-f4b0584a-eeaa-11f0-8cdb-0c42a112278c,,1260.0,0,5112430009,8020110295.0,920761343,2026-04-17,13:05:31,销售订单5112430009创建成功交货单:8020110295开票：0920761343,S,1,成功
TCL202604170005,1-7TMXX6,1-6AT69W,14062741,HLB-f4b0585f-eeaa-11f0-8cdb-0c42a112278c,,1260.0,0,5112430009,8020110295.0,920761343,2026-04-17,13:05:31,销售订单5112430009创建成功交货单:8020110295开票：0920761343,S,1,成功
TCL202604170005,1-7TMXX6,1-6AT69X,14062741,HLB-f4b05879-eeaa-11f0-8cdb-0c42a112278c,,1260.0,0,5112430009,8020110295.0,920761343,2026-04-17,13:05:31,销售订单5112430009创建成功交货单:8020110295开票：0920761343,S,1,成功
TCL202604170005,1-7TMXX6,1-6AT69Y,14062741,HLB-f4b0588e-eeaa-11f0-8cdb-0c42a112278c,,1260.0,0,5112430009,8020110295.0,920761343,2026-04-17,13:05:31,销售订单5112430009创建成功交货单:8020110295开票：0920761343,S,1,成功
TCL202604170005,1-7TMXX6,1-6AT69Z,14062741,HLB-f4b058a4-eeaa-11f0-8cdb-0c42a112278c,,1260.0,0,5112430009,8020110295.0,920761343,2026-04-17,13:05:31,销售订单5112430009创建成功交货单:8020110295开票：0920761343,S,1,成功
TCL202604170005,1-7TMXX6,1-6AT6A0,14062741,HLB-f4b058c5-eeaa-11f0-8cdb-0c42a112278c,,1260.0,0,5112430009,8020110295.0,920761343,2026-04-17,13:05:31,销售订单5112430009创建成功交货单:8020110295开票：0920761343,S,1,成功
TCL202604170005,1-7TMXX6,1-6AT6A1,14062741,HLB-f4b058dd-eeaa-11f0-8cdb-0c42a112278c,,1260.0,0,5112430009,8020110295.0,920761343,2026-04-17,13:05:31,销售订单5112430009创建成功交货单:8020110295开票：0920761343,S,1,成功
TCL202604170005,1-7TMXX6,1-6AT6A2,14062741,HLB-f4b058f2-eeaa-11f0-8cdb-0c42a112278c,,1260.0,0,5112430009,8020110295.0,920761343,2026-04-17,13:05:31,销售订单5112430009创建成功交货单:8020110295开票：0920761343,S,1,成功
TCL202604170005,1-7TMXX6,1-6AT6A3,14062741,HLB-f4b0590e-eeaa-11f0-8cdb-0c42a112278c,,1260.0,0,5112430009,8020110295.0,920761343,2026-04-17,13:05:31,销售订单5112430009创建成功交货单:8020110295开票：0920761343,S,1,成功
TCL202604170005,1-7TMXX6,1-6D53F0,14087152,HLB-904f9ec1-f11b-11f0-8cdb-0c42a112278c,,1260.0,0,5112430009,8020110295.0,920761343,2026-04-17,13:05:31,销售订单5112430009创建成功交货单:8020110295开票：0920761343,S,1,成功
TCL202604170005,1-7TMXX6,1-6FHHK4,14116622,HLB-492179c4-f447-11f0-8cdb-0c42a112278c,,1260.0,0,5112430009,8020110295.0,920761343,2026-04-17,13:05:31,销售订单5112430009创建成功交货单:8020110295开票：0920761343,S,1,成功
TCL202604170005,1-7TMXX6,1-6FHHK5,14116622,HLB-49217a26-f447-11f0-8cdb-0c42a112278c,,1260.0,0,5112430009,8020110295.0,920761343,2026-04-17,13:05:31,销售订单5112430009创建成功交货单:8020110295开票：0920761343,S,1,成功
TCL202604170005,1-7TMXX6,1-6FHHK6,14116622,HLB-49217a70-f447-11f0-8cdb-0c42a112278c,,1260.0,0,5112430009,8020110295.0,920761343,2026-04-17,13:05:31,销售订单5112430009创建成功交货单:8020110295开票：0920761343,S,1,成功
TCL202604170005,1-7TMXX6,1-6FHHK7,14116622,HLB-49217a86-f447-11f0-8cdb-0c42a112278c,,1260.0,0,5112430009,8020110295.0,920761343,2026-04-17,13:05:31,销售订单5112430009创建成功交货单:8020110295开票：0920761343,S,1,成功
TCL202604170005,1-7TMXX6,1-6FHHK8,14116622,HLB-49217a9f-f447-11f0-8cdb-0c42a112278c,,1260.0,0,5112430009,8020110295.0,920761343,2026-04-17,13:05:31,销售订单5112430009创建成功交货单:8020110295开票：0920761343,S,1,成功
TCL202604170005,1-7TMXX6,1-71QM90,14313757,HLB-0f7c43b3-16bb-11f1-8cdb-0c42a112278c,,1260.0,0,5112430009,8020110295.0,920761343,2026-04-17,13:05:31,销售订单5112430009创建成功交货单:8020110295开票：0920761343,S,1,成功
TCL202604170005,1-7TMXX6,1-71QM91,14313757,HLB-0f7c43c7-16bb-11f1-8cdb-0c42a112278c,,1260.0,0,5112430009,8020110295.0,920761343,2026-04-17,13:05:31,销售订单5112430009创建成功交货单:8020110295开票：0920761343,S,1,成功
TCL202604170005,1-7TMXX6,1-71QM92,14313757,HLB-0f7c43dc-16bb-11f1-8cdb-0c42a112278c,,1260.0,0,5112430009,8020110295.0,920761343,2026-04-17,13:05:31,销售订单5112430009创建成功交货单:8020110295开票：0920761343,S,1,成功
TCL202604170005,1-7TMXX6,1-71QM93,14313757,HLB-0f7c43f3-16bb-11f1-8cdb-0c42a112278c,,1260.0,0,5112430009,8020110295.0,920761343,2026-04-17,13:05:31,销售订单5112430009创建成功交货单:8020110295开票：0920761343,S,1,成功
TCL202604170005,1-7TMXX6,1-71QM94,14313757,HLB-0f7c4407-16bb-11f1-8cdb-0c42a112278c,,1260.0,0,5112430009,8020110295.0,920761343,2026-04-17,13:05:31,销售订单5112430009创建成功交货单:8020110295开票：0920761343,S,1,成功
TCL202604170005,1-7TMXX6,1-71QM95,14313757,HLB-0f7c441b-16bb-11f1-8cdb-0c42a112278c,,1260.0,0,5112430009,8020110295.0,920761343,2026-04-17,13:05:31,销售订单5112430009创建成功交货单:8020110295开票：0920761343,S,1,成功
TCL202604170005,1-7TMXX6,1-71QM96,14313757,HLB-0f7c4430-16bb-11f1-8cdb-0c42a112278c,,1260.0,0,5112430009,8020110295.0,920761343,2026-04-17,13:05:31,销售订单5112430009创建成功交货单:8020110295开票：0920761343,S,1,成功
TCL202604170005,1-7TMXX6,1-71QM97,14313757,HLB-0f7c4443-16bb-11f1-8cdb-0c42a112278c,,1260.0,0,5112430009,8020110295.0,920761343,2026-04-17,13:05:31,销售订单5112430009创建成功交货单:8020110295开票：0920761343,S,1,成功
TCL202604170005,1-7TMXX6,1-71QM98,14313757,HLB-0f7c445a-16bb-11f1-8cdb-0c42a112278c,,1260.0,0,5112430009,8020110295.0,920761343,2026-04-17,13:05:31,销售订单5112430009创建成功交货单:8020110295开票：0920761343,S,1,成功
TCL202604170005,1-7TMXX6,1-71QM99,14313757,HLB-0f7c446e-16bb-11f1-8cdb-0c42a112278c,,1260.0,0,5112430009,8020110295.0,920761343,2026-04-17,13:05:31,销售订单5112430009创建成功交货单:8020110295开票：0920761343,S,1,成功
TCL202604170005,1-7TMXX6,1-71QM9A,14313757,HLB-0f7c4484-16bb-11f1-8cdb-0c42a112278c,,1260.0,0,5112430009,8020110295.0,920761343,2026-04-17,13:05:31,销售订单5112430009创建成功交货单:8020110295开票：0920761343,S,1,成功
TCL202604170005,1-7TMXX6,1-71QM9B,14313757,HLB-0f7c449b-16bb-11f1-8cdb-0c42a112278c,,1260.0,0,5112430009,8020110295.0,920761343,2026-04-17,13:05:31,销售订单5112430009创建成功交货单:8020110295开票：0920761343,S,1,成功
TCL202604170005,1-7TMXX6,1-71QM9C,14313757,HLB-0f7c44af-16bb-11f1-8cdb-0c42a112278c,,1260.0,0,5112430009,8020110295.0,920761343,2026-04-17,13:05:31,销售订单5112430009创建成功交货单:8020110295开票：0920761343,S,1,成功
TCL202604170005,1-7TMXX6,1-71QM9D,14313757,HLB-0f7c44c4-16bb-11f1-8cdb-0c42a112278c,,1260.0,0,5112430009,8020110295.0,920761343,2026-04-17,13:05:31,销售订单5112430009创建成功交货单:8020110295开票：0920761343,S,1,成功
TCL202604170005,1-7TMXX6,1-71QM9E,14313757,HLB-0f7c44da-16bb-11f1-8cdb-0c42a112278c,,1260.0,0,5112430009,8020110295.0,920761343,2026-04-17,13:05:31,销售订单5112430009创建成功交货单:8020110295开票：0920761343,S,1,成功
TCL202604170005,1-7TMXX6,1-71QM9F,14313757,HLB-0f7c44ee-16bb-11f1-8cdb-0c42a112278c,,1260.0,0,5112430009,8020110295.0,920761343,2026-04-17,13:05:31,销售订单5112430009创建成功交货单:8020110295开票：0920761343,S,1,成功
TCL202604170005,1-7TMXX6,1-71QM9G,14313757,HLB-0f7c4501-16bb-11f1-8cdb-0c42a112278c,,1260.0,0,5112430009,8020110295.0,920761343,2026-04-17,13:05:31,销售订单5112430009创建成功交货单:8020110295开票：0920761343,S,1,成功
TCL202604170005,1-7TMXX6,1-71QM9H,14313757,HLB-0f7c4515-16bb-11f1-8cdb-0c42a112278c,,1260.0,0,5112430009,8020110295.0,920761343,2026-04-17,13:05:31,销售订单5112430009创建成功交货单:8020110295开票：0920761343,S,1,成功
TCL202604170005,1-7TMXX6,1-71QM9I,14313757,HLB-0f7c4528-16bb-11f1-8cdb-0c42a112278c,,1260.0,0,5112430009,8020110295.0,920761343,2026-04-17,13:05:31,销售订单5112430009创建成功交货单:8020110295开票：0920761343,S,1,成功
TCL202604170005,1-7TMXX6,1-71QM9J,14313757,HLB-0f7c453c-16bb-11f1-8cdb-0c42a112278c,,1260.0,0,5112430009,8020110295.0,920761343,2026-04-17,13:05:31,销售订单5112430009创建成功交货单:8020110295开票：0920761343,S,1,成功
TCL202604170005,1-7TMXX6,1-71QM9K,14313757,HLB-0f7c4551-16bb-11f1-8cdb-0c42a112278c,,1260.0,0,5112430009,8020110295.0,920761343,2026-04-17,13:05:31,销售订单5112430009创建成功交货单:8020110295开票：0920761343,S,1,成功
TCL202604170005,1-7TMXX6,1-71QM9L,14313757,HLB-0f7c4563-16bb-11f1-8cdb-0c42a112278c,,1260.0,0,5112430009,8020110295.0,920761343,2026-04-17,13:05:31,销售订单5112430009创建成功交货单:8020110295开票：0920761343,S,1,成功
TCL202604170005,1-7TMXX6,1-71QM9M,14313757,HLB-0f7c4577-16bb-11f1-8cdb-0c42a112278c,,1260.0,0,5112430009,8020110295.0,920761343,2026-04-17,13:05:31,销售订单5112430009创建成功交货单:8020110295开票：0920761343,S,1,成功
TCL202604170005,1-7TMXX6,1-71QM9N,14313757,HLB-0f7c458b-16bb-11f1-8cdb-0c42a112278c,,1260.0,0,5112430009,8020110295.0,920761343,2026-04-17,13:05:31,销售订单5112430009创建成功交货单:8020110295开票：0920761343,S,1,成功
TCL202604170005,1-7TMXX6,1-71QM9O,14313757,HLB-0f7c459f-16bb-11f1-8cdb-0c42a112278c,,1260.0,0,5112430009,8020110295.0,920761343,2026-04-17,13:05:31,销售订单5112430009创建成功交货单:8020110295开票：0920761343,S,1,成功
TCL202604170005,1-7TMXX6,1-71QM9P,14313757,HLB-0f7c45b2-16bb-11f1-8cdb-0c42a112278c,,1260.0,0,5112430009,8020110295.0,920761343,2026-04-17,13:05:31,销售订单5112430009创建成功交货单:8020110295开票：0920761343,S,1,成功
TCL202604170005,1-7TMXX6,1-71QM9Q,14313757,HLB-0f7c45c5-16bb-11f1-8cdb-0c42a112278c,,1260.0,0,5112430009,8020110295.0,920761343,2026-04-17,13:05:31,销售订单5112430009创建成功交货单:8020110295开票：0920761343,S,1,成功
TCL202604170005,1-7TMXX6,1-71QM9R,14313757,HLB-0f7c45d8-16bb-11f1-8cdb-0c42a112278c,,1260.0,0,5112430009,8020110295.0,920761343,2026-04-17,13:05:31,销售订单5112430009创建成功交货单:8020110295开票：0920761343,S,1,成功
TCL202604170005,1-7TMXX6,1-71QM9S,14313757,HLB-0f7c45eb-16bb-11f1-8cdb-0c42a112278c,,1260.0,0,5112430009,8020110295.0,920761343,2026-04-17,13:05:31,销售订单5112430009创建成功交货单:8020110295开票：0920761343,S,1,成功
TCL202604170005,1-7TMXX6,1-71QM9T,14313757,HLB-0f7c461d-16bb-11f1-8cdb-0c42a112278c,,1260.0,0,5112430009,8020110295.0,920761343,2026-04-17,13:05:31,销售订单5112430009创建成功交货单:8020110295开票：0920761343,S,1,成功
TCL202604170005,1-7TMXX6,1-71R7BJ,14313755,HLB-0f64dff8-16bb-11f1-8cdb-0c42a112278c,,1260.0,0,5112430009,8020110295.0,920761343,2026-04-17,13:05:31,销售订单5112430009创建成功交货单:8020110295开票：0920761343,S,1,成功
TCL202604170005,1-7TMXX6,1-71R7BK,14313755,HLB-0f64e070-16bb-11f1-8cdb-0c42a112278c,,1260.0,0,5112430009,8020110295.0,920761343,2026-04-17,13:05:31,销售订单5112430009创建成功交货单:8020110295开票：0920761343,S,1,成功
TCL202604170005,1-7TMXX6,1-71R7BL,14313755,HLB-0f64e0b1-16bb-11f1-8cdb-0c42a112278c,,1260.0,0,5112430009,8020110295.0,920761343,2026-04-17,13:05:31,销售订单5112430009创建成功交货单:8020110295开票：0920761343,S,1,成功
TCL202604170005,1-7TMXX6,1-71R7BM,14313755,HLB-0f64e0c8-16bb-11f1-8cdb-0c42a112278c,,1260.0,0,5112430009,8020110295.0,920761343,2026-04-17,13:05:31,销售订单5112430009创建成功交货单:8020110295开票：0920761343,S,1,成功
TCL202604170005,1-7TMXX6,1-71R7BN,14313755,HLB-0f64e0e2-16bb-11f1-8cdb-0c42a112278c,,1260.0,0,5112430009,8020110295.0,920761343,2026-04-17,13:05:31,销售订单5112430009创建成功交货单:8020110295开票：0920761343,S,1,成功
TCL202604170005,1-7TMXX6,1-71R7BO,14313755,HLB-0f64e100-16bb-11f1-8cdb-0c42a112278c,,1260.0,0,5112430009,8020110295.0,920761343,2026-04-17,13:05:31,销售订单5112430009创建成功交货单:8020110295开票：0920761343,S,1,成功
TCL202604170005,1-7TMXX6,1-71R7BP,14313755,HLB-0f64e11c-16bb-11f1-8cdb-0c42a112278c,,1260.0,0,5112430009,8020110295.0,920761343,2026-04-17,13:05:31,销售订单5112430009创建成功交货单:8020110295开票：0920761343,S,1,成功
TCL202604170005,1-7TMXX6,1-71R7BQ,14313755,HLB-0f64e136-16bb-11f1-8cdb-0c42a112278c,,1260.0,0,5112430009,8020110295.0,920761343,2026-04-17,13:05:31,销售订单5112430009创建成功交货单:8020110295开票：0920761343,S,1,成功
TCL202604170005,1-7TMXX6,1-71R7BR,14313755,HLB-0f64e14c-16bb-11f1-8cdb-0c42a112278c,,1260.0,0,5112430009,8020110295.0,920761343,2026-04-17,13:05:31,销售订单5112430009创建成功交货单:8020110295开票：0920761343,S,1,成功
TCL202604170005,1-7TMXX6,1-71R7BS,14313755,HLB-0f64e168-16bb-11f1-8cdb-0c42a112278c,,1260.0,0,5112430009,8020110295.0,920761343,2026-04-17,13:05:31,销售订单5112430009创建成功交货单:8020110295开票：0920761343,S,1,成功
TCL202604170005,1-7TMXX6,1-71R7BT,14313755,HLB-0f64e180-16bb-11f1-8cdb-0c42a112278c,,1260.0,0,5112430009,8020110295.0,920761343,2026-04-17,13:05:31,销售订单5112430009创建成功交货单:8020110295开票：0920761343,S,1,成功
TCL202604170005,1-7TMXX6,1-71R7BU,14313755,HLB-0f64e19b-16bb-11f1-8cdb-0c42a112278c,,1260.0,0,5112430009,8020110295.0,920761343,2026-04-17,13:05:31,销售订单5112430009创建成功交货单:8020110295开票：0920761343,S,1,成功
TCL202604170005,1-7TMXX6,1-71R7BV,14313755,HLB-0f64e1b5-16bb-11f1-8cdb-0c42a112278c,,1260.0,0,5112430009,8020110295.0,920761343,2026-04-17,13:05:31,销售订单5112430009创建成功交货单:8020110295开票：0920761343,S,1,成功
TCL202604170005,1-7TMXX6,1-71R7BW,14313755,HLB-0f64e1cf-16bb-11f1-8cdb-0c42a112278c,,1260.0,0,5112430009,8020110295.0,920761343,2026-04-17,13:05:31,销售订单5112430009创建成功交货单:8020110295开票：0920761343,S,1,成功
TCL202604170005,1-7TMXX6,1-71R7BX,14313755,HLB-0f64e1eb-16bb-11f1-8cdb-0c42a112278c,,1260.0,0,5112430009,8020110295.0,920761343,2026-04-17,13:05:31,销售订单5112430009创建成功交货单:8020110295开票：0920761343,S,1,成功
TCL202604170005,1-7TMXX6,1-71R7BY,14313755,HLB-0f64e203-16bb-11f1-8cdb-0c42a112278c,,1260.0,0,5112430009,8020110295.0,920761343,2026-04-17,13:05:31,销售订单5112430009创建成功交货单:8020110295开票：0920761343,S,1,成功
TCL202604170005,1-7TMXX6,1-71R7BZ,14313755,HLB-0f64e21c-16bb-11f1-8cdb-0c42a112278c,,1260.0,0,5112430009,8020110295.0,920761343,2026-04-17,13:05:31,销售订单5112430009创建成功交货单:8020110295开票：0920761343,S,1,成功
TCL202604170005,1-7TMXX6,1-71R7C0,14313755,HLB-0f64e237-16bb-11f1-8cdb-0c42a112278c,,1260.0,0,5112430009,8020110295.0,920761343,2026-04-17,13:05:31,销售订单5112430009创建成功交货单:8020110295开票：0920761343,S,1,成功
TCL202604170005,1-7TMXX6,1-71R7C1,14313755,HLB-0f64e25a-16bb-11f1-8cdb-0c42a112278c,,1260.0,0,5112430009,8020110295.0,920761343,2026-04-17,13:05:31,销售订单5112430009创建成功交货单:8020110295开票：0920761343,S,1,成功
TCL202604170005,1-7TMXX6,1-71R7C2,14313755,HLB-0f64e270-16bb-11f1-8cdb-0c42a112278c,,1260.0,0,5112430009,8020110295.0,920761343,2026-04-17,13:05:31,销售订单5112430009创建成功交货单:8020110295开票：0920761343,S,1,成功
TCL202604170005,1-7TMXX6,1-71R7C3,14313755,HLB-0f64e288-16bb-11f1-8cdb-0c42a112278c,,1260.0,0,5112430009,8020110295.0,920761343,2026-04-17,13:05:31,销售订单5112430009创建成功交货单:8020110295开票：0920761343,S,1,成功
TCL202604170005,1-7TMXX6,1-71R7C4,14313755,HLB-0f64e29d-16bb-11f1-8cdb-0c42a112278c,,1260.0,0,5112430009,8020110295.0,920761343,2026-04-17,13:05:31,销售订单5112430009创建成功交货单:8020110295开票：0920761343,S,1,成功
TCL202604170005,1-7TMXX6,1-71R7C5,14313755,HLB-0f64e2b8-16bb-11f1-8cdb-0c42a112278c,,1260.0,0,5112430009,8020110295.0,920761343,2026-04-17,13:05:31,销售订单5112430009创建成功交货单:8020110295开票：0920761343,S,1,成功
TCL202604170005,1-7TMXX6,1-71R7C6,14313755,HLB-0f64e2cf-16bb-11f1-8cdb-0c42a112278c,,1260.0,0,5112430009,8020110295.0,920761343,2026-04-17,13:05:31,销售订单5112430009创建成功交货单:8020110295开票：0920761343,S,1,成功
TCL202604170005,1-7TMXX6,1-71R7C7,14313755,HLB-0f64e2e7-16bb-11f1-8cdb-0c42a112278c,,1260.0,0,5112430009,8020110295.0,920761343,2026-04-17,13:05:31,销售订单5112430009创建成功交货单:8020110295开票：0920761343,S,1,成功
TCL202604170005,1-7TMXX6,1-71R7C8,14313755,HLB-0f64e2fc-16bb-11f1-8cdb-0c42a112278c,,1260.0,0,5112430009,8020110295.0,920761343,2026-04-17,13:05:31,销售订单5112430009创建成功交货单:8020110295开票：0920761343,S,1,成功
TCL202604170005,1-7TMXX6,1-71R7C9,14313755,HLB-0f64e311-16bb-11f1-8cdb-0c42a112278c,,1260.0,0,5112430009,8020110295.0,920761343,2026-04-17,13:05:31,销售订单5112430009创建成功交货单:8020110295开票：0920761343,S,1,成功
TCL202604170005,1-7TMXX6,1-71R7CA,14313755,HLB-0f64e329-16bb-11f1-8cdb-0c42a112278c,,1260.0,0,5112430009,8020110295.0,920761343,2026-04-17,13:05:31,销售订单5112430009创建成功交货单:8020110295开票：0920761343,S,1,成功
TCL202604170005,1-7TMXX6,1-71R7CB,14313755,HLB-0f64e35f-16bb-11f1-8cdb-0c42a112278c,,1260.0,0,5112430009,8020110295.0,920761343,2026-04-17,13:05:31,销售订单5112430009创建成功交货单:8020110295开票：0920761343,S,1,成功
TCL202604170005,1-7TMXX6,1-71R7CC,14313755,HLB-0f64e375-16bb-11f1-8cdb-0c42a112278c,,1260.0,0,5112430009,8020110295.0,920761343,2026-04-17,13:05:31,销售订单5112430009创建成功交货单:8020110295开票：0920761343,S,1,成功
TCL202604170005,1-7TMXX6,1-728DU1,14319074,HLB-669479e7-179e-11f1-8cdb-0c42a112278c,,1260.0,0,5112430009,8020110295.0,920761343,2026-04-17,13:05:31,销售订单5112430009创建成功交货单:8020110295开票：0920761343,S,1,成功
TCL202604170005,1-7TMXX6,1-728DU2,14319074,HLB-66947a08-179e-11f1-8cdb-0c42a112278c,,1260.0,0,5112430009,8020110295.0,920761343,2026-04-17,13:05:31,销售订单5112430009创建成功交货单:8020110295开票：0920761343,S,1,成功
TCL202604170005,1-7TMXX6,1-728DU3,14319074,HLB-66947a21-179e-11f1-8cdb-0c42a112278c,,1260.0,0,5112430009,8020110295.0,920761343,2026-04-17,13:05:31,销售订单5112430009创建成功交货单:8020110295开票：0920761343,S,1,成功
TCL202604170005,1-7TMXX6,1-728DU4,14319074,HLB-66947a34-179e-11f1-8cdb-0c42a112278c,,1260.0,0,5112430009,8020110295.0,920761343,2026-04-17,13:05:31,销售订单5112430009创建成功交货单:8020110295开票：0920761343,S,1,成功
TCL202604170005,1-7TMXX6,1-728DU5,14319074,HLB-66947a50-179e-11f1-8cdb-0c42a112278c,,1260.0,0,5112430009,8020110295.0,920761343,2026-04-17,13:05:31,销售订单5112430009创建成功交货单:8020110295开票：0920761343,S,1,成功
TCL202604170005,1-7TMXX6,1-728DU6,14319074,HLB-66947a6d-179e-11f1-8cdb-0c42a112278c,,1260.0,0,5112430009,8020110295.0,920761343,2026-04-17,13:05:31,销售订单5112430009创建成功交货单:8020110295开票：0920761343,S,1,成功
TCL202604170005,1-7TMXX6,1-728DU7,14319074,HLB-66947a88-179e-11f1-8cdb-0c42a112278c,,1260.0,0,5112430009,8020110295.0,920761343,2026-04-17,13:05:31,销售订单5112430009创建成功交货单:8020110295开票：0920761343,S,1,成功
TCL202604170005,1-7TMXX6,1-728DU8,14319074,HLB-66947aa6-179e-11f1-8cdb-0c42a112278c,,1260.0,0,5112430009,8020110295.0,920761343,2026-04-17,13:05:31,销售订单5112430009创建成功交货单:8020110295开票：0920761343,S,1,成功
TCL202604170005,1-7TMXX6,1-728DU9,14319074,HLB-66947ac5-179e-11f1-8cdb-0c42a112278c,,1260.0,0,5112430009,8020110295.0,920761343,2026-04-17,13:05:31,销售订单5112430009创建成功交货单:8020110295开票：0920761343,S,1,成功
TCL202604170005,1-7TMXX6,1-728DUA,14319074,HLB-66947ae5-179e-11f1-8cdb-0c42a112278c,,1260.0,0,5112430009,8020110295.0,920761343,2026-04-17,13:05:31,销售订单5112430009创建成功交货单:8020110295开票：0920761343,S,1,成功
TCL202604170005,1-7TMXX6,1-728DUB,14319074,HLB-66947b07-179e-11f1-8cdb-0c42a112278c,,1260.0,0,5112430009,8020110295.0,920761343,2026-04-17,13:05:31,销售订单5112430009创建成功交货单:8020110295开票：0920761343,S,1,成功
TCL202604170005,1-7TMXX6,1-728DUC,14319074,HLB-66947b20-179e-11f1-8cdb-0c42a112278c,,1260.0,0,5112430009,8020110295.0,920761343,2026-04-17,13:05:31,销售订单5112430009创建成功交货单:8020110295开票：0920761343,S,1,成功
TCL202604170005,1-7TMXX6,1-728DUD,14319074,HLB-66947b37-179e-11f1-8cdb-0c42a112278c,,1260.0,0,5112430009,8020110295.0,920761343,2026-04-17,13:05:31,销售订单5112430009创建成功交货单:8020110295开票：0920761343,S,1,成功
TCL202604170005,1-7TMXX6,1-728DUE,14319074,HLB-66947b4d-179e-11f1-8cdb-0c42a112278c,,1260.0,0,5112430009,8020110295.0,920761343,2026-04-17,13:05:31,销售订单5112430009创建成功交货单:8020110295开票：0920761343,S,1,成功
TCL202604170005,1-7TMXX6,1-728DUF,14319074,HLB-66947b62-179e-11f1-8cdb-0c42a112278c,,1260.0,0,5112430009,8020110295.0,920761343,2026-04-17,13:05:31,销售订单5112430009创建成功交货单:8020110295开票：0920761343,S,1,成功
TCL202604170005,1-7TMXX6,1-728DUG,14319074,HLB-66947b75-179e-11f1-8cdb-0c42a112278c,,1260.0,0,5112430009,8020110295.0,920761343,2026-04-17,13:05:31,销售订单5112430009创建成功交货单:8020110295开票：0920761343,S,1,成功
TCL202604170005,1-7TMXX6,1-728DUH,14319074,HLB-66947b8b-179e-11f1-8cdb-0c42a112278c,,1260.0,0,5112430009,8020110295.0,920761343,2026-04-17,13:05:31,销售订单5112430009创建成功交货单:8020110295开票：0920761343,S,1,成功
TCL202604170005,1-7TMXX6,1-728DUP,14319074,HLB-66947c3f-179e-11f1-8cdb-0c42a112278c,,1260.0,0,5112430009,8020110295.0,920761343,2026-04-17,13:05:31,销售订单5112430009创建成功交货单:8020110295开票：0920761343,S,1,成功
TCL202604170005,1-7TMY03,1-697LR4,14047614,HLB-b0bd29fb-ed03-11f0-8cdb-0c42a112278c,,1870.0,0,5112430009,8020110295.0,920761343,2026-04-17,13:05:31,销售订单5112430009创建成功交货单:8020110295开票：0920761343,S,1,成功
TCL202604170005,1-7TMY03,1-697LRR,14047614,HLB-b0bd2c4c-ed03-11f0-8cdb-0c42a112278c,,1870.0,0,5112430009,8020110295.0,920761343,2026-04-17,13:05:31,销售订单5112430009创建成功交货单:8020110295开票：0920761343,S,1,成功
TCL202604170005,1-7TMY03,1-697LRS,14047614,HLB-b0bd2c65-ed03-11f0-8cdb-0c42a112278c,,1870.0,0,5112430009,8020110295.0,920761343,2026-04-17,13:05:31,销售订单5112430009创建成功交货单:8020110295开票：0920761343,S,1,成功
TCL202604170005,1-7TMY03,1-697LRT,14047614,HLB-b0bd2c78-ed03-11f0-8cdb-0c42a112278c,,1870.0,0,5112430009,8020110295.0,920761343,2026-04-17,13:05:31,销售订单5112430009创建成功交货单:8020110295开票：0920761343,S,1,成功
TCL202604170005,1-7TMY03,1-697LRU,14047614,HLB-b0bd2c8e-ed03-11f0-8cdb-0c42a112278c,,1870.0,0,5112430009,8020110295.0,920761343,2026-04-17,13:05:31,销售订单5112430009创建成功交货单:8020110295开票：0920761343,S,1,成功
TCL202604170005,1-7TMY03,1-697LRV,14047614,HLB-b0bd2ca3-ed03-11f0-8cdb-0c42a112278c,,1870.0,0,5112430009,8020110295.0,920761343,2026-04-17,13:05:31,销售订单5112430009创建成功交货单:8020110295开票：0920761343,S,1,成功
TCL202604170005,1-7TMY03,1-697LRW,14047614,HLB-b0bd2cbb-ed03-11f0-8cdb-0c42a112278c,,1870.0,0,5112430009,8020110295.0,920761343,2026-04-17,13:05:31,销售订单5112430009创建成功交货单:8020110295开票：0920761343,S,1,成功
TCL202604170005,1-7TMY03,1-697LRX,14047614,HLB-b0bd2cd0-ed03-11f0-8cdb-0c42a112278c,,1870.0,0,5112430009,8020110295.0,920761343,2026-04-17,13:05:31,销售订单5112430009创建成功交货单:8020110295开票：0920761343,S,1,成功
TCL202604170005,1-7TMY03,1-697LUO,14047615,HLB-b0e83ecc-ed03-11f0-8cdb-0c42a112278c,,1870.0,0,5112430009,8020110295.0,920761343,2026-04-17,13:05:31,销售订单5112430009创建成功交货单:8020110295开票：0920761343,S,1,成功
TCL202604170005,1-7TMY03,1-697LUP,14047615,HLB-b0e83ee1-ed03-11f0-8cdb-0c42a112278c,,1870.0,0,5112430009,8020110295.0,920761343,2026-04-17,13:05:31,销售订单5112430009创建成功交货单:8020110295开票：0920761343,S,1,成功
TCL202604170005,1-7TMY03,1-697LUQ,14047615,HLB-b0e83ef7-ed03-11f0-8cdb-0c42a112278c,,1870.0,0,5112430009,8020110295.0,920761343,2026-04-17,13:05:31,销售订单5112430009创建成功交货单:8020110295开票：0920761343,S,1,成功
TCL202604170005,1-7TMY03,1-697LUR,14047615,HLB-b0e83f0d-ed03-11f0-8cdb-0c42a112278c,,1870.0,0,5112430009,8020110295.0,920761343,2026-04-17,13:05:31,销售订单5112430009创建成功交货单:8020110295开票：0920761343,S,1,成功
TCL202604170005,1-7TMY03,1-697LUS,14047615,HLB-b0e83f22-ed03-11f0-8cdb-0c42a112278c,,1870.0,0,5112430009,8020110295.0,920761343,2026-04-17,13:05:31,销售订单5112430009创建成功交货单:8020110295开票：0920761343,S,1,成功
TCL202604170005,1-7TMY03,1-697LUT,14047615,HLB-b0e83f39-ed03-11f0-8cdb-0c42a112278c,,1870.0,0,5112430009,8020110295.0,920761343,2026-04-17,13:05:31,销售订单5112430009创建成功交货单:8020110295开票：0920761343,S,1,成功
TCL202604170005,1-7TMY03,1-697LUU,14047615,HLB-b0e83f4e-ed03-11f0-8cdb-0c42a112278c,,1870.0,0,5112430009,8020110295.0,920761343,2026-04-17,13:05:31,销售订单5112430009创建成功交货单:8020110295开票：0920761343,S,1,成功
TCL202604170005,1-7TMY03,1-697LUV,14047615,HLB-b0e83f64-ed03-11f0-8cdb-0c42a112278c,,1870.0,0,5112430009,8020110295.0,920761343,2026-04-17,13:05:31,销售订单5112430009创建成功交货单:8020110295开票：0920761343,S,1,成功
TCL202604170005,1-7TMY03,1-697LUW,14047615,HLB-b0e83f78-ed03-11f0-8cdb-0c42a112278c,,1870.0,0,5112430009,8020110295.0,920761343,2026-04-17,13:05:31,销售订单5112430009创建成功交货单:8020110295开票：0920761343,S,1,成功
TCL202604170005,1-7TMY03,1-697LUX,14047615,HLB-b0e83f8b-ed03-11f0-8cdb-0c42a112278c,,1870.0,0,5112430009,8020110295.0,920761343,2026-04-17,13:05:31,销售订单5112430009创建成功交货单:8020110295开票：0920761343,S,1,成功
TCL202604170005,1-7TMY03,1-697LUY,14047615,HLB-b0e83f9f-ed03-11f0-8cdb-0c42a112278c,,1870.0,0,5112430009,8020110295.0,920761343,2026-04-17,13:05:31,销售订单5112430009创建成功交货单:8020110295开票：0920761343,S,1,成功
TCL202604170005,1-7TMY03,1-697LUZ,14047615,HLB-b0e83fb3-ed03-11f0-8cdb-0c42a112278c,,1870.0,0,5112430009,8020110295.0,920761343,2026-04-17,13:05:31,销售订单5112430009创建成功交货单:8020110295开票：0920761343,S,1,成功
TCL202604170005,1-7TMY03,1-697LV0,14047615,HLB-b0e83fc9-ed03-11f0-8cdb-0c42a112278c,,1870.0,0,5112430009,8020110295.0,920761343,2026-04-17,13:05:31,销售订单5112430009创建成功交货单:8020110295开票：0920761343,S,1,成功
TCL202604170005,1-7TMY03,1-697LV1,14047615,HLB-b0e83fdf-ed03-11f0-8cdb-0c42a112278c,,1870.0,0,5112430009,8020110295.0,920761343,2026-04-17,13:05:31,销售订单5112430009创建成功交货单:8020110295开票：0920761343,S,1,成功
TCL202604170005,1-7TMY03,1-697LV2,14047615,HLB-b0e83ff4-ed03-11f0-8cdb-0c42a112278c,,1870.0,0,5112430009,8020110295.0,920761343,2026-04-17,13:05:31,销售订单5112430009创建成功交货单:8020110295开票：0920761343,S,1,成功
TCL202604170005,1-7TMY03,1-697LV3,14047615,HLB-b0e84009-ed03-11f0-8cdb-0c42a112278c,,1870.0,0,5112430009,8020110295.0,920761343,2026-04-17,13:05:31,销售订单5112430009创建成功交货单:8020110295开票：0920761343,S,1,成功
TCL202604170005,1-7TMY03,1-697LV4,14047615,HLB-b0e8401c-ed03-11f0-8cdb-0c42a112278c,,1870.0,0,5112430009,8020110295.0,920761343,2026-04-17,13:05:31,销售订单5112430009创建成功交货单:8020110295开票：0920761343,S,1,成功
TCL202604170005,1-7TMY03,1-697LV5,14047615,HLB-b0e84031-ed03-11f0-8cdb-0c42a112278c,,1870.0,0,5112430009,8020110295.0,920761343,2026-04-17,13:05:31,销售订单5112430009创建成功交货单:8020110295开票：0920761343,S,1,成功
TCL202604170005,1-7TMY03,1-697LV6,14047615,HLB-b0e84044-ed03-11f0-8cdb-0c42a112278c,,1870.0,0,5112430009,8020110295.0,920761343,2026-04-17,13:05:31,销售订单5112430009创建成功交货单:8020110295开票：0920761343,S,1,成功
TCL202604170005,1-7TMY03,1-697LV7,14047615,HLB-b0e84059-ed03-11f0-8cdb-0c42a112278c,,1870.0,0,5112430009,8020110295.0,920761343,2026-04-17,13:05:31,销售订单5112430009创建成功交货单:8020110295开票：0920761343,S,1,成功
TCL202604170005,1-7TMY03,1-697LV8,14047615,HLB-b1130e70-ed03-11f0-8cdb-0c42a112278c,,1870.0,0,5112430009,8020110295.0,920761343,2026-04-17,13:05:31,销售订单5112430009创建成功交货单:8020110295开票：0920761343,S,1,成功
TCL202604170005,1-7TMY03,1-697LV9,14047615,HLB-b1130ed8-ed03-11f0-8cdb-0c42a112278c,,1870.0,0,5112430009,8020110295.0,920761343,2026-04-17,13:05:31,销售订单5112430009创建成功交货单:8020110295开票：0920761343,S,1,成功
TCL202604170005,1-7TMY03,1-697LVA,14047615,HLB-b1130ef3-ed03-11f0-8cdb-0c42a112278c,,1870.0,0,5112430009,8020110295.0,920761343,2026-04-17,13:05:31,销售订单5112430009创建成功交货单:8020110295开票：0920761343,S,1,成功
TCL202604170005,1-7TMY03,1-697LVB,14047615,HLB-b1130f13-ed03-11f0-8cdb-0c42a112278c,,1870.0,0,5112430009,8020110295.0,920761343,2026-04-17,13:05:31,销售订单5112430009创建成功交货单:8020110295开票：0920761343,S,1,成功
TCL202604170005,1-7TMY03,1-697LVC,14047615,HLB-b1130f32-ed03-11f0-8cdb-0c42a112278c,,1870.0,0,5112430009,8020110295.0,920761343,2026-04-17,13:05:31,销售订单5112430009创建成功交货单:8020110295开票：0920761343,S,1,成功
TCL202604170005,1-7TMY03,1-697LVD,14047615,HLB-b1130f51-ed03-11f0-8cdb-0c42a112278c,,1870.0,0,5112430009,8020110295.0,920761343,2026-04-17,13:05:31,销售订单5112430009创建成功交货单:8020110295开票：0920761343,S,1,成功
TCL202604170005,1-7TMY03,1-697LVE,14047615,HLB-b1130f6e-ed03-11f0-8cdb-0c42a112278c,,1870.0,0,5112430009,8020110295.0,920761343,2026-04-17,13:05:31,销售订单5112430009创建成功交货单:8020110295开票：0920761343,S,1,成功
TCL202604170005,1-7TMY03,1-697LVF,14047615,HLB-b1130f88-ed03-11f0-8cdb-0c42a112278c,,1870.0,0,5112430009,8020110295.0,920761343,2026-04-17,13:05:31,销售订单5112430009创建成功交货单:8020110295开票：0920761343,S,1,成功
TCL202604170005,1-7TMY03,1-697LVG,14047615,HLB-b1130fa1-ed03-11f0-8cdb-0c42a112278c,,1870.0,0,5112430009,8020110295.0,920761343,2026-04-17,13:05:31,销售订单5112430009创建成功交货单:8020110295开票：0920761343,S,1,成功
TCL202604170005,1-7TMY03,1-697LVH,14047615,HLB-b1130fb8-ed03-11f0-8cdb-0c42a112278c,,1870.0,0,5112430009,8020110295.0,920761343,2026-04-17,13:05:31,销售订单5112430009创建成功交货单:8020110295开票：0920761343,S,1,成功
TCL202604170005,1-7TMY03,1-697N6A,14047612,HLB-b08dbc8c-ed03-11f0-8cdb-0c42a112278c,,1870.0,0,5112430009,8020110295.0,920761343,2026-04-17,13:05:31,销售订单5112430009创建成功交货单:8020110295开票：0920761343,S,1,成功
TCL202604170005,1-7TMY03,1-697N6B,14047612,HLB-b08dbca8-ed03-11f0-8cdb-0c42a112278c,,1870.0,0,5112430009,8020110295.0,920761343,2026-04-17,13:05:31,销售订单5112430009创建成功交货单:8020110295开票：0920761343,S,1,成功
TCL202604170005,1-7TMY03,1-697N6C,14047612,HLB-b08dbcbd-ed03-11f0-8cdb-0c42a112278c,,1870.0,0,5112430009,8020110295.0,920761343,2026-04-17,13:05:31,销售订单5112430009创建成功交货单:8020110295开票：0920761343,S,1,成功
TCL202604170005,1-7TMY03,1-697N6D,14047612,HLB-b08dbcd4-ed03-11f0-8cdb-0c42a112278c,,1870.0,0,5112430009,8020110295.0,920761343,2026-04-17,13:05:31,销售订单5112430009创建成功交货单:8020110295开票：0920761343,S,1,成功
TCL202604170005,1-7TMY03,1-697N6E,14047612,HLB-b08dbceb-ed03-11f0-8cdb-0c42a112278c,,1870.0,0,5112430009,8020110295.0,920761343,2026-04-17,13:05:31,销售订单5112430009创建成功交货单:8020110295开票：0920761343,S,1,成功
TCL202604170005,1-7TMY03,1-697NOR,14047612,HLB-b08dbd03-ed03-11f0-8cdb-0c42a112278c,,1870.0,0,5112430009,8020110295.0,920761343,2026-04-17,13:05:31,销售订单5112430009创建成功交货单:8020110295开票：0920761343,S,1,成功
TCL202604170005,1-7TMY03,1-697NOS,14047612,HLB-b08dbd1d-ed03-11f0-8cdb-0c42a112278c,,1870.0,0,5112430009,8020110295.0,920761343,2026-04-17,13:05:31,销售订单5112430009创建成功交货单:8020110295开票：0920761343,S,1,成功
TCL202604170005,1-7TMY03,1-697NOT,14047612,HLB-b08dbd33-ed03-11f0-8cdb-0c42a112278c,,1870.0,0,5112430009,8020110295.0,920761343,2026-04-17,13:05:31,销售订单5112430009创建成功交货单:8020110295开票：0920761343,S,1,成功
TCL202604170005,1-7TMY03,1-697NOU,14047612,HLB-b08dbd48-ed03-11f0-8cdb-0c42a112278c,,1870.0,0,5112430009,8020110295.0,920761343,2026-04-17,13:05:31,销售订单5112430009创建成功交货单:8020110295开票：0920761343,S,1,成功
TCL202604170005,1-7TMY03,1-697NOV,14047612,HLB-b08dbd5e-ed03-11f0-8cdb-0c42a112278c,,1870.0,0,5112430009,8020110295.0,920761343,2026-04-17,13:05:31,销售订单5112430009创建成功交货单:8020110295开票：0920761343,S,1,成功
TCL202604170005,1-7TMY03,1-697NOW,14047612,HLB-b08dbd75-ed03-11f0-8cdb-0c42a112278c,,1870.0,0,5112430009,8020110295.0,920761343,2026-04-17,13:05:31,销售订单5112430009创建成功交货单:8020110295开票：0920761343,S,1,成功
TCL202604170005,1-7TMY03,1-697NOX,14047612,HLB-b08dbd8a-ed03-11f0-8cdb-0c42a112278c,,1870.0,0,5112430009,8020110295.0,920761343,2026-04-17,13:05:31,销售订单5112430009创建成功交货单:8020110295开票：0920761343,S,1,成功
TCL202604170005,1-7TMY03,1-697NOY,14047612,HLB-b08dbda0-ed03-11f0-8cdb-0c42a112278c,,1870.0,0,5112430009,8020110295.0,920761343,2026-04-17,13:05:31,销售订单5112430009创建成功交货单:8020110295开票：0920761343,S,1,成功
TCL202604170005,1-7TMY03,1-697NOZ,14047612,HLB-b08dbdb5-ed03-11f0-8cdb-0c42a112278c,,1870.0,0,5112430009,8020110295.0,920761343,2026-04-17,13:05:31,销售订单5112430009创建成功交货单:8020110295开票：0920761343,S,1,成功
TCL202604170005,1-7TMY03,1-697NP0,14047612,HLB-b08dbdca-ed03-11f0-8cdb-0c42a112278c,,1870.0,0,5112430009,8020110295.0,920761343,2026-04-17,13:05:31,销售订单5112430009创建成功交货单:8020110295开票：0920761343,S,1,成功
TCL202604170005,1-7TMY03,1-69801H,14047612,HLB-b08dbde3-ed03-11f0-8cdb-0c42a112278c,,1870.0,0,5112430009,8020110295.0,920761343,2026-04-17,13:05:31,销售订单5112430009创建成功交货单:8020110295开票：0920761343,S,1,成功
TCL202604170005,1-7TMY03,1-69801I,14047612,HLB-b08dbdf8-ed03-11f0-8cdb-0c42a112278c,,1870.0,0,5112430009,8020110295.0,920761343,2026-04-17,13:05:31,销售订单5112430009创建成功交货单:8020110295开票：0920761343,S,1,成功
TCL202604170005,1-7TMY03,1-69801J,14047612,HLB-b08dbe0e-ed03-11f0-8cdb-0c42a112278c,,1870.0,0,5112430009,8020110295.0,920761343,2026-04-17,13:05:31,销售订单5112430009创建成功交货单:8020110295开票：0920761343,S,1,成功
TCL202604170005,1-7TMY03,1-69801K,14047612,HLB-b08dbe23-ed03-11f0-8cdb-0c42a112278c,,1870.0,0,5112430009,8020110295.0,920761343,2026-04-17,13:05:31,销售订单5112430009创建成功交货单:8020110295开票：0920761343,S,1,成功
TCL202604170005,1-7TMY03,1-69801L,14047612,HLB-b08dbe3b-ed03-11f0-8cdb-0c42a112278c,,1870.0,0,5112430009,8020110295.0,920761343,2026-04-17,13:05:31,销售订单5112430009创建成功交货单:8020110295开票：0920761343,S,1,成功
TCL202604170005,1-7TMY03,1-69801M,14047612,HLB-b08dbe4f-ed03-11f0-8cdb-0c42a112278c,,1870.0,0,5112430009,8020110295.0,920761343,2026-04-17,13:05:31,销售订单5112430009创建成功交货单:8020110295开票：0920761343,S,1,成功
TCL202604170005,1-7TMY03,1-69801N,14047612,HLB-b08dbe65-ed03-11f0-8cdb-0c42a112278c,,1870.0,0,5112430009,8020110295.0,920761343,2026-04-17,13:05:31,销售订单5112430009创建成功交货单:8020110295开票：0920761343,S,1,成功
TCL202604170005,1-7TMY03,1-69801O,14047612,HLB-b08dbe7b-ed03-11f0-8cdb-0c42a112278c,,1870.0,0,5112430009,8020110295.0,920761343,2026-04-17,13:05:31,销售订单5112430009创建成功交货单:8020110295开票：0920761343,S,1,成功
TCL202604170005,1-7TMY03,1-69801P,14047612,HLB-b08dbe8f-ed03-11f0-8cdb-0c42a112278c,,1870.0,0,5112430009,8020110295.0,920761343,2026-04-17,13:05:31,销售订单5112430009创建成功交货单:8020110295开票：0920761343,S,1,成功
TCL202604170005,1-7TMY03,1-69801Q,14047612,HLB-b08dbea5-ed03-11f0-8cdb-0c42a112278c,,1870.0,0,5112430009,8020110295.0,920761343,2026-04-17,13:05:31,销售订单5112430009创建成功交货单:8020110295开票：0920761343,S,1,成功
TCL202604170005,1-7TMY03,1-69801R,14047612,HLB-b08dbec5-ed03-11f0-8cdb-0c42a112278c,,1870.0,0,5112430009,8020110295.0,920761343,2026-04-17,13:05:31,销售订单5112430009创建成功交货单:8020110295开票：0920761343,S,1,成功
TCL202604170005,1-7TMY03,1-69801S,14047612,HLB-b08dbee6-ed03-11f0-8cdb-0c42a112278c,,1870.0,0,5112430009,8020110295.0,920761343,2026-04-17,13:05:31,销售订单5112430009创建成功交货单:8020110295开票：0920761343,S,1,成功
TCL202604170005,1-7TMY03,1-69801T,14047612,HLB-b08dbf06-ed03-11f0-8cdb-0c42a112278c,,1870.0,0,5112430009,8020110295.0,920761343,2026-04-17,13:05:31,销售订单5112430009创建成功交货单:8020110295开票：0920761343,S,1,成功
TCL202604170005,1-7TMY03,1-69801U,14047612,HLB-b08dbf24-ed03-11f0-8cdb-0c42a112278c,,1870.0,0,5112430009,8020110295.0,920761343,2026-04-17,13:05:31,销售订单5112430009创建成功交货单:8020110295开票：0920761343,S,1,成功
TCL202604170005,1-7TMY03,1-69801V,14047612,HLB-b08dbf47-ed03-11f0-8cdb-0c42a112278c,,1870.0,0,5112430009,8020110295.0,920761343,2026-04-17,13:05:31,销售订单5112430009创建成功交货单:8020110295开票：0920761343,S,1,成功
TCL202604170005,1-7TMY03,1-6982OT,14047617,HLB-b16b0e50-ed03-11f0-8cdb-0c42a112278c,,1870.0,0,5112430009,8020110295.0,920761343,2026-04-17,13:05:31,销售订单5112430009创建成功交货单:8020110295开票：0920761343,S,1,成功
TCL202604170005,1-7TMY03,1-6982OU,14047617,HLB-b16b0eb9-ed03-11f0-8cdb-0c42a112278c,,1870.0,0,5112430009,8020110295.0,920761343,2026-04-17,13:05:31,销售订单5112430009创建成功交货单:8020110295开票：0920761343,S,1,成功
TCL202604170005,1-7TMY03,1-6982OV,14047617,HLB-b16b0ed4-ed03-11f0-8cdb-0c42a112278c,,1870.0,0,5112430009,8020110295.0,920761343,2026-04-17,13:05:31,销售订单5112430009创建成功交货单:8020110295开票：0920761343,S,1,成功
TCL202604170005,1-7TMY03,1-6982OW,14047617,HLB-b16b0ef7-ed03-11f0-8cdb-0c42a112278c,,1870.0,0,5112430009,8020110295.0,920761343,2026-04-17,13:05:31,销售订单5112430009创建成功交货单:8020110295开票：0920761343,S,1,成功
TCL202604170005,1-7TMY03,1-6982OX,14047617,HLB-b16b0f14-ed03-11f0-8cdb-0c42a112278c,,1870.0,0,5112430009,8020110295.0,920761343,2026-04-17,13:05:31,销售订单5112430009创建成功交货单:8020110295开票：0920761343,S,1,成功
TCL202604170005,1-7TMY03,1-6982OY,14047617,HLB-b16b0f31-ed03-11f0-8cdb-0c42a112278c,,1870.0,0,5112430009,8020110295.0,920761343,2026-04-17,13:05:31,销售订单5112430009创建成功交货单:8020110295开票：0920761343,S,1,成功
TCL202604170005,1-7TMY03,1-6982OZ,14047617,HLB-b16b0f51-ed03-11f0-8cdb-0c42a112278c,,1870.0,0,5112430009,8020110295.0,920761343,2026-04-17,13:05:31,销售订单5112430009创建成功交货单:8020110295开票：0920761343,S,1,成功
TCL202604170005,1-7TMY03,1-6982P0,14047617,HLB-b16b0f6e-ed03-11f0-8cdb-0c42a112278c,,1870.0,0,5112430009,8020110295.0,920761343,2026-04-17,13:05:31,销售订单5112430009创建成功交货单:8020110295开票：0920761343,S,1,成功
TCL202604170005,1-7TMY03,1-6982PB,14047617,HLB-b16b0f8b-ed03-11f0-8cdb-0c42a112278c,,1870.0,0,5112430009,8020110295.0,920761343,2026-04-17,13:05:31,销售订单5112430009创建成功交货单:8020110295开票：0920761343,S,1,成功
TCL202604170005,1-7TMY03,1-6982PC,14047617,HLB-b16b0fa4-ed03-11f0-8cdb-0c42a112278c,,1870.0,0,5112430009,8020110295.0,920761343,2026-04-17,13:05:31,销售订单5112430009创建成功交货单:8020110295开票：0920761343,S,1,成功
TCL202604170005,1-7TMY03,1-6982PD,14047617,HLB-b16b0fc0-ed03-11f0-8cdb-0c42a112278c,,1870.0,0,5112430009,8020110295.0,920761343,2026-04-17,13:05:31,销售订单5112430009创建成功交货单:8020110295开票：0920761343,S,1,成功
TCL202604170005,1-7TMY03,1-6982PE,14047617,HLB-b16b0fd7-ed03-11f0-8cdb-0c42a112278c,,1870.0,0,5112430009,8020110295.0,920761343,2026-04-17,13:05:31,销售订单5112430009创建成功交货单:8020110295开票：0920761343,S,1,成功
TCL202604170005,1-7TMY03,1-6982PF,14047617,HLB-b16b0fef-ed03-11f0-8cdb-0c42a112278c,,1870.0,0,5112430009,8020110295.0,920761343,2026-04-17,13:05:31,销售订单5112430009创建成功交货单:8020110295开票：0920761343,S,1,成功
TCL202604170005,1-7TMY03,1-6982PG,14047617,HLB-b16b100e-ed03-11f0-8cdb-0c42a112278c,,1870.0,0,5112430009,8020110295.0,920761343,2026-04-17,13:05:31,销售订单5112430009创建成功交货单:8020110295开票：0920761343,S,1,成功
TCL202604170005,1-7TMY03,1-6982PH,14047617,HLB-b16b1026-ed03-11f0-8cdb-0c42a112278c,,1870.0,0,5112430009,8020110295.0,920761343,2026-04-17,13:05:31,销售订单5112430009创建成功交货单:8020110295开票：0920761343,S,1,成功
TCL202604170005,1-7TMY03,1-6982PI,14047617,HLB-b16b103a-ed03-11f0-8cdb-0c42a112278c,,1870.0,0,5112430009,8020110295.0,920761343,2026-04-17,13:05:31,销售订单5112430009创建成功交货单:8020110295开票：0920761343,S,1,成功
TCL202604170005,1-7TMY03,1-6982PJ,14047617,HLB-b16b1054-ed03-11f0-8cdb-0c42a112278c,,1870.0,0,5112430009,8020110295.0,920761343,2026-04-17,13:05:31,销售订单5112430009创建成功交货单:8020110295开票：0920761343,S,1,成功
TCL202604170005,1-7TMY03,1-6982PK,14047617,HLB-b16b106a-ed03-11f0-8cdb-0c42a112278c,,1870.0,0,5112430009,8020110295.0,920761343,2026-04-17,13:05:31,销售订单5112430009创建成功交货单:8020110295开票：0920761343,S,1,成功
TCL202604170005,1-7TMY03,1-6982PL,14047617,HLB-b16b1087-ed03-11f0-8cdb-0c42a112278c,,1870.0,0,5112430009,8020110295.0,920761343,2026-04-17,13:05:31,销售订单5112430009创建成功交货单:8020110295开票：0920761343,S,1,成功
TCL202604170005,1-7TMY03,1-6982PM,14047617,HLB-b16b109e-ed03-11f0-8cdb-0c42a112278c,,1870.0,0,5112430009,8020110295.0,920761343,2026-04-17,13:05:31,销售订单5112430009创建成功交货单:8020110295开票：0920761343,S,1,成功
TCL202604170005,1-7TMY03,1-6982PN,14047617,HLB-b16b10b5-ed03-11f0-8cdb-0c42a112278c,,1870.0,0,5112430009,8020110295.0,920761343,2026-04-17,13:05:31,销售订单5112430009创建成功交货单:8020110295开票：0920761343,S,1,成功
TCL202604170005,1-7TMY03,1-6982PO,14047617,HLB-b16b10cd-ed03-11f0-8cdb-0c42a112278c,,1870.0,0,5112430009,8020110295.0,920761343,2026-04-17,13:05:31,销售订单5112430009创建成功交货单:8020110295开票：0920761343,S,1,成功
TCL202604170005,1-7TMY03,1-6982PP,14047617,HLB-b16b10e3-ed03-11f0-8cdb-0c42a112278c,,1870.0,0,5112430009,8020110295.0,920761343,2026-04-17,13:05:31,销售订单5112430009创建成功交货单:8020110295开票：0920761343,S,1,成功
TCL202604170005,1-7TMY03,1-6982PQ,14047617,HLB-b16b10fc-ed03-11f0-8cdb-0c42a112278c,,1870.0,0,5112430009,8020110295.0,920761343,2026-04-17,13:05:31,销售订单5112430009创建成功交货单:8020110295开票：0920761343,S,1,成功
TCL202604170005,1-7TMY03,1-6982PR,14047617,HLB-b16b1113-ed03-11f0-8cdb-0c42a112278c,,1870.0,0,5112430009,8020110295.0,920761343,2026-04-17,13:05:31,销售订单5112430009创建成功交货单:8020110295开票：0920761343,S,1,成功
TCL202604170005,1-7TMY03,1-6982PS,14047617,HLB-b16b1128-ed03-11f0-8cdb-0c42a112278c,,1870.0,0,5112430009,8020110295.0,920761343,2026-04-17,13:05:31,销售订单5112430009创建成功交货单:8020110295开票：0920761343,S,1,成功
TCL202604170005,1-7TMY03,1-6982PT,14047617,HLB-b16b1140-ed03-11f0-8cdb-0c42a112278c,,1870.0,0,5112430009,8020110295.0,920761343,2026-04-17,13:05:31,销售订单5112430009创建成功交货单:8020110295开票：0920761343,S,1,成功
TCL202604170005,1-7TMY03,1-6982PU,14047617,HLB-b16b1159-ed03-11f0-8cdb-0c42a112278c,,1870.0,0,5112430009,8020110295.0,920761343,2026-04-17,13:05:31,销售订单5112430009创建成功交货单:8020110295开票：0920761343,S,1,成功
TCL202604170005,1-7TMY03,1-6982PV,14047617,HLB-b16b116f-ed03-11f0-8cdb-0c42a112278c,,1870.0,0,5112430009,8020110295.0,920761343,2026-04-17,13:05:31,销售订单5112430009创建成功交货单:8020110295开票：0920761343,S,1,成功
TCL202604170005,1-7TMY03,1-6982PW,14047617,HLB-b16b1186-ed03-11f0-8cdb-0c42a112278c,,1870.0,0,5112430009,8020110295.0,920761343,2026-04-17,13:05:31,销售订单5112430009创建成功交货单:8020110295开票：0920761343,S,1,成功
TCL202604170005,1-7TMY03,1-6AGQA4,14058479,HLB-56e95083-edf9-11f0-8cdb-0c42a112278c,,1870.0,0,5112430009,8020110295.0,920761343,2026-04-17,13:05:31,销售订单5112430009创建成功交货单:8020110295开票：0920761343,S,1,成功
TCL202604170005,1-7TMY03,1-6AGQA5,14058479,HLB-56e950e4-edf9-11f0-8cdb-0c42a112278c,,1870.0,0,5112430009,8020110295.0,920761343,2026-04-17,13:05:31,销售订单5112430009创建成功交货单:8020110295开票：0920761343,S,1,成功
TCL202604170005,1-7TMY03,1-6AGQA6,14058479,HLB-56e950fc-edf9-11f0-8cdb-0c42a112278c,,1870.0,0,5112430009,8020110295.0,920761343,2026-04-17,13:05:31,销售订单5112430009创建成功交货单:8020110295开票：0920761343,S,1,成功
TCL202604170005,1-7TMY03,1-6AGQA7,14058479,HLB-56e95129-edf9-11f0-8cdb-0c42a112278c,,1870.0,0,5112430009,8020110295.0,920761343,2026-04-17,13:05:31,销售订单5112430009创建成功交货单:8020110295开票：0920761343,S,1,成功
TCL202604170005,1-7TMY03,1-6AGQA8,14058479,HLB-56e95141-edf9-11f0-8cdb-0c42a112278c,,1870.0,0,5112430009,8020110295.0,920761343,2026-04-17,13:05:31,销售订单5112430009创建成功交货单:8020110295开票：0920761343,S,1,成功
TCL202604170005,1-7TMY03,1-6AGQA9,14058479,HLB-56e95156-edf9-11f0-8cdb-0c42a112278c,,1870.0,0,5112430009,8020110295.0,920761343,2026-04-17,13:05:31,销售订单5112430009创建成功交货单:8020110295开票：0920761343,S,1,成功
TCL202604170005,1-7TMY03,1-6AGQAA,14058479,HLB-56e9516b-edf9-11f0-8cdb-0c42a112278c,,1870.0,0,5112430009,8020110295.0,920761343,2026-04-17,13:05:31,销售订单5112430009创建成功交货单:8020110295开票：0920761343,S,1,成功
TCL202604170005,1-7TMY03,1-6AGQAB,14058479,HLB-56e95180-edf9-11f0-8cdb-0c42a112278c,,1870.0,0,5112430009,8020110295.0,920761343,2026-04-17,13:05:31,销售订单5112430009创建成功交货单:8020110295开票：0920761343,S,1,成功
TCL202604170005,1-7TMY03,1-6AGQAC,14058479,HLB-56e95194-edf9-11f0-8cdb-0c42a112278c,,1870.0,0,5112430009,8020110295.0,920761343,2026-04-17,13:05:31,销售订单5112430009创建成功交货单:8020110295开票：0920761343,S,1,成功
TCL202604170005,1-7TMY03,1-6AGQAD,14058479,HLB-56e951a9-edf9-11f0-8cdb-0c42a112278c,,1870.0,0,5112430009,8020110295.0,920761343,2026-04-17,13:05:31,销售订单5112430009创建成功交货单:8020110295开票：0920761343,S,1,成功
TCL202604170005,1-7TMY03,1-6E35PH,14089668,HLB-7f34a16a-f1b0-11f0-8cdb-0c42a112278c,,1870.0,0,5112430009,8020110295.0,920761343,2026-04-17,13:05:31,销售订单5112430009创建成功交货单:8020110295开票：0920761343,S,1,成功
TCL202604170005,1-7TMY03,1-6E35PI,14089668,HLB-7f34a1cc-f1b0-11f0-8cdb-0c42a112278c,,1870.0,0,5112430009,8020110295.0,920761343,2026-04-17,13:05:31,销售订单5112430009创建成功交货单:8020110295开票：0920761343,S,1,成功
TCL202604170005,1-7TMY03,1-6E35PJ,14089668,HLB-7f34a1e7-f1b0-11f0-8cdb-0c42a112278c,,1870.0,0,5112430009,8020110295.0,920761343,2026-04-17,13:05:31,销售订单5112430009创建成功交货单:8020110295开票：0920761343,S,1,成功
TCL202604170005,1-7TMY03,1-6E35PK,14089668,HLB-7f34a202-f1b0-11f0-8cdb-0c42a112278c,,1870.0,0,5112430009,8020110295.0,920761343,2026-04-17,13:05:31,销售订单5112430009创建成功交货单:8020110295开票：0920761343,S,1,成功
TCL202604170005,1-7TMY03,1-6E35PL,14089668,HLB-7f34a21d-f1b0-11f0-8cdb-0c42a112278c,,1870.0,0,5112430009,8020110295.0,920761343,2026-04-17,13:05:31,销售订单5112430009创建成功交货单:8020110295开票：0920761343,S,1,成功
TCL202604170005,1-7TMY03,1-6E35PM,14089668,HLB-7f34a239-f1b0-11f0-8cdb-0c42a112278c,,1870.0,0,5112430009,8020110295.0,920761343,2026-04-17,13:05:31,销售订单5112430009创建成功交货单:8020110295开票：0920761343,S,1,成功
TCL202604170005,1-7TMY03,1-6E35PN,14089668,HLB-7f34a256-f1b0-11f0-8cdb-0c42a112278c,,1870.0,0,5112430009,8020110295.0,920761343,2026-04-17,13:05:31,销售订单5112430009创建成功交货单:8020110295开票：0920761343,S,1,成功
TCL202604170005,1-7TMY03,1-6E35PO,14089668,HLB-7f34a26d-f1b0-11f0-8cdb-0c42a112278c,,1870.0,0,5112430009,8020110295.0,920761343,2026-04-17,13:05:31,销售订单5112430009创建成功交货单:8020110295开票：0920761343,S,1,成功
TCL202604170005,1-7TMY03,1-6E35PP,14089668,HLB-7f34a289-f1b0-11f0-8cdb-0c42a112278c,,1870.0,0,5112430009,8020110295.0,920761343,2026-04-17,13:05:31,销售订单5112430009创建成功交货单:8020110295开票：0920761343,S,1,成功
TCL202604170005,1-7TMY03,1-6E35PQ,14089668,HLB-7f34a2a6-f1b0-11f0-8cdb-0c42a112278c,,1870.0,0,5112430009,8020110295.0,920761343,2026-04-17,13:05:31,销售订单5112430009创建成功交货单:8020110295开票：0920761343,S,1,成功
TCL202604170005,1-7TMY03,1-6E35PR,14089668,HLB-7f34a2c0-f1b0-11f0-8cdb-0c42a112278c,,1870.0,0,5112430009,8020110295.0,920761343,2026-04-17,13:05:31,销售订单5112430009创建成功交货单:8020110295开票：0920761343,S,1,成功
TCL202604170005,1-7TMY03,1-6E35PS,14089668,HLB-7f34a2de-f1b0-11f0-8cdb-0c42a112278c,,1870.0,0,5112430009,8020110295.0,920761343,2026-04-17,13:05:31,销售订单5112430009创建成功交货单:8020110295开票：0920761343,S,1,成功
TCL202604170005,1-7TMY03,1-6E35PT,14089668,HLB-7f34a2f8-f1b0-11f0-8cdb-0c42a112278c,,1870.0,0,5112430009,8020110295.0,920761343,2026-04-17,13:05:31,销售订单5112430009创建成功交货单:8020110295开票：0920761343,S,1,成功
TCL202604170005,1-7TMY03,1-6E35PU,14089668,HLB-7f34a313-f1b0-11f0-8cdb-0c42a112278c,,1870.0,0,5112430009,8020110295.0,920761343,2026-04-17,13:05:31,销售订单5112430009创建成功交货单:8020110295开票：0920761343,S,1,成功
TCL202604170005,1-7TMY03,1-6E35PV,14089668,HLB-7f34a329-f1b0-11f0-8cdb-0c42a112278c,,1870.0,0,5112430009,8020110295.0,920761343,2026-04-17,13:05:31,销售订单5112430009创建成功交货单:8020110295开票：0920761343,S,1,成功
TCL202604170005,1-7TMY03,1-6E35PW,14089668,HLB-7f34a340-f1b0-11f0-8cdb-0c42a112278c,,1870.0,0,5112430009,8020110295.0,920761343,2026-04-17,13:05:31,销售订单5112430009创建成功交货单:8020110295开票：0920761343,S,1,成功
TCL202604170005,1-7TMY03,1-6E35PX,14089668,HLB-7f34a355-f1b0-11f0-8cdb-0c42a112278c,,1870.0,0,5112430009,8020110295.0,920761343,2026-04-17,13:05:31,销售订单5112430009创建成功交货单:8020110295开票：0920761343,S,1,成功
TCL202604170005,1-7TMY03,1-6E35PY,14089668,HLB-7f34a36e-f1b0-11f0-8cdb-0c42a112278c,,1870.0,0,5112430009,8020110295.0,920761343,2026-04-17,13:05:31,销售订单5112430009创建成功交货单:8020110295开票：0920761343,S,1,成功
TCL202604170005,1-7TMY03,1-6E35PZ,14089668,HLB-7f34a385-f1b0-11f0-8cdb-0c42a112278c,,1870.0,0,5112430009,8020110295.0,920761343,2026-04-17,13:05:31,销售订单5112430009创建成功交货单:8020110295开票：0920761343,S,1,成功
TCL202604170005,1-7TMY03,1-6E35Q0,14089668,HLB-7f34a39d-f1b0-11f0-8cdb-0c42a112278c,,1870.0,0,5112430009,8020110295.0,920761343,2026-04-17,13:05:31,销售订单5112430009创建成功交货单:8020110295开票：0920761343,S,1,成功
TCL202604170005,1-7TMY03,1-6E35Q1,14089668,HLB-7f34a3b5-f1b0-11f0-8cdb-0c42a112278c,,1870.0,0,5112430009,8020110295.0,920761343,2026-04-17,13:05:31,销售订单5112430009创建成功交货单:8020110295开票：0920761343,S,1,成功
TCL202604170005,1-7TMY03,1-6E35Q2,14089668,HLB-7f34a3c8-f1b0-11f0-8cdb-0c42a112278c,,1870.0,0,5112430009,8020110295.0,920761343,2026-04-17,13:05:31,销售订单5112430009创建成功交货单:8020110295开票：0920761343,S,1,成功
TCL202604170005,1-7TMY03,1-6E35Q3,14089668,HLB-7f34a3e1-f1b0-11f0-8cdb-0c42a112278c,,1870.0,0,5112430009,8020110295.0,920761343,2026-04-17,13:05:31,销售订单5112430009创建成功交货单:8020110295开票：0920761343,S,1,成功
TCL202604170005,1-7TMY03,1-6E35Q4,14089668,HLB-7f34a3f7-f1b0-11f0-8cdb-0c42a112278c,,1870.0,0,5112430009,8020110295.0,920761343,2026-04-17,13:05:31,销售订单5112430009创建成功交货单:8020110295开票：0920761343,S,1,成功
TCL202604170005,1-7TMY03,1-6E35Q5,14089668,HLB-7f34a40f-f1b0-11f0-8cdb-0c42a112278c,,1870.0,0,5112430009,8020110295.0,920761343,2026-04-17,13:05:31,销售订单5112430009创建成功交货单:8020110295开票：0920761343,S,1,成功
TCL202604170005,1-7TMY03,1-6EL1L1,14102894,HLB-6decf7d0-f2bc-11f0-8cdb-0c42a112278c,,1870.0,0,5112430009,8020110295.0,920761343,2026-04-17,13:05:31,销售订单5112430009创建成功交货单:8020110295开票：0920761343,S,1,成功
TCL202604170005,1-7TMY03,1-6EL1L2,14102894,HLB-6decf7e5-f2bc-11f0-8cdb-0c42a112278c,,1870.0,0,5112430009,8020110295.0,920761343,2026-04-17,13:05:31,销售订单5112430009创建成功交货单:8020110295开票：0920761343,S,1,成功
TCL202604170005,1-7TMY03,1-6EL1LN,14102894,HLB-6decf7f9-f2bc-11f0-8cdb-0c42a112278c,,1870.0,0,5112430009,8020110295.0,920761343,2026-04-17,13:05:31,销售订单5112430009创建成功交货单:8020110295开票：0920761343,S,1,成功
TCL202604170005,1-7TMY03,1-6EL1LO,14102894,HLB-6decf80e-f2bc-11f0-8cdb-0c42a112278c,,1870.0,0,5112430009,8020110295.0,920761343,2026-04-17,13:05:31,销售订单5112430009创建成功交货单:8020110295开票：0920761343,S,1,成功
TCL202604170005,1-7TMY03,1-6EL1LP,14102894,HLB-6decf822-f2bc-11f0-8cdb-0c42a112278c,,1870.0,0,5112430009,8020110295.0,920761343,2026-04-17,13:05:31,销售订单5112430009创建成功交货单:8020110295开票：0920761343,S,1,成功
TCL202604170005,1-7TMY03,1-6EL1LQ,14102894,HLB-6decf83d-f2bc-11f0-8cdb-0c42a112278c,,1870.0,0,5112430009,8020110295.0,920761343,2026-04-17,13:05:31,销售订单5112430009创建成功交货单:8020110295开票：0920761343,S,1,成功
TCL202604170005,1-7TMY03,1-6EL1LR,14102894,HLB-6decf853-f2bc-11f0-8cdb-0c42a112278c,,1870.0,0,5112430009,8020110295.0,920761343,2026-04-17,13:05:31,销售订单5112430009创建成功交货单:8020110295开票：0920761343,S,1,成功
TCL202604170005,1-7TMY03,1-6EL1LS,14102894,HLB-6decf868-f2bc-11f0-8cdb-0c42a112278c,,1870.0,0,5112430009,8020110295.0,920761343,2026-04-17,13:05:31,销售订单5112430009创建成功交货单:8020110295开票：0920761343,S,1,成功
TCL202604170005,1-7TMY03,1-6EL1LT,14102894,HLB-6decf881-f2bc-11f0-8cdb-0c42a112278c,,1870.0,0,5112430009,8020110295.0,920761343,2026-04-17,13:05:31,销售订单5112430009创建成功交货单:8020110295开票：0920761343,S,1,成功
TCL202604170005,1-7TMY03,1-6EL1LU,14102894,HLB-6decf895-f2bc-11f0-8cdb-0c42a112278c,,1870.0,0,5112430009,8020110295.0,920761343,2026-04-17,13:05:31,销售订单5112430009创建成功交货单:8020110295开票：0920761343,S,1,成功
TCL202604170005,1-7TMY03,1-6EL1LV,14102894,HLB-6decf8aa-f2bc-11f0-8cdb-0c42a112278c,,1870.0,0,5112430009,8020110295.0,920761343,2026-04-17,13:05:31,销售订单5112430009创建成功交货单:8020110295开票：0920761343,S,1,成功
TCL202604170005,1-7TMY03,1-6EL1LW,14102894,HLB-6decf8bf-f2bc-11f0-8cdb-0c42a112278c,,1870.0,0,5112430009,8020110295.0,920761343,2026-04-17,13:05:31,销售订单5112430009创建成功交货单:8020110295开票：0920761343,S,1,成功
TCL202604170005,1-7TMY03,1-6EL1LX,14102894,HLB-6decf8e9-f2bc-11f0-8cdb-0c42a112278c,,1870.0,0,5112430009,8020110295.0,920761343,2026-04-17,13:05:31,销售订单5112430009创建成功交货单:8020110295开票：0920761343,S,1,成功
TCL202604170005,1-7TMY03,1-6EL1LY,14102894,HLB-6decf912-f2bc-11f0-8cdb-0c42a112278c,,1870.0,0,5112430009,8020110295.0,920761343,2026-04-17,13:05:31,销售订单5112430009创建成功交货单:8020110295开票：0920761343,S,1,成功
TCL202604170005,1-7TMY03,1-6EL1LZ,14102894,HLB-6decf927-f2bc-11f0-8cdb-0c42a112278c,,1870.0,0,5112430009,8020110295.0,920761343,2026-04-17,13:05:31,销售订单5112430009创建成功交货单:8020110295开票：0920761343,S,1,成功
TCL202604170005,1-7TMY03,1-6EL1M0,14102894,HLB-6decf93b-f2bc-11f0-8cdb-0c42a112278c,,1870.0,0,5112430009,8020110295.0,920761343,2026-04-17,13:05:31,销售订单5112430009创建成功交货单:8020110295开票：0920761343,S,1,成功
TCL202604170005,1-7TMY03,1-6EL1M1,14102894,HLB-6decf953-f2bc-11f0-8cdb-0c42a112278c,,1870.0,0,5112430009,8020110295.0,920761343,2026-04-17,13:05:31,销售订单5112430009创建成功交货单:8020110295开票：0920761343,S,1,成功
TCL202604170005,1-7TMY03,1-6EL1M2,14102894,HLB-6decf967-f2bc-11f0-8cdb-0c42a112278c,,1870.0,0,5112430009,8020110295.0,920761343,2026-04-17,13:05:31,销售订单5112430009创建成功交货单:8020110295开票：0920761343,S,1,成功
TCL202604170005,1-7TMY03,1-6EL1M3,14102894,HLB-6decf97c-f2bc-11f0-8cdb-0c42a112278c,,1870.0,0,5112430009,8020110295.0,920761343,2026-04-17,13:05:31,销售订单5112430009创建成功交货单:8020110295开票：0920761343,S,1,成功
TCL202604170005,1-7TMY03,1-6EL1M4,14102894,HLB-6decf98f-f2bc-11f0-8cdb-0c42a112278c,,1870.0,0,5112430009,8020110295.0,920761343,2026-04-17,13:05:31,销售订单5112430009创建成功交货单:8020110295开票：0920761343,S,1,成功
TCL202604170005,1-7TMY03,1-6EL1M5,14102894,HLB-6decf9a5-f2bc-11f0-8cdb-0c42a112278c,,1870.0,0,5112430009,8020110295.0,920761343,2026-04-17,13:05:31,销售订单5112430009创建成功交货单:8020110295开票：0920761343,S,1,成功
TCL202604170005,1-7TMY03,1-6EL1M6,14102894,HLB-6decf9bb-f2bc-11f0-8cdb-0c42a112278c,,1870.0,0,5112430009,8020110295.0,920761343,2026-04-17,13:05:31,销售订单5112430009创建成功交货单:8020110295开票：0920761343,S,1,成功
TCL202604170005,1-7TMY03,1-6EL1M7,14102894,HLB-6decf9d1-f2bc-11f0-8cdb-0c42a112278c,,1870.0,0,5112430009,8020110295.0,920761343,2026-04-17,13:05:31,销售订单5112430009创建成功交货单:8020110295开票：0920761343,S,1,成功
TCL202604170005,1-7TMY03,1-6EL1M8,14102894,HLB-6decf9e5-f2bc-11f0-8cdb-0c42a112278c,,1870.0,0,5112430009,8020110295.0,920761343,2026-04-17,13:05:31,销售订单5112430009创建成功交货单:8020110295开票：0920761343,S,1,成功
TCL202604170005,1-7TMY03,1-6EL1M9,14102894,HLB-6decf9fa-f2bc-11f0-8cdb-0c42a112278c,,1870.0,0,5112430009,8020110295.0,920761343,2026-04-17,13:05:31,销售订单5112430009创建成功交货单:8020110295开票：0920761343,S,1,成功
TCL202604170005,1-7TMY03,1-6EL1MA,14102894,HLB-6decfa0d-f2bc-11f0-8cdb-0c42a112278c,,1870.0,0,5112430009,8020110295.0,920761343,2026-04-17,13:05:31,销售订单5112430009创建成功交货单:8020110295开票：0920761343,S,1,成功
TCL202604170005,1-7TMY03,1-6EL1MB,14102894,HLB-6decfa20-f2bc-11f0-8cdb-0c42a112278c,,1870.0,0,5112430009,8020110295.0,920761343,2026-04-17,13:05:31,销售订单5112430009创建成功交货单:8020110295开票：0920761343,S,1,成功
TCL202604170005,1-7TMY03,1-6EL1MC,14102894,HLB-6decfa4a-f2bc-11f0-8cdb-0c42a112278c,,1870.0,0,5112430009,8020110295.0,920761343,2026-04-17,13:05:31,销售订单5112430009创建成功交货单:8020110295开票：0920761343,S,1,成功
TCL202604170005,1-7TMY03,1-6EL1MD,14102894,HLB-6decfa5e-f2bc-11f0-8cdb-0c42a112278c,,1870.0,0,5112430009,8020110295.0,920761343,2026-04-17,13:05:31,销售订单5112430009创建成功交货单:8020110295开票：0920761343,S,1,成功
TCL202604170005,1-7TMY03,1-6EL1ME,14102894,HLB-6decfa72-f2bc-11f0-8cdb-0c42a112278c,,1870.0,0,5112430009,8020110295.0,920761343,2026-04-17,13:05:31,销售订单5112430009创建成功交货单:8020110295开票：0920761343,S,1,成功
TCL202604170005,1-7TMY03,1-6EM4RT,14102923,HLB-c0117d91-f2bc-11f0-8cdb-0c42a112278c,,1870.0,0,5112430009,8020110295.0,920761343,2026-04-17,13:05:31,销售订单5112430009创建成功交货单:8020110295开票：0920761343,S,1,成功
TCL202604170005,1-7TMY03,1-6EM4RU,14102923,HLB-c0117dfb-f2bc-11f0-8cdb-0c42a112278c,,1870.0,0,5112430009,8020110295.0,920761343,2026-04-17,13:05:31,销售订单5112430009创建成功交货单:8020110295开票：0920761343,S,1,成功
TCL202604170005,1-7TMY03,1-6EM4RV,14102923,HLB-c0117e17-f2bc-11f0-8cdb-0c42a112278c,,1870.0,0,5112430009,8020110295.0,920761343,2026-04-17,13:05:31,销售订单5112430009创建成功交货单:8020110295开票：0920761343,S,1,成功
TCL202604170005,1-7TMY03,1-6EM4RW,14102923,HLB-c0117e32-f2bc-11f0-8cdb-0c42a112278c,,1870.0,0,5112430009,8020110295.0,920761343,2026-04-17,13:05:31,销售订单5112430009创建成功交货单:8020110295开票：0920761343,S,1,成功
TCL202604170005,1-7TMY03,1-6EM4S7,14102923,HLB-c0117e55-f2bc-11f0-8cdb-0c42a112278c,,1870.0,0,5112430009,8020110295.0,920761343,2026-04-17,13:05:31,销售订单5112430009创建成功交货单:8020110295开票：0920761343,S,1,成功
TCL202604170005,1-7TMY03,1-6EM4S8,14102923,HLB-c0117e70-f2bc-11f0-8cdb-0c42a112278c,,1870.0,0,5112430009,8020110295.0,920761343,2026-04-17,13:05:31,销售订单5112430009创建成功交货单:8020110295开票：0920761343,S,1,成功
TCL202604170005,1-7TMY03,1-6EM4S9,14102923,HLB-c0117e8f-f2bc-11f0-8cdb-0c42a112278c,,1870.0,0,5112430009,8020110295.0,920761343,2026-04-17,13:05:31,销售订单5112430009创建成功交货单:8020110295开票：0920761343,S,1,成功
TCL202604170005,1-7TMY03,1-6EM4SA,14102923,HLB-c0117eab-f2bc-11f0-8cdb-0c42a112278c,,1870.0,0,5112430009,8020110295.0,920761343,2026-04-17,13:05:31,销售订单5112430009创建成功交货单:8020110295开票：0920761343,S,1,成功
TCL202604170005,1-7TMY03,1-6EM4SB,14102923,HLB-c0117f19-f2bc-11f0-8cdb-0c42a112278c,,1870.0,0,5112430009,8020110295.0,920761343,2026-04-17,13:05:31,销售订单5112430009创建成功交货单:8020110295开票：0920761343,S,1,成功
TCL202604170005,1-7TMY03,1-6EM4SC,14102923,HLB-c0117f55-f2bc-11f0-8cdb-0c42a112278c,,1870.0,0,5112430009,8020110295.0,920761343,2026-04-17,13:05:31,销售订单5112430009创建成功交货单:8020110295开票：0920761343,S,1,成功
TCL202604170005,1-7TMY03,1-6EM4SD,14102923,HLB-c0117f73-f2bc-11f0-8cdb-0c42a112278c,,1870.0,0,5112430009,8020110295.0,920761343,2026-04-17,13:05:31,销售订单5112430009创建成功交货单:8020110295开票：0920761343,S,1,成功
TCL202604170005,1-7TMY03,1-6EM4SE,14102923,HLB-c0117f95-f2bc-11f0-8cdb-0c42a112278c,,1870.0,0,5112430009,8020110295.0,920761343,2026-04-17,13:05:31,销售订单5112430009创建成功交货单:8020110295开票：0920761343,S,1,成功
TCL202604170005,1-7TMY03,1-6EM4SF,14102923,HLB-c0117fb1-f2bc-11f0-8cdb-0c42a112278c,,1870.0,0,5112430009,8020110295.0,920761343,2026-04-17,13:05:31,销售订单5112430009创建成功交货单:8020110295开票：0920761343,S,1,成功
TCL202604170005,1-7TMY03,1-6EM4SG,14102923,HLB-c0117fcc-f2bc-11f0-8cdb-0c42a112278c,,1870.0,0,5112430009,8020110295.0,920761343,2026-04-17,13:05:31,销售订单5112430009创建成功交货单:8020110295开票：0920761343,S,1,成功
TCL202604170005,1-7TMY03,1-6EM4SH,14102923,HLB-c0117fe6-f2bc-11f0-8cdb-0c42a112278c,,1870.0,0,5112430009,8020110295.0,920761343,2026-04-17,13:05:31,销售订单5112430009创建成功交货单:8020110295开票：0920761343,S,1,成功
TCL202604170005,1-7TMY03,1-6EM4SI,14102923,HLB-c0118001-f2bc-11f0-8cdb-0c42a112278c,,1870.0,0,5112430009,8020110295.0,920761343,2026-04-17,13:05:31,销售订单5112430009创建成功交货单:8020110295开票：0920761343,S,1,成功
TCL202604170005,1-7TMY03,1-6EM4SJ,14102923,HLB-c0118019-f2bc-11f0-8cdb-0c42a112278c,,1870.0,0,5112430009,8020110295.0,920761343,2026-04-17,13:05:31,销售订单5112430009创建成功交货单:8020110295开票：0920761343,S,1,成功
TCL202604170005,1-7TMY03,1-6EM4SK,14102923,HLB-c0118034-f2bc-11f0-8cdb-0c42a112278c,,1870.0,0,5112430009,8020110295.0,920761343,2026-04-17,13:05:31,销售订单5112430009创建成功交货单:8020110295开票：0920761343,S,1,成功
TCL202604170005,1-7TMY03,1-6EM4SL,14102923,HLB-c0118053-f2bc-11f0-8cdb-0c42a112278c,,1870.0,0,5112430009,8020110295.0,920761343,2026-04-17,13:05:31,销售订单5112430009创建成功交货单:8020110295开票：0920761343,S,1,成功
TCL202604170005,1-7TMY03,1-6EM4SM,14102923,HLB-c0118069-f2bc-11f0-8cdb-0c42a112278c,,1870.0,0,5112430009,8020110295.0,920761343,2026-04-17,13:05:31,销售订单5112430009创建成功交货单:8020110295开票：0920761343,S,1,成功
TCL202604170005,1-7TMY03,1-6EM4SN,14102923,HLB-c0118081-f2bc-11f0-8cdb-0c42a112278c,,1870.0,0,5112430009,8020110295.0,920761343,2026-04-17,13:05:31,销售订单5112430009创建成功交货单:8020110295开票：0920761343,S,1,成功
TCL202604170005,1-7TMY03,1-6EM4SO,14102923,HLB-c011809c-f2bc-11f0-8cdb-0c42a112278c,,1870.0,0,5112430009,8020110295.0,920761343,2026-04-17,13:05:31,销售订单5112430009创建成功交货单:8020110295开票：0920761343,S,1,成功
TCL202604170005,1-7TMY03,1-6EM4SP,14102923,HLB-c01180b0-f2bc-11f0-8cdb-0c42a112278c,,1870.0,0,5112430009,8020110295.0,920761343,2026-04-17,13:05:31,销售订单5112430009创建成功交货单:8020110295开票：0920761343,S,1,成功
TCL202604170005,1-7TMY03,1-6EM4SQ,14102923,HLB-c01180cd-f2bc-11f0-8cdb-0c42a112278c,,1870.0,0,5112430009,8020110295.0,920761343,2026-04-17,13:05:31,销售订单5112430009创建成功交货单:8020110295开票：0920761343,S,1,成功
TCL202604170005,1-7TMY03,1-6EM4SR,14102923,HLB-c01180e7-f2bc-11f0-8cdb-0c42a112278c,,1870.0,0,5112430009,8020110295.0,920761343,2026-04-17,13:05:31,销售订单5112430009创建成功交货单:8020110295开票：0920761343,S,1,成功
TCL202604170005,1-7TMY03,1-6EM4SS,14102923,HLB-c0118112-f2bc-11f0-8cdb-0c42a112278c,,1870.0,0,5112430009,8020110295.0,920761343,2026-04-17,13:05:31,销售订单5112430009创建成功交货单:8020110295开票：0920761343,S,1,成功
TCL202604170005,1-7TMY03,1-6EM4ST,14102923,HLB-c0118128-f2bc-11f0-8cdb-0c42a112278c,,1870.0,0,5112430009,8020110295.0,920761343,2026-04-17,13:05:31,销售订单5112430009创建成功交货单:8020110295开票：0920761343,S,1,成功
TCL202604170005,1-7TMY03,1-6EM4SU,14102923,HLB-c011813d-f2bc-11f0-8cdb-0c42a112278c,,1870.0,0,5112430009,8020110295.0,920761343,2026-04-17,13:05:31,销售订单5112430009创建成功交货单:8020110295开票：0920761343,S,1,成功
TCL202604170005,1-7TMY03,1-6EM4SV,14102923,HLB-c0118151-f2bc-11f0-8cdb-0c42a112278c,,1870.0,0,5112430009,8020110295.0,920761343,2026-04-17,13:05:31,销售订单5112430009创建成功交货单:8020110295开票：0920761343,S,1,成功
TCL202604170005,1-7TMY03,1-6EM4SW,14102923,HLB-c0118165-f2bc-11f0-8cdb-0c42a112278c,,1870.0,0,5112430009,8020110295.0,920761343,2026-04-17,13:05:31,销售订单5112430009创建成功交货单:8020110295开票：0920761343,S,1,成功
TCL202604170005,1-7TMY03,1-6EMFOS,14102924,HLB-c011817e-f2bc-11f0-8cdb-0c42a112278c,,1870.0,0,5112430009,8020110295.0,920761343,2026-04-17,13:05:31,销售订单5112430009创建成功交货单:8020110295开票：0920761343,S,1,成功
TCL202604170005,1-7TMY03,1-6EMFOT,14102924,HLB-c0118194-f2bc-11f0-8cdb-0c42a112278c,,1870.0,0,5112430009,8020110295.0,920761343,2026-04-17,13:05:31,销售订单5112430009创建成功交货单:8020110295开票：0920761343,S,1,成功
TCL202604170005,1-7TMY03,1-6EMFOU,14102924,HLB-c01181aa-f2bc-11f0-8cdb-0c42a112278c,,1870.0,0,5112430009,8020110295.0,920761343,2026-04-17,13:05:31,销售订单5112430009创建成功交货单:8020110295开票：0920761343,S,1,成功
TCL202604170005,1-7TMY03,1-6EMFOV,14102924,HLB-c01181bf-f2bc-11f0-8cdb-0c42a112278c,,1870.0,0,5112430009,8020110295.0,920761343,2026-04-17,13:05:31,销售订单5112430009创建成功交货单:8020110295开票：0920761343,S,1,成功
TCL202604170005,1-7TMY03,1-6EMFOW,14102924,HLB-c01181d2-f2bc-11f0-8cdb-0c42a112278c,,1870.0,0,5112430009,8020110295.0,920761343,2026-04-17,13:05:31,销售订单5112430009创建成功交货单:8020110295开票：0920761343,S,1,成功
TCL202604170005,1-7TMY03,1-6EMFOX,14102924,HLB-c01181e6-f2bc-11f0-8cdb-0c42a112278c,,1870.0,0,5112430009,8020110295.0,920761343,2026-04-17,13:05:31,销售订单5112430009创建成功交货单:8020110295开票：0920761343,S,1,成功
TCL202604170005,1-7TMY03,1-6EMFOY,14102924,HLB-c01181fb-f2bc-11f0-8cdb-0c42a112278c,,1870.0,0,5112430009,8020110295.0,920761343,2026-04-17,13:05:31,销售订单5112430009创建成功交货单:8020110295开票：0920761343,S,1,成功
TCL202604170005,1-7TMY03,1-6EMFOZ,14102924,HLB-c011820f-f2bc-11f0-8cdb-0c42a112278c,,1870.0,0,5112430009,8020110295.0,920761343,2026-04-17,13:05:31,销售订单5112430009创建成功交货单:8020110295开票：0920761343,S,1,成功
TCL202604170005,1-7TMY03,1-6EMFP0,14102924,HLB-c0118224-f2bc-11f0-8cdb-0c42a112278c,,1870.0,0,5112430009,8020110295.0,920761343,2026-04-17,13:05:31,销售订单5112430009创建成功交货单:8020110295开票：0920761343,S,1,成功
TCL202604170005,1-7TMY03,1-6EMFP1,14102924,HLB-c0118239-f2bc-11f0-8cdb-0c42a112278c,,1870.0,0,5112430009,8020110295.0,920761343,2026-04-17,13:05:31,销售订单5112430009创建成功交货单:8020110295开票：0920761343,S,1,成功
TCL202604170005,1-7TMY03,1-6EMFP2,14102924,HLB-c0118266-f2bc-11f0-8cdb-0c42a112278c,,1870.0,0,5112430009,8020110295.0,920761343,2026-04-17,13:05:31,销售订单5112430009创建成功交货单:8020110295开票：0920761343,S,1,成功
TCL202604170005,1-7TMY03,1-6EMFP3,14102924,HLB-c011827d-f2bc-11f0-8cdb-0c42a112278c,,1870.0,0,5112430009,8020110295.0,920761343,2026-04-17,13:05:31,销售订单5112430009创建成功交货单:8020110295开票：0920761343,S,1,成功
TCL202604170005,1-7TMY03,1-6EMFP4,14102924,HLB-c0118291-f2bc-11f0-8cdb-0c42a112278c,,1870.0,0,5112430009,8020110295.0,920761343,2026-04-17,13:05:31,销售订单5112430009创建成功交货单:8020110295开票：0920761343,S,1,成功
TCL202604170005,1-7TMY03,1-6EMFP5,14102924,HLB-c01182a5-f2bc-11f0-8cdb-0c42a112278c,,1870.0,0,5112430009,8020110295.0,920761343,2026-04-17,13:05:31,销售订单5112430009创建成功交货单:8020110295开票：0920761343,S,1,成功
TCL202604170005,1-7TMY03,1-6EMFP6,14102924,HLB-c01182b9-f2bc-11f0-8cdb-0c42a112278c,,1870.0,0,5112430009,8020110295.0,920761343,2026-04-17,13:05:31,销售订单5112430009创建成功交货单:8020110295开票：0920761343,S,1,成功
TCL202604170005,1-7TMY03,1-6EMFP7,14102924,HLB-c01182cd-f2bc-11f0-8cdb-0c42a112278c,,1870.0,0,5112430009,8020110295.0,920761343,2026-04-17,13:05:31,销售订单5112430009创建成功交货单:8020110295开票：0920761343,S,1,成功
TCL202604170005,1-7TMY03,1-6EMFP8,14102924,HLB-c01182e0-f2bc-11f0-8cdb-0c42a112278c,,1870.0,0,5112430009,8020110295.0,920761343,2026-04-17,13:05:31,销售订单5112430009创建成功交货单:8020110295开票：0920761343,S,1,成功
TCL202604170005,1-7TMY03,1-6EMFP9,14102924,HLB-c01182f4-f2bc-11f0-8cdb-0c42a112278c,,1870.0,0,5112430009,8020110295.0,920761343,2026-04-17,13:05:31,销售订单5112430009创建成功交货单:8020110295开票：0920761343,S,1,成功
TCL202604170005,1-7TMY03,1-6EMFPA,14102924,HLB-c0118307-f2bc-11f0-8cdb-0c42a112278c,,1870.0,0,5112430009,8020110295.0,920761343,2026-04-17,13:05:31,销售订单5112430009创建成功交货单:8020110295开票：0920761343,S,1,成功
TCL202604170005,1-7TMY03,1-6EMFPB,14102924,HLB-c011831d-f2bc-11f0-8cdb-0c42a112278c,,1870.0,0,5112430009,8020110295.0,920761343,2026-04-17,13:05:31,销售订单5112430009创建成功交货单:8020110295开票：0920761343,S,1,成功
TCL202604170005,1-7TMY03,1-6EMFPC,14102924,HLB-c026f530-f2bc-11f0-8cdb-0c42a112278c,,1870.0,0,5112430009,8020110295.0,920761343,2026-04-17,13:05:31,销售订单5112430009创建成功交货单:8020110295开票：0920761343,S,1,成功
TCL202604170005,1-7TMY03,1-6EMFPD,14102924,HLB-c026f58a-f2bc-11f0-8cdb-0c42a112278c,,1870.0,0,5112430009,8020110295.0,920761343,2026-04-17,13:05:31,销售订单5112430009创建成功交货单:8020110295开票：0920761343,S,1,成功
TCL202604170005,1-7TMY03,1-6EMFPE,14102924,HLB-c026f5a0-f2bc-11f0-8cdb-0c42a112278c,,1870.0,0,5112430009,8020110295.0,920761343,2026-04-17,13:05:31,销售订单5112430009创建成功交货单:8020110295开票：0920761343,S,1,成功
TCL202604170005,1-7TMY03,1-6EMFPF,14102924,HLB-c026f5b5-f2bc-11f0-8cdb-0c42a112278c,,1870.0,0,5112430009,8020110295.0,920761343,2026-04-17,13:05:31,销售订单5112430009创建成功交货单:8020110295开票：0920761343,S,1,成功
TCL202604170005,1-7TMY03,1-6EMFPG,14102924,HLB-c026f5c9-f2bc-11f0-8cdb-0c42a112278c,,1870.0,0,5112430009,8020110295.0,920761343,2026-04-17,13:05:31,销售订单5112430009创建成功交货单:8020110295开票：0920761343,S,1,成功
TCL202604170005,1-7TMY03,1-6EMFPH,14102924,HLB-c026f5de-f2bc-11f0-8cdb-0c42a112278c,,1870.0,0,5112430009,8020110295.0,920761343,2026-04-17,13:05:31,销售订单5112430009创建成功交货单:8020110295开票：0920761343,S,1,成功
TCL202604170005,1-7TMY03,1-6EMFPI,14102924,HLB-c026f5f1-f2bc-11f0-8cdb-0c42a112278c,,1870.0,0,5112430009,8020110295.0,920761343,2026-04-17,13:05:31,销售订单5112430009创建成功交货单:8020110295开票：0920761343,S,1,成功
TCL202604170005,1-7TMY03,1-6EMFPJ,14102924,HLB-c026f606-f2bc-11f0-8cdb-0c42a112278c,,1870.0,0,5112430009,8020110295.0,920761343,2026-04-17,13:05:31,销售订单5112430009创建成功交货单:8020110295开票：0920761343,S,1,成功
TCL202604170005,1-7TMY03,1-6EMFPK,14102924,HLB-c026f61a-f2bc-11f0-8cdb-0c42a112278c,,1870.0,0,5112430009,8020110295.0,920761343,2026-04-17,13:05:31,销售订单5112430009创建成功交货单:8020110295开票：0920761343,S,1,成功
TCL202604170005,1-7TMY03,1-6EMFPL,14102924,HLB-c026f62d-f2bc-11f0-8cdb-0c42a112278c,,1870.0,0,5112430009,8020110295.0,920761343,2026-04-17,13:05:31,销售订单5112430009创建成功交货单:8020110295开票：0920761343,S,1,成功
TCL202604170005,1-7TMY03,1-6EMG74,14102893,HLB-6decf573-f2bc-11f0-8cdb-0c42a112278c,,1870.0,0,5112430009,8020110295.0,920761343,2026-04-17,13:05:31,销售订单5112430009创建成功交货单:8020110295开票：0920761343,S,1,成功
TCL202604170005,1-7TMY03,1-6EMG75,14102893,HLB-6decf5d9-f2bc-11f0-8cdb-0c42a112278c,,1870.0,0,5112430009,8020110295.0,920761343,2026-04-17,13:05:31,销售订单5112430009创建成功交货单:8020110295开票：0920761343,S,1,成功
TCL202604170005,1-7TMY03,1-6EMG76,14102893,HLB-6decf5f6-f2bc-11f0-8cdb-0c42a112278c,,1870.0,0,5112430009,8020110295.0,920761343,2026-04-17,13:05:31,销售订单5112430009创建成功交货单:8020110295开票：0920761343,S,1,成功
TCL202604170005,1-7TMY03,1-6EMG77,14102893,HLB-6decf60e-f2bc-11f0-8cdb-0c42a112278c,,1870.0,0,5112430009,8020110295.0,920761343,2026-04-17,13:05:31,销售订单5112430009创建成功交货单:8020110295开票：0920761343,S,1,成功
TCL202604170005,1-7TMY03,1-6EMG78,14102893,HLB-6decf626-f2bc-11f0-8cdb-0c42a112278c,,1870.0,0,5112430009,8020110295.0,920761343,2026-04-17,13:05:31,销售订单5112430009创建成功交货单:8020110295开票：0920761343,S,1,成功
TCL202604170005,1-7TMY03,1-6EMG79,14102893,HLB-6decf640-f2bc-11f0-8cdb-0c42a112278c,,1870.0,0,5112430009,8020110295.0,920761343,2026-04-17,13:05:31,销售订单5112430009创建成功交货单:8020110295开票：0920761343,S,1,成功
TCL202604170005,1-7TMY03,1-6EMG7A,14102893,HLB-6decf657-f2bc-11f0-8cdb-0c42a112278c,,1870.0,0,5112430009,8020110295.0,920761343,2026-04-17,13:05:31,销售订单5112430009创建成功交货单:8020110295开票：0920761343,S,1,成功
TCL202604170005,1-7TMY03,1-6EMG7B,14102893,HLB-6decf672-f2bc-11f0-8cdb-0c42a112278c,,1870.0,0,5112430009,8020110295.0,920761343,2026-04-17,13:05:31,销售订单5112430009创建成功交货单:8020110295开票：0920761343,S,1,成功
TCL202604170005,1-7TMY03,1-6EMG7C,14102893,HLB-6decf68a-f2bc-11f0-8cdb-0c42a112278c,,1870.0,0,5112430009,8020110295.0,920761343,2026-04-17,13:05:31,销售订单5112430009创建成功交货单:8020110295开票：0920761343,S,1,成功
TCL202604170005,1-7TMY03,1-6EMG7D,14102893,HLB-6decf6b8-f2bc-11f0-8cdb-0c42a112278c,,1870.0,0,5112430009,8020110295.0,920761343,2026-04-17,13:05:31,销售订单5112430009创建成功交货单:8020110295开票：0920761343,S,1,成功
TCL202604170005,1-7TMY03,1-6EMG7E,14102893,HLB-6decf6d2-f2bc-11f0-8cdb-0c42a112278c,,1870.0,0,5112430009,8020110295.0,920761343,2026-04-17,13:05:31,销售订单5112430009创建成功交货单:8020110295开票：0920761343,S,1,成功
TCL202604170005,1-7TMY03,1-6EMG7F,14102893,HLB-6decf6ea-f2bc-11f0-8cdb-0c42a112278c,,1870.0,0,5112430009,8020110295.0,920761343,2026-04-17,13:05:31,销售订单5112430009创建成功交货单:8020110295开票：0920761343,S,1,成功
TCL202604170005,1-7TMY03,1-6EMG7G,14102893,HLB-6decf6ff-f2bc-11f0-8cdb-0c42a112278c,,1870.0,0,5112430009,8020110295.0,920761343,2026-04-17,13:05:31,销售订单5112430009创建成功交货单:8020110295开票：0920761343,S,1,成功
TCL202604170005,1-7TMY03,1-6EMG7H,14102893,HLB-6decf715-f2bc-11f0-8cdb-0c42a112278c,,1870.0,0,5112430009,8020110295.0,920761343,2026-04-17,13:05:31,销售订单5112430009创建成功交货单:8020110295开票：0920761343,S,1,成功
TCL202604170005,1-7TMY03,1-6EMG7I,14102893,HLB-6decf729-f2bc-11f0-8cdb-0c42a112278c,,1870.0,0,5112430009,8020110295.0,920761343,2026-04-17,13:05:31,销售订单5112430009创建成功交货单:8020110295开票：0920761343,S,1,成功
TCL202604170005,1-7TMY03,1-6EMG7J,14102893,HLB-6decf73e-f2bc-11f0-8cdb-0c42a112278c,,1870.0,0,5112430009,8020110295.0,920761343,2026-04-17,13:05:31,销售订单5112430009创建成功交货单:8020110295开票：0920761343,S,1,成功
TCL202604170005,1-7TMY03,1-6EMG7K,14102893,HLB-6decf777-f2bc-11f0-8cdb-0c42a112278c,,1870.0,0,5112430009,8020110295.0,920761343,2026-04-17,13:05:31,销售订单5112430009创建成功交货单:8020110295开票：0920761343,S,1,成功
TCL202604170005,1-7TMY03,1-6EMG7L,14102893,HLB-6decf78d-f2bc-11f0-8cdb-0c42a112278c,,1870.0,0,5112430009,8020110295.0,920761343,2026-04-17,13:05:31,销售订单5112430009创建成功交货单:8020110295开票：0920761343,S,1,成功
TCL202604170005,1-7TMY03,1-6EMG7M,14102893,HLB-6decf7a2-f2bc-11f0-8cdb-0c42a112278c,,1870.0,0,5112430009,8020110295.0,920761343,2026-04-17,13:05:31,销售订单5112430009创建成功交货单:8020110295开票：0920761343,S,1,成功
TCL202604170005,1-7TMY03,1-6EMG7N,14102893,HLB-6decf7b9-f2bc-11f0-8cdb-0c42a112278c,,1870.0,0,5112430009,8020110295.0,920761343,2026-04-17,13:05:31,销售订单5112430009创建成功交货单:8020110295开票：0920761343,S,1,成功
TCL202604170005,1-7TMY03,1-6P6KLJ,14181826,HLB-ee53fc59-fb29-11f0-8cdb-0c42a112278c,,1870.0,0,5112430009,8020110295.0,920761343,2026-04-17,13:05:31,销售订单5112430009创建成功交货单:8020110295开票：0920761343,S,1,成功
TCL202604170005,1-7TMY03,1-6P6KLK,14181826,HLB-ee53fcb5-fb29-11f0-8cdb-0c42a112278c,,1870.0,0,5112430009,8020110295.0,920761343,2026-04-17,13:05:31,销售订单5112430009创建成功交货单:8020110295开票：0920761343,S,1,成功
TCL202604170005,1-7TMY03,1-6P6KLL,14181826,HLB-ee53fcce-fb29-11f0-8cdb-0c42a112278c,,1870.0,0,5112430009,8020110295.0,920761343,2026-04-17,13:05:31,销售订单5112430009创建成功交货单:8020110295开票：0920761343,S,1,成功
TCL202604170005,1-7TMY03,1-6P6KLM,14181826,HLB-ee53fce7-fb29-11f0-8cdb-0c42a112278c,,1870.0,0,5112430009,8020110295.0,920761343,2026-04-17,13:05:31,销售订单5112430009创建成功交货单:8020110295开票：0920761343,S,1,成功
TCL202604170005,1-7TMY03,1-6P6KLN,14181826,HLB-ee53fd07-fb29-11f0-8cdb-0c42a112278c,,1870.0,0,5112430009,8020110295.0,920761343,2026-04-17,13:05:31,销售订单5112430009创建成功交货单:8020110295开票：0920761343,S,1,成功
TCL202604170005,1-7TMY03,1-6P6KLO,14181826,HLB-ee53fd29-fb29-11f0-8cdb-0c42a112278c,,1870.0,0,5112430009,8020110295.0,920761343,2026-04-17,13:05:31,销售订单5112430009创建成功交货单:8020110295开票：0920761343,S,1,成功
TCL202604170005,1-7TMY03,1-6P6KLP,14181826,HLB-ee53fd42-fb29-11f0-8cdb-0c42a112278c,,1870.0,0,5112430009,8020110295.0,920761343,2026-04-17,13:05:31,销售订单5112430009创建成功交货单:8020110295开票：0920761343,S,1,成功
TCL202604170005,1-7TMY03,1-6P6KLQ,14181826,HLB-ee53fd5c-fb29-11f0-8cdb-0c42a112278c,,1870.0,0,5112430009,8020110295.0,920761343,2026-04-17,13:05:31,销售订单5112430009创建成功交货单:8020110295开票：0920761343,S,1,成功
TCL202604170005,1-7TMY03,1-6P6KLR,14181826,HLB-ee53fd74-fb29-11f0-8cdb-0c42a112278c,,1870.0,0,5112430009,8020110295.0,920761343,2026-04-17,13:05:31,销售订单5112430009创建成功交货单:8020110295开票：0920761343,S,1,成功
TCL202604170005,1-7TMY03,1-6P6KLS,14181826,HLB-ee53fd8e-fb29-11f0-8cdb-0c42a112278c,,1870.0,0,5112430009,8020110295.0,920761343,2026-04-17,13:05:31,销售订单5112430009创建成功交货单:8020110295开票：0920761343,S,1,成功
TCL202604170005,1-7TMY03,1-6P6KLT,14181826,HLB-ee53fda5-fb29-11f0-8cdb-0c42a112278c,,1870.0,0,5112430009,8020110295.0,920761343,2026-04-17,13:05:31,销售订单5112430009创建成功交货单:8020110295开票：0920761343,S,1,成功
TCL202604170005,1-7TMY03,1-6P6KLU,14181826,HLB-ee53fdc0-fb29-11f0-8cdb-0c42a112278c,,1870.0,0,5112430009,8020110295.0,920761343,2026-04-17,13:05:31,销售订单5112430009创建成功交货单:8020110295开票：0920761343,S,1,成功
TCL202604170005,1-7TMY03,1-6P6KLV,14181826,HLB-ee53fdd7-fb29-11f0-8cdb-0c42a112278c,,1870.0,0,5112430009,8020110295.0,920761343,2026-04-17,13:05:31,销售订单5112430009创建成功交货单:8020110295开票：0920761343,S,1,成功
TCL202604170005,1-7TMY03,1-6P6KLW,14181826,HLB-ee53fdef-fb29-11f0-8cdb-0c42a112278c,,1870.0,0,5112430009,8020110295.0,920761343,2026-04-17,13:05:31,销售订单5112430009创建成功交货单:8020110295开票：0920761343,S,1,成功
TCL202604170005,1-7TMY03,1-6P6KLX,14181826,HLB-ee53fe06-fb29-11f0-8cdb-0c42a112278c,,1870.0,0,5112430009,8020110295.0,920761343,2026-04-17,13:05:31,销售订单5112430009创建成功交货单:8020110295开票：0920761343,S,1,成功
TCL202604170005,1-7TMY03,1-6P6KLY,14181826,HLB-ee53fe1b-fb29-11f0-8cdb-0c42a112278c,,1870.0,0,5112430009,8020110295.0,920761343,2026-04-17,13:05:31,销售订单5112430009创建成功交货单:8020110295开票：0920761343,S,1,成功
TCL202604170005,1-7TMY03,1-6P6KLZ,14181826,HLB-ee53fe30-fb29-11f0-8cdb-0c42a112278c,,1870.0,0,5112430009,8020110295.0,920761343,2026-04-17,13:05:31,销售订单5112430009创建成功交货单:8020110295开票：0920761343,S,1,成功
TCL202604170005,1-7TMY03,1-6P6KM0,14181826,HLB-ee53fe45-fb29-11f0-8cdb-0c42a112278c,,1870.0,0,5112430009,8020110295.0,920761343,2026-04-17,13:05:31,销售订单5112430009创建成功交货单:8020110295开票：0920761343,S,1,成功
TCL202604170005,1-7TMY03,1-6P6KM1,14181826,HLB-ee53fe5b-fb29-11f0-8cdb-0c42a112278c,,1870.0,0,5112430009,8020110295.0,920761343,2026-04-17,13:05:31,销售订单5112430009创建成功交货单:8020110295开票：0920761343,S,1,成功
TCL202604170005,1-7TMY03,1-6P6KM2,14181826,HLB-ee53fe70-fb29-11f0-8cdb-0c42a112278c,,1870.0,0,5112430009,8020110295.0,920761343,2026-04-17,13:05:31,销售订单5112430009创建成功交货单:8020110295开票：0920761343,S,1,成功
TCL202604170005,1-7TMY03,1-6P6KM3,14181826,HLB-ee53fe87-fb29-11f0-8cdb-0c42a112278c,,1870.0,0,5112430009,8020110295.0,920761343,2026-04-17,13:05:31,销售订单5112430009创建成功交货单:8020110295开票：0920761343,S,1,成功
TCL202604170005,1-7TMY03,1-6P6KM4,14181826,HLB-ee53fea2-fb29-11f0-8cdb-0c42a112278c,,1870.0,0,5112430009,8020110295.0,920761343,2026-04-17,13:05:31,销售订单5112430009创建成功交货单:8020110295开票：0920761343,S,1,成功
TCL202604170005,1-7TMY03,1-6P6KM5,14181826,HLB-ee53feb8-fb29-11f0-8cdb-0c42a112278c,,1870.0,0,5112430009,8020110295.0,920761343,2026-04-17,13:05:31,销售订单5112430009创建成功交货单:8020110295开票：0920761343,S,1,成功
TCL202604170005,1-7TMY03,1-6P6KM6,14181826,HLB-ee53fece-fb29-11f0-8cdb-0c42a112278c,,1870.0,0,5112430009,8020110295.0,920761343,2026-04-17,13:05:31,销售订单5112430009创建成功交货单:8020110295开票：0920761343,S,1,成功
TCL202604170005,1-7TMY03,1-6P6KM7,14181826,HLB-ee53fee4-fb29-11f0-8cdb-0c42a112278c,,1870.0,0,5112430009,8020110295.0,920761343,2026-04-17,13:05:31,销售订单5112430009创建成功交货单:8020110295开票：0920761343,S,1,成功
TCL202604170005,1-7TMY03,1-6P748S,14200820,HLB-d2e516ef-fcd8-11f0-8cdb-0c42a112278c,,1870.0,0,5112430009,8020110295.0,920761343,2026-04-17,13:05:31,销售订单5112430009创建成功交货单:8020110295开票：0920761343,S,1,成功
TCL202604170005,1-7TMY03,1-6P748T,14200820,HLB-d2e5175d-fcd8-11f0-8cdb-0c42a112278c,,1870.0,0,5112430009,8020110295.0,920761343,2026-04-17,13:05:31,销售订单5112430009创建成功交货单:8020110295开票：0920761343,S,1,成功
TCL202604170005,1-7TMY03,1-6P748U,14200820,HLB-d2e5177e-fcd8-11f0-8cdb-0c42a112278c,,1870.0,0,5112430009,8020110295.0,920761343,2026-04-17,13:05:31,销售订单5112430009创建成功交货单:8020110295开票：0920761343,S,1,成功
TCL202604170005,1-7TMY03,1-6P748V,14200820,HLB-d2e5179d-fcd8-11f0-8cdb-0c42a112278c,,1870.0,0,5112430009,8020110295.0,920761343,2026-04-17,13:05:31,销售订单5112430009创建成功交货单:8020110295开票：0920761343,S,1,成功
TCL202604170005,1-7TMY03,1-6P748W,14200820,HLB-d2e517b9-fcd8-11f0-8cdb-0c42a112278c,,1870.0,0,5112430009,8020110295.0,920761343,2026-04-17,13:05:31,销售订单5112430009创建成功交货单:8020110295开票：0920761343,S,1,成功
TCL202604170005,1-7TMY03,1-6P748X,14200820,HLB-d2e517d8-fcd8-11f0-8cdb-0c42a112278c,,1870.0,0,5112430009,8020110295.0,920761343,2026-04-17,13:05:31,销售订单5112430009创建成功交货单:8020110295开票：0920761343,S,1,成功
TCL202604170005,1-7TMY03,1-6P748Y,14200820,HLB-d2e517f0-fcd8-11f0-8cdb-0c42a112278c,,1870.0,0,5112430009,8020110295.0,920761343,2026-04-17,13:05:31,销售订单5112430009创建成功交货单:8020110295开票：0920761343,S,1,成功
TCL202604170005,1-7TMY03,1-6P748Z,14200820,HLB-d2e51826-fcd8-11f0-8cdb-0c42a112278c,,1870.0,0,5112430009,8020110295.0,920761343,2026-04-17,13:05:31,销售订单5112430009创建成功交货单:8020110295开票：0920761343,S,1,成功
TCL202604170005,1-7TMY03,1-6P7490,14200820,HLB-d2e5183e-fcd8-11f0-8cdb-0c42a112278c,,1870.0,0,5112430009,8020110295.0,920761343,2026-04-17,13:05:31,销售订单5112430009创建成功交货单:8020110295开票：0920761343,S,1,成功
TCL202604170005,1-7TMY03,1-6P7491,14200820,HLB-d2e51856-fcd8-11f0-8cdb-0c42a112278c,,1870.0,0,5112430009,8020110295.0,920761343,2026-04-17,13:05:31,销售订单5112430009创建成功交货单:8020110295开票：0920761343,S,1,成功
TCL202604170005,1-7TMY03,1-6P7492,14200820,HLB-d2e5186d-fcd8-11f0-8cdb-0c42a112278c,,1870.0,0,5112430009,8020110295.0,920761343,2026-04-17,13:05:31,销售订单5112430009创建成功交货单:8020110295开票：0920761343,S,1,成功
TCL202604170005,1-7TMY03,1-6P7493,14200820,HLB-d2e51882-fcd8-11f0-8cdb-0c42a112278c,,1870.0,0,5112430009,8020110295.0,920761343,2026-04-17,13:05:31,销售订单5112430009创建成功交货单:8020110295开票：0920761343,S,1,成功
TCL202604170005,1-7TMY03,1-6P7494,14200820,HLB-d2e51896-fcd8-11f0-8cdb-0c42a112278c,,1870.0,0,5112430009,8020110295.0,920761343,2026-04-17,13:05:31,销售订单5112430009创建成功交货单:8020110295开票：0920761343,S,1,成功
TCL202604170005,1-7TMY03,1-6P7495,14200820,HLB-d2e518ad-fcd8-11f0-8cdb-0c42a112278c,,1870.0,0,5112430009,8020110295.0,920761343,2026-04-17,13:05:31,销售订单5112430009创建成功交货单:8020110295开票：0920761343,S,1,成功
TCL202604170005,1-7TMY03,1-6P7496,14200820,HLB-d2e518c3-fcd8-11f0-8cdb-0c42a112278c,,1870.0,0,5112430009,8020110295.0,920761343,2026-04-17,13:05:31,销售订单5112430009创建成功交货单:8020110295开票：0920761343,S,1,成功
TCL202604170005,1-7TMY03,1-6P7497,14200820,HLB-d2e518db-fcd8-11f0-8cdb-0c42a112278c,,1870.0,0,5112430009,8020110295.0,920761343,2026-04-17,13:05:31,销售订单5112430009创建成功交货单:8020110295开票：0920761343,S,1,成功
TCL202604170005,1-7TMY03,1-6P7498,14200820,HLB-d2e518ee-fcd8-11f0-8cdb-0c42a112278c,,1870.0,0,5112430009,8020110295.0,920761343,2026-04-17,13:05:31,销售订单5112430009创建成功交货单:8020110295开票：0920761343,S,1,成功
TCL202604170005,1-7TMY03,1-6P7499,14200820,HLB-d2e51905-fcd8-11f0-8cdb-0c42a112278c,,1870.0,0,5112430009,8020110295.0,920761343,2026-04-17,13:05:31,销售订单5112430009创建成功交货单:8020110295开票：0920761343,S,1,成功
TCL202604170005,1-7TMY03,1-6P749A,14200820,HLB-d2e5192a-fcd8-11f0-8cdb-0c42a112278c,,1870.0,0,5112430009,8020110295.0,920761343,2026-04-17,13:05:31,销售订单5112430009创建成功交货单:8020110295开票：0920761343,S,1,成功
TCL202604170005,1-7TMY03,1-6P749B,14200820,HLB-d2e51940-fcd8-11f0-8cdb-0c42a112278c,,1870.0,0,5112430009,8020110295.0,920761343,2026-04-17,13:05:31,销售订单5112430009创建成功交货单:8020110295开票：0920761343,S,1,成功
TCL202604170005,1-7TMY03,1-6P749C,14200820,HLB-d2e51958-fcd8-11f0-8cdb-0c42a112278c,,1870.0,0,5112430009,8020110295.0,920761343,2026-04-17,13:05:31,销售订单5112430009创建成功交货单:8020110295开票：0920761343,S,1,成功
TCL202604170005,1-7TMY03,1-6P749D,14200820,HLB-d2e5196f-fcd8-11f0-8cdb-0c42a112278c,,1870.0,0,5112430009,8020110295.0,920761343,2026-04-17,13:05:31,销售订单5112430009创建成功交货单:8020110295开票：0920761343,S,1,成功
TCL202604170005,1-7TMY03,1-6P749E,14200820,HLB-d2e51994-fcd8-11f0-8cdb-0c42a112278c,,1870.0,0,5112430009,8020110295.0,920761343,2026-04-17,13:05:31,销售订单5112430009创建成功交货单:8020110295开票：0920761343,S,1,成功
TCL202604170005,1-7TMY03,1-6P749F,14200820,HLB-d2e519ab-fcd8-11f0-8cdb-0c42a112278c,,1870.0,0,5112430009,8020110295.0,920761343,2026-04-17,13:05:31,销售订单5112430009创建成功交货单:8020110295开票：0920761343,S,1,成功
TCL202604170005,1-7TMY03,1-6P749G,14200820,HLB-d2e519bf-fcd8-11f0-8cdb-0c42a112278c,,1870.0,0,5112430009,8020110295.0,920761343,2026-04-17,13:05:31,销售订单5112430009创建成功交货单:8020110295开票：0920761343,S,1,成功
TCL202604170005,1-7TMY03,1-6P793E,14200795,HLB-a009b199-fcd8-11f0-8cdb-0c42a112278c,,1870.0,0,5112430009,8020110295.0,920761343,2026-04-17,13:05:31,销售订单5112430009创建成功交货单:8020110295开票：0920761343,S,1,成功
TCL202604170005,1-7TMY03,1-6P793F,14200795,HLB-a009b1e9-fcd8-11f0-8cdb-0c42a112278c,,1870.0,0,5112430009,8020110295.0,920761343,2026-04-17,13:05:31,销售订单5112430009创建成功交货单:8020110295开票：0920761343,S,1,成功
TCL202604170005,1-7TMY03,1-6P793G,14200795,HLB-a009b207-fcd8-11f0-8cdb-0c42a112278c,,1870.0,0,5112430009,8020110295.0,920761343,2026-04-17,13:05:31,销售订单5112430009创建成功交货单:8020110295开票：0920761343,S,1,成功
TCL202604170005,1-7TMY03,1-6P793H,14200795,HLB-a009b220-fcd8-11f0-8cdb-0c42a112278c,,1870.0,0,5112430009,8020110295.0,920761343,2026-04-17,13:05:31,销售订单5112430009创建成功交货单:8020110295开票：0920761343,S,1,成功
TCL202604170005,1-7TMY03,1-6P793I,14200795,HLB-a009b23d-fcd8-11f0-8cdb-0c42a112278c,,1870.0,0,5112430009,8020110295.0,920761343,2026-04-17,13:05:31,销售订单5112430009创建成功交货单:8020110295开票：0920761343,S,1,成功
TCL202604170005,1-7TMY03,1-6P793J,14200795,HLB-a009b256-fcd8-11f0-8cdb-0c42a112278c,,1870.0,0,5112430009,8020110295.0,920761343,2026-04-17,13:05:31,销售订单5112430009创建成功交货单:8020110295开票：0920761343,S,1,成功
TCL202604170005,1-7TMY03,1-6P793K,14200795,HLB-a009b27f-fcd8-11f0-8cdb-0c42a112278c,,1870.0,0,5112430009,8020110295.0,920761343,2026-04-17,13:05:31,销售订单5112430009创建成功交货单:8020110295开票：0920761343,S,1,成功
TCL202604170005,1-7TMY03,1-6P793L,14200795,HLB-a009b297-fcd8-11f0-8cdb-0c42a112278c,,1870.0,0,5112430009,8020110295.0,920761343,2026-04-17,13:05:31,销售订单5112430009创建成功交货单:8020110295开票：0920761343,S,1,成功
TCL202604170005,1-7TMY03,1-6P793M,14200795,HLB-a009b2b3-fcd8-11f0-8cdb-0c42a112278c,,1870.0,0,5112430009,8020110295.0,920761343,2026-04-17,13:05:31,销售订单5112430009创建成功交货单:8020110295开票：0920761343,S,1,成功
TCL202604170005,1-7TMY03,1-6P793N,14200795,HLB-a009b2c9-fcd8-11f0-8cdb-0c42a112278c,,1870.0,0,5112430009,8020110295.0,920761343,2026-04-17,13:05:31,销售订单5112430009创建成功交货单:8020110295开票：0920761343,S,1,成功
TCL202604170005,1-7TMY03,1-6P793O,14200795,HLB-a009b2e0-fcd8-11f0-8cdb-0c42a112278c,,1870.0,0,5112430009,8020110295.0,920761343,2026-04-17,13:05:31,销售订单5112430009创建成功交货单:8020110295开票：0920761343,S,1,成功
TCL202604170005,1-7TMY03,1-6P793P,14200795,HLB-a009b302-fcd8-11f0-8cdb-0c42a112278c,,1870.0,0,5112430009,8020110295.0,920761343,2026-04-17,13:05:31,销售订单5112430009创建成功交货单:8020110295开票：0920761343,S,1,成功
TCL202604170005,1-7TMY03,1-6P793Q,14200795,HLB-a009b325-fcd8-11f0-8cdb-0c42a112278c,,1870.0,0,5112430009,8020110295.0,920761343,2026-04-17,13:05:31,销售订单5112430009创建成功交货单:8020110295开票：0920761343,S,1,成功
TCL202604170005,1-7TMY03,1-6P793R,14200795,HLB-a009b346-fcd8-11f0-8cdb-0c42a112278c,,1870.0,0,5112430009,8020110295.0,920761343,2026-04-17,13:05:31,销售订单5112430009创建成功交货单:8020110295开票：0920761343,S,1,成功
TCL202604170005,1-7TMY03,1-6P793S,14200795,HLB-a009b36b-fcd8-11f0-8cdb-0c42a112278c,,1870.0,0,5112430009,8020110295.0,920761343,2026-04-17,13:05:31,销售订单5112430009创建成功交货单:8020110295开票：0920761343,S,1,成功
TCL202604170005,1-7TMY03,1-6P793T,14200795,HLB-a009b393-fcd8-11f0-8cdb-0c42a112278c,,1870.0,0,5112430009,8020110295.0,920761343,2026-04-17,13:05:31,销售订单5112430009创建成功交货单:8020110295开票：0920761343,S,1,成功
TCL202604170005,1-7TMY03,1-6P793U,14200795,HLB-a009b3ae-fcd8-11f0-8cdb-0c42a112278c,,1870.0,0,5112430009,8020110295.0,920761343,2026-04-17,13:05:31,销售订单5112430009创建成功交货单:8020110295开票：0920761343,S,1,成功
TCL202604170005,1-7TMY03,1-6P793V,14200795,HLB-a009b3c8-fcd8-11f0-8cdb-0c42a112278c,,1870.0,0,5112430009,8020110295.0,920761343,2026-04-17,13:05:31,销售订单5112430009创建成功交货单:8020110295开票：0920761343,S,1,成功
TCL202604170005,1-7TMY03,1-6P793W,14200795,HLB-a009b3e4-fcd8-11f0-8cdb-0c42a112278c,,1870.0,0,5112430009,8020110295.0,920761343,2026-04-17,13:05:31,销售订单5112430009创建成功交货单:8020110295开票：0920761343,S,1,成功
TCL202604170005,1-7TMY03,1-6P793X,14200795,HLB-a009b3fc-fcd8-11f0-8cdb-0c42a112278c,,1870.0,0,5112430009,8020110295.0,920761343,2026-04-17,13:05:31,销售订单5112430009创建成功交货单:8020110295开票：0920761343,S,1,成功
TCL202604170005,1-7TMY03,1-6P793Y,14200795,HLB-a009b413-fcd8-11f0-8cdb-0c42a112278c,,1870.0,0,5112430009,8020110295.0,920761343,2026-04-17,13:05:31,销售订单5112430009创建成功交货单:8020110295开票：0920761343,S,1,成功
TCL202604170005,1-7TMY03,1-6P793Z,14200795,HLB-a009b42c-fcd8-11f0-8cdb-0c42a112278c,,1870.0,0,5112430009,8020110295.0,920761343,2026-04-17,13:05:31,销售订单5112430009创建成功交货单:8020110295开票：0920761343,S,1,成功
TCL202604170005,1-7TMY03,1-6P7940,14200795,HLB-a009b463-fcd8-11f0-8cdb-0c42a112278c,,1870.0,0,5112430009,8020110295.0,920761343,2026-04-17,13:05:31,销售订单5112430009创建成功交货单:8020110295开票：0920761343,S,1,成功
TCL202604170005,1-7TMY03,1-6P7941,14200795,HLB-a009b47b-fcd8-11f0-8cdb-0c42a112278c,,1870.0,0,5112430009,8020110295.0,920761343,2026-04-17,13:05:31,销售订单5112430009创建成功交货单:8020110295开票：0920761343,S,1,成功
TCL202604170005,1-7TMY03,1-6P7942,14200795,HLB-a009b492-fcd8-11f0-8cdb-0c42a112278c,,1870.0,0,5112430009,8020110295.0,920761343,2026-04-17,13:05:31,销售订单5112430009创建成功交货单:8020110295开票：0920761343,S,1,成功
TCL202604170005,1-7TMY03,1-6P7L7X,14200922,HLB-a856e278-fcd9-11f0-8cdb-0c42a112278c,,1870.0,0,5112430009,8020110295.0,920761343,2026-04-17,13:05:31,销售订单5112430009创建成功交货单:8020110295开票：0920761343,S,1,成功
TCL202604170005,1-7TMY03,1-6P7L7Y,14200922,HLB-a856e2e8-fcd9-11f0-8cdb-0c42a112278c,,1870.0,0,5112430009,8020110295.0,920761343,2026-04-17,13:05:31,销售订单5112430009创建成功交货单:8020110295开票：0920761343,S,1,成功
TCL202604170005,1-7TMY03,1-6P7L7Z,14200922,HLB-a856e305-fcd9-11f0-8cdb-0c42a112278c,,1870.0,0,5112430009,8020110295.0,920761343,2026-04-17,13:05:31,销售订单5112430009创建成功交货单:8020110295开票：0920761343,S,1,成功
TCL202604170005,1-7TMY03,1-6P7L80,14200922,HLB-a856e32c-fcd9-11f0-8cdb-0c42a112278c,,1870.0,0,5112430009,8020110295.0,920761343,2026-04-17,13:05:31,销售订单5112430009创建成功交货单:8020110295开票：0920761343,S,1,成功
TCL202604170005,1-7TMY03,1-6P7L81,14200922,HLB-a856e345-fcd9-11f0-8cdb-0c42a112278c,,1870.0,0,5112430009,8020110295.0,920761343,2026-04-17,13:05:31,销售订单5112430009创建成功交货单:8020110295开票：0920761343,S,1,成功
TCL202604170005,1-7TMY03,1-6P7L82,14200922,HLB-a856e35d-fcd9-11f0-8cdb-0c42a112278c,,1870.0,0,5112430009,8020110295.0,920761343,2026-04-17,13:05:31,销售订单5112430009创建成功交货单:8020110295开票：0920761343,S,1,成功
TCL202604170005,1-7TMY03,1-6P7L83,14200922,HLB-a856e376-fcd9-11f0-8cdb-0c42a112278c,,1870.0,0,5112430009,8020110295.0,920761343,2026-04-17,13:05:31,销售订单5112430009创建成功交货单:8020110295开票：0920761343,S,1,成功
TCL202604170005,1-7TMY03,1-6P7L84,14200922,HLB-a856e395-fcd9-11f0-8cdb-0c42a112278c,,1870.0,0,5112430009,8020110295.0,920761343,2026-04-17,13:05:31,销售订单5112430009创建成功交货单:8020110295开票：0920761343,S,1,成功
TCL202604170005,1-7TMY03,1-6P7L85,14200922,HLB-a856e3b2-fcd9-11f0-8cdb-0c42a112278c,,1870.0,0,5112430009,8020110295.0,920761343,2026-04-17,13:05:31,销售订单5112430009创建成功交货单:8020110295开票：0920761343,S,1,成功
TCL202604170005,1-7TMY03,1-6P7L86,14200922,HLB-a856e3cd-fcd9-11f0-8cdb-0c42a112278c,,1870.0,0,5112430009,8020110295.0,920761343,2026-04-17,13:05:31,销售订单5112430009创建成功交货单:8020110295开票：0920761343,S,1,成功
TCL202604170005,1-7TMY03,1-6P7L87,14200922,HLB-a856e3e3-fcd9-11f0-8cdb-0c42a112278c,,1870.0,0,5112430009,8020110295.0,920761343,2026-04-17,13:05:31,销售订单5112430009创建成功交货单:8020110295开票：0920761343,S,1,成功
TCL202604170005,1-7TMY03,1-6P7L88,14200922,HLB-a856e3fb-fcd9-11f0-8cdb-0c42a112278c,,1870.0,0,5112430009,8020110295.0,920761343,2026-04-17,13:05:31,销售订单5112430009创建成功交货单:8020110295开票：0920761343,S,1,成功
TCL202604170005,1-7TMY03,1-6P7L89,14200922,HLB-a856e412-fcd9-11f0-8cdb-0c42a112278c,,1870.0,0,5112430009,8020110295.0,920761343,2026-04-17,13:05:31,销售订单5112430009创建成功交货单:8020110295开票：0920761343,S,1,成功
TCL202604170005,1-7TMY03,1-6P7L8A,14200922,HLB-a856e42c-fcd9-11f0-8cdb-0c42a112278c,,1870.0,0,5112430009,8020110295.0,920761343,2026-04-17,13:05:31,销售订单5112430009创建成功交货单:8020110295开票：0920761343,S,1,成功
TCL202604170005,1-7TMY03,1-6P7L8B,14200922,HLB-a856e441-fcd9-11f0-8cdb-0c42a112278c,,1870.0,0,5112430009,8020110295.0,920761343,2026-04-17,13:05:31,销售订单5112430009创建成功交货单:8020110295开票：0920761343,S,1,成功
TCL202604170005,1-7TMY03,1-6P7L8C,14200922,HLB-a856e45b-fcd9-11f0-8cdb-0c42a112278c,,1870.0,0,5112430009,8020110295.0,920761343,2026-04-17,13:05:31,销售订单5112430009创建成功交货单:8020110295开票：0920761343,S,1,成功
TCL202604170005,1-7TMY03,1-6P7L8D,14200922,HLB-a856e470-fcd9-11f0-8cdb-0c42a112278c,,1870.0,0,5112430009,8020110295.0,920761343,2026-04-17,13:05:31,销售订单5112430009创建成功交货单:8020110295开票：0920761343,S,1,成功
TCL202604170005,1-7TMY03,1-6P7L8E,14200922,HLB-a856e485-fcd9-11f0-8cdb-0c42a112278c,,1870.0,0,5112430009,8020110295.0,920761343,2026-04-17,13:05:31,销售订单5112430009创建成功交货单:8020110295开票：0920761343,S,1,成功
TCL202604170005,1-7TMY03,1-6P7L8F,14200922,HLB-a856e49f-fcd9-11f0-8cdb-0c42a112278c,,1870.0,0,5112430009,8020110295.0,920761343,2026-04-17,13:05:31,销售订单5112430009创建成功交货单:8020110295开票：0920761343,S,1,成功
TCL202604170005,1-7TMY03,1-6P7L8G,14200922,HLB-a856e4b7-fcd9-11f0-8cdb-0c42a112278c,,1870.0,0,5112430009,8020110295.0,920761343,2026-04-17,13:05:31,销售订单5112430009创建成功交货单:8020110295开票：0920761343,S,1,成功
TCL202604170005,1-7TMY03,1-6P7L8H,14200922,HLB-a856e4ce-fcd9-11f0-8cdb-0c42a112278c,,1870.0,0,5112430009,8020110295.0,920761343,2026-04-17,13:05:31,销售订单5112430009创建成功交货单:8020110295开票：0920761343,S,1,成功
TCL202604170005,1-7TMY03,1-6P7L8I,14200922,HLB-a856e4e4-fcd9-11f0-8cdb-0c42a112278c,,1870.0,0,5112430009,8020110295.0,920761343,2026-04-17,13:05:31,销售订单5112430009创建成功交货单:8020110295开票：0920761343,S,1,成功
TCL202604170005,1-7TMY03,1-6P7L8J,14200922,HLB-a856e50c-fcd9-11f0-8cdb-0c42a112278c,,1870.0,0,5112430009,8020110295.0,920761343,2026-04-17,13:05:31,销售订单5112430009创建成功交货单:8020110295开票：0920761343,S,1,成功
TCL202604170005,1-7TMY03,1-6P7L8K,14200922,HLB-a856e527-fcd9-11f0-8cdb-0c42a112278c,,1870.0,0,5112430009,8020110295.0,920761343,2026-04-17,13:05:31,销售订单5112430009创建成功交货单:8020110295开票：0920761343,S,1,成功
TCL202604170005,1-7TMY03,1-6P7L8L,14200922,HLB-a856e540-fcd9-11f0-8cdb-0c42a112278c,,1870.0,0,5112430009,8020110295.0,920761343,2026-04-17,13:05:31,销售订单5112430009创建成功交货单:8020110295开票：0920761343,S,1,成功
TCL202604170005,1-7TMY03,1-6P7PZX,14200986,HLB-45c72889-fcda-11f0-8cdb-0c42a112278c,,1870.0,0,5112430009,8020110295.0,920761343,2026-04-17,13:05:31,销售订单5112430009创建成功交货单:8020110295开票：0920761343,S,1,成功
TCL202604170005,1-7TMY03,1-6P7PZY,14200986,HLB-45c728eb-fcda-11f0-8cdb-0c42a112278c,,1870.0,0,5112430009,8020110295.0,920761343,2026-04-17,13:05:31,销售订单5112430009创建成功交货单:8020110295开票：0920761343,S,1,成功
TCL202604170005,1-7TMY03,1-6P7PZZ,14200986,HLB-45c72909-fcda-11f0-8cdb-0c42a112278c,,1870.0,0,5112430009,8020110295.0,920761343,2026-04-17,13:05:31,销售订单5112430009创建成功交货单:8020110295开票：0920761343,S,1,成功
TCL202604170005,1-7TMY03,1-6P7Q00,14200986,HLB-45c72932-fcda-11f0-8cdb-0c42a112278c,,1870.0,0,5112430009,8020110295.0,920761343,2026-04-17,13:05:31,销售订单5112430009创建成功交货单:8020110295开票：0920761343,S,1,成功
TCL202604170005,1-7TMY03,1-6P7Q01,14200986,HLB-45c7294f-fcda-11f0-8cdb-0c42a112278c,,1870.0,0,5112430009,8020110295.0,920761343,2026-04-17,13:05:31,销售订单5112430009创建成功交货单:8020110295开票：0920761343,S,1,成功
TCL202604170005,1-7TMY03,1-6P7Q02,14200986,HLB-45c7296d-fcda-11f0-8cdb-0c42a112278c,,1870.0,0,5112430009,8020110295.0,920761343,2026-04-17,13:05:31,销售订单5112430009创建成功交货单:8020110295开票：0920761343,S,1,成功
TCL202604170005,1-7TMY03,1-6P7Q03,14200986,HLB-45c72986-fcda-11f0-8cdb-0c42a112278c,,1870.0,0,5112430009,8020110295.0,920761343,2026-04-17,13:05:31,销售订单5112430009创建成功交货单:8020110295开票：0920761343,S,1,成功
TCL202604170005,1-7TMY03,1-6P7Q04,14200986,HLB-45c729a4-fcda-11f0-8cdb-0c42a112278c,,1870.0,0,5112430009,8020110295.0,920761343,2026-04-17,13:05:31,销售订单5112430009创建成功交货单:8020110295开票：0920761343,S,1,成功
TCL202604170005,1-7TMY03,1-6P7Q05,14200986,HLB-45c729c0-fcda-11f0-8cdb-0c42a112278c,,1870.0,0,5112430009,8020110295.0,920761343,2026-04-17,13:05:31,销售订单5112430009创建成功交货单:8020110295开票：0920761343,S,1,成功
TCL202604170005,1-7TMY03,1-6P7Q06,14200986,HLB-45c729db-fcda-11f0-8cdb-0c42a112278c,,1870.0,0,5112430009,8020110295.0,920761343,2026-04-17,13:05:31,销售订单5112430009创建成功交货单:8020110295开票：0920761343,S,1,成功
TCL202604170005,1-7TMY03,1-6P7Q07,14200986,HLB-45c729f4-fcda-11f0-8cdb-0c42a112278c,,1870.0,0,5112430009,8020110295.0,920761343,2026-04-17,13:05:31,销售订单5112430009创建成功交货单:8020110295开票：0920761343,S,1,成功
TCL202604170005,1-7TMY03,1-6P7Q08,14200986,HLB-45c72a0e-fcda-11f0-8cdb-0c42a112278c,,1870.0,0,5112430009,8020110295.0,920761343,2026-04-17,13:05:31,销售订单5112430009创建成功交货单:8020110295开票：0920761343,S,1,成功
TCL202604170005,1-7TMY03,1-6P7Q09,14200986,HLB-45c72a28-fcda-11f0-8cdb-0c42a112278c,,1870.0,0,5112430009,8020110295.0,920761343,2026-04-17,13:05:31,销售订单5112430009创建成功交货单:8020110295开票：0920761343,S,1,成功
TCL202604170005,1-7TMY03,1-6P7Q0A,14200986,HLB-45c72a3f-fcda-11f0-8cdb-0c42a112278c,,1870.0,0,5112430009,8020110295.0,920761343,2026-04-17,13:05:31,销售订单5112430009创建成功交货单:8020110295开票：0920761343,S,1,成功
TCL202604170005,1-7TMY03,1-6P7Q0B,14200986,HLB-45c72a5d-fcda-11f0-8cdb-0c42a112278c,,1870.0,0,5112430009,8020110295.0,920761343,2026-04-17,13:05:31,销售订单5112430009创建成功交货单:8020110295开票：0920761343,S,1,成功
TCL202604170005,1-7TMY03,1-6P7Q0C,14200986,HLB-45c72a75-fcda-11f0-8cdb-0c42a112278c,,1870.0,0,5112430009,8020110295.0,920761343,2026-04-17,13:05:31,销售订单5112430009创建成功交货单:8020110295开票：0920761343,S,1,成功
TCL202604170005,1-7TMY03,1-6P7Q0D,14200986,HLB-45c72a8c-fcda-11f0-8cdb-0c42a112278c,,1870.0,0,5112430009,8020110295.0,920761343,2026-04-17,13:05:31,销售订单5112430009创建成功交货单:8020110295开票：0920761343,S,1,成功
TCL202604170005,1-7TMY03,1-6P7Q0E,14200986,HLB-45c72aa5-fcda-11f0-8cdb-0c42a112278c,,1870.0,0,5112430009,8020110295.0,920761343,2026-04-17,13:05:31,销售订单5112430009创建成功交货单:8020110295开票：0920761343,S,1,成功
TCL202604170005,1-7TMY03,1-6P7Q0F,14200986,HLB-45c72abe-fcda-11f0-8cdb-0c42a112278c,,1870.0,0,5112430009,8020110295.0,920761343,2026-04-17,13:05:31,销售订单5112430009创建成功交货单:8020110295开票：0920761343,S,1,成功
TCL202604170005,1-7TMY03,1-6P7Q0G,14200986,HLB-45c72ad6-fcda-11f0-8cdb-0c42a112278c,,1870.0,0,5112430009,8020110295.0,920761343,2026-04-17,13:05:31,销售订单5112430009创建成功交货单:8020110295开票：0920761343,S,1,成功
TCL202604170005,1-7TMY03,1-6P7Q0H,14200986,HLB-45c72aee-fcda-11f0-8cdb-0c42a112278c,,1870.0,0,5112430009,8020110295.0,920761343,2026-04-17,13:05:31,销售订单5112430009创建成功交货单:8020110295开票：0920761343,S,1,成功
TCL202604170005,1-7TMY03,1-6P7Q0I,14200986,HLB-45c72b05-fcda-11f0-8cdb-0c42a112278c,,1870.0,0,5112430009,8020110295.0,920761343,2026-04-17,13:05:31,销售订单5112430009创建成功交货单:8020110295开票：0920761343,S,1,成功
TCL202604170005,1-7TMY03,1-6P7Q0J,14200986,HLB-45c72b2c-fcda-11f0-8cdb-0c42a112278c,,1870.0,0,5112430009,8020110295.0,920761343,2026-04-17,13:05:31,销售订单5112430009创建成功交货单:8020110295开票：0920761343,S,1,成功
TCL202604170005,1-7TMY03,1-725P8L,14317975,HLB-c221a1bf-178e-11f1-8cdb-0c42a112278c,,1870.0,0,5112430009,8020110295.0,920761343,2026-04-17,13:05:31,销售订单5112430009创建成功交货单:8020110295开票：0920761343,S,1,成功
TCL202604170005,1-7TMY03,1-725P8M,14317975,HLB-c221a1dc-178e-11f1-8cdb-0c42a112278c,,1870.0,0,5112430009,8020110295.0,920761343,2026-04-17,13:05:31,销售订单5112430009创建成功交货单:8020110295开票：0920761343,S,1,成功
TCL202604170005,1-7TMY03,1-725P8N,14317975,HLB-c221a1f6-178e-11f1-8cdb-0c42a112278c,,1870.0,0,5112430009,8020110295.0,920761343,2026-04-17,13:05:31,销售订单5112430009创建成功交货单:8020110295开票：0920761343,S,1,成功
TCL202604170005,1-7TMY03,1-725P8O,14317975,HLB-c221a20d-178e-11f1-8cdb-0c42a112278c,,1870.0,0,5112430009,8020110295.0,920761343,2026-04-17,13:05:31,销售订单5112430009创建成功交货单:8020110295开票：0920761343,S,1,成功
TCL202604170005,1-7TMY03,1-725P8P,14317975,HLB-c221a227-178e-11f1-8cdb-0c42a112278c,,1870.0,0,5112430009,8020110295.0,920761343,2026-04-17,13:05:31,销售订单5112430009创建成功交货单:8020110295开票：0920761343,S,1,成功
TCL202604170005,1-7TMY03,1-725P8Q,14317975,HLB-c221a23f-178e-11f1-8cdb-0c42a112278c,,1870.0,0,5112430009,8020110295.0,920761343,2026-04-17,13:05:31,销售订单5112430009创建成功交货单:8020110295开票：0920761343,S,1,成功
TCL202604170005,1-7TMY03,1-725P8R,14317975,HLB-c221a256-178e-11f1-8cdb-0c42a112278c,,1870.0,0,5112430009,8020110295.0,920761343,2026-04-17,13:05:31,销售订单5112430009创建成功交货单:8020110295开票：0920761343,S,1,成功
TCL202604170005,1-7TMY03,1-725P8S,14317975,HLB-c221a26d-178e-11f1-8cdb-0c42a112278c,,1870.0,0,5112430009,8020110295.0,920761343,2026-04-17,13:05:31,销售订单5112430009创建成功交货单:8020110295开票：0920761343,S,1,成功
TCL202604170005,1-7TMY03,1-725P8T,14317975,HLB-c221a283-178e-11f1-8cdb-0c42a112278c,,1870.0,0,5112430009,8020110295.0,920761343,2026-04-17,13:05:31,销售订单5112430009创建成功交货单:8020110295开票：0920761343,S,1,成功
TCL202604170005,1-7TMY03,1-725P8U,14317975,HLB-c221a298-178e-11f1-8cdb-0c42a112278c,,1870.0,0,5112430009,8020110295.0,920761343,2026-04-17,13:05:31,销售订单5112430009创建成功交货单:8020110295开票：0920761343,S,1,成功
TCL202604170005,1-7TMY03,1-725P8V,14317975,HLB-c221a2b0-178e-11f1-8cdb-0c42a112278c,,1870.0,0,5112430009,8020110295.0,920761343,2026-04-17,13:05:31,销售订单5112430009创建成功交货单:8020110295开票：0920761343,S,1,成功
TCL202604170005,1-7TMY03,1-725P8W,14317975,HLB-c221a2c7-178e-11f1-8cdb-0c42a112278c,,1870.0,0,5112430009,8020110295.0,920761343,2026-04-17,13:05:31,销售订单5112430009创建成功交货单:8020110295开票：0920761343,S,1,成功
TCL202604170005,1-7TMY03,1-725P8X,14317975,HLB-c221a2dc-178e-11f1-8cdb-0c42a112278c,,1870.0,0,5112430009,8020110295.0,920761343,2026-04-17,13:05:31,销售订单5112430009创建成功交货单:8020110295开票：0920761343,S,1,成功
TCL202604170005,1-7TMY03,1-725P8Y,14317975,HLB-c221a2f3-178e-11f1-8cdb-0c42a112278c,,1870.0,0,5112430009,8020110295.0,920761343,2026-04-17,13:05:31,销售订单5112430009创建成功交货单:8020110295开票：0920761343,S,1,成功
TCL202604170005,1-7TMY03,1-725P8Z,14317975,HLB-c221a308-178e-11f1-8cdb-0c42a112278c,,1870.0,0,5112430009,8020110295.0,920761343,2026-04-17,13:05:31,销售订单5112430009创建成功交货单:8020110295开票：0920761343,S,1,成功
TCL202604170005,1-7TMY03,1-725P90,14317975,HLB-c221a31e-178e-11f1-8cdb-0c42a112278c,,1870.0,0,5112430009,8020110295.0,920761343,2026-04-17,13:05:31,销售订单5112430009创建成功交货单:8020110295开票：0920761343,S,1,成功
TCL202604170005,1-7TMY03,1-725P91,14317975,HLB-c221a334-178e-11f1-8cdb-0c42a112278c,,1870.0,0,5112430009,8020110295.0,920761343,2026-04-17,13:05:31,销售订单5112430009创建成功交货单:8020110295开票：0920761343,S,1,成功
TCL202604170005,1-7TMY03,1-725P92,14317975,HLB-c221a34c-178e-11f1-8cdb-0c42a112278c,,1870.0,0,5112430009,8020110295.0,920761343,2026-04-17,13:05:31,销售订单5112430009创建成功交货单:8020110295开票：0920761343,S,1,成功
TCL202604170005,1-7TMY03,1-725P93,14317975,HLB-c221a361-178e-11f1-8cdb-0c42a112278c,,1870.0,0,5112430009,8020110295.0,920761343,2026-04-17,13:05:31,销售订单5112430009创建成功交货单:8020110295开票：0920761343,S,1,成功
TCL202604170005,1-7TMY03,1-725P94,14317975,HLB-c221a376-178e-11f1-8cdb-0c42a112278c,,1870.0,0,5112430009,8020110295.0,920761343,2026-04-17,13:05:31,销售订单5112430009创建成功交货单:8020110295开票：0920761343,S,1,成功
TCL202604170005,1-7TMY03,1-725P95,14317975,HLB-c221a38b-178e-11f1-8cdb-0c42a112278c,,1870.0,0,5112430009,8020110295.0,920761343,2026-04-17,13:05:31,销售订单5112430009创建成功交货单:8020110295开票：0920761343,S,1,成功
TCL202604170005,1-7TMY03,1-725P96,14317975,HLB-c221a3a1-178e-11f1-8cdb-0c42a112278c,,1870.0,0,5112430009,8020110295.0,920761343,2026-04-17,13:05:31,销售订单5112430009创建成功交货单:8020110295开票：0920761343,S,1,成功
TCL202604170005,1-7TMY03,1-725P97,14317975,HLB-c221a3b8-178e-11f1-8cdb-0c42a112278c,,1870.0,0,5112430009,8020110295.0,920761343,2026-04-17,13:05:31,销售订单5112430009创建成功交货单:8020110295开票：0920761343,S,1,成功
TCL202604170005,1-7TMY03,1-725P98,14317975,HLB-c221a3ce-178e-11f1-8cdb-0c42a112278c,,1870.0,0,5112430009,8020110295.0,920761343,2026-04-17,13:05:31,销售订单5112430009创建成功交货单:8020110295开票：0920761343,S,1,成功
TCL202604170005,1-7TMY03,1-725P99,14317975,HLB-c221a3e2-178e-11f1-8cdb-0c42a112278c,,1870.0,0,5112430009,8020110295.0,920761343,2026-04-17,13:05:31,销售订单5112430009创建成功交货单:8020110295开票：0920761343,S,1,成功
TCL202604170005,1-7TMY03,1-74TDY5,14353730,HLB-f6937a1b-1c29-11f1-8cdb-0c42a112278c,,1870.0,0,5112430009,8020110295.0,920761343,2026-04-17,13:05:31,销售订单5112430009创建成功交货单:8020110295开票：0920761343,S,1,成功
TCL202604170005,1-7TMY03,1-74TTEK,14353859,HLB-97fe2fdc-1c2b-11f1-8cdb-0c42a112278c,,1870.0,0,5112430009,8020110295.0,920761343,2026-04-17,13:05:31,销售订单5112430009创建成功交货单:8020110295开票：0920761343,S,1,成功
TCL202604170005,1-7TNID9,1-6P8O5S,14200290,HLB-c15c025d-fcd4-11f0-8cdb-0c42a112278c,,1260.0,0,5112430009,8020110295.0,920761343,2026-04-17,13:05:31,销售订单5112430009创建成功交货单:8020110295开票：0920761343,S,1,成功
TCL202604170005,1-7TNID9,1-6P8O5T,14200290,HLB-c15c0287-fcd4-11f0-8cdb-0c42a112278c,,1260.0,0,5112430009,8020110295.0,920761343,2026-04-17,13:05:31,销售订单5112430009创建成功交货单:8020110295开票：0920761343,S,1,成功
TCL202604170005,1-7TNID9,1-6P8O5U,14200290,HLB-c15c029c-fcd4-11f0-8cdb-0c42a112278c,,1260.0,0,5112430009,8020110295.0,920761343,2026-04-17,13:05:31,销售订单5112430009创建成功交货单:8020110295开票：0920761343,S,1,成功
TCL202604170005,1-7TNID9,1-6P8O5V,14200290,HLB-c15c02af-fcd4-11f0-8cdb-0c42a112278c,,1260.0,0,5112430009,8020110295.0,920761343,2026-04-17,13:05:31,销售订单5112430009创建成功交货单:8020110295开票：0920761343,S,1,成功
TCL202604170005,1-7TNID9,1-6P8O5W,14200290,HLB-c15c02c3-fcd4-11f0-8cdb-0c42a112278c,,1260.0,0,5112430009,8020110295.0,920761343,2026-04-17,13:05:31,销售订单5112430009创建成功交货单:8020110295开票：0920761343,S,1,成功
TCL202604170005,1-7TNID9,1-6P8O5X,14200290,HLB-c15c02d8-fcd4-11f0-8cdb-0c42a112278c,,1260.0,0,5112430009,8020110295.0,920761343,2026-04-17,13:05:31,销售订单5112430009创建成功交货单:8020110295开票：0920761343,S,1,成功
TCL202604170005,1-7TNID9,1-6P8O5Y,14200290,HLB-c15c02ef-fcd4-11f0-8cdb-0c42a112278c,,1260.0,0,5112430009,8020110295.0,920761343,2026-04-17,13:05:31,销售订单5112430009创建成功交货单:8020110295开票：0920761343,S,1,成功
TCL202604170005,1-7TNID9,1-6P8O5Z,14200290,HLB-c15c0303-fcd4-11f0-8cdb-0c42a112278c,,1260.0,0,5112430009,8020110295.0,920761343,2026-04-17,13:05:31,销售订单5112430009创建成功交货单:8020110295开票：0920761343,S,1,成功
TCL202604170005,1-7TNID9,1-6P8O60,14200290,HLB-c15c0319-fcd4-11f0-8cdb-0c42a112278c,,1260.0,0,5112430009,8020110295.0,920761343,2026-04-17,13:05:31,销售订单5112430009创建成功交货单:8020110295开票：0920761343,S,1,成功
TCL202604170005,1-7TNID9,1-6P8O61,14200290,HLB-c15c032e-fcd4-11f0-8cdb-0c42a112278c,,1260.0,0,5112430009,8020110295.0,920761343,2026-04-17,13:05:31,销售订单5112430009创建成功交货单:8020110295开票：0920761343,S,1,成功
TCL202604170005,1-7TNID9,1-6P8O62,14200290,HLB-c172ff23-fcd4-11f0-8cdb-0c42a112278c,,1260.0,0,5112430009,8020110295.0,920761343,2026-04-17,13:05:31,销售订单5112430009创建成功交货单:8020110295开票：0920761343,S,1,成功
TCL202604170005,1-7TNID9,1-6P8O63,14200290,HLB-c172ff6e-fcd4-11f0-8cdb-0c42a112278c,,1260.0,0,5112430009,8020110295.0,920761343,2026-04-17,13:05:31,销售订单5112430009创建成功交货单:8020110295开票：0920761343,S,1,成功
TCL202604170005,1-7TNID9,1-6P8O64,14200290,HLB-c172ff89-fcd4-11f0-8cdb-0c42a112278c,,1260.0,0,5112430009,8020110295.0,920761343,2026-04-17,13:05:31,销售订单5112430009创建成功交货单:8020110295开票：0920761343,S,1,成功
TCL202604170005,1-7TNID9,1-6P8O65,14200290,HLB-c172ffa1-fcd4-11f0-8cdb-0c42a112278c,,1260.0,0,5112430009,8020110295.0,920761343,2026-04-17,13:05:31,销售订单5112430009创建成功交货单:8020110295开票：0920761343,S,1,成功
TCL202604170005,1-7TNID9,1-6P8O66,14200290,HLB-c172ffbc-fcd4-11f0-8cdb-0c42a112278c,,1260.0,0,5112430009,8020110295.0,920761343,2026-04-17,13:05:31,销售订单5112430009创建成功交货单:8020110295开票：0920761343,S,1,成功
TCL202604170005,1-7TNID9,1-6P8O67,14200290,HLB-c172ffd6-fcd4-11f0-8cdb-0c42a112278c,,1260.0,0,5112430009,8020110295.0,920761343,2026-04-17,13:05:31,销售订单5112430009创建成功交货单:8020110295开票：0920761343,S,1,成功
TCL202604170005,1-7TNID9,1-6P8O68,14200290,HLB-c172ffed-fcd4-11f0-8cdb-0c42a112278c,,1260.0,0,5112430009,8020110295.0,920761343,2026-04-17,13:05:31,销售订单5112430009创建成功交货单:8020110295开票：0920761343,S,1,成功
TCL202604170005,1-7TNID9,1-6P8O69,14200290,HLB-c1730004-fcd4-11f0-8cdb-0c42a112278c,,1260.0,0,5112430009,8020110295.0,920761343,2026-04-17,13:05:31,销售订单5112430009创建成功交货单:8020110295开票：0920761343,S,1,成功
TCL202604170005,1-7TNID9,1-6P8O6A,14200290,HLB-c1730019-fcd4-11f0-8cdb-0c42a112278c,,1260.0,0,5112430009,8020110295.0,920761343,2026-04-17,13:05:31,销售订单5112430009创建成功交货单:8020110295开票：0920761343,S,1,成功
TCL202604170005,1-7TNID9,1-6P8O6B,14200290,HLB-c1730030-fcd4-11f0-8cdb-0c42a112278c,,1260.0,0,5112430009,8020110295.0,920761343,2026-04-17,13:05:31,销售订单5112430009创建成功交货单:8020110295开票：0920761343,S,1,成功
TCL202604170005,1-7TNID9,1-6P8O6C,14200290,HLB-c1730049-fcd4-11f0-8cdb-0c42a112278c,,1260.0,0,5112430009,8020110295.0,920761343,2026-04-17,13:05:31,销售订单5112430009创建成功交货单:8020110295开票：0920761343,S,1,成功
TCL202604170005,1-7TNID9,1-6P8O6D,14200290,HLB-c173005e-fcd4-11f0-8cdb-0c42a112278c,,1260.0,0,5112430009,8020110295.0,920761343,2026-04-17,13:05:31,销售订单5112430009创建成功交货单:8020110295开票：0920761343,S,1,成功
TCL202604170005,1-7TNID9,1-6P8O6E,14200290,HLB-c1730072-fcd4-11f0-8cdb-0c42a112278c,,1260.0,0,5112430009,8020110295.0,920761343,2026-04-17,13:05:31,销售订单5112430009创建成功交货单:8020110295开票：0920761343,S,1,成功
TCL202604170005,1-7TNID9,1-6P8O6F,14200290,HLB-c1730086-fcd4-11f0-8cdb-0c42a112278c,,1260.0,0,5112430009,8020110295.0,920761343,2026-04-17,13:05:31,销售订单5112430009创建成功交货单:8020110295开票：0920761343,S,1,成功
TCL202604170005,1-7TNID9,1-6P8O6G,14200290,HLB-c173009d-fcd4-11f0-8cdb-0c42a112278c,,1260.0,0,5112430009,8020110295.0,920761343,2026-04-17,13:05:31,销售订单5112430009创建成功交货单:8020110295开票：0920761343,S,1,成功
